EXAMEN,AGREGACION,MEDIDA_AGREGACION,CANTIDADEVALUADOS,ID_PAIS,ID_REGION,NOMBRE_REGION,ID_DEPARTAMENTO,NOMBRE_DEPARTAMENTO,ID_MUNICIPIO,NOMBRE_MUNICIPIO,ID_INSTITUCION,NOMBRE_INSTITUCION,ID_SEDE,NOMBRE_SEDE,ID_GRUPOREFERENCIA,NOMBRE_GRUPOREF,ID_NBC,NBC,ID_PROGRAMA_ACAD,NOMBRE_PROGRAMA_ACAD,NOMBRE_PRUEBA,CATEGORIAPRUEBA,PROMEDIO_GLOBAL,PROMEDIO_PRUEBA,DESVIACION,PROMEDIO_PERCENTIL,NIVEL1,NIVEL2,NIVEL3,NIVEL4,NIVEL5,AFIRMACION,PORCENTAJERTAINCORRECTA,AÑO
SABER PRO - 2025,PROGRAMA_ACÁDEMICO,APRENDIZAJE_PRUEBA,3,1,2.0,ANDINA,1.0,ANTIOQUIA,1.0,MEDELLÍN,8894.0,UNIVERSIDAD DE ANTIOQUIA,8894.0,UNIVERSIDAD DE ANTIOQUIA-MEDELLIN,8.0,CIENCIAS AGROPECUARIAS ,,,8181.0,MEDICINA VETERINARIA,COMPETENCIAS CIUDADANAS,1.0,,,,,,,,,,Conoce la organización del Estado de acuerdo con la Constitución.,0.0,2025
SABER PRO - 2025,PROGRAMA_ACÁDEMICO,APRENDIZAJE_PRUEBA,1194,1,2.0,ANDINA,1.0,ANTIOQUIA,1.0,MEDELLÍN,8894.0,UNIVERSIDAD DE ANTIOQUIA,8894.0,UNIVERSIDAD DE ANTIOQUIA-MEDELLIN,14.0,MEDICINA,,,6217.0,MEDICINA,COMPETENCIAS CIUDADANAS,1.0,,,,,,,,,,Analiza y evalúa la pertinencia y solidez de enunciados-discursos.,24.0,2025
SABER PRO - 2025,PROGRAMA_ACÁDEMICO,APRENDIZAJE_PRUEBA,597,1,2.0,ANDINA,1.0,ANTIOQUIA,1.0,MEDELLÍN,8894.0,UNIVERSIDAD DE ANTIOQUIA,8894.0,UNIVERSIDAD DE ANTIOQUIA-MEDELLIN,14.0,MEDICINA,,,6217.0,MEDICINA,COMPETENCIAS CIUDADANAS,1.0,,,,,,,,,,Conoce la organización del Estado de acuerdo con la Constitución.,27.0,2025
SABER PRO - 2025,PROGRAMA_ACÁDEMICO,APRENDIZAJE_PRUEBA,2388,1,2.0,ANDINA,1.0,ANTIOQUIA,1.0,MEDELLÍN,8894.0,UNIVERSIDAD DE ANTIOQUIA,8894.0,UNIVERSIDAD DE ANTIOQUIA-MEDELLIN,14.0,MEDICINA,,,6217.0,MEDICINA,LECTURA CRÍTICA,1.0,,,,,,,,,,Comprende cómo se articulan las partes de un texto para darle un sentido global.,27.0,2025
SABER PRO - 2025,PROGRAMA_ACÁDEMICO,APRENDIZAJE_PRUEBA,708,1,2.0,ANDINA,1.0,ANTIOQUIA,1.0,MEDELLÍN,8894.0,UNIVERSIDAD DE ANTIOQUIA,8894.0,UNIVERSIDAD DE ANTIOQUIA-MEDELLIN,14.0,MEDICINA,,,6217.0,MEDICINA,ATENCIÓN EN SALUD,34.0,,,,,,,,,,"Analiza los determinantes personales, sociales, económicos y ambientales que influyen en el estado de salud del individuo, la familia y la comunidad, para la priorización de acciones a seguir.",30.0,2025
SABER PRO - 2025,PROGRAMA_ACÁDEMICO,APRENDIZAJE_PRUEBA,517,1,2.0,ANDINA,1.0,ANTIOQUIA,1.0,MEDELLÍN,8894.0,UNIVERSIDAD DE ANTIOQUIA,8894.0,UNIVERSIDAD DE ANTIOQUIA-MEDELLIN,8.0,CIENCIAS AGROPECUARIAS ,,,2174.0,MEDICINA VETERINARIA,LECTURA CRÍTICA,1.0,,,,,,,,,,Reflexiona a partir de un texto y evalúa su contenido.,28.0,2025
SABER PRO - 2025,PROGRAMA_ACÁDEMICO,APRENDIZAJE_PRUEBA,220,1,2.0,ANDINA,1.0,ANTIOQUIA,1.0,MEDELLÍN,8894.0,UNIVERSIDAD DE ANTIOQUIA,8894.0,UNIVERSIDAD DE ANTIOQUIA-MEDELLIN,8.0,CIENCIAS AGROPECUARIAS ,,,2174.0,MEDICINA VETERINARIA,COMPETENCIAS CIUDADANAS,1.0,,,,,,,,,,Reconoce la existencia de diferentes perspectivas en situaciones en donde interactúan diferentes partes.,31.0,2025
SABER PRO - 2025,PROGRAMA_ACÁDEMICO,APRENDIZAJE_PRUEBA,294,1,2.0,ANDINA,1.0,ANTIOQUIA,1.0,MEDELLÍN,8894.0,UNIVERSIDAD DE ANTIOQUIA,8894.0,UNIVERSIDAD DE ANTIOQUIA-MEDELLIN,8.0,CIENCIAS AGROPECUARIAS ,,,2174.0,MEDICINA VETERINARIA,COMPETENCIAS CIUDADANAS,1.0,,,,,,,,,,Analiza y evalúa la pertinencia y solidez de enunciados-discursos.,30.0,2025
SABER PRO - 2025,PROGRAMA_ACÁDEMICO,APRENDIZAJE_PRUEBA,909,1,2.0,ANDINA,1.0,ANTIOQUIA,1.0,MEDELLÍN,8894.0,UNIVERSIDAD DE ANTIOQUIA,8894.0,UNIVERSIDAD DE ANTIOQUIA-MEDELLIN,14.0,MEDICINA,,,6217.0,MEDICINA,COMPETENCIAS CIUDADANAS,1.0,,,,,,,,,,Analiza las diferentes perspectivas presentes en situaciones en donde interactúan diferentes partes.,25.0,2025
SABER PRO - 2025,PROGRAMA_ACÁDEMICO,APRENDIZAJE_PRUEBA,8,1,2.0,ANDINA,1.0,ANTIOQUIA,1.0,MEDELLÍN,8894.0,UNIVERSIDAD DE ANTIOQUIA,8894.0,UNIVERSIDAD DE ANTIOQUIA-MEDELLIN,8.0,CIENCIAS AGROPECUARIAS ,,,8181.0,MEDICINA VETERINARIA,LECTURA CRÍTICA,1.0,,,,,,,,,,Identifica y entiende los contenidos locales que conforman un texto. ,13.0,2025
SABER PRO - 2025,PROGRAMA_ACÁDEMICO,APRENDIZAJE_PRUEBA,590,1,2.0,ANDINA,1.0,ANTIOQUIA,1.0,MEDELLÍN,8894.0,UNIVERSIDAD DE ANTIOQUIA,8894.0,UNIVERSIDAD DE ANTIOQUIA-MEDELLIN,14.0,MEDICINA,,,6217.0,MEDICINA,PROMOCIÓN DE LA SALUD Y PREVENCIÓN DE LA ENFERMEDAD,34.0,,,,,,,,,,"Integra los conceptos básicos de promoción de la salud que le permiten priorizar acciones por seguir, de acuerdo con las condiciones de salud de las poblaciones.",42.0,2025
SABER PRO - 2025,PROGRAMA_ACÁDEMICO,APRENDIZAJE_PRUEBA,11,1,2.0,ANDINA,1.0,ANTIOQUIA,1.0,MEDELLÍN,8894.0,UNIVERSIDAD DE ANTIOQUIA,8894.0,UNIVERSIDAD DE ANTIOQUIA-MEDELLIN,8.0,CIENCIAS AGROPECUARIAS ,,,8181.0,MEDICINA VETERINARIA,RAZONAMIENTO CUANTITATIVO,1.0,,,,,,,,,,Valida procedimientos y  estrategias matemáticas utilizadas para dar solución a problemas.,36.0,2025
SABER PRO - 2025,PROGRAMA_ACÁDEMICO,APRENDIZAJE_PRUEBA,588,1,2.0,ANDINA,1.0,ANTIOQUIA,1.0,MEDELLÍN,8894.0,UNIVERSIDAD DE ANTIOQUIA,8894.0,UNIVERSIDAD DE ANTIOQUIA-MEDELLIN,8.0,CIENCIAS AGROPECUARIAS ,,,2174.0,MEDICINA VETERINARIA,LECTURA CRÍTICA,1.0,,,,,,,,,,Comprende cómo se articulan las partes de un texto para darle un sentido global.,33.0,2025
SABER PRO - 2025,PROGRAMA_ACÁDEMICO,APRENDIZAJE_PRUEBA,472,1,2.0,ANDINA,1.0,ANTIOQUIA,1.0,MEDELLÍN,8894.0,UNIVERSIDAD DE ANTIOQUIA,8894.0,UNIVERSIDAD DE ANTIOQUIA-MEDELLIN,14.0,MEDICINA,,,6217.0,MEDICINA,ATENCIÓN EN SALUD,34.0,,,,,,,,,,"Integra el proceso de sistematización de la información, relacionada con la salud del individuo, la familia y la comunidad en la priorización de acciones. ",31.0,2025
SABER PRO - 2025,PROGRAMA_ACÁDEMICO,APRENDIZAJE_PRUEBA,1910,1,2.0,ANDINA,1.0,ANTIOQUIA,1.0,MEDELLÍN,8894.0,UNIVERSIDAD DE ANTIOQUIA,8894.0,UNIVERSIDAD DE ANTIOQUIA-MEDELLIN,14.0,MEDICINA,,,6217.0,MEDICINA,RAZONAMIENTO CUANTITATIVO,1.0,,,,,,,,,,"Frente a un problema que involucre información cuantitativa, plantea e implementa estrategias que lleven a soluciones adecuadas.",28.0,2025
SABER PRO - 2025,PROGRAMA_ACÁDEMICO,APRENDIZAJE_PRUEBA,1194,1,2.0,ANDINA,1.0,ANTIOQUIA,1.0,MEDELLÍN,8894.0,UNIVERSIDAD DE ANTIOQUIA,8894.0,UNIVERSIDAD DE ANTIOQUIA-MEDELLIN,14.0,MEDICINA,,,6217.0,MEDICINA,COMPETENCIAS CIUDADANAS,1.0,,,,,,,,,,Comprende que los problemas y sus soluciones involucran distintas dimensiones y reconoce relaciones entre estas. ,27.0,2025
SABER PRO - 2025,PROGRAMA_ACÁDEMICO,APRENDIZAJE_PRUEBA,9,1,2.0,ANDINA,1.0,ANTIOQUIA,1.0,MEDELLÍN,8894.0,UNIVERSIDAD DE ANTIOQUIA,8894.0,UNIVERSIDAD DE ANTIOQUIA-MEDELLIN,8.0,CIENCIAS AGROPECUARIAS ,,,8181.0,MEDICINA VETERINARIA,RAZONAMIENTO CUANTITATIVO,1.0,,,,,,,,,,"Frente a un problema que involucre información cuantitativa, plantea e implementa estrategias que lleven a soluciones adecuadas.",22.0,2025
SABER PRO - 2025,PROGRAMA_ACÁDEMICO,APRENDIZAJE_PRUEBA,3,1,2.0,ANDINA,1.0,ANTIOQUIA,1.0,MEDELLÍN,8894.0,UNIVERSIDAD DE ANTIOQUIA,8894.0,UNIVERSIDAD DE ANTIOQUIA-MEDELLIN,8.0,CIENCIAS AGROPECUARIAS ,,,8181.0,MEDICINA VETERINARIA,COMPETENCIAS CIUDADANAS,1.0,,,,,,,,,,Comprende qué es la Constitución Política de Colombia y sus principios fundamentales.,0.0,2025
SABER PRO - 2025,PROGRAMA_ACÁDEMICO,APRENDIZAJE_PRUEBA,3,1,2.0,ANDINA,1.0,ANTIOQUIA,1.0,MEDELLÍN,8894.0,UNIVERSIDAD DE ANTIOQUIA,8894.0,UNIVERSIDAD DE ANTIOQUIA-MEDELLIN,8.0,CIENCIAS AGROPECUARIAS ,,,8181.0,MEDICINA VETERINARIA,COMPETENCIAS CIUDADANAS,1.0,,,,,,,,,,Conoce los derechos y deberes que la Constitución consagra.,100.0,2025
SABER PRO - 2025,PROGRAMA_ACÁDEMICO,APRENDIZAJE_PRUEBA,513,1,2.0,ANDINA,1.0,ANTIOQUIA,1.0,MEDELLÍN,8894.0,UNIVERSIDAD DE ANTIOQUIA,8894.0,UNIVERSIDAD DE ANTIOQUIA-MEDELLIN,8.0,CIENCIAS AGROPECUARIAS ,,,2174.0,MEDICINA VETERINARIA,RAZONAMIENTO CUANTITATIVO,1.0,,,,,,,,,,Valida procedimientos y  estrategias matemáticas utilizadas para dar solución a problemas.,35.0,2025
SABER PRO - 2025,PROGRAMA_ACÁDEMICO,APRENDIZAJE_PRUEBA,221,1,2.0,ANDINA,1.0,ANTIOQUIA,1.0,MEDELLÍN,8894.0,UNIVERSIDAD DE ANTIOQUIA,8894.0,UNIVERSIDAD DE ANTIOQUIA-MEDELLIN,8.0,CIENCIAS AGROPECUARIAS ,,,2174.0,MEDICINA VETERINARIA,COMPETENCIAS CIUDADANAS,1.0,,,,,,,,,,Analiza las diferentes perspectivas presentes en situaciones en donde interactúan diferentes partes.,29.0,2025
SABER PRO - 2025,PROGRAMA_ACÁDEMICO,APRENDIZAJE_PRUEBA,474,1,2.0,ANDINA,1.0,ANTIOQUIA,1.0,MEDELLÍN,8894.0,UNIVERSIDAD DE ANTIOQUIA,8894.0,UNIVERSIDAD DE ANTIOQUIA-MEDELLIN,8.0,CIENCIAS AGROPECUARIAS ,,,2174.0,MEDICINA VETERINARIA,RAZONAMIENTO CUANTITATIVO,1.0,,,,,,,,,,Comprende y transforma la información cuantitativa y esquemática presentada en distintos formatos ,23.0,2025
SABER PRO - 2025,PROGRAMA_ACÁDEMICO,APRENDIZAJE_PRUEBA,708,1,2.0,ANDINA,1.0,ANTIOQUIA,1.0,MEDELLÍN,8894.0,UNIVERSIDAD DE ANTIOQUIA,8894.0,UNIVERSIDAD DE ANTIOQUIA-MEDELLIN,14.0,MEDICINA,,,6217.0,MEDICINA,ATENCIÓN EN SALUD,34.0,,,,,,,,,,"Propone acciones de diagnóstico, ejecución y evaluación en el marco de políticas y lineamientos en salud vigentes.",33.0,2025
SABER PRO - 2025,PROGRAMA_ACÁDEMICO,APRENDIZAJE_PRUEBA,597,1,2.0,ANDINA,1.0,ANTIOQUIA,1.0,MEDELLÍN,8894.0,UNIVERSIDAD DE ANTIOQUIA,8894.0,UNIVERSIDAD DE ANTIOQUIA-MEDELLIN,14.0,MEDICINA,,,6217.0,MEDICINA,COMPETENCIAS CIUDADANAS,1.0,,,,,,,,,,Comprende qué es la Constitución Política de Colombia y sus principios fundamentales.,33.0,2025
SABER PRO - 2025,PROGRAMA_ACÁDEMICO,APRENDIZAJE_PRUEBA,12,1,2.0,ANDINA,1.0,ANTIOQUIA,1.0,MEDELLÍN,8894.0,UNIVERSIDAD DE ANTIOQUIA,8894.0,UNIVERSIDAD DE ANTIOQUIA-MEDELLIN,8.0,CIENCIAS AGROPECUARIAS ,,,8181.0,MEDICINA VETERINARIA,LECTURA CRÍTICA,1.0,,,,,,,,,,Comprende cómo se articulan las partes de un texto para darle un sentido global.,33.0,2025
SABER PRO - 2025,PROGRAMA_ACÁDEMICO,APRENDIZAJE_PRUEBA,10,1,2.0,ANDINA,1.0,ANTIOQUIA,1.0,MEDELLÍN,8894.0,UNIVERSIDAD DE ANTIOQUIA,8894.0,UNIVERSIDAD DE ANTIOQUIA-MEDELLIN,8.0,CIENCIAS AGROPECUARIAS ,,,8181.0,MEDICINA VETERINARIA,LECTURA CRÍTICA,1.0,,,,,,,,,,Reflexiona a partir de un texto y evalúa su contenido.,70.0,2025
SABER PRO - 2025,PROGRAMA_ACÁDEMICO,APRENDIZAJE_PRUEBA,147,1,2.0,ANDINA,1.0,ANTIOQUIA,1.0,MEDELLÍN,8894.0,UNIVERSIDAD DE ANTIOQUIA,8894.0,UNIVERSIDAD DE ANTIOQUIA-MEDELLIN,8.0,CIENCIAS AGROPECUARIAS ,,,2174.0,MEDICINA VETERINARIA,COMPETENCIAS CIUDADANAS,1.0,,,,,,,,,,Comprende qué es la Constitución Política de Colombia y sus principios fundamentales.,30.0,2025
SABER PRO - 2025,PROGRAMA_ACÁDEMICO,APRENDIZAJE_PRUEBA,138,1,2.0,ANDINA,1.0,ANTIOQUIA,1.0,MEDELLÍN,8894.0,UNIVERSIDAD DE ANTIOQUIA,8894.0,UNIVERSIDAD DE ANTIOQUIA-MEDELLIN,8.0,CIENCIAS AGROPECUARIAS ,,,2174.0,MEDICINA VETERINARIA,COMPETENCIAS CIUDADANAS,1.0,,,,,,,,,,Conoce los derechos y deberes que la Constitución consagra.,38.0,2025
SABER PRO - 2025,PROGRAMA_ACÁDEMICO,APRENDIZAJE_PRUEBA,365,1,2.0,ANDINA,1.0,ANTIOQUIA,1.0,MEDELLÍN,8894.0,UNIVERSIDAD DE ANTIOQUIA,8894.0,UNIVERSIDAD DE ANTIOQUIA-MEDELLIN,8.0,CIENCIAS AGROPECUARIAS ,,,2174.0,MEDICINA VETERINARIA,LECTURA CRÍTICA,1.0,,,,,,,,,,Identifica y entiende los contenidos locales que conforman un texto. ,16.0,2025
SABER PRO - 2025,PROGRAMA_ACÁDEMICO,APRENDIZAJE_PRUEBA,1957,1,2.0,ANDINA,1.0,ANTIOQUIA,1.0,MEDELLÍN,8894.0,UNIVERSIDAD DE ANTIOQUIA,8894.0,UNIVERSIDAD DE ANTIOQUIA-MEDELLIN,14.0,MEDICINA,,,6217.0,MEDICINA,RAZONAMIENTO CUANTITATIVO,1.0,,,,,,,,,,Comprende y transforma la información cuantitativa y esquemática presentada en distintos formatos ,13.0,2025
SABER PRO - 2025,PROGRAMA_ACÁDEMICO,APRENDIZAJE_PRUEBA,1357,1,2.0,ANDINA,1.0,ANTIOQUIA,1.0,MEDELLÍN,8894.0,UNIVERSIDAD DE ANTIOQUIA,8894.0,UNIVERSIDAD DE ANTIOQUIA-MEDELLIN,14.0,MEDICINA,,,6217.0,MEDICINA,FUNDAMENTACIÓN EN DIAGNÓSTICO Y TRATAMIENTO MÉDICOS,34.0,,,,,,,,,,"Propone un plan de tratamiento de acuerdo con la situación del paciente, a partir de casos clínicos de común ocurrencia en la práctica de los médicos generales.",42.0,2025
SABER PRO - 2025,PROGRAMA_ACÁDEMICO,APRENDIZAJE_PRUEBA,4,1,2.0,ANDINA,1.0,ANTIOQUIA,1.0,MEDELLÍN,8894.0,UNIVERSIDAD DE ANTIOQUIA,8894.0,UNIVERSIDAD DE ANTIOQUIA-MEDELLIN,8.0,CIENCIAS AGROPECUARIAS ,,,8181.0,MEDICINA VETERINARIA,COMPETENCIAS CIUDADANAS,1.0,,,,,,,,,,Reconoce la existencia de diferentes perspectivas en situaciones en donde interactúan diferentes partes.,25.0,2025
SABER PRO - 2025,PROGRAMA_ACÁDEMICO,APRENDIZAJE_PRUEBA,1479,1,2.0,ANDINA,1.0,ANTIOQUIA,1.0,MEDELLÍN,8894.0,UNIVERSIDAD DE ANTIOQUIA,8894.0,UNIVERSIDAD DE ANTIOQUIA-MEDELLIN,14.0,MEDICINA,,,6217.0,MEDICINA,LECTURA CRÍTICA,1.0,,,,,,,,,,Identifica y entiende los contenidos locales que conforman un texto. ,14.0,2025
SABER PRO - 2025,PROGRAMA_ACÁDEMICO,APRENDIZAJE_PRUEBA,1416,1,2.0,ANDINA,1.0,ANTIOQUIA,1.0,MEDELLÍN,8894.0,UNIVERSIDAD DE ANTIOQUIA,8894.0,UNIVERSIDAD DE ANTIOQUIA-MEDELLIN,14.0,MEDICINA,,,6217.0,MEDICINA,PROMOCIÓN DE LA SALUD Y PREVENCIÓN DE LA ENFERMEDAD,34.0,,,,,,,,,,"Integra los conceptos básicos de prevención de la enfermedad, que le permita la priorización de las acciones  por seguir  de  acuerdo con las condiciones de salud de las poblaciones.",30.0,2025
SABER PRO - 2025,PROGRAMA_ACÁDEMICO,APRENDIZAJE_PRUEBA,472,1,2.0,ANDINA,1.0,ANTIOQUIA,1.0,MEDELLÍN,8894.0,UNIVERSIDAD DE ANTIOQUIA,8894.0,UNIVERSIDAD DE ANTIOQUIA-MEDELLIN,14.0,MEDICINA,,,6217.0,MEDICINA,ATENCIÓN EN SALUD,34.0,,,,,,,,,,"Reconoce la política y la normatividad nacional y los acuerdos internacionales suscritos por el Estado colombiano, relacionados con salud pública y los aplica en situaciones concretas que afectan la salud del individuo, la familia y la comunidad.",32.0,2025
SABER PRO - 2025,PROGRAMA_ACÁDEMICO,APRENDIZAJE_PRUEBA,6,1,2.0,ANDINA,1.0,ANTIOQUIA,1.0,MEDELLÍN,8894.0,UNIVERSIDAD DE ANTIOQUIA,8894.0,UNIVERSIDAD DE ANTIOQUIA-MEDELLIN,8.0,CIENCIAS AGROPECUARIAS ,,,8181.0,MEDICINA VETERINARIA,COMPETENCIAS CIUDADANAS,1.0,,,,,,,,,,Comprende que los problemas y sus soluciones involucran distintas dimensiones y reconoce relaciones entre estas. ,50.0,2025
SABER PRO - 2025,PROGRAMA_ACÁDEMICO,APRENDIZAJE_PRUEBA,294,1,2.0,ANDINA,1.0,ANTIOQUIA,1.0,MEDELLÍN,8894.0,UNIVERSIDAD DE ANTIOQUIA,8894.0,UNIVERSIDAD DE ANTIOQUIA-MEDELLIN,8.0,CIENCIAS AGROPECUARIAS ,,,2174.0,MEDICINA VETERINARIA,COMPETENCIAS CIUDADANAS,1.0,,,,,,,,,,Comprende que los problemas y sus soluciones involucran distintas dimensiones y reconoce relaciones entre estas. ,32.0,2025
SABER PRO - 2025,PROGRAMA_ACÁDEMICO,APRENDIZAJE_PRUEBA,2103,1,2.0,ANDINA,1.0,ANTIOQUIA,1.0,MEDELLÍN,8894.0,UNIVERSIDAD DE ANTIOQUIA,8894.0,UNIVERSIDAD DE ANTIOQUIA-MEDELLIN,14.0,MEDICINA,,,6217.0,MEDICINA,LECTURA CRÍTICA,1.0,,,,,,,,,,Reflexiona a partir de un texto y evalúa su contenido.,25.0,2025
SABER PRO - 2025,PROGRAMA_ACÁDEMICO,APRENDIZAJE_PRUEBA,553,1,2.0,ANDINA,1.0,ANTIOQUIA,1.0,MEDELLÍN,8894.0,UNIVERSIDAD DE ANTIOQUIA,8894.0,UNIVERSIDAD DE ANTIOQUIA-MEDELLIN,14.0,MEDICINA,,,6217.0,MEDICINA,COMPETENCIAS CIUDADANAS,1.0,,,,,,,,,,Conoce los derechos y deberes que la Constitución consagra.,25.0,2025
SABER PRO - 2025,PROGRAMA_ACÁDEMICO,APRENDIZAJE_PRUEBA,1947,1,2.0,ANDINA,1.0,ANTIOQUIA,1.0,MEDELLÍN,8894.0,UNIVERSIDAD DE ANTIOQUIA,8894.0,UNIVERSIDAD DE ANTIOQUIA-MEDELLIN,14.0,MEDICINA,,,6217.0,MEDICINA,FUNDAMENTACIÓN EN DIAGNÓSTICO Y TRATAMIENTO MÉDICOS,34.0,,,,,,,,,,"Determina la situación de salud o enfermedad de niños, jóvenes y adultos (hombres y mujeres), a partir de casos clínicos de común ocurrencia en la práctica de los médicos generales.",43.0,2025
SABER PRO - 2025,PROGRAMA_ACÁDEMICO,APRENDIZAJE_PRUEBA,10,1,2.0,ANDINA,1.0,ANTIOQUIA,1.0,MEDELLÍN,8894.0,UNIVERSIDAD DE ANTIOQUIA,8894.0,UNIVERSIDAD DE ANTIOQUIA-MEDELLIN,8.0,CIENCIAS AGROPECUARIAS ,,,8181.0,MEDICINA VETERINARIA,RAZONAMIENTO CUANTITATIVO,1.0,,,,,,,,,,Comprende y transforma la información cuantitativa y esquemática presentada en distintos formatos ,20.0,2025
SABER PRO - 2025,PROGRAMA_ACÁDEMICO,APRENDIZAJE_PRUEBA,5,1,2.0,ANDINA,1.0,ANTIOQUIA,1.0,MEDELLÍN,8894.0,UNIVERSIDAD DE ANTIOQUIA,8894.0,UNIVERSIDAD DE ANTIOQUIA-MEDELLIN,8.0,CIENCIAS AGROPECUARIAS ,,,8181.0,MEDICINA VETERINARIA,COMPETENCIAS CIUDADANAS,1.0,,,,,,,,,,Analiza las diferentes perspectivas presentes en situaciones en donde interactúan diferentes partes.,80.0,2025
SABER PRO - 2025,PROGRAMA_ACÁDEMICO,APRENDIZAJE_PRUEBA,2103,1,2.0,ANDINA,1.0,ANTIOQUIA,1.0,MEDELLÍN,8894.0,UNIVERSIDAD DE ANTIOQUIA,8894.0,UNIVERSIDAD DE ANTIOQUIA-MEDELLIN,14.0,MEDICINA,,,6217.0,MEDICINA,RAZONAMIENTO CUANTITATIVO,1.0,,,,,,,,,,Valida procedimientos y  estrategias matemáticas utilizadas para dar solución a problemas.,22.0,2025
SABER PRO - 2025,PROGRAMA_ACÁDEMICO,APRENDIZAJE_PRUEBA,6,1,2.0,ANDINA,1.0,ANTIOQUIA,1.0,MEDELLÍN,8894.0,UNIVERSIDAD DE ANTIOQUIA,8894.0,UNIVERSIDAD DE ANTIOQUIA-MEDELLIN,8.0,CIENCIAS AGROPECUARIAS ,,,8181.0,MEDICINA VETERINARIA,COMPETENCIAS CIUDADANAS,1.0,,,,,,,,,,Analiza y evalúa la pertinencia y solidez de enunciados-discursos.,17.0,2025
SABER PRO - 2025,PROGRAMA_ACÁDEMICO,APRENDIZAJE_PRUEBA,483,1,2.0,ANDINA,1.0,ANTIOQUIA,1.0,MEDELLÍN,8894.0,UNIVERSIDAD DE ANTIOQUIA,8894.0,UNIVERSIDAD DE ANTIOQUIA-MEDELLIN,8.0,CIENCIAS AGROPECUARIAS ,,,2174.0,MEDICINA VETERINARIA,RAZONAMIENTO CUANTITATIVO,1.0,,,,,,,,,,"Frente a un problema que involucre información cuantitativa, plantea e implementa estrategias que lleven a soluciones adecuadas.",41.0,2025
SABER PRO - 2025,PROGRAMA_ACÁDEMICO,APRENDIZAJE_PRUEBA,147,1,2.0,ANDINA,1.0,ANTIOQUIA,1.0,MEDELLÍN,8894.0,UNIVERSIDAD DE ANTIOQUIA,8894.0,UNIVERSIDAD DE ANTIOQUIA-MEDELLIN,8.0,CIENCIAS AGROPECUARIAS ,,,2174.0,MEDICINA VETERINARIA,COMPETENCIAS CIUDADANAS,1.0,,,,,,,,,,Conoce la organización del Estado de acuerdo con la Constitución.,31.0,2025
SABER PRO - 2025,PROGRAMA_ACÁDEMICO,APRENDIZAJE_PRUEBA,882,1,2.0,ANDINA,1.0,ANTIOQUIA,1.0,MEDELLÍN,8894.0,UNIVERSIDAD DE ANTIOQUIA,8894.0,UNIVERSIDAD DE ANTIOQUIA-MEDELLIN,14.0,MEDICINA,,,6217.0,MEDICINA,COMPETENCIAS CIUDADANAS,1.0,,,,,,,,,,Reconoce la existencia de diferentes perspectivas en situaciones en donde interactúan diferentes partes.,22.0,2025
SABER PRO - 2025,PROGRAMA_ACÁDEMICO,APRENDIZAJE_PRUEBA,648,1,2.0,ANDINA,1.0,ANTIOQUIA,1.0,MEDELLÍN,8903.0,CORPORACION UNIVERSITARIA REMINGTON,8903.0,CORPORACION UNIVERSITARIA REMINGTON-MEDELLIN,8.0,CIENCIAS AGROPECUARIAS ,,,3306.0,MEDICINA VETERINARIA,COMPETENCIAS CIUDADANAS,1.0,,,,,,,,,,Comprende que los problemas y sus soluciones involucran distintas dimensiones y reconoce relaciones entre estas. ,60.0,2025
SABER PRO - 2025,PROGRAMA_ACÁDEMICO,APRENDIZAJE_PRUEBA,813,1,2.0,ANDINA,1.0,ANTIOQUIA,1.0,MEDELLÍN,8903.0,CORPORACION UNIVERSITARIA REMINGTON,8903.0,CORPORACION UNIVERSITARIA REMINGTON-MEDELLIN,8.0,CIENCIAS AGROPECUARIAS ,,,3306.0,MEDICINA VETERINARIA,LECTURA CRÍTICA,1.0,,,,,,,,,,Identifica y entiende los contenidos locales que conforman un texto. ,37.0,2025
SABER PRO - 2025,PROGRAMA_ACÁDEMICO,APRENDIZAJE_PRUEBA,1359,1,2.0,ANDINA,1.0,ANTIOQUIA,1.0,MEDELLÍN,8903.0,CORPORACION UNIVERSITARIA REMINGTON,8903.0,CORPORACION UNIVERSITARIA REMINGTON-MEDELLIN,14.0,MEDICINA,,,2329.0,MEDICINA,RAZONAMIENTO CUANTITATIVO,1.0,,,,,,,,,,Valida procedimientos y  estrategias matemáticas utilizadas para dar solución a problemas.,61.0,2025
SABER PRO - 2025,PROGRAMA_ACÁDEMICO,APRENDIZAJE_PRUEBA,546,1,2.0,ANDINA,1.0,ANTIOQUIA,1.0,MEDELLÍN,8903.0,CORPORACION UNIVERSITARIA REMINGTON,8903.0,CORPORACION UNIVERSITARIA REMINGTON-MEDELLIN,14.0,MEDICINA,,,2329.0,MEDICINA,COMPETENCIAS CIUDADANAS,1.0,,,,,,,,,,Reconoce la existencia de diferentes perspectivas en situaciones en donde interactúan diferentes partes.,46.0,2025
SABER PRO - 2025,PROGRAMA_ACÁDEMICO,APRENDIZAJE_PRUEBA,490,1,2.0,ANDINA,1.0,ANTIOQUIA,1.0,MEDELLÍN,8903.0,CORPORACION UNIVERSITARIA REMINGTON,8903.0,CORPORACION UNIVERSITARIA REMINGTON-MEDELLIN,8.0,CIENCIAS AGROPECUARIAS ,,,3306.0,MEDICINA VETERINARIA,COMPETENCIAS CIUDADANAS,1.0,,,,,,,,,,Analiza las diferentes perspectivas presentes en situaciones en donde interactúan diferentes partes.,59.0,2025
SABER PRO - 2025,PROGRAMA_ACÁDEMICO,APRENDIZAJE_PRUEBA,286,1,2.0,ANDINA,1.0,ANTIOQUIA,1.0,MEDELLÍN,8903.0,CORPORACION UNIVERSITARIA REMINGTON,8903.0,CORPORACION UNIVERSITARIA REMINGTON-MEDELLIN,14.0,MEDICINA,,,2329.0,MEDICINA,COMPETENCIAS CIUDADANAS,1.0,,,,,,,,,,Conoce los derechos y deberes que la Constitución consagra.,43.0,2025
SABER PRO - 2025,PROGRAMA_ACÁDEMICO,APRENDIZAJE_PRUEBA,1131,1,2.0,ANDINA,1.0,ANTIOQUIA,1.0,MEDELLÍN,8903.0,CORPORACION UNIVERSITARIA REMINGTON,8903.0,CORPORACION UNIVERSITARIA REMINGTON-MEDELLIN,8.0,CIENCIAS AGROPECUARIAS ,,,3306.0,MEDICINA VETERINARIA,LECTURA CRÍTICA,1.0,,,,,,,,,,Reflexiona a partir de un texto y evalúa su contenido.,52.0,2025
SABER PRO - 2025,PROGRAMA_ACÁDEMICO,APRENDIZAJE_PRUEBA,648,1,2.0,ANDINA,1.0,ANTIOQUIA,1.0,MEDELLÍN,8903.0,CORPORACION UNIVERSITARIA REMINGTON,8903.0,CORPORACION UNIVERSITARIA REMINGTON-MEDELLIN,8.0,CIENCIAS AGROPECUARIAS ,,,3306.0,MEDICINA VETERINARIA,COMPETENCIAS CIUDADANAS,1.0,,,,,,,,,,Analiza y evalúa la pertinencia y solidez de enunciados-discursos.,52.0,2025
SABER PRO - 2025,PROGRAMA_ACÁDEMICO,APRENDIZAJE_PRUEBA,1133,1,2.0,ANDINA,1.0,ANTIOQUIA,1.0,MEDELLÍN,8903.0,CORPORACION UNIVERSITARIA REMINGTON,8903.0,CORPORACION UNIVERSITARIA REMINGTON-MEDELLIN,8.0,CIENCIAS AGROPECUARIAS ,,,3306.0,MEDICINA VETERINARIA,RAZONAMIENTO CUANTITATIVO,1.0,,,,,,,,,,Valida procedimientos y  estrategias matemáticas utilizadas para dar solución a problemas.,55.0,2025
SABER PRO - 2025,PROGRAMA_ACÁDEMICO,APRENDIZAJE_PRUEBA,1041,1,2.0,ANDINA,1.0,ANTIOQUIA,1.0,MEDELLÍN,8903.0,CORPORACION UNIVERSITARIA REMINGTON,8903.0,CORPORACION UNIVERSITARIA REMINGTON-MEDELLIN,8.0,CIENCIAS AGROPECUARIAS ,,,3306.0,MEDICINA VETERINARIA,RAZONAMIENTO CUANTITATIVO,1.0,,,,,,,,,,Comprende y transforma la información cuantitativa y esquemática presentada en distintos formatos ,45.0,2025
SABER PRO - 2025,PROGRAMA_ACÁDEMICO,APRENDIZAJE_PRUEBA,762,1,2.0,ANDINA,1.0,ANTIOQUIA,1.0,MEDELLÍN,8903.0,CORPORACION UNIVERSITARIA REMINGTON,8903.0,CORPORACION UNIVERSITARIA REMINGTON-MEDELLIN,14.0,MEDICINA,,,2329.0,MEDICINA,COMPETENCIAS CIUDADANAS,1.0,,,,,,,,,,Analiza y evalúa la pertinencia y solidez de enunciados-discursos.,48.0,2025
SABER PRO - 2025,PROGRAMA_ACÁDEMICO,APRENDIZAJE_PRUEBA,4158,1,2.0,ANDINA,1.0,ANTIOQUIA,1.0,MEDELLÍN,8903.0,CORPORACION UNIVERSITARIA REMINGTON,8903.0,CORPORACION UNIVERSITARIA REMINGTON-MEDELLIN,14.0,MEDICINA,,,2329.0,MEDICINA,FUNDAMENTACIÓN EN DIAGNÓSTICO Y TRATAMIENTO MÉDICOS,34.0,,,,,,,,,,"Determina la situación de salud o enfermedad de niños, jóvenes y adultos (hombres y mujeres), a partir de casos clínicos de común ocurrencia en la práctica de los médicos generales.",56.0,2025
SABER PRO - 2025,PROGRAMA_ACÁDEMICO,APRENDIZAJE_PRUEBA,381,1,2.0,ANDINA,1.0,ANTIOQUIA,1.0,MEDELLÍN,8903.0,CORPORACION UNIVERSITARIA REMINGTON,8903.0,CORPORACION UNIVERSITARIA REMINGTON-MEDELLIN,14.0,MEDICINA,,,2329.0,MEDICINA,COMPETENCIAS CIUDADANAS,1.0,,,,,,,,,,Conoce la organización del Estado de acuerdo con la Constitución.,39.0,2025
SABER PRO - 2025,PROGRAMA_ACÁDEMICO,APRENDIZAJE_PRUEBA,1181,1,2.0,ANDINA,1.0,ANTIOQUIA,1.0,MEDELLÍN,8903.0,CORPORACION UNIVERSITARIA REMINGTON,8903.0,CORPORACION UNIVERSITARIA REMINGTON-MEDELLIN,14.0,MEDICINA,,,2329.0,MEDICINA,RAZONAMIENTO CUANTITATIVO,1.0,,,,,,,,,,"Frente a un problema que involucre información cuantitativa, plantea e implementa estrategias que lleven a soluciones adecuadas.",61.0,2025
SABER PRO - 2025,PROGRAMA_ACÁDEMICO,APRENDIZAJE_PRUEBA,2898,1,2.0,ANDINA,1.0,ANTIOQUIA,1.0,MEDELLÍN,8903.0,CORPORACION UNIVERSITARIA REMINGTON,8903.0,CORPORACION UNIVERSITARIA REMINGTON-MEDELLIN,14.0,MEDICINA,,,2329.0,MEDICINA,FUNDAMENTACIÓN EN DIAGNÓSTICO Y TRATAMIENTO MÉDICOS,34.0,,,,,,,,,,"Propone un plan de tratamiento de acuerdo con la situación del paciente, a partir de casos clínicos de común ocurrencia en la práctica de los médicos generales.",59.0,2025
SABER PRO - 2025,PROGRAMA_ACÁDEMICO,APRENDIZAJE_PRUEBA,281,1,2.0,ANDINA,1.0,ANTIOQUIA,1.0,MEDELLÍN,8903.0,CORPORACION UNIVERSITARIA REMINGTON,8903.0,CORPORACION UNIVERSITARIA REMINGTON-MEDELLIN,8.0,CIENCIAS AGROPECUARIAS ,,,3306.0,MEDICINA VETERINARIA,COMPETENCIAS CIUDADANAS,1.0,,,,,,,,,,Conoce los derechos y deberes que la Constitución consagra.,53.0,2025
SABER PRO - 2025,PROGRAMA_ACÁDEMICO,APRENDIZAJE_PRUEBA,1296,1,2.0,ANDINA,1.0,ANTIOQUIA,1.0,MEDELLÍN,8903.0,CORPORACION UNIVERSITARIA REMINGTON,8903.0,CORPORACION UNIVERSITARIA REMINGTON-MEDELLIN,8.0,CIENCIAS AGROPECUARIAS ,,,3306.0,MEDICINA VETERINARIA,LECTURA CRÍTICA,1.0,,,,,,,,,,Comprende cómo se articulan las partes de un texto para darle un sentido global.,56.0,2025
SABER PRO - 2025,PROGRAMA_ACÁDEMICO,APRENDIZAJE_PRUEBA,1512,1,2.0,ANDINA,1.0,ANTIOQUIA,1.0,MEDELLÍN,8903.0,CORPORACION UNIVERSITARIA REMINGTON,8903.0,CORPORACION UNIVERSITARIA REMINGTON-MEDELLIN,14.0,MEDICINA,,,2329.0,MEDICINA,ATENCIÓN EN SALUD,34.0,,,,,,,,,,"Propone acciones de diagnóstico, ejecución y evaluación en el marco de políticas y lineamientos en salud vigentes.",53.0,2025
SABER PRO - 2025,PROGRAMA_ACÁDEMICO,APRENDIZAJE_PRUEBA,3024,1,2.0,ANDINA,1.0,ANTIOQUIA,1.0,MEDELLÍN,8903.0,CORPORACION UNIVERSITARIA REMINGTON,8903.0,CORPORACION UNIVERSITARIA REMINGTON-MEDELLIN,14.0,MEDICINA,,,2329.0,MEDICINA,PROMOCIÓN DE LA SALUD Y PREVENCIÓN DE LA ENFERMEDAD,34.0,,,,,,,,,,"Integra los conceptos básicos de prevención de la enfermedad, que le permita la priorización de las acciones  por seguir  de  acuerdo con las condiciones de salud de las poblaciones.",44.0,2025
SABER PRO - 2025,PROGRAMA_ACÁDEMICO,APRENDIZAJE_PRUEBA,324,1,2.0,ANDINA,1.0,ANTIOQUIA,1.0,MEDELLÍN,8903.0,CORPORACION UNIVERSITARIA REMINGTON,8903.0,CORPORACION UNIVERSITARIA REMINGTON-MEDELLIN,8.0,CIENCIAS AGROPECUARIAS ,,,3306.0,MEDICINA VETERINARIA,COMPETENCIAS CIUDADANAS,1.0,,,,,,,,,,Conoce la organización del Estado de acuerdo con la Constitución.,57.0,2025
SABER PRO - 2025,PROGRAMA_ACÁDEMICO,APRENDIZAJE_PRUEBA,1270,1,2.0,ANDINA,1.0,ANTIOQUIA,1.0,MEDELLÍN,8903.0,CORPORACION UNIVERSITARIA REMINGTON,8903.0,CORPORACION UNIVERSITARIA REMINGTON-MEDELLIN,14.0,MEDICINA,,,2329.0,MEDICINA,RAZONAMIENTO CUANTITATIVO,1.0,,,,,,,,,,Comprende y transforma la información cuantitativa y esquemática presentada en distintos formatos ,44.0,2025
SABER PRO - 2025,PROGRAMA_ACÁDEMICO,APRENDIZAJE_PRUEBA,1008,1,2.0,ANDINA,1.0,ANTIOQUIA,1.0,MEDELLÍN,8903.0,CORPORACION UNIVERSITARIA REMINGTON,8903.0,CORPORACION UNIVERSITARIA REMINGTON-MEDELLIN,14.0,MEDICINA,,,2329.0,MEDICINA,ATENCIÓN EN SALUD,34.0,,,,,,,,,,"Reconoce la política y la normatividad nacional y los acuerdos internacionales suscritos por el Estado colombiano, relacionados con salud pública y los aplica en situaciones concretas que afectan la salud del individuo, la familia y la comunidad.",43.0,2025
SABER PRO - 2025,PROGRAMA_ACÁDEMICO,APRENDIZAJE_PRUEBA,1358,1,2.0,ANDINA,1.0,ANTIOQUIA,1.0,MEDELLÍN,8903.0,CORPORACION UNIVERSITARIA REMINGTON,8903.0,CORPORACION UNIVERSITARIA REMINGTON-MEDELLIN,14.0,MEDICINA,,,2329.0,MEDICINA,LECTURA CRÍTICA,1.0,,,,,,,,,,Reflexiona a partir de un texto y evalúa su contenido.,48.0,2025
SABER PRO - 2025,PROGRAMA_ACÁDEMICO,APRENDIZAJE_PRUEBA,1260,1,2.0,ANDINA,1.0,ANTIOQUIA,1.0,MEDELLÍN,8903.0,CORPORACION UNIVERSITARIA REMINGTON,8903.0,CORPORACION UNIVERSITARIA REMINGTON-MEDELLIN,14.0,MEDICINA,,,2329.0,MEDICINA,PROMOCIÓN DE LA SALUD Y PREVENCIÓN DE LA ENFERMEDAD,34.0,,,,,,,,,,"Integra los conceptos básicos de promoción de la salud que le permiten priorizar acciones por seguir, de acuerdo con las condiciones de salud de las poblaciones.",54.0,2025
SABER PRO - 2025,PROGRAMA_ACÁDEMICO,APRENDIZAJE_PRUEBA,482,1,2.0,ANDINA,1.0,ANTIOQUIA,1.0,MEDELLÍN,8903.0,CORPORACION UNIVERSITARIA REMINGTON,8903.0,CORPORACION UNIVERSITARIA REMINGTON-MEDELLIN,8.0,CIENCIAS AGROPECUARIAS ,,,3306.0,MEDICINA VETERINARIA,COMPETENCIAS CIUDADANAS,1.0,,,,,,,,,,Reconoce la existencia de diferentes perspectivas en situaciones en donde interactúan diferentes partes.,48.0,2025
SABER PRO - 2025,PROGRAMA_ACÁDEMICO,APRENDIZAJE_PRUEBA,597,1,2.0,ANDINA,1.0,ANTIOQUIA,1.0,MEDELLÍN,8903.0,CORPORACION UNIVERSITARIA REMINGTON,8903.0,CORPORACION UNIVERSITARIA REMINGTON-MEDELLIN,14.0,MEDICINA,,,2329.0,MEDICINA,COMPETENCIAS CIUDADANAS,1.0,,,,,,,,,,Analiza las diferentes perspectivas presentes en situaciones en donde interactúan diferentes partes.,53.0,2025
SABER PRO - 2025,PROGRAMA_ACÁDEMICO,APRENDIZAJE_PRUEBA,928,1,2.0,ANDINA,1.0,ANTIOQUIA,1.0,MEDELLÍN,8903.0,CORPORACION UNIVERSITARIA REMINGTON,8903.0,CORPORACION UNIVERSITARIA REMINGTON-MEDELLIN,14.0,MEDICINA,,,2329.0,MEDICINA,LECTURA CRÍTICA,1.0,,,,,,,,,,Identifica y entiende los contenidos locales que conforman un texto. ,30.0,2025
SABER PRO - 2025,PROGRAMA_ACÁDEMICO,APRENDIZAJE_PRUEBA,1524,1,2.0,ANDINA,1.0,ANTIOQUIA,1.0,MEDELLÍN,8903.0,CORPORACION UNIVERSITARIA REMINGTON,8903.0,CORPORACION UNIVERSITARIA REMINGTON-MEDELLIN,14.0,MEDICINA,,,2329.0,MEDICINA,LECTURA CRÍTICA,1.0,,,,,,,,,,Comprende cómo se articulan las partes de un texto para darle un sentido global.,47.0,2025
SABER PRO - 2025,PROGRAMA_ACÁDEMICO,APRENDIZAJE_PRUEBA,1008,1,2.0,ANDINA,1.0,ANTIOQUIA,1.0,MEDELLÍN,8903.0,CORPORACION UNIVERSITARIA REMINGTON,8903.0,CORPORACION UNIVERSITARIA REMINGTON-MEDELLIN,14.0,MEDICINA,,,2329.0,MEDICINA,ATENCIÓN EN SALUD,34.0,,,,,,,,,,"Integra el proceso de sistematización de la información, relacionada con la salud del individuo, la familia y la comunidad en la priorización de acciones. ",49.0,2025
SABER PRO - 2025,PROGRAMA_ACÁDEMICO,APRENDIZAJE_PRUEBA,1066,1,2.0,ANDINA,1.0,ANTIOQUIA,1.0,MEDELLÍN,8903.0,CORPORACION UNIVERSITARIA REMINGTON,8903.0,CORPORACION UNIVERSITARIA REMINGTON-MEDELLIN,8.0,CIENCIAS AGROPECUARIAS ,,,3306.0,MEDICINA VETERINARIA,RAZONAMIENTO CUANTITATIVO,1.0,,,,,,,,,,"Frente a un problema que involucre información cuantitativa, plantea e implementa estrategias que lleven a soluciones adecuadas.",62.0,2025
SABER PRO - 2025,PROGRAMA_ACÁDEMICO,APRENDIZAJE_PRUEBA,381,1,2.0,ANDINA,1.0,ANTIOQUIA,1.0,MEDELLÍN,8903.0,CORPORACION UNIVERSITARIA REMINGTON,8903.0,CORPORACION UNIVERSITARIA REMINGTON-MEDELLIN,14.0,MEDICINA,,,2329.0,MEDICINA,COMPETENCIAS CIUDADANAS,1.0,,,,,,,,,,Comprende qué es la Constitución Política de Colombia y sus principios fundamentales.,45.0,2025
SABER PRO - 2025,PROGRAMA_ACÁDEMICO,APRENDIZAJE_PRUEBA,762,1,2.0,ANDINA,1.0,ANTIOQUIA,1.0,MEDELLÍN,8903.0,CORPORACION UNIVERSITARIA REMINGTON,8903.0,CORPORACION UNIVERSITARIA REMINGTON-MEDELLIN,14.0,MEDICINA,,,2329.0,MEDICINA,COMPETENCIAS CIUDADANAS,1.0,,,,,,,,,,Comprende que los problemas y sus soluciones involucran distintas dimensiones y reconoce relaciones entre estas. ,45.0,2025
SABER PRO - 2025,PROGRAMA_ACÁDEMICO,APRENDIZAJE_PRUEBA,1512,1,2.0,ANDINA,1.0,ANTIOQUIA,1.0,MEDELLÍN,8903.0,CORPORACION UNIVERSITARIA REMINGTON,8903.0,CORPORACION UNIVERSITARIA REMINGTON-MEDELLIN,14.0,MEDICINA,,,2329.0,MEDICINA,ATENCIÓN EN SALUD,34.0,,,,,,,,,,"Analiza los determinantes personales, sociales, económicos y ambientales que influyen en el estado de salud del individuo, la familia y la comunidad, para la priorización de acciones a seguir.",48.0,2025
SABER PRO - 2025,PROGRAMA_ACÁDEMICO,APRENDIZAJE_PRUEBA,324,1,2.0,ANDINA,1.0,ANTIOQUIA,1.0,MEDELLÍN,8903.0,CORPORACION UNIVERSITARIA REMINGTON,8903.0,CORPORACION UNIVERSITARIA REMINGTON-MEDELLIN,8.0,CIENCIAS AGROPECUARIAS ,,,3306.0,MEDICINA VETERINARIA,COMPETENCIAS CIUDADANAS,1.0,,,,,,,,,,Comprende qué es la Constitución Política de Colombia y sus principios fundamentales.,58.0,2025
SABER PRO - 2025,PROGRAMA_ACÁDEMICO,APRENDIZAJE_PRUEBA,1594,1,2.0,ANDINA,1.0,ANTIOQUIA,1.0,MEDELLÍN,8908.0,UNIVERSIDAD PONTIFICIA BOLIVARIANA,8908.0,UNIVERSIDAD PONTIFICIA BOLIVARIANA-MEDELLIN,14.0,MEDICINA,,,2481.0,MEDICINA,RAZONAMIENTO CUANTITATIVO,1.0,,,,,,,,,,Valida procedimientos y  estrategias matemáticas utilizadas para dar solución a problemas.,37.0,2025
SABER PRO - 2025,PROGRAMA_ACÁDEMICO,APRENDIZAJE_PRUEBA,1512,1,2.0,ANDINA,1.0,ANTIOQUIA,1.0,MEDELLÍN,8908.0,UNIVERSIDAD PONTIFICIA BOLIVARIANA,8908.0,UNIVERSIDAD PONTIFICIA BOLIVARIANA-MEDELLIN,14.0,MEDICINA,,,2481.0,MEDICINA,PROMOCIÓN DE LA SALUD Y PREVENCIÓN DE LA ENFERMEDAD,34.0,,,,,,,,,,"Integra los conceptos básicos de prevención de la enfermedad, que le permita la priorización de las acciones  por seguir  de  acuerdo con las condiciones de salud de las poblaciones.",28.0,2025
SABER PRO - 2025,PROGRAMA_ACÁDEMICO,APRENDIZAJE_PRUEBA,1449,1,2.0,ANDINA,1.0,ANTIOQUIA,1.0,MEDELLÍN,8908.0,UNIVERSIDAD PONTIFICIA BOLIVARIANA,8908.0,UNIVERSIDAD PONTIFICIA BOLIVARIANA-MEDELLIN,14.0,MEDICINA,,,2481.0,MEDICINA,FUNDAMENTACIÓN EN DIAGNÓSTICO Y TRATAMIENTO MÉDICOS,34.0,,,,,,,,,,"Propone un plan de tratamiento de acuerdo con la situación del paciente, a partir de casos clínicos de común ocurrencia en la práctica de los médicos generales.",48.0,2025
SABER PRO - 2025,PROGRAMA_ACÁDEMICO,APRENDIZAJE_PRUEBA,504,1,2.0,ANDINA,1.0,ANTIOQUIA,1.0,MEDELLÍN,8908.0,UNIVERSIDAD PONTIFICIA BOLIVARIANA,8908.0,UNIVERSIDAD PONTIFICIA BOLIVARIANA-MEDELLIN,14.0,MEDICINA,,,2481.0,MEDICINA,ATENCIÓN EN SALUD,34.0,,,,,,,,,,"Reconoce la política y la normatividad nacional y los acuerdos internacionales suscritos por el Estado colombiano, relacionados con salud pública y los aplica en situaciones concretas que afectan la salud del individuo, la familia y la comunidad.",29.0,2025
SABER PRO - 2025,PROGRAMA_ACÁDEMICO,APRENDIZAJE_PRUEBA,504,1,2.0,ANDINA,1.0,ANTIOQUIA,1.0,MEDELLÍN,8908.0,UNIVERSIDAD PONTIFICIA BOLIVARIANA,8908.0,UNIVERSIDAD PONTIFICIA BOLIVARIANA-MEDELLIN,14.0,MEDICINA,,,2481.0,MEDICINA,ATENCIÓN EN SALUD,34.0,,,,,,,,,,"Integra el proceso de sistematización de la información, relacionada con la salud del individuo, la familia y la comunidad en la priorización de acciones. ",33.0,2025
SABER PRO - 2025,PROGRAMA_ACÁDEMICO,APRENDIZAJE_PRUEBA,2079,1,2.0,ANDINA,1.0,ANTIOQUIA,1.0,MEDELLÍN,8908.0,UNIVERSIDAD PONTIFICIA BOLIVARIANA,8908.0,UNIVERSIDAD PONTIFICIA BOLIVARIANA-MEDELLIN,14.0,MEDICINA,,,2481.0,MEDICINA,FUNDAMENTACIÓN EN DIAGNÓSTICO Y TRATAMIENTO MÉDICOS,34.0,,,,,,,,,,"Determina la situación de salud o enfermedad de niños, jóvenes y adultos (hombres y mujeres), a partir de casos clínicos de común ocurrencia en la práctica de los médicos generales.",43.0,2025
SABER PRO - 2025,PROGRAMA_ACÁDEMICO,APRENDIZAJE_PRUEBA,906,1,2.0,ANDINA,1.0,ANTIOQUIA,1.0,MEDELLÍN,8908.0,UNIVERSIDAD PONTIFICIA BOLIVARIANA,8908.0,UNIVERSIDAD PONTIFICIA BOLIVARIANA-MEDELLIN,14.0,MEDICINA,,,2481.0,MEDICINA,COMPETENCIAS CIUDADANAS,1.0,,,,,,,,,,Comprende que los problemas y sus soluciones involucran distintas dimensiones y reconoce relaciones entre estas. ,30.0,2025
SABER PRO - 2025,PROGRAMA_ACÁDEMICO,APRENDIZAJE_PRUEBA,1605,1,2.0,ANDINA,1.0,ANTIOQUIA,1.0,MEDELLÍN,8908.0,UNIVERSIDAD PONTIFICIA BOLIVARIANA,8908.0,UNIVERSIDAD PONTIFICIA BOLIVARIANA-MEDELLIN,14.0,MEDICINA,,,2481.0,MEDICINA,LECTURA CRÍTICA,1.0,,,,,,,,,,Reflexiona a partir de un texto y evalúa su contenido.,30.0,2025
SABER PRO - 2025,PROGRAMA_ACÁDEMICO,APRENDIZAJE_PRUEBA,756,1,2.0,ANDINA,1.0,ANTIOQUIA,1.0,MEDELLÍN,8908.0,UNIVERSIDAD PONTIFICIA BOLIVARIANA,8908.0,UNIVERSIDAD PONTIFICIA BOLIVARIANA-MEDELLIN,14.0,MEDICINA,,,2481.0,MEDICINA,ATENCIÓN EN SALUD,34.0,,,,,,,,,,"Propone acciones de diagnóstico, ejecución y evaluación en el marco de políticas y lineamientos en salud vigentes.",38.0,2025
SABER PRO - 2025,PROGRAMA_ACÁDEMICO,APRENDIZAJE_PRUEBA,1483,1,2.0,ANDINA,1.0,ANTIOQUIA,1.0,MEDELLÍN,8908.0,UNIVERSIDAD PONTIFICIA BOLIVARIANA,8908.0,UNIVERSIDAD PONTIFICIA BOLIVARIANA-MEDELLIN,14.0,MEDICINA,,,2481.0,MEDICINA,RAZONAMIENTO CUANTITATIVO,1.0,,,,,,,,,,Comprende y transforma la información cuantitativa y esquemática presentada en distintos formatos ,24.0,2025
SABER PRO - 2025,PROGRAMA_ACÁDEMICO,APRENDIZAJE_PRUEBA,1113,1,2.0,ANDINA,1.0,ANTIOQUIA,1.0,MEDELLÍN,8908.0,UNIVERSIDAD PONTIFICIA BOLIVARIANA,8908.0,UNIVERSIDAD PONTIFICIA BOLIVARIANA-MEDELLIN,14.0,MEDICINA,,,2481.0,MEDICINA,LECTURA CRÍTICA,1.0,,,,,,,,,,Identifica y entiende los contenidos locales que conforman un texto. ,16.0,2025
SABER PRO - 2025,PROGRAMA_ACÁDEMICO,APRENDIZAJE_PRUEBA,1812,1,2.0,ANDINA,1.0,ANTIOQUIA,1.0,MEDELLÍN,8908.0,UNIVERSIDAD PONTIFICIA BOLIVARIANA,8908.0,UNIVERSIDAD PONTIFICIA BOLIVARIANA-MEDELLIN,14.0,MEDICINA,,,2481.0,MEDICINA,LECTURA CRÍTICA,1.0,,,,,,,,,,Comprende cómo se articulan las partes de un texto para darle un sentido global.,32.0,2025
SABER PRO - 2025,PROGRAMA_ACÁDEMICO,APRENDIZAJE_PRUEBA,453,1,2.0,ANDINA,1.0,ANTIOQUIA,1.0,MEDELLÍN,8908.0,UNIVERSIDAD PONTIFICIA BOLIVARIANA,8908.0,UNIVERSIDAD PONTIFICIA BOLIVARIANA-MEDELLIN,14.0,MEDICINA,,,2481.0,MEDICINA,COMPETENCIAS CIUDADANAS,1.0,,,,,,,,,,Comprende qué es la Constitución Política de Colombia y sus principios fundamentales.,44.0,2025
SABER PRO - 2025,PROGRAMA_ACÁDEMICO,APRENDIZAJE_PRUEBA,906,1,2.0,ANDINA,1.0,ANTIOQUIA,1.0,MEDELLÍN,8908.0,UNIVERSIDAD PONTIFICIA BOLIVARIANA,8908.0,UNIVERSIDAD PONTIFICIA BOLIVARIANA-MEDELLIN,14.0,MEDICINA,,,2481.0,MEDICINA,COMPETENCIAS CIUDADANAS,1.0,,,,,,,,,,Analiza y evalúa la pertinencia y solidez de enunciados-discursos.,32.0,2025
SABER PRO - 2025,PROGRAMA_ACÁDEMICO,APRENDIZAJE_PRUEBA,403,1,2.0,ANDINA,1.0,ANTIOQUIA,1.0,MEDELLÍN,8908.0,UNIVERSIDAD PONTIFICIA BOLIVARIANA,8908.0,UNIVERSIDAD PONTIFICIA BOLIVARIANA-MEDELLIN,14.0,MEDICINA,,,2481.0,MEDICINA,COMPETENCIAS CIUDADANAS,1.0,,,,,,,,,,Conoce los derechos y deberes que la Constitución consagra.,31.0,2025
SABER PRO - 2025,PROGRAMA_ACÁDEMICO,APRENDIZAJE_PRUEBA,630,1,2.0,ANDINA,1.0,ANTIOQUIA,1.0,MEDELLÍN,8908.0,UNIVERSIDAD PONTIFICIA BOLIVARIANA,8908.0,UNIVERSIDAD PONTIFICIA BOLIVARIANA-MEDELLIN,14.0,MEDICINA,,,2481.0,MEDICINA,PROMOCIÓN DE LA SALUD Y PREVENCIÓN DE LA ENFERMEDAD,34.0,,,,,,,,,,"Integra los conceptos básicos de promoción de la salud que le permiten priorizar acciones por seguir, de acuerdo con las condiciones de salud de las poblaciones.",40.0,2025
SABER PRO - 2025,PROGRAMA_ACÁDEMICO,APRENDIZAJE_PRUEBA,756,1,2.0,ANDINA,1.0,ANTIOQUIA,1.0,MEDELLÍN,8908.0,UNIVERSIDAD PONTIFICIA BOLIVARIANA,8908.0,UNIVERSIDAD PONTIFICIA BOLIVARIANA-MEDELLIN,14.0,MEDICINA,,,2481.0,MEDICINA,ATENCIÓN EN SALUD,34.0,,,,,,,,,,"Analiza los determinantes personales, sociales, económicos y ambientales que influyen en el estado de salud del individuo, la familia y la comunidad, para la priorización de acciones a seguir.",35.0,2025
SABER PRO - 2025,PROGRAMA_ACÁDEMICO,APRENDIZAJE_PRUEBA,1453,1,2.0,ANDINA,1.0,ANTIOQUIA,1.0,MEDELLÍN,8908.0,UNIVERSIDAD PONTIFICIA BOLIVARIANA,8908.0,UNIVERSIDAD PONTIFICIA BOLIVARIANA-MEDELLIN,14.0,MEDICINA,,,2481.0,MEDICINA,RAZONAMIENTO CUANTITATIVO,1.0,,,,,,,,,,"Frente a un problema que involucre información cuantitativa, plantea e implementa estrategias que lleven a soluciones adecuadas.",43.0,2025
SABER PRO - 2025,PROGRAMA_ACÁDEMICO,APRENDIZAJE_PRUEBA,670,1,2.0,ANDINA,1.0,ANTIOQUIA,1.0,MEDELLÍN,8908.0,UNIVERSIDAD PONTIFICIA BOLIVARIANA,8908.0,UNIVERSIDAD PONTIFICIA BOLIVARIANA-MEDELLIN,14.0,MEDICINA,,,2481.0,MEDICINA,COMPETENCIAS CIUDADANAS,1.0,,,,,,,,,,Reconoce la existencia de diferentes perspectivas en situaciones en donde interactúan diferentes partes.,29.0,2025
SABER PRO - 2025,PROGRAMA_ACÁDEMICO,APRENDIZAJE_PRUEBA,453,1,2.0,ANDINA,1.0,ANTIOQUIA,1.0,MEDELLÍN,8908.0,UNIVERSIDAD PONTIFICIA BOLIVARIANA,8908.0,UNIVERSIDAD PONTIFICIA BOLIVARIANA-MEDELLIN,14.0,MEDICINA,,,2481.0,MEDICINA,COMPETENCIAS CIUDADANAS,1.0,,,,,,,,,,Conoce la organización del Estado de acuerdo con la Constitución.,33.0,2025
SABER PRO - 2025,PROGRAMA_ACÁDEMICO,APRENDIZAJE_PRUEBA,689,1,2.0,ANDINA,1.0,ANTIOQUIA,1.0,MEDELLÍN,8908.0,UNIVERSIDAD PONTIFICIA BOLIVARIANA,8908.0,UNIVERSIDAD PONTIFICIA BOLIVARIANA-MEDELLIN,14.0,MEDICINA,,,2481.0,MEDICINA,COMPETENCIAS CIUDADANAS,1.0,,,,,,,,,,Analiza las diferentes perspectivas presentes en situaciones en donde interactúan diferentes partes.,33.0,2025
SABER PRO - 2025,PROGRAMA_ACÁDEMICO,APRENDIZAJE_PRUEBA,507,1,2.0,ANDINA,1.0,ANTIOQUIA,1.0,MEDELLÍN,8910.0,FUNDACION UNIVERSITARIA AUTONOMA DE LAS AMERICAS,8910.0,INSTITUCIÓN UNIVERSITARIA VISIÓN DE LAS AMÉRICAS-MEDELLIN,14.0,MEDICINA,,,6672.0,MEDICINA,COMPETENCIAS CIUDADANAS,1.0,,,,,,,,,,Analiza las diferentes perspectivas presentes en situaciones en donde interactúan diferentes partes.,52.0,2025
SABER PRO - 2025,PROGRAMA_ACÁDEMICO,APRENDIZAJE_PRUEBA,1050,1,2.0,ANDINA,1.0,ANTIOQUIA,1.0,MEDELLÍN,8910.0,FUNDACION UNIVERSITARIA AUTONOMA DE LAS AMERICAS,8910.0,INSTITUCIÓN UNIVERSITARIA VISIÓN DE LAS AMÉRICAS-MEDELLIN,14.0,MEDICINA,,,6672.0,MEDICINA,PROMOCIÓN DE LA SALUD Y PREVENCIÓN DE LA ENFERMEDAD,34.0,,,,,,,,,,"Integra los conceptos básicos de promoción de la salud que le permiten priorizar acciones por seguir, de acuerdo con las condiciones de salud de las poblaciones.",55.0,2025
SABER PRO - 2025,PROGRAMA_ACÁDEMICO,APRENDIZAJE_PRUEBA,40,1,2.0,ANDINA,1.0,ANTIOQUIA,1.0,MEDELLÍN,8910.0,FUNDACION UNIVERSITARIA AUTONOMA DE LAS AMERICAS,8910.0,INSTITUCIÓN UNIVERSITARIA VISIÓN DE LAS AMÉRICAS-MEDELLIN,8.0,CIENCIAS AGROPECUARIAS ,,,9476.0,MEDICINA VETERINARIA Y ZOOTECNIA,PRODUCCIÓN PECUARIA,34.0,,,,,,,,,,Conocer los principios de la nutrición y la alimentación para las diferentes especies de interés zootécnico y comprender y desarrollar sistemas de alimentación en contexto con la particularidad de los nichos productivos.,75.0,2025
SABER PRO - 2025,PROGRAMA_ACÁDEMICO,APRENDIZAJE_PRUEBA,1260,1,2.0,ANDINA,1.0,ANTIOQUIA,1.0,MEDELLÍN,8910.0,FUNDACION UNIVERSITARIA AUTONOMA DE LAS AMERICAS,8910.0,INSTITUCIÓN UNIVERSITARIA VISIÓN DE LAS AMÉRICAS-MEDELLIN,14.0,MEDICINA,,,6672.0,MEDICINA,ATENCIÓN EN SALUD,34.0,,,,,,,,,,"Analiza los determinantes personales, sociales, económicos y ambientales que influyen en el estado de salud del individuo, la familia y la comunidad, para la priorización de acciones a seguir.",51.0,2025
SABER PRO - 2025,PROGRAMA_ACÁDEMICO,APRENDIZAJE_PRUEBA,2415,1,2.0,ANDINA,1.0,ANTIOQUIA,1.0,MEDELLÍN,8910.0,FUNDACION UNIVERSITARIA AUTONOMA DE LAS AMERICAS,8910.0,INSTITUCIÓN UNIVERSITARIA VISIÓN DE LAS AMÉRICAS-MEDELLIN,14.0,MEDICINA,,,6672.0,MEDICINA,FUNDAMENTACIÓN EN DIAGNÓSTICO Y TRATAMIENTO MÉDICOS,34.0,,,,,,,,,,"Propone un plan de tratamiento de acuerdo con la situación del paciente, a partir de casos clínicos de común ocurrencia en la práctica de los médicos generales.",55.0,2025
SABER PRO - 2025,PROGRAMA_ACÁDEMICO,APRENDIZAJE_PRUEBA,210,1,2.0,ANDINA,1.0,ANTIOQUIA,1.0,MEDELLÍN,8910.0,FUNDACION UNIVERSITARIA AUTONOMA DE LAS AMERICAS,8910.0,INSTITUCIÓN UNIVERSITARIA VISIÓN DE LAS AMÉRICAS-MEDELLIN,8.0,CIENCIAS AGROPECUARIAS ,,,3319.0,MEDICINA VETERINARIA Y ZOOTECNIA,COMPETENCIAS CIUDADANAS,1.0,,,,,,,,,,Conoce los derechos y deberes que la Constitución consagra.,56.0,2025
SABER PRO - 2025,PROGRAMA_ACÁDEMICO,APRENDIZAJE_PRUEBA,300,1,2.0,ANDINA,1.0,ANTIOQUIA,1.0,MEDELLÍN,8910.0,FUNDACION UNIVERSITARIA AUTONOMA DE LAS AMERICAS,8910.0,INSTITUCIÓN UNIVERSITARIA VISIÓN DE LAS AMÉRICAS-MEDELLIN,8.0,CIENCIAS AGROPECUARIAS ,,,9476.0,MEDICINA VETERINARIA Y ZOOTECNIA,COMPETENCIAS CIUDADANAS,1.0,,,,,,,,,,Analiza y evalúa la pertinencia y solidez de enunciados-discursos.,49.0,2025
SABER PRO - 2025,PROGRAMA_ACÁDEMICO,APRENDIZAJE_PRUEBA,840,1,2.0,ANDINA,1.0,ANTIOQUIA,1.0,MEDELLÍN,8910.0,FUNDACION UNIVERSITARIA AUTONOMA DE LAS AMERICAS,8910.0,INSTITUCIÓN UNIVERSITARIA VISIÓN DE LAS AMÉRICAS-MEDELLIN,14.0,MEDICINA,,,6672.0,MEDICINA,ATENCIÓN EN SALUD,34.0,,,,,,,,,,"Integra el proceso de sistematización de la información, relacionada con la salud del individuo, la familia y la comunidad en la priorización de acciones. ",53.0,2025
SABER PRO - 2025,PROGRAMA_ACÁDEMICO,APRENDIZAJE_PRUEBA,456,1,2.0,ANDINA,1.0,ANTIOQUIA,1.0,MEDELLÍN,8910.0,FUNDACION UNIVERSITARIA AUTONOMA DE LAS AMERICAS,8910.0,INSTITUCIÓN UNIVERSITARIA VISIÓN DE LAS AMÉRICAS-MEDELLIN,14.0,MEDICINA,,,6672.0,MEDICINA,COMPETENCIAS CIUDADANAS,1.0,,,,,,,,,,Reconoce la existencia de diferentes perspectivas en situaciones en donde interactúan diferentes partes.,46.0,2025
SABER PRO - 2025,PROGRAMA_ACÁDEMICO,APRENDIZAJE_PRUEBA,381,1,2.0,ANDINA,1.0,ANTIOQUIA,1.0,MEDELLÍN,8910.0,FUNDACION UNIVERSITARIA AUTONOMA DE LAS AMERICAS,8910.0,INSTITUCIÓN UNIVERSITARIA VISIÓN DE LAS AMÉRICAS-MEDELLIN,8.0,CIENCIAS AGROPECUARIAS ,,,9476.0,MEDICINA VETERINARIA Y ZOOTECNIA,LECTURA CRÍTICA,1.0,,,,,,,,,,Identifica y entiende los contenidos locales que conforman un texto. ,36.0,2025
SABER PRO - 2025,PROGRAMA_ACÁDEMICO,APRENDIZAJE_PRUEBA,775,1,2.0,ANDINA,1.0,ANTIOQUIA,1.0,MEDELLÍN,8910.0,FUNDACION UNIVERSITARIA AUTONOMA DE LAS AMERICAS,8910.0,INSTITUCIÓN UNIVERSITARIA VISIÓN DE LAS AMÉRICAS-MEDELLIN,14.0,MEDICINA,,,6672.0,MEDICINA,LECTURA CRÍTICA,1.0,,,,,,,,,,Identifica y entiende los contenidos locales que conforman un texto. ,29.0,2025
SABER PRO - 2025,PROGRAMA_ACÁDEMICO,APRENDIZAJE_PRUEBA,840,1,2.0,ANDINA,1.0,ANTIOQUIA,1.0,MEDELLÍN,8910.0,FUNDACION UNIVERSITARIA AUTONOMA DE LAS AMERICAS,8910.0,INSTITUCIÓN UNIVERSITARIA VISIÓN DE LAS AMÉRICAS-MEDELLIN,14.0,MEDICINA,,,6672.0,MEDICINA,ATENCIÓN EN SALUD,34.0,,,,,,,,,,"Reconoce la política y la normatividad nacional y los acuerdos internacionales suscritos por el Estado colombiano, relacionados con salud pública y los aplica en situaciones concretas que afectan la salud del individuo, la familia y la comunidad.",50.0,2025
SABER PRO - 2025,PROGRAMA_ACÁDEMICO,APRENDIZAJE_PRUEBA,515,1,2.0,ANDINA,1.0,ANTIOQUIA,1.0,MEDELLÍN,8910.0,FUNDACION UNIVERSITARIA AUTONOMA DE LAS AMERICAS,8910.0,INSTITUCIÓN UNIVERSITARIA VISIÓN DE LAS AMÉRICAS-MEDELLIN,8.0,CIENCIAS AGROPECUARIAS ,,,9476.0,MEDICINA VETERINARIA Y ZOOTECNIA,RAZONAMIENTO CUANTITATIVO,1.0,,,,,,,,,,Valida procedimientos y  estrategias matemáticas utilizadas para dar solución a problemas.,53.0,2025
SABER PRO - 2025,PROGRAMA_ACÁDEMICO,APRENDIZAJE_PRUEBA,912,1,2.0,ANDINA,1.0,ANTIOQUIA,1.0,MEDELLÍN,8910.0,FUNDACION UNIVERSITARIA AUTONOMA DE LAS AMERICAS,8910.0,INSTITUCIÓN UNIVERSITARIA VISIÓN DE LAS AMÉRICAS-MEDELLIN,8.0,CIENCIAS AGROPECUARIAS ,,,3319.0,MEDICINA VETERINARIA Y ZOOTECNIA,LECTURA CRÍTICA,1.0,,,,,,,,,,Comprende cómo se articulan las partes de un texto para darle un sentido global.,51.0,2025
SABER PRO - 2025,PROGRAMA_ACÁDEMICO,APRENDIZAJE_PRUEBA,225,1,2.0,ANDINA,1.0,ANTIOQUIA,1.0,MEDELLÍN,8910.0,FUNDACION UNIVERSITARIA AUTONOMA DE LAS AMERICAS,8910.0,INSTITUCIÓN UNIVERSITARIA VISIÓN DE LAS AMÉRICAS-MEDELLIN,8.0,CIENCIAS AGROPECUARIAS ,,,9476.0,MEDICINA VETERINARIA Y ZOOTECNIA,COMPETENCIAS CIUDADANAS,1.0,,,,,,,,,,Analiza las diferentes perspectivas presentes en situaciones en donde interactúan diferentes partes.,54.0,2025
SABER PRO - 2025,PROGRAMA_ACÁDEMICO,APRENDIZAJE_PRUEBA,328,1,2.0,ANDINA,1.0,ANTIOQUIA,1.0,MEDELLÍN,8910.0,FUNDACION UNIVERSITARIA AUTONOMA DE LAS AMERICAS,8910.0,INSTITUCIÓN UNIVERSITARIA VISIÓN DE LAS AMÉRICAS-MEDELLIN,8.0,CIENCIAS AGROPECUARIAS ,,,3319.0,MEDICINA VETERINARIA Y ZOOTECNIA,PRODUCCIÓN PECUARIA,34.0,,,,,,,,,,"Comprender los efectos de los factores ecofisiológicos sobre los diferentes elementos constitutivos de los sistemas integrados de producción animal, en forma aislada, conjunta y en interacción.",57.0,2025
SABER PRO - 2025,PROGRAMA_ACÁDEMICO,APRENDIZAJE_PRUEBA,328,1,2.0,ANDINA,1.0,ANTIOQUIA,1.0,MEDELLÍN,8910.0,FUNDACION UNIVERSITARIA AUTONOMA DE LAS AMERICAS,8910.0,INSTITUCIÓN UNIVERSITARIA VISIÓN DE LAS AMÉRICAS-MEDELLIN,8.0,CIENCIAS AGROPECUARIAS ,,,3319.0,MEDICINA VETERINARIA Y ZOOTECNIA,PRODUCCIÓN PECUARIA,34.0,,,,,,,,,,"Diseñar, implementar y/o validar los sistemas de producción pecuaria para lograr productos de calidad, inocuos y trazables, provenientes de animales en condiciones de bienestar. ",59.0,2025
SABER PRO - 2025,PROGRAMA_ACÁDEMICO,APRENDIZAJE_PRUEBA,3465,1,2.0,ANDINA,1.0,ANTIOQUIA,1.0,MEDELLÍN,8910.0,FUNDACION UNIVERSITARIA AUTONOMA DE LAS AMERICAS,8910.0,INSTITUCIÓN UNIVERSITARIA VISIÓN DE LAS AMÉRICAS-MEDELLIN,14.0,MEDICINA,,,6672.0,MEDICINA,FUNDAMENTACIÓN EN DIAGNÓSTICO Y TRATAMIENTO MÉDICOS,34.0,,,,,,,,,,"Determina la situación de salud o enfermedad de niños, jóvenes y adultos (hombres y mujeres), a partir de casos clínicos de común ocurrencia en la práctica de los médicos generales.",55.0,2025
SABER PRO - 2025,PROGRAMA_ACÁDEMICO,APRENDIZAJE_PRUEBA,350,1,2.0,ANDINA,1.0,ANTIOQUIA,1.0,MEDELLÍN,8910.0,FUNDACION UNIVERSITARIA AUTONOMA DE LAS AMERICAS,8910.0,INSTITUCIÓN UNIVERSITARIA VISIÓN DE LAS AMÉRICAS-MEDELLIN,8.0,CIENCIAS AGROPECUARIAS ,,,3319.0,MEDICINA VETERINARIA Y ZOOTECNIA,COMPETENCIAS CIUDADANAS,1.0,,,,,,,,,,Analiza las diferentes perspectivas presentes en situaciones en donde interactúan diferentes partes.,53.0,2025
SABER PRO - 2025,PROGRAMA_ACÁDEMICO,APRENDIZAJE_PRUEBA,205,1,2.0,ANDINA,1.0,ANTIOQUIA,1.0,MEDELLÍN,8910.0,FUNDACION UNIVERSITARIA AUTONOMA DE LAS AMERICAS,8910.0,INSTITUCIÓN UNIVERSITARIA VISIÓN DE LAS AMÉRICAS-MEDELLIN,8.0,CIENCIAS AGROPECUARIAS ,,,3319.0,MEDICINA VETERINARIA Y ZOOTECNIA,PRODUCCIÓN PECUARIA,34.0,,,,,,,,,,Conocer los principios de la nutrición y la alimentación para las diferentes especies de interés zootécnico y comprender y desarrollar sistemas de alimentación en contexto con la particularidad de los nichos productivos.,55.0,2025
SABER PRO - 2025,PROGRAMA_ACÁDEMICO,APRENDIZAJE_PRUEBA,733,1,2.0,ANDINA,1.0,ANTIOQUIA,1.0,MEDELLÍN,8910.0,FUNDACION UNIVERSITARIA AUTONOMA DE LAS AMERICAS,8910.0,INSTITUCIÓN UNIVERSITARIA VISIÓN DE LAS AMÉRICAS-MEDELLIN,8.0,CIENCIAS AGROPECUARIAS ,,,3319.0,MEDICINA VETERINARIA Y ZOOTECNIA,RAZONAMIENTO CUANTITATIVO,1.0,,,,,,,,,,Comprende y transforma la información cuantitativa y esquemática presentada en distintos formatos ,41.0,2025
SABER PRO - 2025,PROGRAMA_ACÁDEMICO,APRENDIZAJE_PRUEBA,123,1,2.0,ANDINA,1.0,ANTIOQUIA,1.0,MEDELLÍN,8910.0,FUNDACION UNIVERSITARIA AUTONOMA DE LAS AMERICAS,8910.0,INSTITUCIÓN UNIVERSITARIA VISIÓN DE LAS AMÉRICAS-MEDELLIN,8.0,CIENCIAS AGROPECUARIAS ,,,3319.0,MEDICINA VETERINARIA Y ZOOTECNIA,PRODUCCIÓN PECUARIA,34.0,,,,,,,,,,"Comprender  los aspectos  y condiciones administrativas y socio económicas de los sistemas de producción animal, para el análisis, diseño,  formulación y aplicación de propuestas de gestión de la tecnología, mediante el análisis de los factores internos y externos de la empresa pecuaria para generar viabilidad técnica, administrativa y financiera. ",53.0,2025
SABER PRO - 2025,PROGRAMA_ACÁDEMICO,APRENDIZAJE_PRUEBA,24,1,2.0,ANDINA,1.0,ANTIOQUIA,1.0,MEDELLÍN,8910.0,FUNDACION UNIVERSITARIA AUTONOMA DE LAS AMERICAS,8910.0,INSTITUCIÓN UNIVERSITARIA VISIÓN DE LAS AMÉRICAS-MEDELLIN,8.0,CIENCIAS AGROPECUARIAS ,,,9476.0,MEDICINA VETERINARIA Y ZOOTECNIA,PRODUCCIÓN PECUARIA,34.0,,,,,,,,,,"Comprender  los aspectos  y condiciones administrativas y socio económicas de los sistemas de producción animal, para el análisis, diseño,  formulación y aplicación de propuestas de gestión de la tecnología, mediante el análisis de los factores internos y externos de la empresa pecuaria para generar viabilidad técnica, administrativa y financiera. ",50.0,2025
SABER PRO - 2025,PROGRAMA_ACÁDEMICO,APRENDIZAJE_PRUEBA,505,1,2.0,ANDINA,1.0,ANTIOQUIA,1.0,MEDELLÍN,8910.0,FUNDACION UNIVERSITARIA AUTONOMA DE LAS AMERICAS,8910.0,INSTITUCIÓN UNIVERSITARIA VISIÓN DE LAS AMÉRICAS-MEDELLIN,8.0,CIENCIAS AGROPECUARIAS ,,,9476.0,MEDICINA VETERINARIA Y ZOOTECNIA,RAZONAMIENTO CUANTITATIVO,1.0,,,,,,,,,,"Frente a un problema que involucre información cuantitativa, plantea e implementa estrategias que lleven a soluciones adecuadas.",54.0,2025
SABER PRO - 2025,PROGRAMA_ACÁDEMICO,APRENDIZAJE_PRUEBA,321,1,2.0,ANDINA,1.0,ANTIOQUIA,1.0,MEDELLÍN,8910.0,FUNDACION UNIVERSITARIA AUTONOMA DE LAS AMERICAS,8910.0,INSTITUCIÓN UNIVERSITARIA VISIÓN DE LAS AMÉRICAS-MEDELLIN,14.0,MEDICINA,,,6672.0,MEDICINA,COMPETENCIAS CIUDADANAS,1.0,,,,,,,,,,Comprende qué es la Constitución Política de Colombia y sus principios fundamentales.,51.0,2025
SABER PRO - 2025,PROGRAMA_ACÁDEMICO,APRENDIZAJE_PRUEBA,321,1,2.0,ANDINA,1.0,ANTIOQUIA,1.0,MEDELLÍN,8910.0,FUNDACION UNIVERSITARIA AUTONOMA DE LAS AMERICAS,8910.0,INSTITUCIÓN UNIVERSITARIA VISIÓN DE LAS AMÉRICAS-MEDELLIN,14.0,MEDICINA,,,6672.0,MEDICINA,COMPETENCIAS CIUDADANAS,1.0,,,,,,,,,,Conoce la organización del Estado de acuerdo con la Constitución.,43.0,2025
SABER PRO - 2025,PROGRAMA_ACÁDEMICO,APRENDIZAJE_PRUEBA,480,1,2.0,ANDINA,1.0,ANTIOQUIA,1.0,MEDELLÍN,8910.0,FUNDACION UNIVERSITARIA AUTONOMA DE LAS AMERICAS,8910.0,INSTITUCIÓN UNIVERSITARIA VISIÓN DE LAS AMÉRICAS-MEDELLIN,8.0,CIENCIAS AGROPECUARIAS ,,,9476.0,MEDICINA VETERINARIA Y ZOOTECNIA,RAZONAMIENTO CUANTITATIVO,1.0,,,,,,,,,,Comprende y transforma la información cuantitativa y esquemática presentada en distintos formatos ,44.0,2025
SABER PRO - 2025,PROGRAMA_ACÁDEMICO,APRENDIZAJE_PRUEBA,2520,1,2.0,ANDINA,1.0,ANTIOQUIA,1.0,MEDELLÍN,8910.0,FUNDACION UNIVERSITARIA AUTONOMA DE LAS AMERICAS,8910.0,INSTITUCIÓN UNIVERSITARIA VISIÓN DE LAS AMÉRICAS-MEDELLIN,14.0,MEDICINA,,,6672.0,MEDICINA,PROMOCIÓN DE LA SALUD Y PREVENCIÓN DE LA ENFERMEDAD,34.0,,,,,,,,,,"Integra los conceptos básicos de prevención de la enfermedad, que le permita la priorización de las acciones  por seguir  de  acuerdo con las condiciones de salud de las poblaciones.",46.0,2025
SABER PRO - 2025,PROGRAMA_ACÁDEMICO,APRENDIZAJE_PRUEBA,770,1,2.0,ANDINA,1.0,ANTIOQUIA,1.0,MEDELLÍN,8910.0,FUNDACION UNIVERSITARIA AUTONOMA DE LAS AMERICAS,8910.0,INSTITUCIÓN UNIVERSITARIA VISIÓN DE LAS AMÉRICAS-MEDELLIN,8.0,CIENCIAS AGROPECUARIAS ,,,3319.0,MEDICINA VETERINARIA Y ZOOTECNIA,RAZONAMIENTO CUANTITATIVO,1.0,,,,,,,,,,"Frente a un problema que involucre información cuantitativa, plantea e implementa estrategias que lleven a soluciones adecuadas.",61.0,2025
SABER PRO - 2025,PROGRAMA_ACÁDEMICO,APRENDIZAJE_PRUEBA,228,1,2.0,ANDINA,1.0,ANTIOQUIA,1.0,MEDELLÍN,8910.0,FUNDACION UNIVERSITARIA AUTONOMA DE LAS AMERICAS,8910.0,INSTITUCIÓN UNIVERSITARIA VISIÓN DE LAS AMÉRICAS-MEDELLIN,8.0,CIENCIAS AGROPECUARIAS ,,,3319.0,MEDICINA VETERINARIA Y ZOOTECNIA,COMPETENCIAS CIUDADANAS,1.0,,,,,,,,,,Conoce la organización del Estado de acuerdo con la Constitución.,56.0,2025
SABER PRO - 2025,PROGRAMA_ACÁDEMICO,APRENDIZAJE_PRUEBA,334,1,2.0,ANDINA,1.0,ANTIOQUIA,1.0,MEDELLÍN,8910.0,FUNDACION UNIVERSITARIA AUTONOMA DE LAS AMERICAS,8910.0,INSTITUCIÓN UNIVERSITARIA VISIÓN DE LAS AMÉRICAS-MEDELLIN,8.0,CIENCIAS AGROPECUARIAS ,,,3319.0,MEDICINA VETERINARIA Y ZOOTECNIA,COMPETENCIAS CIUDADANAS,1.0,,,,,,,,,,Reconoce la existencia de diferentes perspectivas en situaciones en donde interactúan diferentes partes.,49.0,2025
SABER PRO - 2025,PROGRAMA_ACÁDEMICO,APRENDIZAJE_PRUEBA,300,1,2.0,ANDINA,1.0,ANTIOQUIA,1.0,MEDELLÍN,8910.0,FUNDACION UNIVERSITARIA AUTONOMA DE LAS AMERICAS,8910.0,INSTITUCIÓN UNIVERSITARIA VISIÓN DE LAS AMÉRICAS-MEDELLIN,8.0,CIENCIAS AGROPECUARIAS ,,,9476.0,MEDICINA VETERINARIA Y ZOOTECNIA,COMPETENCIAS CIUDADANAS,1.0,,,,,,,,,,Comprende que los problemas y sus soluciones involucran distintas dimensiones y reconoce relaciones entre estas. ,60.0,2025
SABER PRO - 2025,PROGRAMA_ACÁDEMICO,APRENDIZAJE_PRUEBA,600,1,2.0,ANDINA,1.0,ANTIOQUIA,1.0,MEDELLÍN,8910.0,FUNDACION UNIVERSITARIA AUTONOMA DE LAS AMERICAS,8910.0,INSTITUCIÓN UNIVERSITARIA VISIÓN DE LAS AMÉRICAS-MEDELLIN,8.0,CIENCIAS AGROPECUARIAS ,,,9476.0,MEDICINA VETERINARIA Y ZOOTECNIA,LECTURA CRÍTICA,1.0,,,,,,,,,,Comprende cómo se articulan las partes de un texto para darle un sentido global.,56.0,2025
SABER PRO - 2025,PROGRAMA_ACÁDEMICO,APRENDIZAJE_PRUEBA,150,1,2.0,ANDINA,1.0,ANTIOQUIA,1.0,MEDELLÍN,8910.0,FUNDACION UNIVERSITARIA AUTONOMA DE LAS AMERICAS,8910.0,INSTITUCIÓN UNIVERSITARIA VISIÓN DE LAS AMÉRICAS-MEDELLIN,8.0,CIENCIAS AGROPECUARIAS ,,,9476.0,MEDICINA VETERINARIA Y ZOOTECNIA,COMPETENCIAS CIUDADANAS,1.0,,,,,,,,,,Comprende qué es la Constitución Política de Colombia y sus principios fundamentales.,69.0,2025
SABER PRO - 2025,PROGRAMA_ACÁDEMICO,APRENDIZAJE_PRUEBA,1151,1,2.0,ANDINA,1.0,ANTIOQUIA,1.0,MEDELLÍN,8910.0,FUNDACION UNIVERSITARIA AUTONOMA DE LAS AMERICAS,8910.0,INSTITUCIÓN UNIVERSITARIA VISIÓN DE LAS AMÉRICAS-MEDELLIN,14.0,MEDICINA,,,6672.0,MEDICINA,RAZONAMIENTO CUANTITATIVO,1.0,,,,,,,,,,Valida procedimientos y  estrategias matemáticas utilizadas para dar solución a problemas.,55.0,2025
SABER PRO - 2025,PROGRAMA_ACÁDEMICO,APRENDIZAJE_PRUEBA,1284,1,2.0,ANDINA,1.0,ANTIOQUIA,1.0,MEDELLÍN,8910.0,FUNDACION UNIVERSITARIA AUTONOMA DE LAS AMERICAS,8910.0,INSTITUCIÓN UNIVERSITARIA VISIÓN DE LAS AMÉRICAS-MEDELLIN,14.0,MEDICINA,,,6672.0,MEDICINA,LECTURA CRÍTICA,1.0,,,,,,,,,,Comprende cómo se articulan las partes de un texto para darle un sentido global.,45.0,2025
SABER PRO - 2025,PROGRAMA_ACÁDEMICO,APRENDIZAJE_PRUEBA,144,1,2.0,ANDINA,1.0,ANTIOQUIA,1.0,MEDELLÍN,8910.0,FUNDACION UNIVERSITARIA AUTONOMA DE LAS AMERICAS,8910.0,INSTITUCIÓN UNIVERSITARIA VISIÓN DE LAS AMÉRICAS-MEDELLIN,8.0,CIENCIAS AGROPECUARIAS ,,,9476.0,MEDICINA VETERINARIA Y ZOOTECNIA,COMPETENCIAS CIUDADANAS,1.0,,,,,,,,,,Conoce los derechos y deberes que la Constitución consagra.,53.0,2025
SABER PRO - 2025,PROGRAMA_ACÁDEMICO,APRENDIZAJE_PRUEBA,225,1,2.0,ANDINA,1.0,ANTIOQUIA,1.0,MEDELLÍN,8910.0,FUNDACION UNIVERSITARIA AUTONOMA DE LAS AMERICAS,8910.0,INSTITUCIÓN UNIVERSITARIA VISIÓN DE LAS AMÉRICAS-MEDELLIN,8.0,CIENCIAS AGROPECUARIAS ,,,9476.0,MEDICINA VETERINARIA Y ZOOTECNIA,COMPETENCIAS CIUDADANAS,1.0,,,,,,,,,,Reconoce la existencia de diferentes perspectivas en situaciones en donde interactúan diferentes partes.,50.0,2025
SABER PRO - 2025,PROGRAMA_ACÁDEMICO,APRENDIZAJE_PRUEBA,64,1,2.0,ANDINA,1.0,ANTIOQUIA,1.0,MEDELLÍN,8910.0,FUNDACION UNIVERSITARIA AUTONOMA DE LAS AMERICAS,8910.0,INSTITUCIÓN UNIVERSITARIA VISIÓN DE LAS AMÉRICAS-MEDELLIN,8.0,CIENCIAS AGROPECUARIAS ,,,9476.0,MEDICINA VETERINARIA Y ZOOTECNIA,PRODUCCIÓN PECUARIA,34.0,,,,,,,,,,"Diseñar, implementar y/o validar los sistemas de producción pecuaria para lograr productos de calidad, inocuos y trazables, provenientes de animales en condiciones de bienestar. ",55.0,2025
SABER PRO - 2025,PROGRAMA_ACÁDEMICO,APRENDIZAJE_PRUEBA,64,1,2.0,ANDINA,1.0,ANTIOQUIA,1.0,MEDELLÍN,8910.0,FUNDACION UNIVERSITARIA AUTONOMA DE LAS AMERICAS,8910.0,INSTITUCIÓN UNIVERSITARIA VISIÓN DE LAS AMÉRICAS-MEDELLIN,8.0,CIENCIAS AGROPECUARIAS ,,,9476.0,MEDICINA VETERINARIA Y ZOOTECNIA,PRODUCCIÓN PECUARIA,34.0,,,,,,,,,,Comprender los principios genéticos y reproductivos para el  mejoramiento animal y la estructuración de los ciclos productivos.  ,55.0,2025
SABER PRO - 2025,PROGRAMA_ACÁDEMICO,APRENDIZAJE_PRUEBA,772,1,2.0,ANDINA,1.0,ANTIOQUIA,1.0,MEDELLÍN,8910.0,FUNDACION UNIVERSITARIA AUTONOMA DE LAS AMERICAS,8910.0,INSTITUCIÓN UNIVERSITARIA VISIÓN DE LAS AMÉRICAS-MEDELLIN,8.0,CIENCIAS AGROPECUARIAS ,,,3319.0,MEDICINA VETERINARIA Y ZOOTECNIA,LECTURA CRÍTICA,1.0,,,,,,,,,,Reflexiona a partir de un texto y evalúa su contenido.,45.0,2025
SABER PRO - 2025,PROGRAMA_ACÁDEMICO,APRENDIZAJE_PRUEBA,64,1,2.0,ANDINA,1.0,ANTIOQUIA,1.0,MEDELLÍN,8910.0,FUNDACION UNIVERSITARIA AUTONOMA DE LAS AMERICAS,8910.0,INSTITUCIÓN UNIVERSITARIA VISIÓN DE LAS AMÉRICAS-MEDELLIN,8.0,CIENCIAS AGROPECUARIAS ,,,9476.0,MEDICINA VETERINARIA Y ZOOTECNIA,PRODUCCIÓN PECUARIA,34.0,,,,,,,,,,"Comprender los efectos de los factores ecofisiológicos sobre los diferentes elementos constitutivos de los sistemas integrados de producción animal, en forma aislada, conjunta y en interacción.",50.0,2025
SABER PRO - 2025,PROGRAMA_ACÁDEMICO,APRENDIZAJE_PRUEBA,32,1,2.0,ANDINA,1.0,ANTIOQUIA,1.0,MEDELLÍN,8910.0,FUNDACION UNIVERSITARIA AUTONOMA DE LAS AMERICAS,8910.0,INSTITUCIÓN UNIVERSITARIA VISIÓN DE LAS AMÉRICAS-MEDELLIN,8.0,CIENCIAS AGROPECUARIAS ,,,9476.0,MEDICINA VETERINARIA Y ZOOTECNIA,PRODUCCIÓN PECUARIA,34.0,,,,,,,,,,"Entender los sistemas de producción pecuaria locales en los contextos socio-económicos globales, y regionales para su proyección en un ambiente de gestión tecnológica como base para el desarrollo de la sociedad",53.0,2025
SABER PRO - 2025,PROGRAMA_ACÁDEMICO,APRENDIZAJE_PRUEBA,777,1,2.0,ANDINA,1.0,ANTIOQUIA,1.0,MEDELLÍN,8910.0,FUNDACION UNIVERSITARIA AUTONOMA DE LAS AMERICAS,8910.0,INSTITUCIÓN UNIVERSITARIA VISIÓN DE LAS AMÉRICAS-MEDELLIN,8.0,CIENCIAS AGROPECUARIAS ,,,3319.0,MEDICINA VETERINARIA Y ZOOTECNIA,RAZONAMIENTO CUANTITATIVO,1.0,,,,,,,,,,Valida procedimientos y  estrategias matemáticas utilizadas para dar solución a problemas.,56.0,2025
SABER PRO - 2025,PROGRAMA_ACÁDEMICO,APRENDIZAJE_PRUEBA,228,1,2.0,ANDINA,1.0,ANTIOQUIA,1.0,MEDELLÍN,8910.0,FUNDACION UNIVERSITARIA AUTONOMA DE LAS AMERICAS,8910.0,INSTITUCIÓN UNIVERSITARIA VISIÓN DE LAS AMÉRICAS-MEDELLIN,8.0,CIENCIAS AGROPECUARIAS ,,,3319.0,MEDICINA VETERINARIA Y ZOOTECNIA,COMPETENCIAS CIUDADANAS,1.0,,,,,,,,,,Comprende qué es la Constitución Política de Colombia y sus principios fundamentales.,63.0,2025
SABER PRO - 2025,PROGRAMA_ACÁDEMICO,APRENDIZAJE_PRUEBA,164,1,2.0,ANDINA,1.0,ANTIOQUIA,1.0,MEDELLÍN,8910.0,FUNDACION UNIVERSITARIA AUTONOMA DE LAS AMERICAS,8910.0,INSTITUCIÓN UNIVERSITARIA VISIÓN DE LAS AMÉRICAS-MEDELLIN,8.0,CIENCIAS AGROPECUARIAS ,,,3319.0,MEDICINA VETERINARIA Y ZOOTECNIA,PRODUCCIÓN PECUARIA,34.0,,,,,,,,,,"Entender los sistemas de producción pecuaria locales en los contextos socio-económicos globales, y regionales para su proyección en un ambiente de gestión tecnológica como base para el desarrollo de la sociedad",45.0,2025
SABER PRO - 2025,PROGRAMA_ACÁDEMICO,APRENDIZAJE_PRUEBA,642,1,2.0,ANDINA,1.0,ANTIOQUIA,1.0,MEDELLÍN,8910.0,FUNDACION UNIVERSITARIA AUTONOMA DE LAS AMERICAS,8910.0,INSTITUCIÓN UNIVERSITARIA VISIÓN DE LAS AMÉRICAS-MEDELLIN,14.0,MEDICINA,,,6672.0,MEDICINA,COMPETENCIAS CIUDADANAS,1.0,,,,,,,,,,Comprende que los problemas y sus soluciones involucran distintas dimensiones y reconoce relaciones entre estas. ,43.0,2025
SABER PRO - 2025,PROGRAMA_ACÁDEMICO,APRENDIZAJE_PRUEBA,456,1,2.0,ANDINA,1.0,ANTIOQUIA,1.0,MEDELLÍN,8910.0,FUNDACION UNIVERSITARIA AUTONOMA DE LAS AMERICAS,8910.0,INSTITUCIÓN UNIVERSITARIA VISIÓN DE LAS AMÉRICAS-MEDELLIN,8.0,CIENCIAS AGROPECUARIAS ,,,3319.0,MEDICINA VETERINARIA Y ZOOTECNIA,COMPETENCIAS CIUDADANAS,1.0,,,,,,,,,,Comprende que los problemas y sus soluciones involucran distintas dimensiones y reconoce relaciones entre estas. ,50.0,2025
SABER PRO - 2025,PROGRAMA_ACÁDEMICO,APRENDIZAJE_PRUEBA,150,1,2.0,ANDINA,1.0,ANTIOQUIA,1.0,MEDELLÍN,8910.0,FUNDACION UNIVERSITARIA AUTONOMA DE LAS AMERICAS,8910.0,INSTITUCIÓN UNIVERSITARIA VISIÓN DE LAS AMÉRICAS-MEDELLIN,8.0,CIENCIAS AGROPECUARIAS ,,,9476.0,MEDICINA VETERINARIA Y ZOOTECNIA,COMPETENCIAS CIUDADANAS,1.0,,,,,,,,,,Conoce la organización del Estado de acuerdo con la Constitución.,59.0,2025
SABER PRO - 2025,PROGRAMA_ACÁDEMICO,APRENDIZAJE_PRUEBA,519,1,2.0,ANDINA,1.0,ANTIOQUIA,1.0,MEDELLÍN,8910.0,FUNDACION UNIVERSITARIA AUTONOMA DE LAS AMERICAS,8910.0,INSTITUCIÓN UNIVERSITARIA VISIÓN DE LAS AMÉRICAS-MEDELLIN,8.0,CIENCIAS AGROPECUARIAS ,,,9476.0,MEDICINA VETERINARIA Y ZOOTECNIA,LECTURA CRÍTICA,1.0,,,,,,,,,,Reflexiona a partir de un texto y evalúa su contenido.,50.0,2025
SABER PRO - 2025,PROGRAMA_ACÁDEMICO,APRENDIZAJE_PRUEBA,1151,1,2.0,ANDINA,1.0,ANTIOQUIA,1.0,MEDELLÍN,8910.0,FUNDACION UNIVERSITARIA AUTONOMA DE LAS AMERICAS,8910.0,INSTITUCIÓN UNIVERSITARIA VISIÓN DE LAS AMÉRICAS-MEDELLIN,14.0,MEDICINA,,,6672.0,MEDICINA,LECTURA CRÍTICA,1.0,,,,,,,,,,Reflexiona a partir de un texto y evalúa su contenido.,46.0,2025
SABER PRO - 2025,PROGRAMA_ACÁDEMICO,APRENDIZAJE_PRUEBA,642,1,2.0,ANDINA,1.0,ANTIOQUIA,1.0,MEDELLÍN,8910.0,FUNDACION UNIVERSITARIA AUTONOMA DE LAS AMERICAS,8910.0,INSTITUCIÓN UNIVERSITARIA VISIÓN DE LAS AMÉRICAS-MEDELLIN,14.0,MEDICINA,,,6672.0,MEDICINA,COMPETENCIAS CIUDADANAS,1.0,,,,,,,,,,Analiza y evalúa la pertinencia y solidez de enunciados-discursos.,52.0,2025
SABER PRO - 2025,PROGRAMA_ACÁDEMICO,APRENDIZAJE_PRUEBA,1260,1,2.0,ANDINA,1.0,ANTIOQUIA,1.0,MEDELLÍN,8910.0,FUNDACION UNIVERSITARIA AUTONOMA DE LAS AMERICAS,8910.0,INSTITUCIÓN UNIVERSITARIA VISIÓN DE LAS AMÉRICAS-MEDELLIN,14.0,MEDICINA,,,6672.0,MEDICINA,ATENCIÓN EN SALUD,34.0,,,,,,,,,,"Propone acciones de diagnóstico, ejecución y evaluación en el marco de políticas y lineamientos en salud vigentes.",52.0,2025
SABER PRO - 2025,PROGRAMA_ACÁDEMICO,APRENDIZAJE_PRUEBA,596,1,2.0,ANDINA,1.0,ANTIOQUIA,1.0,MEDELLÍN,8910.0,FUNDACION UNIVERSITARIA AUTONOMA DE LAS AMERICAS,8910.0,INSTITUCIÓN UNIVERSITARIA VISIÓN DE LAS AMÉRICAS-MEDELLIN,8.0,CIENCIAS AGROPECUARIAS ,,,3319.0,MEDICINA VETERINARIA Y ZOOTECNIA,LECTURA CRÍTICA,1.0,,,,,,,,,,Identifica y entiende los contenidos locales que conforman un texto. ,29.0,2025
SABER PRO - 2025,PROGRAMA_ACÁDEMICO,APRENDIZAJE_PRUEBA,456,1,2.0,ANDINA,1.0,ANTIOQUIA,1.0,MEDELLÍN,8910.0,FUNDACION UNIVERSITARIA AUTONOMA DE LAS AMERICAS,8910.0,INSTITUCIÓN UNIVERSITARIA VISIÓN DE LAS AMÉRICAS-MEDELLIN,8.0,CIENCIAS AGROPECUARIAS ,,,3319.0,MEDICINA VETERINARIA Y ZOOTECNIA,COMPETENCIAS CIUDADANAS,1.0,,,,,,,,,,Analiza y evalúa la pertinencia y solidez de enunciados-discursos.,55.0,2025
SABER PRO - 2025,PROGRAMA_ACÁDEMICO,APRENDIZAJE_PRUEBA,989,1,2.0,ANDINA,1.0,ANTIOQUIA,1.0,MEDELLÍN,8910.0,FUNDACION UNIVERSITARIA AUTONOMA DE LAS AMERICAS,8910.0,INSTITUCIÓN UNIVERSITARIA VISIÓN DE LAS AMÉRICAS-MEDELLIN,14.0,MEDICINA,,,6672.0,MEDICINA,RAZONAMIENTO CUANTITATIVO,1.0,,,,,,,,,,"Frente a un problema que involucre información cuantitativa, plantea e implementa estrategias que lleven a soluciones adecuadas.",60.0,2025
SABER PRO - 2025,PROGRAMA_ACÁDEMICO,APRENDIZAJE_PRUEBA,1070,1,2.0,ANDINA,1.0,ANTIOQUIA,1.0,MEDELLÍN,8910.0,FUNDACION UNIVERSITARIA AUTONOMA DE LAS AMERICAS,8910.0,INSTITUCIÓN UNIVERSITARIA VISIÓN DE LAS AMÉRICAS-MEDELLIN,14.0,MEDICINA,,,6672.0,MEDICINA,RAZONAMIENTO CUANTITATIVO,1.0,,,,,,,,,,Comprende y transforma la información cuantitativa y esquemática presentada en distintos formatos ,39.0,2025
SABER PRO - 2025,PROGRAMA_ACÁDEMICO,APRENDIZAJE_PRUEBA,243,1,2.0,ANDINA,1.0,ANTIOQUIA,1.0,MEDELLÍN,8910.0,FUNDACION UNIVERSITARIA AUTONOMA DE LAS AMERICAS,8910.0,INSTITUCIÓN UNIVERSITARIA VISIÓN DE LAS AMÉRICAS-MEDELLIN,14.0,MEDICINA,,,6672.0,MEDICINA,COMPETENCIAS CIUDADANAS,1.0,,,,,,,,,,Conoce los derechos y deberes que la Constitución consagra.,47.0,2025
SABER PRO - 2025,PROGRAMA_ACÁDEMICO,APRENDIZAJE_PRUEBA,328,1,2.0,ANDINA,1.0,ANTIOQUIA,1.0,MEDELLÍN,8910.0,FUNDACION UNIVERSITARIA AUTONOMA DE LAS AMERICAS,8910.0,INSTITUCIÓN UNIVERSITARIA VISIÓN DE LAS AMÉRICAS-MEDELLIN,8.0,CIENCIAS AGROPECUARIAS ,,,3319.0,MEDICINA VETERINARIA Y ZOOTECNIA,PRODUCCIÓN PECUARIA,34.0,,,,,,,,,,Comprender los principios genéticos y reproductivos para el  mejoramiento animal y la estructuración de los ciclos productivos.  ,68.0,2025
SABER PRO - 2025,PROGRAMA_ACÁDEMICO,APRENDIZAJE_PRUEBA,1931,1,2.0,ANDINA,1.0,ANTIOQUIA,1.0,MEDELLÍN,8914.0,UNIVERSIDAD CES,8914.0,UNIVERSIDAD CES-MEDELLIN,8.0,CIENCIAS AGROPECUARIAS ,,,2170.0,MEDICINA VETERINARIA Y ZOOTECNIA,RAZONAMIENTO CUANTITATIVO,1.0,,,,,,,,,,"Frente a un problema que involucre información cuantitativa, plantea e implementa estrategias que lleven a soluciones adecuadas.",47.0,2025
SABER PRO - 2025,PROGRAMA_ACÁDEMICO,APRENDIZAJE_PRUEBA,1248,1,2.0,ANDINA,1.0,ANTIOQUIA,1.0,MEDELLÍN,8914.0,UNIVERSIDAD CES,8914.0,UNIVERSIDAD CES-MEDELLIN,14.0,MEDICINA,,,6512.0,MEDICINA,LECTURA CRÍTICA,1.0,,,,,,,,,,Comprende cómo se articulan las partes de un texto para darle un sentido global.,27.0,2025
SABER PRO - 2025,PROGRAMA_ACÁDEMICO,APRENDIZAJE_PRUEBA,3234,1,2.0,ANDINA,1.0,ANTIOQUIA,1.0,MEDELLÍN,8914.0,UNIVERSIDAD CES,8914.0,UNIVERSIDAD CES-MEDELLIN,14.0,MEDICINA,,,6512.0,MEDICINA,FUNDAMENTACIÓN EN DIAGNÓSTICO Y TRATAMIENTO MÉDICOS,34.0,,,,,,,,,,"Determina la situación de salud o enfermedad de niños, jóvenes y adultos (hombres y mujeres), a partir de casos clínicos de común ocurrencia en la práctica de los médicos generales.",34.0,2025
SABER PRO - 2025,PROGRAMA_ACÁDEMICO,APRENDIZAJE_PRUEBA,1040,1,2.0,ANDINA,1.0,ANTIOQUIA,1.0,MEDELLÍN,8914.0,UNIVERSIDAD CES,8914.0,UNIVERSIDAD CES-MEDELLIN,14.0,MEDICINA,,,6512.0,MEDICINA,RAZONAMIENTO CUANTITATIVO,1.0,,,,,,,,,,Comprende y transforma la información cuantitativa y esquemática presentada en distintos formatos ,20.0,2025
SABER PRO - 2025,PROGRAMA_ACÁDEMICO,APRENDIZAJE_PRUEBA,1176,1,2.0,ANDINA,1.0,ANTIOQUIA,1.0,MEDELLÍN,8914.0,UNIVERSIDAD CES,8914.0,UNIVERSIDAD CES-MEDELLIN,14.0,MEDICINA,,,6512.0,MEDICINA,ATENCIÓN EN SALUD,34.0,,,,,,,,,,"Analiza los determinantes personales, sociales, económicos y ambientales que influyen en el estado de salud del individuo, la familia y la comunidad, para la priorización de acciones a seguir.",30.0,2025
SABER PRO - 2025,PROGRAMA_ACÁDEMICO,APRENDIZAJE_PRUEBA,2071,1,2.0,ANDINA,1.0,ANTIOQUIA,1.0,MEDELLÍN,8914.0,UNIVERSIDAD CES,8914.0,UNIVERSIDAD CES-MEDELLIN,8.0,CIENCIAS AGROPECUARIAS ,,,2170.0,MEDICINA VETERINARIA Y ZOOTECNIA,LECTURA CRÍTICA,1.0,,,,,,,,,,Reflexiona a partir de un texto y evalúa su contenido.,33.0,2025
SABER PRO - 2025,PROGRAMA_ACÁDEMICO,APRENDIZAJE_PRUEBA,784,1,2.0,ANDINA,1.0,ANTIOQUIA,1.0,MEDELLÍN,8914.0,UNIVERSIDAD CES,8914.0,UNIVERSIDAD CES-MEDELLIN,14.0,MEDICINA,,,6512.0,MEDICINA,ATENCIÓN EN SALUD,34.0,,,,,,,,,,"Integra el proceso de sistematización de la información, relacionada con la salud del individuo, la familia y la comunidad en la priorización de acciones. ",28.0,2025
SABER PRO - 2025,PROGRAMA_ACÁDEMICO,APRENDIZAJE_PRUEBA,2061,1,2.0,ANDINA,1.0,ANTIOQUIA,1.0,MEDELLÍN,8914.0,UNIVERSIDAD CES,8914.0,UNIVERSIDAD CES-MEDELLIN,8.0,CIENCIAS AGROPECUARIAS ,,,2170.0,MEDICINA VETERINARIA Y ZOOTECNIA,RAZONAMIENTO CUANTITATIVO,1.0,,,,,,,,,,Valida procedimientos y  estrategias matemáticas utilizadas para dar solución a problemas.,42.0,2025
SABER PRO - 2025,PROGRAMA_ACÁDEMICO,APRENDIZAJE_PRUEBA,965,1,2.0,ANDINA,1.0,ANTIOQUIA,1.0,MEDELLÍN,8914.0,UNIVERSIDAD CES,8914.0,UNIVERSIDAD CES-MEDELLIN,14.0,MEDICINA,,,6512.0,MEDICINA,RAZONAMIENTO CUANTITATIVO,1.0,,,,,,,,,,"Frente a un problema que involucre información cuantitativa, plantea e implementa estrategias que lleven a soluciones adecuadas.",42.0,2025
SABER PRO - 2025,PROGRAMA_ACÁDEMICO,APRENDIZAJE_PRUEBA,2352,1,2.0,ANDINA,1.0,ANTIOQUIA,1.0,MEDELLÍN,8914.0,UNIVERSIDAD CES,8914.0,UNIVERSIDAD CES-MEDELLIN,14.0,MEDICINA,,,6512.0,MEDICINA,PROMOCIÓN DE LA SALUD Y PREVENCIÓN DE LA ENFERMEDAD,34.0,,,,,,,,,,"Integra los conceptos básicos de prevención de la enfermedad, que le permita la priorización de las acciones  por seguir  de  acuerdo con las condiciones de salud de las poblaciones.",28.0,2025
SABER PRO - 2025,PROGRAMA_ACÁDEMICO,APRENDIZAJE_PRUEBA,1176,1,2.0,ANDINA,1.0,ANTIOQUIA,1.0,MEDELLÍN,8914.0,UNIVERSIDAD CES,8914.0,UNIVERSIDAD CES-MEDELLIN,14.0,MEDICINA,,,6512.0,MEDICINA,ATENCIÓN EN SALUD,34.0,,,,,,,,,,"Propone acciones de diagnóstico, ejecución y evaluación en el marco de políticas y lineamientos en salud vigentes.",33.0,2025
SABER PRO - 2025,PROGRAMA_ACÁDEMICO,APRENDIZAJE_PRUEBA,231,1,2.0,ANDINA,1.0,ANTIOQUIA,1.0,MEDELLÍN,8914.0,UNIVERSIDAD CES,8914.0,UNIVERSIDAD CES-MEDELLIN,14.0,MEDICINA,,,6512.0,MEDICINA,COMPETENCIAS CIUDADANAS,1.0,,,,,,,,,,Conoce los derechos y deberes que la Constitución consagra.,29.0,2025
SABER PRO - 2025,PROGRAMA_ACÁDEMICO,APRENDIZAJE_PRUEBA,312,1,2.0,ANDINA,1.0,ANTIOQUIA,1.0,MEDELLÍN,8914.0,UNIVERSIDAD CES,8914.0,UNIVERSIDAD CES-MEDELLIN,14.0,MEDICINA,,,6512.0,MEDICINA,COMPETENCIAS CIUDADANAS,1.0,,,,,,,,,,Conoce la organización del Estado de acuerdo con la Constitución.,19.0,2025
SABER PRO - 2025,PROGRAMA_ACÁDEMICO,APRENDIZAJE_PRUEBA,1918,1,2.0,ANDINA,1.0,ANTIOQUIA,1.0,MEDELLÍN,8914.0,UNIVERSIDAD CES,8914.0,UNIVERSIDAD CES-MEDELLIN,8.0,CIENCIAS AGROPECUARIAS ,,,2170.0,MEDICINA VETERINARIA Y ZOOTECNIA,RAZONAMIENTO CUANTITATIVO,1.0,,,,,,,,,,Comprende y transforma la información cuantitativa y esquemática presentada en distintos formatos ,31.0,2025
SABER PRO - 2025,PROGRAMA_ACÁDEMICO,APRENDIZAJE_PRUEBA,1115,1,2.0,ANDINA,1.0,ANTIOQUIA,1.0,MEDELLÍN,8914.0,UNIVERSIDAD CES,8914.0,UNIVERSIDAD CES-MEDELLIN,14.0,MEDICINA,,,6512.0,MEDICINA,RAZONAMIENTO CUANTITATIVO,1.0,,,,,,,,,,Valida procedimientos y  estrategias matemáticas utilizadas para dar solución a problemas.,34.0,2025
SABER PRO - 2025,PROGRAMA_ACÁDEMICO,APRENDIZAJE_PRUEBA,491,1,2.0,ANDINA,1.0,ANTIOQUIA,1.0,MEDELLÍN,8914.0,UNIVERSIDAD CES,8914.0,UNIVERSIDAD CES-MEDELLIN,14.0,MEDICINA,,,6512.0,MEDICINA,COMPETENCIAS CIUDADANAS,1.0,,,,,,,,,,Analiza las diferentes perspectivas presentes en situaciones en donde interactúan diferentes partes.,28.0,2025
SABER PRO - 2025,PROGRAMA_ACÁDEMICO,APRENDIZAJE_PRUEBA,624,1,2.0,ANDINA,1.0,ANTIOQUIA,1.0,MEDELLÍN,8914.0,UNIVERSIDAD CES,8914.0,UNIVERSIDAD CES-MEDELLIN,14.0,MEDICINA,,,6512.0,MEDICINA,COMPETENCIAS CIUDADANAS,1.0,,,,,,,,,,Comprende que los problemas y sus soluciones involucran distintas dimensiones y reconoce relaciones entre estas. ,22.0,2025
SABER PRO - 2025,PROGRAMA_ACÁDEMICO,APRENDIZAJE_PRUEBA,980,1,2.0,ANDINA,1.0,ANTIOQUIA,1.0,MEDELLÍN,8914.0,UNIVERSIDAD CES,8914.0,UNIVERSIDAD CES-MEDELLIN,14.0,MEDICINA,,,6512.0,MEDICINA,PROMOCIÓN DE LA SALUD Y PREVENCIÓN DE LA ENFERMEDAD,34.0,,,,,,,,,,"Integra los conceptos básicos de promoción de la salud que le permiten priorizar acciones por seguir, de acuerdo con las condiciones de salud de las poblaciones.",37.0,2025
SABER PRO - 2025,PROGRAMA_ACÁDEMICO,APRENDIZAJE_PRUEBA,564,1,2.0,ANDINA,1.0,ANTIOQUIA,1.0,MEDELLÍN,8914.0,UNIVERSIDAD CES,8914.0,UNIVERSIDAD CES-MEDELLIN,8.0,CIENCIAS AGROPECUARIAS ,,,2170.0,MEDICINA VETERINARIA Y ZOOTECNIA,COMPETENCIAS CIUDADANAS,1.0,,,,,,,,,,Conoce los derechos y deberes que la Constitución consagra.,44.0,2025
SABER PRO - 2025,PROGRAMA_ACÁDEMICO,APRENDIZAJE_PRUEBA,2254,1,2.0,ANDINA,1.0,ANTIOQUIA,1.0,MEDELLÍN,8914.0,UNIVERSIDAD CES,8914.0,UNIVERSIDAD CES-MEDELLIN,14.0,MEDICINA,,,6512.0,MEDICINA,FUNDAMENTACIÓN EN DIAGNÓSTICO Y TRATAMIENTO MÉDICOS,34.0,,,,,,,,,,"Propone un plan de tratamiento de acuerdo con la situación del paciente, a partir de casos clínicos de común ocurrencia en la práctica de los médicos generales.",37.0,2025
SABER PRO - 2025,PROGRAMA_ACÁDEMICO,APRENDIZAJE_PRUEBA,624,1,2.0,ANDINA,1.0,ANTIOQUIA,1.0,MEDELLÍN,8914.0,UNIVERSIDAD CES,8914.0,UNIVERSIDAD CES-MEDELLIN,14.0,MEDICINA,,,6512.0,MEDICINA,COMPETENCIAS CIUDADANAS,1.0,,,,,,,,,,Analiza y evalúa la pertinencia y solidez de enunciados-discursos.,33.0,2025
SABER PRO - 2025,PROGRAMA_ACÁDEMICO,APRENDIZAJE_PRUEBA,591,1,2.0,ANDINA,1.0,ANTIOQUIA,1.0,MEDELLÍN,8914.0,UNIVERSIDAD CES,8914.0,UNIVERSIDAD CES-MEDELLIN,8.0,CIENCIAS AGROPECUARIAS ,,,2170.0,MEDICINA VETERINARIA Y ZOOTECNIA,COMPETENCIAS CIUDADANAS,1.0,,,,,,,,,,Comprende qué es la Constitución Política de Colombia y sus principios fundamentales.,51.0,2025
SABER PRO - 2025,PROGRAMA_ACÁDEMICO,APRENDIZAJE_PRUEBA,1475,1,2.0,ANDINA,1.0,ANTIOQUIA,1.0,MEDELLÍN,8914.0,UNIVERSIDAD CES,8914.0,UNIVERSIDAD CES-MEDELLIN,8.0,CIENCIAS AGROPECUARIAS ,,,2170.0,MEDICINA VETERINARIA Y ZOOTECNIA,LECTURA CRÍTICA,1.0,,,,,,,,,,Identifica y entiende los contenidos locales que conforman un texto. ,20.0,2025
SABER PRO - 2025,PROGRAMA_ACÁDEMICO,APRENDIZAJE_PRUEBA,757,1,2.0,ANDINA,1.0,ANTIOQUIA,1.0,MEDELLÍN,8914.0,UNIVERSIDAD CES,8914.0,UNIVERSIDAD CES-MEDELLIN,14.0,MEDICINA,,,6512.0,MEDICINA,LECTURA CRÍTICA,1.0,,,,,,,,,,Identifica y entiende los contenidos locales que conforman un texto. ,13.0,2025
SABER PRO - 2025,PROGRAMA_ACÁDEMICO,APRENDIZAJE_PRUEBA,1115,1,2.0,ANDINA,1.0,ANTIOQUIA,1.0,MEDELLÍN,8914.0,UNIVERSIDAD CES,8914.0,UNIVERSIDAD CES-MEDELLIN,14.0,MEDICINA,,,6512.0,MEDICINA,LECTURA CRÍTICA,1.0,,,,,,,,,,Reflexiona a partir de un texto y evalúa su contenido.,26.0,2025
SABER PRO - 2025,PROGRAMA_ACÁDEMICO,APRENDIZAJE_PRUEBA,445,1,2.0,ANDINA,1.0,ANTIOQUIA,1.0,MEDELLÍN,8914.0,UNIVERSIDAD CES,8914.0,UNIVERSIDAD CES-MEDELLIN,14.0,MEDICINA,,,6512.0,MEDICINA,COMPETENCIAS CIUDADANAS,1.0,,,,,,,,,,Reconoce la existencia de diferentes perspectivas en situaciones en donde interactúan diferentes partes.,24.0,2025
SABER PRO - 2025,PROGRAMA_ACÁDEMICO,APRENDIZAJE_PRUEBA,882,1,2.0,ANDINA,1.0,ANTIOQUIA,1.0,MEDELLÍN,8914.0,UNIVERSIDAD CES,8914.0,UNIVERSIDAD CES-MEDELLIN,8.0,CIENCIAS AGROPECUARIAS ,,,2170.0,MEDICINA VETERINARIA Y ZOOTECNIA,COMPETENCIAS CIUDADANAS,1.0,,,,,,,,,,Reconoce la existencia de diferentes perspectivas en situaciones en donde interactúan diferentes partes.,34.0,2025
SABER PRO - 2025,PROGRAMA_ACÁDEMICO,APRENDIZAJE_PRUEBA,312,1,2.0,ANDINA,1.0,ANTIOQUIA,1.0,MEDELLÍN,8914.0,UNIVERSIDAD CES,8914.0,UNIVERSIDAD CES-MEDELLIN,14.0,MEDICINA,,,6512.0,MEDICINA,COMPETENCIAS CIUDADANAS,1.0,,,,,,,,,,Comprende qué es la Constitución Política de Colombia y sus principios fundamentales.,28.0,2025
SABER PRO - 2025,PROGRAMA_ACÁDEMICO,APRENDIZAJE_PRUEBA,591,1,2.0,ANDINA,1.0,ANTIOQUIA,1.0,MEDELLÍN,8914.0,UNIVERSIDAD CES,8914.0,UNIVERSIDAD CES-MEDELLIN,8.0,CIENCIAS AGROPECUARIAS ,,,2170.0,MEDICINA VETERINARIA Y ZOOTECNIA,COMPETENCIAS CIUDADANAS,1.0,,,,,,,,,,Conoce la organización del Estado de acuerdo con la Constitución.,40.0,2025
SABER PRO - 2025,PROGRAMA_ACÁDEMICO,APRENDIZAJE_PRUEBA,1182,1,2.0,ANDINA,1.0,ANTIOQUIA,1.0,MEDELLÍN,8914.0,UNIVERSIDAD CES,8914.0,UNIVERSIDAD CES-MEDELLIN,8.0,CIENCIAS AGROPECUARIAS ,,,2170.0,MEDICINA VETERINARIA Y ZOOTECNIA,COMPETENCIAS CIUDADANAS,1.0,,,,,,,,,,Comprende que los problemas y sus soluciones involucran distintas dimensiones y reconoce relaciones entre estas. ,39.0,2025
SABER PRO - 2025,PROGRAMA_ACÁDEMICO,APRENDIZAJE_PRUEBA,2364,1,2.0,ANDINA,1.0,ANTIOQUIA,1.0,MEDELLÍN,8914.0,UNIVERSIDAD CES,8914.0,UNIVERSIDAD CES-MEDELLIN,8.0,CIENCIAS AGROPECUARIAS ,,,2170.0,MEDICINA VETERINARIA Y ZOOTECNIA,LECTURA CRÍTICA,1.0,,,,,,,,,,Comprende cómo se articulan las partes de un texto para darle un sentido global.,39.0,2025
SABER PRO - 2025,PROGRAMA_ACÁDEMICO,APRENDIZAJE_PRUEBA,784,1,2.0,ANDINA,1.0,ANTIOQUIA,1.0,MEDELLÍN,8914.0,UNIVERSIDAD CES,8914.0,UNIVERSIDAD CES-MEDELLIN,14.0,MEDICINA,,,6512.0,MEDICINA,ATENCIÓN EN SALUD,34.0,,,,,,,,,,"Reconoce la política y la normatividad nacional y los acuerdos internacionales suscritos por el Estado colombiano, relacionados con salud pública y los aplica en situaciones concretas que afectan la salud del individuo, la familia y la comunidad.",30.0,2025
SABER PRO - 2025,PROGRAMA_ACÁDEMICO,APRENDIZAJE_PRUEBA,891,1,2.0,ANDINA,1.0,ANTIOQUIA,1.0,MEDELLÍN,8914.0,UNIVERSIDAD CES,8914.0,UNIVERSIDAD CES-MEDELLIN,8.0,CIENCIAS AGROPECUARIAS ,,,2170.0,MEDICINA VETERINARIA Y ZOOTECNIA,COMPETENCIAS CIUDADANAS,1.0,,,,,,,,,,Analiza las diferentes perspectivas presentes en situaciones en donde interactúan diferentes partes.,38.0,2025
SABER PRO - 2025,PROGRAMA_ACÁDEMICO,APRENDIZAJE_PRUEBA,1182,1,2.0,ANDINA,1.0,ANTIOQUIA,1.0,MEDELLÍN,8914.0,UNIVERSIDAD CES,8914.0,UNIVERSIDAD CES-MEDELLIN,8.0,CIENCIAS AGROPECUARIAS ,,,2170.0,MEDICINA VETERINARIA Y ZOOTECNIA,COMPETENCIAS CIUDADANAS,1.0,,,,,,,,,,Analiza y evalúa la pertinencia y solidez de enunciados-discursos.,36.0,2025
SABER PRO - 2025,PROGRAMA_ACÁDEMICO,APRENDIZAJE_PRUEBA,968,1,2.0,ANDINA,1.0,ANTIOQUIA,1.0,MEDELLÍN,9065.0,UNIVERSIDAD COOPERATIVA DE COLOMBIA,8893.0,UNIVERSIDAD COOPERATIVA DE COLOMBIA-MEDELLIN,14.0,MEDICINA,,,2904.0,MEDICINA,ATENCIÓN EN SALUD,34.0,,,,,,,,,,"Reconoce la política y la normatividad nacional y los acuerdos internacionales suscritos por el Estado colombiano, relacionados con salud pública y los aplica en situaciones concretas que afectan la salud del individuo, la familia y la comunidad.",33.0,2025
SABER PRO - 2025,PROGRAMA_ACÁDEMICO,APRENDIZAJE_PRUEBA,1452,1,2.0,ANDINA,1.0,ANTIOQUIA,1.0,MEDELLÍN,9065.0,UNIVERSIDAD COOPERATIVA DE COLOMBIA,8893.0,UNIVERSIDAD COOPERATIVA DE COLOMBIA-MEDELLIN,14.0,MEDICINA,,,2904.0,MEDICINA,ATENCIÓN EN SALUD,34.0,,,,,,,,,,"Analiza los determinantes personales, sociales, económicos y ambientales que influyen en el estado de salud del individuo, la familia y la comunidad, para la priorización de acciones a seguir.",42.0,2025
SABER PRO - 2025,PROGRAMA_ACÁDEMICO,APRENDIZAJE_PRUEBA,581,1,2.0,ANDINA,1.0,ANTIOQUIA,1.0,MEDELLÍN,9065.0,UNIVERSIDAD COOPERATIVA DE COLOMBIA,8893.0,UNIVERSIDAD COOPERATIVA DE COLOMBIA-MEDELLIN,14.0,MEDICINA,,,2904.0,MEDICINA,COMPETENCIAS CIUDADANAS,1.0,,,,,,,,,,Analiza las diferentes perspectivas presentes en situaciones en donde interactúan diferentes partes.,47.0,2025
SABER PRO - 2025,PROGRAMA_ACÁDEMICO,APRENDIZAJE_PRUEBA,366,1,2.0,ANDINA,1.0,ANTIOQUIA,1.0,MEDELLÍN,9065.0,UNIVERSIDAD COOPERATIVA DE COLOMBIA,8893.0,UNIVERSIDAD COOPERATIVA DE COLOMBIA-MEDELLIN,14.0,MEDICINA,,,2904.0,MEDICINA,COMPETENCIAS CIUDADANAS,1.0,,,,,,,,,,Conoce la organización del Estado de acuerdo con la Constitución.,35.0,2025
SABER PRO - 2025,PROGRAMA_ACÁDEMICO,APRENDIZAJE_PRUEBA,1452,1,2.0,ANDINA,1.0,ANTIOQUIA,1.0,MEDELLÍN,9065.0,UNIVERSIDAD COOPERATIVA DE COLOMBIA,8893.0,UNIVERSIDAD COOPERATIVA DE COLOMBIA-MEDELLIN,14.0,MEDICINA,,,2904.0,MEDICINA,ATENCIÓN EN SALUD,34.0,,,,,,,,,,"Propone acciones de diagnóstico, ejecución y evaluación en el marco de políticas y lineamientos en salud vigentes.",43.0,2025
SABER PRO - 2025,PROGRAMA_ACÁDEMICO,APRENDIZAJE_PRUEBA,732,1,2.0,ANDINA,1.0,ANTIOQUIA,1.0,MEDELLÍN,9065.0,UNIVERSIDAD COOPERATIVA DE COLOMBIA,8893.0,UNIVERSIDAD COOPERATIVA DE COLOMBIA-MEDELLIN,14.0,MEDICINA,,,2904.0,MEDICINA,COMPETENCIAS CIUDADANAS,1.0,,,,,,,,,,Analiza y evalúa la pertinencia y solidez de enunciados-discursos.,48.0,2025
SABER PRO - 2025,PROGRAMA_ACÁDEMICO,APRENDIZAJE_PRUEBA,2783,1,2.0,ANDINA,1.0,ANTIOQUIA,1.0,MEDELLÍN,9065.0,UNIVERSIDAD COOPERATIVA DE COLOMBIA,8893.0,UNIVERSIDAD COOPERATIVA DE COLOMBIA-MEDELLIN,14.0,MEDICINA,,,2904.0,MEDICINA,FUNDAMENTACIÓN EN DIAGNÓSTICO Y TRATAMIENTO MÉDICOS,34.0,,,,,,,,,,"Propone un plan de tratamiento de acuerdo con la situación del paciente, a partir de casos clínicos de común ocurrencia en la práctica de los médicos generales.",51.0,2025
SABER PRO - 2025,PROGRAMA_ACÁDEMICO,APRENDIZAJE_PRUEBA,1312,1,2.0,ANDINA,1.0,ANTIOQUIA,1.0,MEDELLÍN,9065.0,UNIVERSIDAD COOPERATIVA DE COLOMBIA,8893.0,UNIVERSIDAD COOPERATIVA DE COLOMBIA-MEDELLIN,14.0,MEDICINA,,,2904.0,MEDICINA,RAZONAMIENTO CUANTITATIVO,1.0,,,,,,,,,,Valida procedimientos y  estrategias matemáticas utilizadas para dar solución a problemas.,46.0,2025
SABER PRO - 2025,PROGRAMA_ACÁDEMICO,APRENDIZAJE_PRUEBA,1464,1,2.0,ANDINA,1.0,ANTIOQUIA,1.0,MEDELLÍN,9065.0,UNIVERSIDAD COOPERATIVA DE COLOMBIA,8893.0,UNIVERSIDAD COOPERATIVA DE COLOMBIA-MEDELLIN,14.0,MEDICINA,,,2904.0,MEDICINA,LECTURA CRÍTICA,1.0,,,,,,,,,,Comprende cómo se articulan las partes de un texto para darle un sentido global.,39.0,2025
SABER PRO - 2025,PROGRAMA_ACÁDEMICO,APRENDIZAJE_PRUEBA,366,1,2.0,ANDINA,1.0,ANTIOQUIA,1.0,MEDELLÍN,9065.0,UNIVERSIDAD COOPERATIVA DE COLOMBIA,8893.0,UNIVERSIDAD COOPERATIVA DE COLOMBIA-MEDELLIN,14.0,MEDICINA,,,2904.0,MEDICINA,COMPETENCIAS CIUDADANAS,1.0,,,,,,,,,,Comprende qué es la Constitución Política de Colombia y sus principios fundamentales.,40.0,2025
SABER PRO - 2025,PROGRAMA_ACÁDEMICO,APRENDIZAJE_PRUEBA,1220,1,2.0,ANDINA,1.0,ANTIOQUIA,1.0,MEDELLÍN,9065.0,UNIVERSIDAD COOPERATIVA DE COLOMBIA,8893.0,UNIVERSIDAD COOPERATIVA DE COLOMBIA-MEDELLIN,14.0,MEDICINA,,,2904.0,MEDICINA,RAZONAMIENTO CUANTITATIVO,1.0,,,,,,,,,,Comprende y transforma la información cuantitativa y esquemática presentada en distintos formatos ,32.0,2025
SABER PRO - 2025,PROGRAMA_ACÁDEMICO,APRENDIZAJE_PRUEBA,968,1,2.0,ANDINA,1.0,ANTIOQUIA,1.0,MEDELLÍN,9065.0,UNIVERSIDAD COOPERATIVA DE COLOMBIA,8893.0,UNIVERSIDAD COOPERATIVA DE COLOMBIA-MEDELLIN,14.0,MEDICINA,,,2904.0,MEDICINA,ATENCIÓN EN SALUD,34.0,,,,,,,,,,"Integra el proceso de sistematización de la información, relacionada con la salud del individuo, la familia y la comunidad en la priorización de acciones. ",40.0,2025
SABER PRO - 2025,PROGRAMA_ACÁDEMICO,APRENDIZAJE_PRUEBA,1312,1,2.0,ANDINA,1.0,ANTIOQUIA,1.0,MEDELLÍN,9065.0,UNIVERSIDAD COOPERATIVA DE COLOMBIA,8893.0,UNIVERSIDAD COOPERATIVA DE COLOMBIA-MEDELLIN,14.0,MEDICINA,,,2904.0,MEDICINA,LECTURA CRÍTICA,1.0,,,,,,,,,,Reflexiona a partir de un texto y evalúa su contenido.,38.0,2025
SABER PRO - 2025,PROGRAMA_ACÁDEMICO,APRENDIZAJE_PRUEBA,2904,1,2.0,ANDINA,1.0,ANTIOQUIA,1.0,MEDELLÍN,9065.0,UNIVERSIDAD COOPERATIVA DE COLOMBIA,8893.0,UNIVERSIDAD COOPERATIVA DE COLOMBIA-MEDELLIN,14.0,MEDICINA,,,2904.0,MEDICINA,PROMOCIÓN DE LA SALUD Y PREVENCIÓN DE LA ENFERMEDAD,34.0,,,,,,,,,,"Integra los conceptos básicos de prevención de la enfermedad, que le permita la priorización de las acciones  por seguir  de  acuerdo con las condiciones de salud de las poblaciones.",37.0,2025
SABER PRO - 2025,PROGRAMA_ACÁDEMICO,APRENDIZAJE_PRUEBA,3993,1,2.0,ANDINA,1.0,ANTIOQUIA,1.0,MEDELLÍN,9065.0,UNIVERSIDAD COOPERATIVA DE COLOMBIA,8893.0,UNIVERSIDAD COOPERATIVA DE COLOMBIA-MEDELLIN,14.0,MEDICINA,,,2904.0,MEDICINA,FUNDAMENTACIÓN EN DIAGNÓSTICO Y TRATAMIENTO MÉDICOS,34.0,,,,,,,,,,"Determina la situación de salud o enfermedad de niños, jóvenes y adultos (hombres y mujeres), a partir de casos clínicos de común ocurrencia en la práctica de los médicos generales.",48.0,2025
SABER PRO - 2025,PROGRAMA_ACÁDEMICO,APRENDIZAJE_PRUEBA,1210,1,2.0,ANDINA,1.0,ANTIOQUIA,1.0,MEDELLÍN,9065.0,UNIVERSIDAD COOPERATIVA DE COLOMBIA,8893.0,UNIVERSIDAD COOPERATIVA DE COLOMBIA-MEDELLIN,14.0,MEDICINA,,,2904.0,MEDICINA,PROMOCIÓN DE LA SALUD Y PREVENCIÓN DE LA ENFERMEDAD,34.0,,,,,,,,,,"Integra los conceptos básicos de promoción de la salud que le permiten priorizar acciones por seguir, de acuerdo con las condiciones de salud de las poblaciones.",46.0,2025
SABER PRO - 2025,PROGRAMA_ACÁDEMICO,APRENDIZAJE_PRUEBA,517,1,2.0,ANDINA,1.0,ANTIOQUIA,1.0,MEDELLÍN,9065.0,UNIVERSIDAD COOPERATIVA DE COLOMBIA,8893.0,UNIVERSIDAD COOPERATIVA DE COLOMBIA-MEDELLIN,14.0,MEDICINA,,,2904.0,MEDICINA,COMPETENCIAS CIUDADANAS,1.0,,,,,,,,,,Reconoce la existencia de diferentes perspectivas en situaciones en donde interactúan diferentes partes.,39.0,2025
SABER PRO - 2025,PROGRAMA_ACÁDEMICO,APRENDIZAJE_PRUEBA,276,1,2.0,ANDINA,1.0,ANTIOQUIA,1.0,MEDELLÍN,9065.0,UNIVERSIDAD COOPERATIVA DE COLOMBIA,8893.0,UNIVERSIDAD COOPERATIVA DE COLOMBIA-MEDELLIN,14.0,MEDICINA,,,2904.0,MEDICINA,COMPETENCIAS CIUDADANAS,1.0,,,,,,,,,,Conoce los derechos y deberes que la Constitución consagra.,39.0,2025
SABER PRO - 2025,PROGRAMA_ACÁDEMICO,APRENDIZAJE_PRUEBA,1128,1,2.0,ANDINA,1.0,ANTIOQUIA,1.0,MEDELLÍN,9065.0,UNIVERSIDAD COOPERATIVA DE COLOMBIA,8893.0,UNIVERSIDAD COOPERATIVA DE COLOMBIA-MEDELLIN,14.0,MEDICINA,,,2904.0,MEDICINA,RAZONAMIENTO CUANTITATIVO,1.0,,,,,,,,,,"Frente a un problema que involucre información cuantitativa, plantea e implementa estrategias que lleven a soluciones adecuadas.",54.0,2025
SABER PRO - 2025,PROGRAMA_ACÁDEMICO,APRENDIZAJE_PRUEBA,732,1,2.0,ANDINA,1.0,ANTIOQUIA,1.0,MEDELLÍN,9065.0,UNIVERSIDAD COOPERATIVA DE COLOMBIA,8893.0,UNIVERSIDAD COOPERATIVA DE COLOMBIA-MEDELLIN,14.0,MEDICINA,,,2904.0,MEDICINA,COMPETENCIAS CIUDADANAS,1.0,,,,,,,,,,Comprende que los problemas y sus soluciones involucran distintas dimensiones y reconoce relaciones entre estas. ,37.0,2025
SABER PRO - 2025,PROGRAMA_ACÁDEMICO,APRENDIZAJE_PRUEBA,884,1,2.0,ANDINA,1.0,ANTIOQUIA,1.0,MEDELLÍN,9065.0,UNIVERSIDAD COOPERATIVA DE COLOMBIA,8893.0,UNIVERSIDAD COOPERATIVA DE COLOMBIA-MEDELLIN,14.0,MEDICINA,,,2904.0,MEDICINA,LECTURA CRÍTICA,1.0,,,,,,,,,,Identifica y entiende los contenidos locales que conforman un texto. ,20.0,2025
SABER PRO - 2025,PROGRAMA_ACÁDEMICO,APRENDIZAJE_PRUEBA,667,1,2.0,ANDINA,2.0,ATLANTICO,126.0,BARRANQUILLA,8985.0,UNIVERSIDAD LIBRE,8940.0,UNIVERSIDAD LIBRE-BARRANQUILLA,14.0,MEDICINA,,,6058.0,MEDICINA,COMPETENCIAS CIUDADANAS,1.0,,,,,,,,,,Analiza las diferentes perspectivas presentes en situaciones en donde interactúan diferentes partes.,46.0,2025
SABER PRO - 2025,PROGRAMA_ACÁDEMICO,APRENDIZAJE_PRUEBA,423,1,2.0,ANDINA,2.0,ATLANTICO,126.0,BARRANQUILLA,8985.0,UNIVERSIDAD LIBRE,8940.0,UNIVERSIDAD LIBRE-BARRANQUILLA,14.0,MEDICINA,,,6058.0,MEDICINA,COMPETENCIAS CIUDADANAS,1.0,,,,,,,,,,Conoce la organización del Estado de acuerdo con la Constitución.,30.0,2025
SABER PRO - 2025,PROGRAMA_ACÁDEMICO,APRENDIZAJE_PRUEBA,1360,1,2.0,ANDINA,2.0,ATLANTICO,126.0,BARRANQUILLA,8985.0,UNIVERSIDAD LIBRE,8940.0,UNIVERSIDAD LIBRE-BARRANQUILLA,14.0,MEDICINA,,,6058.0,MEDICINA,PROMOCIÓN DE LA SALUD Y PREVENCIÓN DE LA ENFERMEDAD,34.0,,,,,,,,,,"Integra los conceptos básicos de promoción de la salud que le permiten priorizar acciones por seguir, de acuerdo con las condiciones de salud de las poblaciones.",48.0,2025
SABER PRO - 2025,PROGRAMA_ACÁDEMICO,APRENDIZAJE_PRUEBA,1088,1,2.0,ANDINA,2.0,ATLANTICO,126.0,BARRANQUILLA,8985.0,UNIVERSIDAD LIBRE,8940.0,UNIVERSIDAD LIBRE-BARRANQUILLA,14.0,MEDICINA,,,6058.0,MEDICINA,ATENCIÓN EN SALUD,34.0,,,,,,,,,,"Reconoce la política y la normatividad nacional y los acuerdos internacionales suscritos por el Estado colombiano, relacionados con salud pública y los aplica en situaciones concretas que afectan la salud del individuo, la familia y la comunidad.",40.0,2025
SABER PRO - 2025,PROGRAMA_ACÁDEMICO,APRENDIZAJE_PRUEBA,1692,1,2.0,ANDINA,2.0,ATLANTICO,126.0,BARRANQUILLA,8985.0,UNIVERSIDAD LIBRE,8940.0,UNIVERSIDAD LIBRE-BARRANQUILLA,14.0,MEDICINA,,,6058.0,MEDICINA,LECTURA CRÍTICA,1.0,,,,,,,,,,Comprende cómo se articulan las partes de un texto para darle un sentido global.,38.0,2025
SABER PRO - 2025,PROGRAMA_ACÁDEMICO,APRENDIZAJE_PRUEBA,1307,1,2.0,ANDINA,2.0,ATLANTICO,126.0,BARRANQUILLA,8985.0,UNIVERSIDAD LIBRE,8940.0,UNIVERSIDAD LIBRE-BARRANQUILLA,14.0,MEDICINA,,,6058.0,MEDICINA,RAZONAMIENTO CUANTITATIVO,1.0,,,,,,,,,,"Frente a un problema que involucre información cuantitativa, plantea e implementa estrategias que lleven a soluciones adecuadas.",51.0,2025
SABER PRO - 2025,PROGRAMA_ACÁDEMICO,APRENDIZAJE_PRUEBA,1632,1,2.0,ANDINA,2.0,ATLANTICO,126.0,BARRANQUILLA,8985.0,UNIVERSIDAD LIBRE,8940.0,UNIVERSIDAD LIBRE-BARRANQUILLA,14.0,MEDICINA,,,6058.0,MEDICINA,ATENCIÓN EN SALUD,34.0,,,,,,,,,,"Analiza los determinantes personales, sociales, económicos y ambientales que influyen en el estado de salud del individuo, la familia y la comunidad, para la priorización de acciones a seguir.",50.0,2025
SABER PRO - 2025,PROGRAMA_ACÁDEMICO,APRENDIZAJE_PRUEBA,312,1,2.0,ANDINA,2.0,ATLANTICO,126.0,BARRANQUILLA,8985.0,UNIVERSIDAD LIBRE,8940.0,UNIVERSIDAD LIBRE-BARRANQUILLA,14.0,MEDICINA,,,6058.0,MEDICINA,COMPETENCIAS CIUDADANAS,1.0,,,,,,,,,,Conoce los derechos y deberes que la Constitución consagra.,30.0,2025
SABER PRO - 2025,PROGRAMA_ACÁDEMICO,APRENDIZAJE_PRUEBA,1025,1,2.0,ANDINA,2.0,ATLANTICO,126.0,BARRANQUILLA,8985.0,UNIVERSIDAD LIBRE,8940.0,UNIVERSIDAD LIBRE-BARRANQUILLA,14.0,MEDICINA,,,6058.0,MEDICINA,LECTURA CRÍTICA,1.0,,,,,,,,,,Identifica y entiende los contenidos locales que conforman un texto. ,17.0,2025
SABER PRO - 2025,PROGRAMA_ACÁDEMICO,APRENDIZAJE_PRUEBA,4488,1,2.0,ANDINA,2.0,ATLANTICO,126.0,BARRANQUILLA,8985.0,UNIVERSIDAD LIBRE,8940.0,UNIVERSIDAD LIBRE-BARRANQUILLA,14.0,MEDICINA,,,6058.0,MEDICINA,FUNDAMENTACIÓN EN DIAGNÓSTICO Y TRATAMIENTO MÉDICOS,34.0,,,,,,,,,,"Determina la situación de salud o enfermedad de niños, jóvenes y adultos (hombres y mujeres), a partir de casos clínicos de común ocurrencia en la práctica de los médicos generales.",59.0,2025
SABER PRO - 2025,PROGRAMA_ACÁDEMICO,APRENDIZAJE_PRUEBA,1410,1,2.0,ANDINA,2.0,ATLANTICO,126.0,BARRANQUILLA,8985.0,UNIVERSIDAD LIBRE,8940.0,UNIVERSIDAD LIBRE-BARRANQUILLA,14.0,MEDICINA,,,6058.0,MEDICINA,RAZONAMIENTO CUANTITATIVO,1.0,,,,,,,,,,Comprende y transforma la información cuantitativa y esquemática presentada en distintos formatos ,33.0,2025
SABER PRO - 2025,PROGRAMA_ACÁDEMICO,APRENDIZAJE_PRUEBA,1632,1,2.0,ANDINA,2.0,ATLANTICO,126.0,BARRANQUILLA,8985.0,UNIVERSIDAD LIBRE,8940.0,UNIVERSIDAD LIBRE-BARRANQUILLA,14.0,MEDICINA,,,6058.0,MEDICINA,ATENCIÓN EN SALUD,34.0,,,,,,,,,,"Propone acciones de diagnóstico, ejecución y evaluación en el marco de políticas y lineamientos en salud vigentes.",46.0,2025
SABER PRO - 2025,PROGRAMA_ACÁDEMICO,APRENDIZAJE_PRUEBA,423,1,2.0,ANDINA,2.0,ATLANTICO,126.0,BARRANQUILLA,8985.0,UNIVERSIDAD LIBRE,8940.0,UNIVERSIDAD LIBRE-BARRANQUILLA,14.0,MEDICINA,,,6058.0,MEDICINA,COMPETENCIAS CIUDADANAS,1.0,,,,,,,,,,Comprende qué es la Constitución Política de Colombia y sus principios fundamentales.,37.0,2025
SABER PRO - 2025,PROGRAMA_ACÁDEMICO,APRENDIZAJE_PRUEBA,846,1,2.0,ANDINA,2.0,ATLANTICO,126.0,BARRANQUILLA,8985.0,UNIVERSIDAD LIBRE,8940.0,UNIVERSIDAD LIBRE-BARRANQUILLA,14.0,MEDICINA,,,6058.0,MEDICINA,COMPETENCIAS CIUDADANAS,1.0,,,,,,,,,,Comprende que los problemas y sus soluciones involucran distintas dimensiones y reconoce relaciones entre estas. ,32.0,2025
SABER PRO - 2025,PROGRAMA_ACÁDEMICO,APRENDIZAJE_PRUEBA,1088,1,2.0,ANDINA,2.0,ATLANTICO,126.0,BARRANQUILLA,8985.0,UNIVERSIDAD LIBRE,8940.0,UNIVERSIDAD LIBRE-BARRANQUILLA,14.0,MEDICINA,,,6058.0,MEDICINA,ATENCIÓN EN SALUD,34.0,,,,,,,,,,"Integra el proceso de sistematización de la información, relacionada con la salud del individuo, la familia y la comunidad en la priorización de acciones. ",47.0,2025
SABER PRO - 2025,PROGRAMA_ACÁDEMICO,APRENDIZAJE_PRUEBA,846,1,2.0,ANDINA,2.0,ATLANTICO,126.0,BARRANQUILLA,8985.0,UNIVERSIDAD LIBRE,8940.0,UNIVERSIDAD LIBRE-BARRANQUILLA,14.0,MEDICINA,,,6058.0,MEDICINA,COMPETENCIAS CIUDADANAS,1.0,,,,,,,,,,Analiza y evalúa la pertinencia y solidez de enunciados-discursos.,44.0,2025
SABER PRO - 2025,PROGRAMA_ACÁDEMICO,APRENDIZAJE_PRUEBA,3128,1,2.0,ANDINA,2.0,ATLANTICO,126.0,BARRANQUILLA,8985.0,UNIVERSIDAD LIBRE,8940.0,UNIVERSIDAD LIBRE-BARRANQUILLA,14.0,MEDICINA,,,6058.0,MEDICINA,FUNDAMENTACIÓN EN DIAGNÓSTICO Y TRATAMIENTO MÉDICOS,34.0,,,,,,,,,,"Propone un plan de tratamiento de acuerdo con la situación del paciente, a partir de casos clínicos de común ocurrencia en la práctica de los médicos generales.",67.0,2025
SABER PRO - 2025,PROGRAMA_ACÁDEMICO,APRENDIZAJE_PRUEBA,3264,1,2.0,ANDINA,2.0,ATLANTICO,126.0,BARRANQUILLA,8985.0,UNIVERSIDAD LIBRE,8940.0,UNIVERSIDAD LIBRE-BARRANQUILLA,14.0,MEDICINA,,,6058.0,MEDICINA,PROMOCIÓN DE LA SALUD Y PREVENCIÓN DE LA ENFERMEDAD,34.0,,,,,,,,,,"Integra los conceptos básicos de prevención de la enfermedad, que le permita la priorización de las acciones  por seguir  de  acuerdo con las condiciones de salud de las poblaciones.",39.0,2025
SABER PRO - 2025,PROGRAMA_ACÁDEMICO,APRENDIZAJE_PRUEBA,1513,1,2.0,ANDINA,2.0,ATLANTICO,126.0,BARRANQUILLA,8985.0,UNIVERSIDAD LIBRE,8940.0,UNIVERSIDAD LIBRE-BARRANQUILLA,14.0,MEDICINA,,,6058.0,MEDICINA,LECTURA CRÍTICA,1.0,,,,,,,,,,Reflexiona a partir de un texto y evalúa su contenido.,37.0,2025
SABER PRO - 2025,PROGRAMA_ACÁDEMICO,APRENDIZAJE_PRUEBA,1513,1,2.0,ANDINA,2.0,ATLANTICO,126.0,BARRANQUILLA,8985.0,UNIVERSIDAD LIBRE,8940.0,UNIVERSIDAD LIBRE-BARRANQUILLA,14.0,MEDICINA,,,6058.0,MEDICINA,RAZONAMIENTO CUANTITATIVO,1.0,,,,,,,,,,Valida procedimientos y  estrategias matemáticas utilizadas para dar solución a problemas.,48.0,2025
SABER PRO - 2025,PROGRAMA_ACÁDEMICO,APRENDIZAJE_PRUEBA,602,1,2.0,ANDINA,2.0,ATLANTICO,126.0,BARRANQUILLA,8985.0,UNIVERSIDAD LIBRE,8940.0,UNIVERSIDAD LIBRE-BARRANQUILLA,14.0,MEDICINA,,,6058.0,MEDICINA,COMPETENCIAS CIUDADANAS,1.0,,,,,,,,,,Reconoce la existencia de diferentes perspectivas en situaciones en donde interactúan diferentes partes.,35.0,2025
SABER PRO - 2025,PROGRAMA_ACÁDEMICO,APRENDIZAJE_PRUEBA,171,1,2.0,ANDINA,4.0,BOGOTÁ,152.0,BOGOTÁ D.C.,8964.0,UNIVERSIDAD NACIONAL DE COLOMBIA,8964.0,UNIVERSIDAD NACIONAL DE COLOMBIA-BOGOTÁ D.C.,8.0,CIENCIAS AGROPECUARIAS ,,,3033.0,MEDICINA VETERINARIA,COMPETENCIAS CIUDADANAS,1.0,,,,,,,,,,Conoce la organización del Estado de acuerdo con la Constitución.,27.0,2025
SABER PRO - 2025,PROGRAMA_ACÁDEMICO,APRENDIZAJE_PRUEBA,342,1,2.0,ANDINA,4.0,BOGOTÁ,152.0,BOGOTÁ D.C.,8964.0,UNIVERSIDAD NACIONAL DE COLOMBIA,8964.0,UNIVERSIDAD NACIONAL DE COLOMBIA-BOGOTÁ D.C.,8.0,CIENCIAS AGROPECUARIAS ,,,3033.0,MEDICINA VETERINARIA,COMPETENCIAS CIUDADANAS,1.0,,,,,,,,,,Comprende que los problemas y sus soluciones involucran distintas dimensiones y reconoce relaciones entre estas. ,28.0,2025
SABER PRO - 2025,PROGRAMA_ACÁDEMICO,APRENDIZAJE_PRUEBA,2904,1,2.0,ANDINA,4.0,BOGOTÁ,152.0,BOGOTÁ D.C.,8964.0,UNIVERSIDAD NACIONAL DE COLOMBIA,8964.0,UNIVERSIDAD NACIONAL DE COLOMBIA-BOGOTÁ D.C.,14.0,MEDICINA,,,5658.0,MEDICINA,PROMOCIÓN DE LA SALUD Y PREVENCIÓN DE LA ENFERMEDAD,34.0,,,,,,,,,,"Integra los conceptos básicos de prevención de la enfermedad, que le permita la priorización de las acciones  por seguir  de  acuerdo con las condiciones de salud de las poblaciones.",28.0,2025
SABER PRO - 2025,PROGRAMA_ACÁDEMICO,APRENDIZAJE_PRUEBA,599,1,2.0,ANDINA,4.0,BOGOTÁ,152.0,BOGOTÁ D.C.,8964.0,UNIVERSIDAD NACIONAL DE COLOMBIA,8964.0,UNIVERSIDAD NACIONAL DE COLOMBIA-BOGOTÁ D.C.,8.0,CIENCIAS AGROPECUARIAS ,,,3033.0,MEDICINA VETERINARIA,RAZONAMIENTO CUANTITATIVO,1.0,,,,,,,,,,Valida procedimientos y  estrategias matemáticas utilizadas para dar solución a problemas.,26.0,2025
SABER PRO - 2025,PROGRAMA_ACÁDEMICO,APRENDIZAJE_PRUEBA,267,1,2.0,ANDINA,4.0,BOGOTÁ,152.0,BOGOTÁ D.C.,8964.0,UNIVERSIDAD NACIONAL DE COLOMBIA,8964.0,UNIVERSIDAD NACIONAL DE COLOMBIA-BOGOTÁ D.C.,8.0,CIENCIAS AGROPECUARIAS ,,,3033.0,MEDICINA VETERINARIA,COMPETENCIAS CIUDADANAS,1.0,,,,,,,,,,Reconoce la existencia de diferentes perspectivas en situaciones en donde interactúan diferentes partes.,26.0,2025
SABER PRO - 2025,PROGRAMA_ACÁDEMICO,APRENDIZAJE_PRUEBA,684,1,2.0,ANDINA,4.0,BOGOTÁ,152.0,BOGOTÁ D.C.,8964.0,UNIVERSIDAD NACIONAL DE COLOMBIA,8964.0,UNIVERSIDAD NACIONAL DE COLOMBIA-BOGOTÁ D.C.,8.0,CIENCIAS AGROPECUARIAS ,,,3033.0,MEDICINA VETERINARIA,LECTURA CRÍTICA,1.0,,,,,,,,,,Comprende cómo se articulan las partes de un texto para darle un sentido global.,28.0,2025
SABER PRO - 2025,PROGRAMA_ACÁDEMICO,APRENDIZAJE_PRUEBA,813,1,2.0,ANDINA,4.0,BOGOTÁ,152.0,BOGOTÁ D.C.,8964.0,UNIVERSIDAD NACIONAL DE COLOMBIA,8964.0,UNIVERSIDAD NACIONAL DE COLOMBIA-BOGOTÁ D.C.,14.0,MEDICINA,,,5658.0,MEDICINA,COMPETENCIAS CIUDADANAS,1.0,,,,,,,,,,Comprende qué es la Constitución Política de Colombia y sus principios fundamentales.,26.0,2025
SABER PRO - 2025,PROGRAMA_ACÁDEMICO,APRENDIZAJE_PRUEBA,720,1,2.0,ANDINA,4.0,BOGOTÁ,152.0,BOGOTÁ D.C.,8964.0,UNIVERSIDAD NACIONAL DE COLOMBIA,8964.0,UNIVERSIDAD NACIONAL DE COLOMBIA-BOGOTÁ D.C.,14.0,MEDICINA,,,5658.0,MEDICINA,COMPETENCIAS CIUDADANAS,1.0,,,,,,,,,,Conoce los derechos y deberes que la Constitución consagra.,24.0,2025
SABER PRO - 2025,PROGRAMA_ACÁDEMICO,APRENDIZAJE_PRUEBA,561,1,2.0,ANDINA,4.0,BOGOTÁ,152.0,BOGOTÁ D.C.,8964.0,UNIVERSIDAD NACIONAL DE COLOMBIA,8964.0,UNIVERSIDAD NACIONAL DE COLOMBIA-BOGOTÁ D.C.,8.0,CIENCIAS AGROPECUARIAS ,,,3033.0,MEDICINA VETERINARIA,RAZONAMIENTO CUANTITATIVO,1.0,,,,,,,,,,"Frente a un problema que involucre información cuantitativa, plantea e implementa estrategias que lleven a soluciones adecuadas.",37.0,2025
SABER PRO - 2025,PROGRAMA_ACÁDEMICO,APRENDIZAJE_PRUEBA,3993,1,2.0,ANDINA,4.0,BOGOTÁ,152.0,BOGOTÁ D.C.,8964.0,UNIVERSIDAD NACIONAL DE COLOMBIA,8964.0,UNIVERSIDAD NACIONAL DE COLOMBIA-BOGOTÁ D.C.,14.0,MEDICINA,,,5658.0,MEDICINA,FUNDAMENTACIÓN EN DIAGNÓSTICO Y TRATAMIENTO MÉDICOS,34.0,,,,,,,,,,"Determina la situación de salud o enfermedad de niños, jóvenes y adultos (hombres y mujeres), a partir de casos clínicos de común ocurrencia en la práctica de los médicos generales.",40.0,2025
SABER PRO - 2025,PROGRAMA_ACÁDEMICO,APRENDIZAJE_PRUEBA,342,1,2.0,ANDINA,4.0,BOGOTÁ,152.0,BOGOTÁ D.C.,8964.0,UNIVERSIDAD NACIONAL DE COLOMBIA,8964.0,UNIVERSIDAD NACIONAL DE COLOMBIA-BOGOTÁ D.C.,8.0,CIENCIAS AGROPECUARIAS ,,,3033.0,MEDICINA VETERINARIA,COMPETENCIAS CIUDADANAS,1.0,,,,,,,,,,Analiza y evalúa la pertinencia y solidez de enunciados-discursos.,27.0,2025
SABER PRO - 2025,PROGRAMA_ACÁDEMICO,APRENDIZAJE_PRUEBA,550,1,2.0,ANDINA,4.0,BOGOTÁ,152.0,BOGOTÁ D.C.,8964.0,UNIVERSIDAD NACIONAL DE COLOMBIA,8964.0,UNIVERSIDAD NACIONAL DE COLOMBIA-BOGOTÁ D.C.,8.0,CIENCIAS AGROPECUARIAS ,,,3033.0,MEDICINA VETERINARIA,RAZONAMIENTO CUANTITATIVO,1.0,,,,,,,,,,Comprende y transforma la información cuantitativa y esquemática presentada en distintos formatos ,16.0,2025
SABER PRO - 2025,PROGRAMA_ACÁDEMICO,APRENDIZAJE_PRUEBA,2582,1,2.0,ANDINA,4.0,BOGOTÁ,152.0,BOGOTÁ D.C.,8964.0,UNIVERSIDAD NACIONAL DE COLOMBIA,8964.0,UNIVERSIDAD NACIONAL DE COLOMBIA-BOGOTÁ D.C.,14.0,MEDICINA,,,5658.0,MEDICINA,RAZONAMIENTO CUANTITATIVO,1.0,,,,,,,,,,"Frente a un problema que involucre información cuantitativa, plantea e implementa estrategias que lleven a soluciones adecuadas.",27.0,2025
SABER PRO - 2025,PROGRAMA_ACÁDEMICO,APRENDIZAJE_PRUEBA,2674,1,2.0,ANDINA,4.0,BOGOTÁ,152.0,BOGOTÁ D.C.,8964.0,UNIVERSIDAD NACIONAL DE COLOMBIA,8964.0,UNIVERSIDAD NACIONAL DE COLOMBIA-BOGOTÁ D.C.,14.0,MEDICINA,,,5658.0,MEDICINA,RAZONAMIENTO CUANTITATIVO,1.0,,,,,,,,,,Comprende y transforma la información cuantitativa y esquemática presentada en distintos formatos ,13.0,2025
SABER PRO - 2025,PROGRAMA_ACÁDEMICO,APRENDIZAJE_PRUEBA,2003,1,2.0,ANDINA,4.0,BOGOTÁ,152.0,BOGOTÁ D.C.,8964.0,UNIVERSIDAD NACIONAL DE COLOMBIA,8964.0,UNIVERSIDAD NACIONAL DE COLOMBIA-BOGOTÁ D.C.,14.0,MEDICINA,,,5658.0,MEDICINA,LECTURA CRÍTICA,1.0,,,,,,,,,,Identifica y entiende los contenidos locales que conforman un texto. ,15.0,2025
SABER PRO - 2025,PROGRAMA_ACÁDEMICO,APRENDIZAJE_PRUEBA,813,1,2.0,ANDINA,4.0,BOGOTÁ,152.0,BOGOTÁ D.C.,8964.0,UNIVERSIDAD NACIONAL DE COLOMBIA,8964.0,UNIVERSIDAD NACIONAL DE COLOMBIA-BOGOTÁ D.C.,14.0,MEDICINA,,,5658.0,MEDICINA,COMPETENCIAS CIUDADANAS,1.0,,,,,,,,,,Conoce la organización del Estado de acuerdo con la Constitución.,23.0,2025
SABER PRO - 2025,PROGRAMA_ACÁDEMICO,APRENDIZAJE_PRUEBA,1626,1,2.0,ANDINA,4.0,BOGOTÁ,152.0,BOGOTÁ D.C.,8964.0,UNIVERSIDAD NACIONAL DE COLOMBIA,8964.0,UNIVERSIDAD NACIONAL DE COLOMBIA-BOGOTÁ D.C.,14.0,MEDICINA,,,5658.0,MEDICINA,COMPETENCIAS CIUDADANAS,1.0,,,,,,,,,,Analiza y evalúa la pertinencia y solidez de enunciados-discursos.,23.0,2025
SABER PRO - 2025,PROGRAMA_ACÁDEMICO,APRENDIZAJE_PRUEBA,2875,1,2.0,ANDINA,4.0,BOGOTÁ,152.0,BOGOTÁ D.C.,8964.0,UNIVERSIDAD NACIONAL DE COLOMBIA,8964.0,UNIVERSIDAD NACIONAL DE COLOMBIA-BOGOTÁ D.C.,14.0,MEDICINA,,,5658.0,MEDICINA,LECTURA CRÍTICA,1.0,,,,,,,,,,Reflexiona a partir de un texto y evalúa su contenido.,23.0,2025
SABER PRO - 2025,PROGRAMA_ACÁDEMICO,APRENDIZAJE_PRUEBA,1210,1,2.0,ANDINA,4.0,BOGOTÁ,152.0,BOGOTÁ D.C.,8964.0,UNIVERSIDAD NACIONAL DE COLOMBIA,8964.0,UNIVERSIDAD NACIONAL DE COLOMBIA-BOGOTÁ D.C.,14.0,MEDICINA,,,5658.0,MEDICINA,PROMOCIÓN DE LA SALUD Y PREVENCIÓN DE LA ENFERMEDAD,34.0,,,,,,,,,,"Integra los conceptos básicos de promoción de la salud que le permiten priorizar acciones por seguir, de acuerdo con las condiciones de salud de las poblaciones.",35.0,2025
SABER PRO - 2025,PROGRAMA_ACÁDEMICO,APRENDIZAJE_PRUEBA,171,1,2.0,ANDINA,4.0,BOGOTÁ,152.0,BOGOTÁ D.C.,8964.0,UNIVERSIDAD NACIONAL DE COLOMBIA,8964.0,UNIVERSIDAD NACIONAL DE COLOMBIA-BOGOTÁ D.C.,8.0,CIENCIAS AGROPECUARIAS ,,,3033.0,MEDICINA VETERINARIA,COMPETENCIAS CIUDADANAS,1.0,,,,,,,,,,Comprende qué es la Constitución Política de Colombia y sus principios fundamentales.,32.0,2025
SABER PRO - 2025,PROGRAMA_ACÁDEMICO,APRENDIZAJE_PRUEBA,2783,1,2.0,ANDINA,4.0,BOGOTÁ,152.0,BOGOTÁ D.C.,8964.0,UNIVERSIDAD NACIONAL DE COLOMBIA,8964.0,UNIVERSIDAD NACIONAL DE COLOMBIA-BOGOTÁ D.C.,14.0,MEDICINA,,,5658.0,MEDICINA,FUNDAMENTACIÓN EN DIAGNÓSTICO Y TRATAMIENTO MÉDICOS,34.0,,,,,,,,,,"Propone un plan de tratamiento de acuerdo con la situación del paciente, a partir de casos clínicos de común ocurrencia en la práctica de los médicos generales.",46.0,2025
SABER PRO - 2025,PROGRAMA_ACÁDEMICO,APRENDIZAJE_PRUEBA,1239,1,2.0,ANDINA,4.0,BOGOTÁ,152.0,BOGOTÁ D.C.,8964.0,UNIVERSIDAD NACIONAL DE COLOMBIA,8964.0,UNIVERSIDAD NACIONAL DE COLOMBIA-BOGOTÁ D.C.,14.0,MEDICINA,,,5658.0,MEDICINA,COMPETENCIAS CIUDADANAS,1.0,,,,,,,,,,Analiza las diferentes perspectivas presentes en situaciones en donde interactúan diferentes partes.,23.0,2025
SABER PRO - 2025,PROGRAMA_ACÁDEMICO,APRENDIZAJE_PRUEBA,139,1,2.0,ANDINA,4.0,BOGOTÁ,152.0,BOGOTÁ D.C.,8964.0,UNIVERSIDAD NACIONAL DE COLOMBIA,8964.0,UNIVERSIDAD NACIONAL DE COLOMBIA-BOGOTÁ D.C.,8.0,CIENCIAS AGROPECUARIAS ,,,3033.0,MEDICINA VETERINARIA,COMPETENCIAS CIUDADANAS,1.0,,,,,,,,,,Conoce los derechos y deberes que la Constitución consagra.,28.0,2025
SABER PRO - 2025,PROGRAMA_ACÁDEMICO,APRENDIZAJE_PRUEBA,603,1,2.0,ANDINA,4.0,BOGOTÁ,152.0,BOGOTÁ D.C.,8964.0,UNIVERSIDAD NACIONAL DE COLOMBIA,8964.0,UNIVERSIDAD NACIONAL DE COLOMBIA-BOGOTÁ D.C.,8.0,CIENCIAS AGROPECUARIAS ,,,3033.0,MEDICINA VETERINARIA,LECTURA CRÍTICA,1.0,,,,,,,,,,Reflexiona a partir de un texto y evalúa su contenido.,29.0,2025
SABER PRO - 2025,PROGRAMA_ACÁDEMICO,APRENDIZAJE_PRUEBA,2874,1,2.0,ANDINA,4.0,BOGOTÁ,152.0,BOGOTÁ D.C.,8964.0,UNIVERSIDAD NACIONAL DE COLOMBIA,8964.0,UNIVERSIDAD NACIONAL DE COLOMBIA-BOGOTÁ D.C.,14.0,MEDICINA,,,5658.0,MEDICINA,RAZONAMIENTO CUANTITATIVO,1.0,,,,,,,,,,Valida procedimientos y  estrategias matemáticas utilizadas para dar solución a problemas.,22.0,2025
SABER PRO - 2025,PROGRAMA_ACÁDEMICO,APRENDIZAJE_PRUEBA,1200,1,2.0,ANDINA,4.0,BOGOTÁ,152.0,BOGOTÁ D.C.,8964.0,UNIVERSIDAD NACIONAL DE COLOMBIA,8964.0,UNIVERSIDAD NACIONAL DE COLOMBIA-BOGOTÁ D.C.,14.0,MEDICINA,,,5658.0,MEDICINA,COMPETENCIAS CIUDADANAS,1.0,,,,,,,,,,Reconoce la existencia de diferentes perspectivas en situaciones en donde interactúan diferentes partes.,21.0,2025
SABER PRO - 2025,PROGRAMA_ACÁDEMICO,APRENDIZAJE_PRUEBA,3252,1,2.0,ANDINA,4.0,BOGOTÁ,152.0,BOGOTÁ D.C.,8964.0,UNIVERSIDAD NACIONAL DE COLOMBIA,8964.0,UNIVERSIDAD NACIONAL DE COLOMBIA-BOGOTÁ D.C.,14.0,MEDICINA,,,5658.0,MEDICINA,LECTURA CRÍTICA,1.0,,,,,,,,,,Comprende cómo se articulan las partes de un texto para darle un sentido global.,24.0,2025
SABER PRO - 2025,PROGRAMA_ACÁDEMICO,APRENDIZAJE_PRUEBA,1626,1,2.0,ANDINA,4.0,BOGOTÁ,152.0,BOGOTÁ D.C.,8964.0,UNIVERSIDAD NACIONAL DE COLOMBIA,8964.0,UNIVERSIDAD NACIONAL DE COLOMBIA-BOGOTÁ D.C.,14.0,MEDICINA,,,5658.0,MEDICINA,COMPETENCIAS CIUDADANAS,1.0,,,,,,,,,,Comprende que los problemas y sus soluciones involucran distintas dimensiones y reconoce relaciones entre estas. ,24.0,2025
SABER PRO - 2025,PROGRAMA_ACÁDEMICO,APRENDIZAJE_PRUEBA,423,1,2.0,ANDINA,4.0,BOGOTÁ,152.0,BOGOTÁ D.C.,8964.0,UNIVERSIDAD NACIONAL DE COLOMBIA,8964.0,UNIVERSIDAD NACIONAL DE COLOMBIA-BOGOTÁ D.C.,8.0,CIENCIAS AGROPECUARIAS ,,,3033.0,MEDICINA VETERINARIA,LECTURA CRÍTICA,1.0,,,,,,,,,,Identifica y entiende los contenidos locales que conforman un texto. ,11.0,2025
SABER PRO - 2025,PROGRAMA_ACÁDEMICO,APRENDIZAJE_PRUEBA,1452,1,2.0,ANDINA,4.0,BOGOTÁ,152.0,BOGOTÁ D.C.,8964.0,UNIVERSIDAD NACIONAL DE COLOMBIA,8964.0,UNIVERSIDAD NACIONAL DE COLOMBIA-BOGOTÁ D.C.,14.0,MEDICINA,,,5658.0,MEDICINA,ATENCIÓN EN SALUD,34.0,,,,,,,,,,"Analiza los determinantes personales, sociales, económicos y ambientales que influyen en el estado de salud del individuo, la familia y la comunidad, para la priorización de acciones a seguir.",29.0,2025
SABER PRO - 2025,PROGRAMA_ACÁDEMICO,APRENDIZAJE_PRUEBA,968,1,2.0,ANDINA,4.0,BOGOTÁ,152.0,BOGOTÁ D.C.,8964.0,UNIVERSIDAD NACIONAL DE COLOMBIA,8964.0,UNIVERSIDAD NACIONAL DE COLOMBIA-BOGOTÁ D.C.,14.0,MEDICINA,,,5658.0,MEDICINA,ATENCIÓN EN SALUD,34.0,,,,,,,,,,"Integra el proceso de sistematización de la información, relacionada con la salud del individuo, la familia y la comunidad en la priorización de acciones. ",23.0,2025
SABER PRO - 2025,PROGRAMA_ACÁDEMICO,APRENDIZAJE_PRUEBA,1452,1,2.0,ANDINA,4.0,BOGOTÁ,152.0,BOGOTÁ D.C.,8964.0,UNIVERSIDAD NACIONAL DE COLOMBIA,8964.0,UNIVERSIDAD NACIONAL DE COLOMBIA-BOGOTÁ D.C.,14.0,MEDICINA,,,5658.0,MEDICINA,ATENCIÓN EN SALUD,34.0,,,,,,,,,,"Propone acciones de diagnóstico, ejecución y evaluación en el marco de políticas y lineamientos en salud vigentes.",30.0,2025
SABER PRO - 2025,PROGRAMA_ACÁDEMICO,APRENDIZAJE_PRUEBA,246,1,2.0,ANDINA,4.0,BOGOTÁ,152.0,BOGOTÁ D.C.,8964.0,UNIVERSIDAD NACIONAL DE COLOMBIA,8964.0,UNIVERSIDAD NACIONAL DE COLOMBIA-BOGOTÁ D.C.,8.0,CIENCIAS AGROPECUARIAS ,,,3033.0,MEDICINA VETERINARIA,COMPETENCIAS CIUDADANAS,1.0,,,,,,,,,,Analiza las diferentes perspectivas presentes en situaciones en donde interactúan diferentes partes.,28.0,2025
SABER PRO - 2025,PROGRAMA_ACÁDEMICO,APRENDIZAJE_PRUEBA,968,1,2.0,ANDINA,4.0,BOGOTÁ,152.0,BOGOTÁ D.C.,8964.0,UNIVERSIDAD NACIONAL DE COLOMBIA,8964.0,UNIVERSIDAD NACIONAL DE COLOMBIA-BOGOTÁ D.C.,14.0,MEDICINA,,,5658.0,MEDICINA,ATENCIÓN EN SALUD,34.0,,,,,,,,,,"Reconoce la política y la normatividad nacional y los acuerdos internacionales suscritos por el Estado colombiano, relacionados con salud pública y los aplica en situaciones concretas que afectan la salud del individuo, la familia y la comunidad.",26.0,2025
SABER PRO - 2025,PROGRAMA_ACÁDEMICO,APRENDIZAJE_PRUEBA,759,1,2.0,ANDINA,4.0,BOGOTÁ,152.0,BOGOTÁ D.C.,8970.0,FUNDACION UNIVERSITARIA DEL AREA ANDINA,8970.0,FUNDACION UNIVERSITARIA DEL AREA ANDINA-BOGOTÁ D.C.,81.0,GRUPO REFERENCIA NACIONAL UNIVERSITARIO,,,17859.0,MEDICINA,FUNDAMENTACIÓN EN DIAGNÓSTICO Y TRATAMIENTO MÉDICOS,34.0,,,,,,,,,,"Propone un plan de tratamiento de acuerdo con la situación del paciente, a partir de casos clínicos de común ocurrencia en la práctica de los médicos generales.",64.0,2025
SABER PRO - 2025,PROGRAMA_ACÁDEMICO,APRENDIZAJE_PRUEBA,266,1,2.0,ANDINA,4.0,BOGOTÁ,152.0,BOGOTÁ D.C.,8970.0,FUNDACION UNIVERSITARIA DEL AREA ANDINA,8970.0,FUNDACION UNIVERSITARIA DEL AREA ANDINA-BOGOTÁ D.C.,81.0,GRUPO REFERENCIA NACIONAL UNIVERSITARIO,,,17859.0,MEDICINA,COMPETENCIAS CIUDADANAS,1.0,,,,,,,,,,Analiza las diferentes perspectivas presentes en situaciones en donde interactúan diferentes partes.,43.0,2025
SABER PRO - 2025,PROGRAMA_ACÁDEMICO,APRENDIZAJE_PRUEBA,171,1,2.0,ANDINA,4.0,BOGOTÁ,152.0,BOGOTÁ D.C.,8970.0,FUNDACION UNIVERSITARIA DEL AREA ANDINA,8970.0,FUNDACION UNIVERSITARIA DEL AREA ANDINA-BOGOTÁ D.C.,81.0,GRUPO REFERENCIA NACIONAL UNIVERSITARIO,,,17859.0,MEDICINA,COMPETENCIAS CIUDADANAS,1.0,,,,,,,,,,Conoce la organización del Estado de acuerdo con la Constitución.,33.0,2025
SABER PRO - 2025,PROGRAMA_ACÁDEMICO,APRENDIZAJE_PRUEBA,605,1,2.0,ANDINA,4.0,BOGOTÁ,152.0,BOGOTÁ D.C.,8970.0,FUNDACION UNIVERSITARIA DEL AREA ANDINA,8970.0,FUNDACION UNIVERSITARIA DEL AREA ANDINA-BOGOTÁ D.C.,81.0,GRUPO REFERENCIA NACIONAL UNIVERSITARIO,,,17859.0,MEDICINA,RAZONAMIENTO CUANTITATIVO,1.0,,,,,,,,,,Valida procedimientos y  estrategias matemáticas utilizadas para dar solución a problemas.,49.0,2025
SABER PRO - 2025,PROGRAMA_ACÁDEMICO,APRENDIZAJE_PRUEBA,1089,1,2.0,ANDINA,4.0,BOGOTÁ,152.0,BOGOTÁ D.C.,8970.0,FUNDACION UNIVERSITARIA DEL AREA ANDINA,8970.0,FUNDACION UNIVERSITARIA DEL AREA ANDINA-BOGOTÁ D.C.,81.0,GRUPO REFERENCIA NACIONAL UNIVERSITARIO,,,17859.0,MEDICINA,FUNDAMENTACIÓN EN DIAGNÓSTICO Y TRATAMIENTO MÉDICOS,34.0,,,,,,,,,,"Determina la situación de salud o enfermedad de niños, jóvenes y adultos (hombres y mujeres), a partir de casos clínicos de común ocurrencia en la práctica de los médicos generales.",55.0,2025
SABER PRO - 2025,PROGRAMA_ACÁDEMICO,APRENDIZAJE_PRUEBA,264,1,2.0,ANDINA,4.0,BOGOTÁ,152.0,BOGOTÁ D.C.,8970.0,FUNDACION UNIVERSITARIA DEL AREA ANDINA,8970.0,FUNDACION UNIVERSITARIA DEL AREA ANDINA-BOGOTÁ D.C.,81.0,GRUPO REFERENCIA NACIONAL UNIVERSITARIO,,,17859.0,MEDICINA,ATENCIÓN EN SALUD,34.0,,,,,,,,,,"Integra el proceso de sistematización de la información, relacionada con la salud del individuo, la familia y la comunidad en la priorización de acciones. ",44.0,2025
SABER PRO - 2025,PROGRAMA_ACÁDEMICO,APRENDIZAJE_PRUEBA,146,1,2.0,ANDINA,4.0,BOGOTÁ,152.0,BOGOTÁ D.C.,8970.0,FUNDACION UNIVERSITARIA DEL AREA ANDINA,8970.0,FUNDACION UNIVERSITARIA DEL AREA ANDINA-BOGOTÁ D.C.,81.0,GRUPO REFERENCIA NACIONAL UNIVERSITARIO,,,17859.0,MEDICINA,COMPETENCIAS CIUDADANAS,1.0,,,,,,,,,,Conoce los derechos y deberes que la Constitución consagra.,42.0,2025
SABER PRO - 2025,PROGRAMA_ACÁDEMICO,APRENDIZAJE_PRUEBA,171,1,2.0,ANDINA,4.0,BOGOTÁ,152.0,BOGOTÁ D.C.,8970.0,FUNDACION UNIVERSITARIA DEL AREA ANDINA,8970.0,FUNDACION UNIVERSITARIA DEL AREA ANDINA-BOGOTÁ D.C.,81.0,GRUPO REFERENCIA NACIONAL UNIVERSITARIO,,,17859.0,MEDICINA,COMPETENCIAS CIUDADANAS,1.0,,,,,,,,,,Comprende qué es la Constitución Política de Colombia y sus principios fundamentales.,47.0,2025
SABER PRO - 2025,PROGRAMA_ACÁDEMICO,APRENDIZAJE_PRUEBA,396,1,2.0,ANDINA,4.0,BOGOTÁ,152.0,BOGOTÁ D.C.,8970.0,FUNDACION UNIVERSITARIA DEL AREA ANDINA,8970.0,FUNDACION UNIVERSITARIA DEL AREA ANDINA-BOGOTÁ D.C.,81.0,GRUPO REFERENCIA NACIONAL UNIVERSITARIO,,,17859.0,MEDICINA,ATENCIÓN EN SALUD,34.0,,,,,,,,,,"Propone acciones de diagnóstico, ejecución y evaluación en el marco de políticas y lineamientos en salud vigentes.",44.0,2025
SABER PRO - 2025,PROGRAMA_ACÁDEMICO,APRENDIZAJE_PRUEBA,562,1,2.0,ANDINA,4.0,BOGOTÁ,152.0,BOGOTÁ D.C.,8970.0,FUNDACION UNIVERSITARIA DEL AREA ANDINA,8970.0,FUNDACION UNIVERSITARIA DEL AREA ANDINA-BOGOTÁ D.C.,81.0,GRUPO REFERENCIA NACIONAL UNIVERSITARIO,,,17859.0,MEDICINA,RAZONAMIENTO CUANTITATIVO,1.0,,,,,,,,,,Comprende y transforma la información cuantitativa y esquemática presentada en distintos formatos ,35.0,2025
SABER PRO - 2025,PROGRAMA_ACÁDEMICO,APRENDIZAJE_PRUEBA,247,1,2.0,ANDINA,4.0,BOGOTÁ,152.0,BOGOTÁ D.C.,8970.0,FUNDACION UNIVERSITARIA DEL AREA ANDINA,8970.0,FUNDACION UNIVERSITARIA DEL AREA ANDINA-BOGOTÁ D.C.,81.0,GRUPO REFERENCIA NACIONAL UNIVERSITARIO,,,17859.0,MEDICINA,COMPETENCIAS CIUDADANAS,1.0,,,,,,,,,,Reconoce la existencia de diferentes perspectivas en situaciones en donde interactúan diferentes partes.,39.0,2025
SABER PRO - 2025,PROGRAMA_ACÁDEMICO,APRENDIZAJE_PRUEBA,342,1,2.0,ANDINA,4.0,BOGOTÁ,152.0,BOGOTÁ D.C.,8970.0,FUNDACION UNIVERSITARIA DEL AREA ANDINA,8970.0,FUNDACION UNIVERSITARIA DEL AREA ANDINA-BOGOTÁ D.C.,81.0,GRUPO REFERENCIA NACIONAL UNIVERSITARIO,,,17859.0,MEDICINA,COMPETENCIAS CIUDADANAS,1.0,,,,,,,,,,Comprende que los problemas y sus soluciones involucran distintas dimensiones y reconoce relaciones entre estas. ,38.0,2025
SABER PRO - 2025,PROGRAMA_ACÁDEMICO,APRENDIZAJE_PRUEBA,330,1,2.0,ANDINA,4.0,BOGOTÁ,152.0,BOGOTÁ D.C.,8970.0,FUNDACION UNIVERSITARIA DEL AREA ANDINA,8970.0,FUNDACION UNIVERSITARIA DEL AREA ANDINA-BOGOTÁ D.C.,81.0,GRUPO REFERENCIA NACIONAL UNIVERSITARIO,,,17859.0,MEDICINA,PROMOCIÓN DE LA SALUD Y PREVENCIÓN DE LA ENFERMEDAD,34.0,,,,,,,,,,"Integra los conceptos básicos de promoción de la salud que le permiten priorizar acciones por seguir, de acuerdo con las condiciones de salud de las poblaciones.",50.0,2025
SABER PRO - 2025,PROGRAMA_ACÁDEMICO,APRENDIZAJE_PRUEBA,418,1,2.0,ANDINA,4.0,BOGOTÁ,152.0,BOGOTÁ D.C.,8970.0,FUNDACION UNIVERSITARIA DEL AREA ANDINA,8970.0,FUNDACION UNIVERSITARIA DEL AREA ANDINA-BOGOTÁ D.C.,81.0,GRUPO REFERENCIA NACIONAL UNIVERSITARIO,,,17859.0,MEDICINA,LECTURA CRÍTICA,1.0,,,,,,,,,,Identifica y entiende los contenidos locales que conforman un texto. ,18.0,2025
SABER PRO - 2025,PROGRAMA_ACÁDEMICO,APRENDIZAJE_PRUEBA,608,1,2.0,ANDINA,4.0,BOGOTÁ,152.0,BOGOTÁ D.C.,8970.0,FUNDACION UNIVERSITARIA DEL AREA ANDINA,8970.0,FUNDACION UNIVERSITARIA DEL AREA ANDINA-BOGOTÁ D.C.,81.0,GRUPO REFERENCIA NACIONAL UNIVERSITARIO,,,17859.0,MEDICINA,LECTURA CRÍTICA,1.0,,,,,,,,,,Reflexiona a partir de un texto y evalúa su contenido.,36.0,2025
SABER PRO - 2025,PROGRAMA_ACÁDEMICO,APRENDIZAJE_PRUEBA,264,1,2.0,ANDINA,4.0,BOGOTÁ,152.0,BOGOTÁ D.C.,8970.0,FUNDACION UNIVERSITARIA DEL AREA ANDINA,8970.0,FUNDACION UNIVERSITARIA DEL AREA ANDINA-BOGOTÁ D.C.,81.0,GRUPO REFERENCIA NACIONAL UNIVERSITARIO,,,17859.0,MEDICINA,ATENCIÓN EN SALUD,34.0,,,,,,,,,,"Reconoce la política y la normatividad nacional y los acuerdos internacionales suscritos por el Estado colombiano, relacionados con salud pública y los aplica en situaciones concretas que afectan la salud del individuo, la familia y la comunidad.",26.0,2025
SABER PRO - 2025,PROGRAMA_ACÁDEMICO,APRENDIZAJE_PRUEBA,792,1,2.0,ANDINA,4.0,BOGOTÁ,152.0,BOGOTÁ D.C.,8970.0,FUNDACION UNIVERSITARIA DEL AREA ANDINA,8970.0,FUNDACION UNIVERSITARIA DEL AREA ANDINA-BOGOTÁ D.C.,81.0,GRUPO REFERENCIA NACIONAL UNIVERSITARIO,,,17859.0,MEDICINA,PROMOCIÓN DE LA SALUD Y PREVENCIÓN DE LA ENFERMEDAD,34.0,,,,,,,,,,"Integra los conceptos básicos de prevención de la enfermedad, que le permita la priorización de las acciones  por seguir  de  acuerdo con las condiciones de salud de las poblaciones.",34.0,2025
SABER PRO - 2025,PROGRAMA_ACÁDEMICO,APRENDIZAJE_PRUEBA,396,1,2.0,ANDINA,4.0,BOGOTÁ,152.0,BOGOTÁ D.C.,8970.0,FUNDACION UNIVERSITARIA DEL AREA ANDINA,8970.0,FUNDACION UNIVERSITARIA DEL AREA ANDINA-BOGOTÁ D.C.,81.0,GRUPO REFERENCIA NACIONAL UNIVERSITARIO,,,17859.0,MEDICINA,ATENCIÓN EN SALUD,34.0,,,,,,,,,,"Analiza los determinantes personales, sociales, económicos y ambientales que influyen en el estado de salud del individuo, la familia y la comunidad, para la priorización de acciones a seguir.",43.0,2025
SABER PRO - 2025,PROGRAMA_ACÁDEMICO,APRENDIZAJE_PRUEBA,342,1,2.0,ANDINA,4.0,BOGOTÁ,152.0,BOGOTÁ D.C.,8970.0,FUNDACION UNIVERSITARIA DEL AREA ANDINA,8970.0,FUNDACION UNIVERSITARIA DEL AREA ANDINA-BOGOTÁ D.C.,81.0,GRUPO REFERENCIA NACIONAL UNIVERSITARIO,,,17859.0,MEDICINA,COMPETENCIAS CIUDADANAS,1.0,,,,,,,,,,Analiza y evalúa la pertinencia y solidez de enunciados-discursos.,42.0,2025
SABER PRO - 2025,PROGRAMA_ACÁDEMICO,APRENDIZAJE_PRUEBA,684,1,2.0,ANDINA,4.0,BOGOTÁ,152.0,BOGOTÁ D.C.,8970.0,FUNDACION UNIVERSITARIA DEL AREA ANDINA,8970.0,FUNDACION UNIVERSITARIA DEL AREA ANDINA-BOGOTÁ D.C.,81.0,GRUPO REFERENCIA NACIONAL UNIVERSITARIO,,,17859.0,MEDICINA,LECTURA CRÍTICA,1.0,,,,,,,,,,Comprende cómo se articulan las partes de un texto para darle un sentido global.,41.0,2025
SABER PRO - 2025,PROGRAMA_ACÁDEMICO,APRENDIZAJE_PRUEBA,543,1,2.0,ANDINA,4.0,BOGOTÁ,152.0,BOGOTÁ D.C.,8970.0,FUNDACION UNIVERSITARIA DEL AREA ANDINA,8970.0,FUNDACION UNIVERSITARIA DEL AREA ANDINA-BOGOTÁ D.C.,81.0,GRUPO REFERENCIA NACIONAL UNIVERSITARIO,,,17859.0,MEDICINA,RAZONAMIENTO CUANTITATIVO,1.0,,,,,,,,,,"Frente a un problema que involucre información cuantitativa, plantea e implementa estrategias que lleven a soluciones adecuadas.",49.0,2025
SABER PRO - 2025,PROGRAMA_ACÁDEMICO,APRENDIZAJE_PRUEBA,2232,1,2.0,ANDINA,4.0,BOGOTÁ,152.0,BOGOTÁ D.C.,8974.0,FUNDACION UNIVERSITARIA DE CIENCIAS DE LA SALUD,8974.0,FUNDACION UNIVERSITARIA DE CIENCIAS DE LA SALUD-BOGOTÁ D.C.,14.0,MEDICINA,,,163.0,MEDICINA,LECTURA CRÍTICA,1.0,,,,,,,,,,Comprende cómo se articulan las partes de un texto para darle un sentido global.,36.0,2025
SABER PRO - 2025,PROGRAMA_ACÁDEMICO,APRENDIZAJE_PRUEBA,1982,1,2.0,ANDINA,4.0,BOGOTÁ,152.0,BOGOTÁ D.C.,8974.0,FUNDACION UNIVERSITARIA DE CIENCIAS DE LA SALUD,8974.0,FUNDACION UNIVERSITARIA DE CIENCIAS DE LA SALUD-BOGOTÁ D.C.,14.0,MEDICINA,,,163.0,MEDICINA,RAZONAMIENTO CUANTITATIVO,1.0,,,,,,,,,,Valida procedimientos y  estrategias matemáticas utilizadas para dar solución a problemas.,38.0,2025
SABER PRO - 2025,PROGRAMA_ACÁDEMICO,APRENDIZAJE_PRUEBA,1188,1,2.0,ANDINA,4.0,BOGOTÁ,152.0,BOGOTÁ D.C.,8974.0,FUNDACION UNIVERSITARIA DE CIENCIAS DE LA SALUD,8974.0,FUNDACION UNIVERSITARIA DE CIENCIAS DE LA SALUD-BOGOTÁ D.C.,14.0,MEDICINA,,,163.0,MEDICINA,ATENCIÓN EN SALUD,34.0,,,,,,,,,,"Propone acciones de diagnóstico, ejecución y evaluación en el marco de políticas y lineamientos en salud vigentes.",48.0,2025
SABER PRO - 2025,PROGRAMA_ACÁDEMICO,APRENDIZAJE_PRUEBA,558,1,2.0,ANDINA,4.0,BOGOTÁ,152.0,BOGOTÁ D.C.,8974.0,FUNDACION UNIVERSITARIA DE CIENCIAS DE LA SALUD,8974.0,FUNDACION UNIVERSITARIA DE CIENCIAS DE LA SALUD-BOGOTÁ D.C.,14.0,MEDICINA,,,163.0,MEDICINA,COMPETENCIAS CIUDADANAS,1.0,,,,,,,,,,Comprende qué es la Constitución Política de Colombia y sus principios fundamentales.,37.0,2025
SABER PRO - 2025,PROGRAMA_ACÁDEMICO,APRENDIZAJE_PRUEBA,1764,1,2.0,ANDINA,4.0,BOGOTÁ,152.0,BOGOTÁ D.C.,8974.0,FUNDACION UNIVERSITARIA DE CIENCIAS DE LA SALUD,8974.0,FUNDACION UNIVERSITARIA DE CIENCIAS DE LA SALUD-BOGOTÁ D.C.,14.0,MEDICINA,,,163.0,MEDICINA,RAZONAMIENTO CUANTITATIVO,1.0,,,,,,,,,,"Frente a un problema que involucre información cuantitativa, plantea e implementa estrategias que lleven a soluciones adecuadas.",46.0,2025
SABER PRO - 2025,PROGRAMA_ACÁDEMICO,APRENDIZAJE_PRUEBA,1188,1,2.0,ANDINA,4.0,BOGOTÁ,152.0,BOGOTÁ D.C.,8974.0,FUNDACION UNIVERSITARIA DE CIENCIAS DE LA SALUD,8974.0,FUNDACION UNIVERSITARIA DE CIENCIAS DE LA SALUD-BOGOTÁ D.C.,14.0,MEDICINA,,,163.0,MEDICINA,ATENCIÓN EN SALUD,34.0,,,,,,,,,,"Analiza los determinantes personales, sociales, económicos y ambientales que influyen en el estado de salud del individuo, la familia y la comunidad, para la priorización de acciones a seguir.",45.0,2025
SABER PRO - 2025,PROGRAMA_ACÁDEMICO,APRENDIZAJE_PRUEBA,822,1,2.0,ANDINA,4.0,BOGOTÁ,152.0,BOGOTÁ D.C.,8974.0,FUNDACION UNIVERSITARIA DE CIENCIAS DE LA SALUD,8974.0,FUNDACION UNIVERSITARIA DE CIENCIAS DE LA SALUD-BOGOTÁ D.C.,14.0,MEDICINA,,,163.0,MEDICINA,COMPETENCIAS CIUDADANAS,1.0,,,,,,,,,,Reconoce la existencia de diferentes perspectivas en situaciones en donde interactúan diferentes partes.,30.0,2025
SABER PRO - 2025,PROGRAMA_ACÁDEMICO,APRENDIZAJE_PRUEBA,1361,1,2.0,ANDINA,4.0,BOGOTÁ,152.0,BOGOTÁ D.C.,8974.0,FUNDACION UNIVERSITARIA DE CIENCIAS DE LA SALUD,8974.0,FUNDACION UNIVERSITARIA DE CIENCIAS DE LA SALUD-BOGOTÁ D.C.,14.0,MEDICINA,,,163.0,MEDICINA,LECTURA CRÍTICA,1.0,,,,,,,,,,Identifica y entiende los contenidos locales que conforman un texto. ,19.0,2025
SABER PRO - 2025,PROGRAMA_ACÁDEMICO,APRENDIZAJE_PRUEBA,1834,1,2.0,ANDINA,4.0,BOGOTÁ,152.0,BOGOTÁ D.C.,8974.0,FUNDACION UNIVERSITARIA DE CIENCIAS DE LA SALUD,8974.0,FUNDACION UNIVERSITARIA DE CIENCIAS DE LA SALUD-BOGOTÁ D.C.,14.0,MEDICINA,,,163.0,MEDICINA,RAZONAMIENTO CUANTITATIVO,1.0,,,,,,,,,,Comprende y transforma la información cuantitativa y esquemática presentada en distintos formatos ,24.0,2025
SABER PRO - 2025,PROGRAMA_ACÁDEMICO,APRENDIZAJE_PRUEBA,852,1,2.0,ANDINA,4.0,BOGOTÁ,152.0,BOGOTÁ D.C.,8974.0,FUNDACION UNIVERSITARIA DE CIENCIAS DE LA SALUD,8974.0,FUNDACION UNIVERSITARIA DE CIENCIAS DE LA SALUD-BOGOTÁ D.C.,14.0,MEDICINA,,,163.0,MEDICINA,COMPETENCIAS CIUDADANAS,1.0,,,,,,,,,,Analiza las diferentes perspectivas presentes en situaciones en donde interactúan diferentes partes.,33.0,2025
SABER PRO - 2025,PROGRAMA_ACÁDEMICO,APRENDIZAJE_PRUEBA,990,1,2.0,ANDINA,4.0,BOGOTÁ,152.0,BOGOTÁ D.C.,8974.0,FUNDACION UNIVERSITARIA DE CIENCIAS DE LA SALUD,8974.0,FUNDACION UNIVERSITARIA DE CIENCIAS DE LA SALUD-BOGOTÁ D.C.,14.0,MEDICINA,,,163.0,MEDICINA,PROMOCIÓN DE LA SALUD Y PREVENCIÓN DE LA ENFERMEDAD,34.0,,,,,,,,,,"Integra los conceptos básicos de promoción de la salud que le permiten priorizar acciones por seguir, de acuerdo con las condiciones de salud de las poblaciones.",49.0,2025
SABER PRO - 2025,PROGRAMA_ACÁDEMICO,APRENDIZAJE_PRUEBA,1116,1,2.0,ANDINA,4.0,BOGOTÁ,152.0,BOGOTÁ D.C.,8974.0,FUNDACION UNIVERSITARIA DE CIENCIAS DE LA SALUD,8974.0,FUNDACION UNIVERSITARIA DE CIENCIAS DE LA SALUD-BOGOTÁ D.C.,14.0,MEDICINA,,,163.0,MEDICINA,COMPETENCIAS CIUDADANAS,1.0,,,,,,,,,,Analiza y evalúa la pertinencia y solidez de enunciados-discursos.,36.0,2025
SABER PRO - 2025,PROGRAMA_ACÁDEMICO,APRENDIZAJE_PRUEBA,3267,1,2.0,ANDINA,4.0,BOGOTÁ,152.0,BOGOTÁ D.C.,8974.0,FUNDACION UNIVERSITARIA DE CIENCIAS DE LA SALUD,8974.0,FUNDACION UNIVERSITARIA DE CIENCIAS DE LA SALUD-BOGOTÁ D.C.,14.0,MEDICINA,,,163.0,MEDICINA,FUNDAMENTACIÓN EN DIAGNÓSTICO Y TRATAMIENTO MÉDICOS,34.0,,,,,,,,,,"Determina la situación de salud o enfermedad de niños, jóvenes y adultos (hombres y mujeres), a partir de casos clínicos de común ocurrencia en la práctica de los médicos generales.",54.0,2025
SABER PRO - 2025,PROGRAMA_ACÁDEMICO,APRENDIZAJE_PRUEBA,478,1,2.0,ANDINA,4.0,BOGOTÁ,152.0,BOGOTÁ D.C.,8974.0,FUNDACION UNIVERSITARIA DE CIENCIAS DE LA SALUD,8974.0,FUNDACION UNIVERSITARIA DE CIENCIAS DE LA SALUD-BOGOTÁ D.C.,14.0,MEDICINA,,,163.0,MEDICINA,COMPETENCIAS CIUDADANAS,1.0,,,,,,,,,,Conoce los derechos y deberes que la Constitución consagra.,34.0,2025
SABER PRO - 2025,PROGRAMA_ACÁDEMICO,APRENDIZAJE_PRUEBA,2376,1,2.0,ANDINA,4.0,BOGOTÁ,152.0,BOGOTÁ D.C.,8974.0,FUNDACION UNIVERSITARIA DE CIENCIAS DE LA SALUD,8974.0,FUNDACION UNIVERSITARIA DE CIENCIAS DE LA SALUD-BOGOTÁ D.C.,14.0,MEDICINA,,,163.0,MEDICINA,PROMOCIÓN DE LA SALUD Y PREVENCIÓN DE LA ENFERMEDAD,34.0,,,,,,,,,,"Integra los conceptos básicos de prevención de la enfermedad, que le permita la priorización de las acciones  por seguir  de  acuerdo con las condiciones de salud de las poblaciones.",35.0,2025
SABER PRO - 2025,PROGRAMA_ACÁDEMICO,APRENDIZAJE_PRUEBA,558,1,2.0,ANDINA,4.0,BOGOTÁ,152.0,BOGOTÁ D.C.,8974.0,FUNDACION UNIVERSITARIA DE CIENCIAS DE LA SALUD,8974.0,FUNDACION UNIVERSITARIA DE CIENCIAS DE LA SALUD-BOGOTÁ D.C.,14.0,MEDICINA,,,163.0,MEDICINA,COMPETENCIAS CIUDADANAS,1.0,,,,,,,,,,Conoce la organización del Estado de acuerdo con la Constitución.,32.0,2025
SABER PRO - 2025,PROGRAMA_ACÁDEMICO,APRENDIZAJE_PRUEBA,792,1,2.0,ANDINA,4.0,BOGOTÁ,152.0,BOGOTÁ D.C.,8974.0,FUNDACION UNIVERSITARIA DE CIENCIAS DE LA SALUD,8974.0,FUNDACION UNIVERSITARIA DE CIENCIAS DE LA SALUD-BOGOTÁ D.C.,14.0,MEDICINA,,,163.0,MEDICINA,ATENCIÓN EN SALUD,34.0,,,,,,,,,,"Reconoce la política y la normatividad nacional y los acuerdos internacionales suscritos por el Estado colombiano, relacionados con salud pública y los aplica en situaciones concretas que afectan la salud del individuo, la familia y la comunidad.",33.0,2025
SABER PRO - 2025,PROGRAMA_ACÁDEMICO,APRENDIZAJE_PRUEBA,2277,1,2.0,ANDINA,4.0,BOGOTÁ,152.0,BOGOTÁ D.C.,8974.0,FUNDACION UNIVERSITARIA DE CIENCIAS DE LA SALUD,8974.0,FUNDACION UNIVERSITARIA DE CIENCIAS DE LA SALUD-BOGOTÁ D.C.,14.0,MEDICINA,,,163.0,MEDICINA,FUNDAMENTACIÓN EN DIAGNÓSTICO Y TRATAMIENTO MÉDICOS,34.0,,,,,,,,,,"Propone un plan de tratamiento de acuerdo con la situación del paciente, a partir de casos clínicos de común ocurrencia en la práctica de los médicos generales.",57.0,2025
SABER PRO - 2025,PROGRAMA_ACÁDEMICO,APRENDIZAJE_PRUEBA,1116,1,2.0,ANDINA,4.0,BOGOTÁ,152.0,BOGOTÁ D.C.,8974.0,FUNDACION UNIVERSITARIA DE CIENCIAS DE LA SALUD,8974.0,FUNDACION UNIVERSITARIA DE CIENCIAS DE LA SALUD-BOGOTÁ D.C.,14.0,MEDICINA,,,163.0,MEDICINA,COMPETENCIAS CIUDADANAS,1.0,,,,,,,,,,Comprende que los problemas y sus soluciones involucran distintas dimensiones y reconoce relaciones entre estas. ,33.0,2025
SABER PRO - 2025,PROGRAMA_ACÁDEMICO,APRENDIZAJE_PRUEBA,792,1,2.0,ANDINA,4.0,BOGOTÁ,152.0,BOGOTÁ D.C.,8974.0,FUNDACION UNIVERSITARIA DE CIENCIAS DE LA SALUD,8974.0,FUNDACION UNIVERSITARIA DE CIENCIAS DE LA SALUD-BOGOTÁ D.C.,14.0,MEDICINA,,,163.0,MEDICINA,ATENCIÓN EN SALUD,34.0,,,,,,,,,,"Integra el proceso de sistematización de la información, relacionada con la salud del individuo, la familia y la comunidad en la priorización de acciones. ",33.0,2025
SABER PRO - 2025,PROGRAMA_ACÁDEMICO,APRENDIZAJE_PRUEBA,1987,1,2.0,ANDINA,4.0,BOGOTÁ,152.0,BOGOTÁ D.C.,8974.0,FUNDACION UNIVERSITARIA DE CIENCIAS DE LA SALUD,8974.0,FUNDACION UNIVERSITARIA DE CIENCIAS DE LA SALUD-BOGOTÁ D.C.,14.0,MEDICINA,,,163.0,MEDICINA,LECTURA CRÍTICA,1.0,,,,,,,,,,Reflexiona a partir de un texto y evalúa su contenido.,33.0,2025
SABER PRO - 2025,PROGRAMA_ACÁDEMICO,APRENDIZAJE_PRUEBA,484,1,2.0,ANDINA,4.0,BOGOTÁ,152.0,BOGOTÁ D.C.,8990.0,FUNDACION UNIVERSITARIA SAN MARTIN,8990.0,FUNDACION UNIVERSITARIA SAN MARTIN-BOGOTÁ D.C.,8.0,CIENCIAS AGROPECUARIAS ,,,5087.0,MEDICINA VETERINARIA Y ZOOTECNIA,RAZONAMIENTO CUANTITATIVO,1.0,,,,,,,,,,Comprende y transforma la información cuantitativa y esquemática presentada en distintos formatos ,43.0,2025
SABER PRO - 2025,PROGRAMA_ACÁDEMICO,APRENDIZAJE_PRUEBA,511,1,2.0,ANDINA,4.0,BOGOTÁ,152.0,BOGOTÁ D.C.,8990.0,FUNDACION UNIVERSITARIA SAN MARTIN,8990.0,FUNDACION UNIVERSITARIA SAN MARTIN-BOGOTÁ D.C.,8.0,CIENCIAS AGROPECUARIAS ,,,5087.0,MEDICINA VETERINARIA Y ZOOTECNIA,LECTURA CRÍTICA,1.0,,,,,,,,,,Reflexiona a partir de un texto y evalúa su contenido.,49.0,2025
SABER PRO - 2025,PROGRAMA_ACÁDEMICO,APRENDIZAJE_PRUEBA,372,1,2.0,ANDINA,4.0,BOGOTÁ,152.0,BOGOTÁ D.C.,8990.0,FUNDACION UNIVERSITARIA SAN MARTIN,8990.0,FUNDACION UNIVERSITARIA SAN MARTIN-BOGOTÁ D.C.,14.0,MEDICINA,,,6506.0,MEDICINA,ATENCIÓN EN SALUD,34.0,,,,,,,,,,"Analiza los determinantes personales, sociales, económicos y ambientales que influyen en el estado de salud del individuo, la familia y la comunidad, para la priorización de acciones a seguir.",50.0,2025
SABER PRO - 2025,PROGRAMA_ACÁDEMICO,APRENDIZAJE_PRUEBA,248,1,2.0,ANDINA,4.0,BOGOTÁ,152.0,BOGOTÁ D.C.,8990.0,FUNDACION UNIVERSITARIA SAN MARTIN,8990.0,FUNDACION UNIVERSITARIA SAN MARTIN-BOGOTÁ D.C.,14.0,MEDICINA,,,6506.0,MEDICINA,ATENCIÓN EN SALUD,34.0,,,,,,,,,,"Integra el proceso de sistematización de la información, relacionada con la salud del individuo, la familia y la comunidad en la priorización de acciones. ",38.0,2025
SABER PRO - 2025,PROGRAMA_ACÁDEMICO,APRENDIZAJE_PRUEBA,260,1,2.0,ANDINA,4.0,BOGOTÁ,152.0,BOGOTÁ D.C.,8990.0,FUNDACION UNIVERSITARIA SAN MARTIN,8990.0,FUNDACION UNIVERSITARIA SAN MARTIN-BOGOTÁ D.C.,14.0,MEDICINA,,,6920.0,MEDICINA,PROMOCIÓN DE LA SALUD Y PREVENCIÓN DE LA ENFERMEDAD,34.0,,,,,,,,,,"Integra los conceptos básicos de promoción de la salud que le permiten priorizar acciones por seguir, de acuerdo con las condiciones de salud de las poblaciones.",52.0,2025
SABER PRO - 2025,PROGRAMA_ACÁDEMICO,APRENDIZAJE_PRUEBA,312,1,2.0,ANDINA,4.0,BOGOTÁ,152.0,BOGOTÁ D.C.,8990.0,FUNDACION UNIVERSITARIA SAN MARTIN,8990.0,FUNDACION UNIVERSITARIA SAN MARTIN-BOGOTÁ D.C.,14.0,MEDICINA,,,6920.0,MEDICINA,ATENCIÓN EN SALUD,34.0,,,,,,,,,,"Analiza los determinantes personales, sociales, económicos y ambientales que influyen en el estado de salud del individuo, la familia y la comunidad, para la priorización de acciones a seguir.",56.0,2025
SABER PRO - 2025,PROGRAMA_ACÁDEMICO,APRENDIZAJE_PRUEBA,232,1,2.0,ANDINA,4.0,BOGOTÁ,152.0,BOGOTÁ D.C.,8990.0,FUNDACION UNIVERSITARIA SAN MARTIN,8990.0,FUNDACION UNIVERSITARIA SAN MARTIN-BOGOTÁ D.C.,14.0,MEDICINA,,,6922.0,MEDICINA,ATENCIÓN EN SALUD,34.0,,,,,,,,,,"Integra el proceso de sistematización de la información, relacionada con la salud del individuo, la familia y la comunidad en la priorización de acciones. ",64.0,2025
SABER PRO - 2025,PROGRAMA_ACÁDEMICO,APRENDIZAJE_PRUEBA,1524,1,2.0,ANDINA,4.0,BOGOTÁ,152.0,BOGOTÁ D.C.,8990.0,FUNDACION UNIVERSITARIA SAN MARTIN,8990.0,FUNDACION UNIVERSITARIA SAN MARTIN-BOGOTÁ D.C.,14.0,MEDICINA,,,6049.0,MEDICINA,LECTURA CRÍTICA,1.0,,,,,,,,,,Comprende cómo se articulan las partes de un texto para darle un sentido global.,50.0,2025
SABER PRO - 2025,PROGRAMA_ACÁDEMICO,APRENDIZAJE_PRUEBA,584,1,2.0,ANDINA,4.0,BOGOTÁ,152.0,BOGOTÁ D.C.,8990.0,FUNDACION UNIVERSITARIA SAN MARTIN,8990.0,FUNDACION UNIVERSITARIA SAN MARTIN-BOGOTÁ D.C.,14.0,MEDICINA,,,6049.0,MEDICINA,ATENCIÓN EN SALUD,34.0,,,,,,,,,,"Reconoce la política y la normatividad nacional y los acuerdos internacionales suscritos por el Estado colombiano, relacionados con salud pública y los aplica en situaciones concretas que afectan la salud del individuo, la familia y la comunidad.",49.0,2025
SABER PRO - 2025,PROGRAMA_ACÁDEMICO,APRENDIZAJE_PRUEBA,112,1,2.0,ANDINA,4.0,BOGOTÁ,152.0,BOGOTÁ D.C.,8990.0,FUNDACION UNIVERSITARIA SAN MARTIN,8990.0,FUNDACION UNIVERSITARIA SAN MARTIN-BOGOTÁ D.C.,81.0,GRUPO REFERENCIA NACIONAL UNIVERSITARIO,,,20745.0,MEDICINA VETERINARIA Y ZOOTECNIA,PRODUCCIÓN PECUARIA,34.0,,,,,,,,,,"Comprender los efectos de los factores ecofisiológicos sobre los diferentes elementos constitutivos de los sistemas integrados de producción animal, en forma aislada, conjunta y en interacción.",52.0,2025
SABER PRO - 2025,PROGRAMA_ACÁDEMICO,APRENDIZAJE_PRUEBA,793,1,2.0,ANDINA,4.0,BOGOTÁ,152.0,BOGOTÁ D.C.,8990.0,FUNDACION UNIVERSITARIA SAN MARTIN,8990.0,FUNDACION UNIVERSITARIA SAN MARTIN-BOGOTÁ D.C.,14.0,MEDICINA,,,2770.0,MEDICINA,RAZONAMIENTO CUANTITATIVO,1.0,,,,,,,,,,"Frente a un problema que involucre información cuantitativa, plantea e implementa estrategias que lleven a soluciones adecuadas.",49.0,2025
SABER PRO - 2025,PROGRAMA_ACÁDEMICO,APRENDIZAJE_PRUEBA,396,1,2.0,ANDINA,4.0,BOGOTÁ,152.0,BOGOTÁ D.C.,8990.0,FUNDACION UNIVERSITARIA SAN MARTIN,8990.0,FUNDACION UNIVERSITARIA SAN MARTIN-BOGOTÁ D.C.,14.0,MEDICINA,,,2770.0,MEDICINA,ATENCIÓN EN SALUD,34.0,,,,,,,,,,"Analiza los determinantes personales, sociales, económicos y ambientales que influyen en el estado de salud del individuo, la familia y la comunidad, para la priorización de acciones a seguir.",37.0,2025
SABER PRO - 2025,PROGRAMA_ACÁDEMICO,APRENDIZAJE_PRUEBA,125,1,2.0,ANDINA,4.0,BOGOTÁ,152.0,BOGOTÁ D.C.,8990.0,FUNDACION UNIVERSITARIA SAN MARTIN,8990.0,FUNDACION UNIVERSITARIA SAN MARTIN-BOGOTÁ D.C.,8.0,CIENCIAS AGROPECUARIAS ,,,1330.0,MEDICINA VETERINARIA Y ZOOTECNIA,PRODUCCIÓN PECUARIA,34.0,,,,,,,,,,Conocer los principios de la nutrición y la alimentación para las diferentes especies de interés zootécnico y comprender y desarrollar sistemas de alimentación en contexto con la particularidad de los nichos productivos.,54.0,2025
SABER PRO - 2025,PROGRAMA_ACÁDEMICO,APRENDIZAJE_PRUEBA,300,1,2.0,ANDINA,4.0,BOGOTÁ,152.0,BOGOTÁ D.C.,8990.0,FUNDACION UNIVERSITARIA SAN MARTIN,8990.0,FUNDACION UNIVERSITARIA SAN MARTIN-BOGOTÁ D.C.,8.0,CIENCIAS AGROPECUARIAS ,,,5087.0,MEDICINA VETERINARIA Y ZOOTECNIA,COMPETENCIAS CIUDADANAS,1.0,,,,,,,,,,Analiza y evalúa la pertinencia y solidez de enunciados-discursos.,59.0,2025
SABER PRO - 2025,PROGRAMA_ACÁDEMICO,APRENDIZAJE_PRUEBA,368,1,2.0,ANDINA,4.0,BOGOTÁ,152.0,BOGOTÁ D.C.,8990.0,FUNDACION UNIVERSITARIA SAN MARTIN,8990.0,FUNDACION UNIVERSITARIA SAN MARTIN-BOGOTÁ D.C.,14.0,MEDICINA,,,2770.0,MEDICINA,COMPETENCIAS CIUDADANAS,1.0,,,,,,,,,,Reconoce la existencia de diferentes perspectivas en situaciones en donde interactúan diferentes partes.,33.0,2025
SABER PRO - 2025,PROGRAMA_ACÁDEMICO,APRENDIZAJE_PRUEBA,792,1,2.0,ANDINA,4.0,BOGOTÁ,152.0,BOGOTÁ D.C.,8990.0,FUNDACION UNIVERSITARIA SAN MARTIN,8990.0,FUNDACION UNIVERSITARIA SAN MARTIN-BOGOTÁ D.C.,14.0,MEDICINA,,,2770.0,MEDICINA,PROMOCIÓN DE LA SALUD Y PREVENCIÓN DE LA ENFERMEDAD,34.0,,,,,,,,,,"Integra los conceptos básicos de prevención de la enfermedad, que le permita la priorización de las acciones  por seguir  de  acuerdo con las condiciones de salud de las poblaciones.",34.0,2025
SABER PRO - 2025,PROGRAMA_ACÁDEMICO,APRENDIZAJE_PRUEBA,208,1,2.0,ANDINA,4.0,BOGOTÁ,152.0,BOGOTÁ D.C.,8990.0,FUNDACION UNIVERSITARIA SAN MARTIN,8990.0,FUNDACION UNIVERSITARIA SAN MARTIN-BOGOTÁ D.C.,8.0,CIENCIAS AGROPECUARIAS ,,,5087.0,MEDICINA VETERINARIA Y ZOOTECNIA,PRODUCCIÓN PECUARIA,34.0,,,,,,,,,,"Comprender los efectos de los factores ecofisiológicos sobre los diferentes elementos constitutivos de los sistemas integrados de producción animal, en forma aislada, conjunta y en interacción.",53.0,2025
SABER PRO - 2025,PROGRAMA_ACÁDEMICO,APRENDIZAJE_PRUEBA,132,1,2.0,ANDINA,4.0,BOGOTÁ,152.0,BOGOTÁ D.C.,8990.0,FUNDACION UNIVERSITARIA SAN MARTIN,8990.0,FUNDACION UNIVERSITARIA SAN MARTIN-BOGOTÁ D.C.,81.0,GRUPO REFERENCIA NACIONAL UNIVERSITARIO,,,20745.0,MEDICINA VETERINARIA Y ZOOTECNIA,COMPETENCIAS CIUDADANAS,1.0,,,,,,,,,,Analiza las diferentes perspectivas presentes en situaciones en donde interactúan diferentes partes.,55.0,2025
SABER PRO - 2025,PROGRAMA_ACÁDEMICO,APRENDIZAJE_PRUEBA,310,1,2.0,ANDINA,4.0,BOGOTÁ,152.0,BOGOTÁ D.C.,8990.0,FUNDACION UNIVERSITARIA SAN MARTIN,8990.0,FUNDACION UNIVERSITARIA SAN MARTIN-BOGOTÁ D.C.,81.0,GRUPO REFERENCIA NACIONAL UNIVERSITARIO,,,20745.0,MEDICINA VETERINARIA Y ZOOTECNIA,LECTURA CRÍTICA,1.0,,,,,,,,,,Reflexiona a partir de un texto y evalúa su contenido.,47.0,2025
SABER PRO - 2025,PROGRAMA_ACÁDEMICO,APRENDIZAJE_PRUEBA,696,1,2.0,ANDINA,4.0,BOGOTÁ,152.0,BOGOTÁ D.C.,8990.0,FUNDACION UNIVERSITARIA SAN MARTIN,8990.0,FUNDACION UNIVERSITARIA SAN MARTIN-BOGOTÁ D.C.,14.0,MEDICINA,,,6922.0,MEDICINA,PROMOCIÓN DE LA SALUD Y PREVENCIÓN DE LA ENFERMEDAD,34.0,,,,,,,,,,"Integra los conceptos básicos de prevención de la enfermedad, que le permita la priorización de las acciones  por seguir  de  acuerdo con las condiciones de salud de las poblaciones.",55.0,2025
SABER PRO - 2025,PROGRAMA_ACÁDEMICO,APRENDIZAJE_PRUEBA,828,1,2.0,ANDINA,4.0,BOGOTÁ,152.0,BOGOTÁ D.C.,8990.0,FUNDACION UNIVERSITARIA SAN MARTIN,8990.0,FUNDACION UNIVERSITARIA SAN MARTIN-BOGOTÁ D.C.,14.0,MEDICINA,,,6920.0,MEDICINA,LECTURA CRÍTICA,1.0,,,,,,,,,,Comprende cómo se articulan las partes de un texto para darle un sentido global.,50.0,2025
SABER PRO - 2025,PROGRAMA_ACÁDEMICO,APRENDIZAJE_PRUEBA,733,1,2.0,ANDINA,4.0,BOGOTÁ,152.0,BOGOTÁ D.C.,8990.0,FUNDACION UNIVERSITARIA SAN MARTIN,8990.0,FUNDACION UNIVERSITARIA SAN MARTIN-BOGOTÁ D.C.,14.0,MEDICINA,,,6920.0,MEDICINA,LECTURA CRÍTICA,1.0,,,,,,,,,,Reflexiona a partir de un texto y evalúa su contenido.,46.0,2025
SABER PRO - 2025,PROGRAMA_ACÁDEMICO,APRENDIZAJE_PRUEBA,150,1,2.0,ANDINA,4.0,BOGOTÁ,152.0,BOGOTÁ D.C.,8990.0,FUNDACION UNIVERSITARIA SAN MARTIN,8990.0,FUNDACION UNIVERSITARIA SAN MARTIN-BOGOTÁ D.C.,8.0,CIENCIAS AGROPECUARIAS ,,,5087.0,MEDICINA VETERINARIA Y ZOOTECNIA,COMPETENCIAS CIUDADANAS,1.0,,,,,,,,,,Comprende qué es la Constitución Política de Colombia y sus principios fundamentales.,54.0,2025
SABER PRO - 2025,PROGRAMA_ACÁDEMICO,APRENDIZAJE_PRUEBA,858,1,2.0,ANDINA,4.0,BOGOTÁ,152.0,BOGOTÁ D.C.,8990.0,FUNDACION UNIVERSITARIA SAN MARTIN,8990.0,FUNDACION UNIVERSITARIA SAN MARTIN-BOGOTÁ D.C.,14.0,MEDICINA,,,6506.0,MEDICINA,RAZONAMIENTO CUANTITATIVO,1.0,,,,,,,,,,Comprende y transforma la información cuantitativa y esquemática presentada en distintos formatos ,39.0,2025
SABER PRO - 2025,PROGRAMA_ACÁDEMICO,APRENDIZAJE_PRUEBA,498,1,2.0,ANDINA,4.0,BOGOTÁ,152.0,BOGOTÁ D.C.,8990.0,FUNDACION UNIVERSITARIA SAN MARTIN,8990.0,FUNDACION UNIVERSITARIA SAN MARTIN-BOGOTÁ D.C.,14.0,MEDICINA,,,2770.0,MEDICINA,COMPETENCIAS CIUDADANAS,1.0,,,,,,,,,,Analiza y evalúa la pertinencia y solidez de enunciados-discursos.,36.0,2025
SABER PRO - 2025,PROGRAMA_ACÁDEMICO,APRENDIZAJE_PRUEBA,211,1,2.0,ANDINA,4.0,BOGOTÁ,152.0,BOGOTÁ D.C.,8990.0,FUNDACION UNIVERSITARIA SAN MARTIN,8990.0,FUNDACION UNIVERSITARIA SAN MARTIN-BOGOTÁ D.C.,8.0,CIENCIAS AGROPECUARIAS ,,,1330.0,MEDICINA VETERINARIA Y ZOOTECNIA,COMPETENCIAS CIUDADANAS,1.0,,,,,,,,,,Analiza las diferentes perspectivas presentes en situaciones en donde interactúan diferentes partes.,55.0,2025
SABER PRO - 2025,PROGRAMA_ACÁDEMICO,APRENDIZAJE_PRUEBA,564,1,2.0,ANDINA,4.0,BOGOTÁ,152.0,BOGOTÁ D.C.,8990.0,FUNDACION UNIVERSITARIA SAN MARTIN,8990.0,FUNDACION UNIVERSITARIA SAN MARTIN-BOGOTÁ D.C.,8.0,CIENCIAS AGROPECUARIAS ,,,1330.0,MEDICINA VETERINARIA Y ZOOTECNIA,LECTURA CRÍTICA,1.0,,,,,,,,,,Comprende cómo se articulan las partes de un texto para darle un sentido global.,56.0,2025
SABER PRO - 2025,PROGRAMA_ACÁDEMICO,APRENDIZAJE_PRUEBA,75,1,2.0,ANDINA,4.0,BOGOTÁ,152.0,BOGOTÁ D.C.,8990.0,FUNDACION UNIVERSITARIA SAN MARTIN,8990.0,FUNDACION UNIVERSITARIA SAN MARTIN-BOGOTÁ D.C.,8.0,CIENCIAS AGROPECUARIAS ,,,1330.0,MEDICINA VETERINARIA Y ZOOTECNIA,PRODUCCIÓN PECUARIA,34.0,,,,,,,,,,"Comprender  los aspectos  y condiciones administrativas y socio económicas de los sistemas de producción animal, para el análisis, diseño,  formulación y aplicación de propuestas de gestión de la tecnología, mediante el análisis de los factores internos y externos de la empresa pecuaria para generar viabilidad técnica, administrativa y financiera. ",44.0,2025
SABER PRO - 2025,PROGRAMA_ACÁDEMICO,APRENDIZAJE_PRUEBA,1204,1,2.0,ANDINA,4.0,BOGOTÁ,152.0,BOGOTÁ D.C.,8990.0,FUNDACION UNIVERSITARIA SAN MARTIN,8990.0,FUNDACION UNIVERSITARIA SAN MARTIN-BOGOTÁ D.C.,14.0,MEDICINA,,,6049.0,MEDICINA,RAZONAMIENTO CUANTITATIVO,1.0,,,,,,,,,,"Frente a un problema que involucre información cuantitativa, plantea e implementa estrategias que lleven a soluciones adecuadas.",56.0,2025
SABER PRO - 2025,PROGRAMA_ACÁDEMICO,APRENDIZAJE_PRUEBA,381,1,2.0,ANDINA,4.0,BOGOTÁ,152.0,BOGOTÁ D.C.,8990.0,FUNDACION UNIVERSITARIA SAN MARTIN,8990.0,FUNDACION UNIVERSITARIA SAN MARTIN-BOGOTÁ D.C.,14.0,MEDICINA,,,6049.0,MEDICINA,COMPETENCIAS CIUDADANAS,1.0,,,,,,,,,,Comprende qué es la Constitución Política de Colombia y sus principios fundamentales.,54.0,2025
SABER PRO - 2025,PROGRAMA_ACÁDEMICO,APRENDIZAJE_PRUEBA,2409,1,2.0,ANDINA,4.0,BOGOTÁ,152.0,BOGOTÁ D.C.,8990.0,FUNDACION UNIVERSITARIA SAN MARTIN,8990.0,FUNDACION UNIVERSITARIA SAN MARTIN-BOGOTÁ D.C.,14.0,MEDICINA,,,6049.0,MEDICINA,FUNDAMENTACIÓN EN DIAGNÓSTICO Y TRATAMIENTO MÉDICOS,34.0,,,,,,,,,,"Determina la situación de salud o enfermedad de niños, jóvenes y adultos (hombres y mujeres), a partir de casos clínicos de común ocurrencia en la práctica de los médicos generales.",60.0,2025
SABER PRO - 2025,PROGRAMA_ACÁDEMICO,APRENDIZAJE_PRUEBA,82,1,2.0,ANDINA,4.0,BOGOTÁ,152.0,BOGOTÁ D.C.,8990.0,FUNDACION UNIVERSITARIA SAN MARTIN,8990.0,FUNDACION UNIVERSITARIA SAN MARTIN-BOGOTÁ D.C.,81.0,GRUPO REFERENCIA NACIONAL UNIVERSITARIO,,,20745.0,MEDICINA VETERINARIA Y ZOOTECNIA,COMPETENCIAS CIUDADANAS,1.0,,,,,,,,,,Conoce los derechos y deberes que la Constitución consagra.,56.0,2025
SABER PRO - 2025,PROGRAMA_ACÁDEMICO,APRENDIZAJE_PRUEBA,56,1,2.0,ANDINA,4.0,BOGOTÁ,152.0,BOGOTÁ D.C.,8990.0,FUNDACION UNIVERSITARIA SAN MARTIN,8990.0,FUNDACION UNIVERSITARIA SAN MARTIN-BOGOTÁ D.C.,81.0,GRUPO REFERENCIA NACIONAL UNIVERSITARIO,,,20745.0,MEDICINA VETERINARIA Y ZOOTECNIA,PRODUCCIÓN PECUARIA,34.0,,,,,,,,,,"Entender los sistemas de producción pecuaria locales en los contextos socio-económicos globales, y regionales para su proyección en un ambiente de gestión tecnológica como base para el desarrollo de la sociedad",48.0,2025
SABER PRO - 2025,PROGRAMA_ACÁDEMICO,APRENDIZAJE_PRUEBA,4,1,2.0,ANDINA,4.0,BOGOTÁ,152.0,BOGOTÁ D.C.,8990.0,FUNDACION UNIVERSITARIA SAN MARTIN,8990.0,FUNDACION UNIVERSITARIA SAN MARTIN-BOGOTÁ D.C.,14.0,MEDICINA,,,9797.0,MEDICINA,COMPETENCIAS CIUDADANAS,1.0,,,,,,,,,,Reconoce la existencia de diferentes perspectivas en situaciones en donde interactúan diferentes partes.,50.0,2025
SABER PRO - 2025,PROGRAMA_ACÁDEMICO,APRENDIZAJE_PRUEBA,924,1,2.0,ANDINA,4.0,BOGOTÁ,152.0,BOGOTÁ D.C.,8990.0,FUNDACION UNIVERSITARIA SAN MARTIN,8990.0,FUNDACION UNIVERSITARIA SAN MARTIN-BOGOTÁ D.C.,14.0,MEDICINA,,,6922.0,MEDICINA,COMPETENCIAS CIUDADANAS,1.0,,,,,,,,,,Comprende que los problemas y sus soluciones involucran distintas dimensiones y reconoce relaciones entre estas. ,53.0,2025
SABER PRO - 2025,PROGRAMA_ACÁDEMICO,APRENDIZAJE_PRUEBA,1620,1,2.0,ANDINA,4.0,BOGOTÁ,152.0,BOGOTÁ D.C.,8990.0,FUNDACION UNIVERSITARIA SAN MARTIN,8990.0,FUNDACION UNIVERSITARIA SAN MARTIN-BOGOTÁ D.C.,14.0,MEDICINA,,,6922.0,MEDICINA,LECTURA CRÍTICA,1.0,,,,,,,,,,Reflexiona a partir de un texto y evalúa su contenido.,46.0,2025
SABER PRO - 2025,PROGRAMA_ACÁDEMICO,APRENDIZAJE_PRUEBA,207,1,2.0,ANDINA,4.0,BOGOTÁ,152.0,BOGOTÁ D.C.,8990.0,FUNDACION UNIVERSITARIA SAN MARTIN,8990.0,FUNDACION UNIVERSITARIA SAN MARTIN-BOGOTÁ D.C.,14.0,MEDICINA,,,6920.0,MEDICINA,COMPETENCIAS CIUDADANAS,1.0,,,,,,,,,,Conoce la organización del Estado de acuerdo con la Constitución.,43.0,2025
SABER PRO - 2025,PROGRAMA_ACÁDEMICO,APRENDIZAJE_PRUEBA,207,1,2.0,ANDINA,4.0,BOGOTÁ,152.0,BOGOTÁ D.C.,8990.0,FUNDACION UNIVERSITARIA SAN MARTIN,8990.0,FUNDACION UNIVERSITARIA SAN MARTIN-BOGOTÁ D.C.,14.0,MEDICINA,,,6920.0,MEDICINA,COMPETENCIAS CIUDADANAS,1.0,,,,,,,,,,Comprende qué es la Constitución Política de Colombia y sus principios fundamentales.,57.0,2025
SABER PRO - 2025,PROGRAMA_ACÁDEMICO,APRENDIZAJE_PRUEBA,130,1,2.0,ANDINA,4.0,BOGOTÁ,152.0,BOGOTÁ D.C.,8990.0,FUNDACION UNIVERSITARIA SAN MARTIN,8990.0,FUNDACION UNIVERSITARIA SAN MARTIN-BOGOTÁ D.C.,8.0,CIENCIAS AGROPECUARIAS ,,,5087.0,MEDICINA VETERINARIA Y ZOOTECNIA,PRODUCCIÓN PECUARIA,34.0,,,,,,,,,,Conocer los principios de la nutrición y la alimentación para las diferentes especies de interés zootécnico y comprender y desarrollar sistemas de alimentación en contexto con la particularidad de los nichos productivos.,50.0,2025
SABER PRO - 2025,PROGRAMA_ACÁDEMICO,APRENDIZAJE_PRUEBA,208,1,2.0,ANDINA,4.0,BOGOTÁ,152.0,BOGOTÁ D.C.,8990.0,FUNDACION UNIVERSITARIA SAN MARTIN,8990.0,FUNDACION UNIVERSITARIA SAN MARTIN-BOGOTÁ D.C.,8.0,CIENCIAS AGROPECUARIAS ,,,5087.0,MEDICINA VETERINARIA Y ZOOTECNIA,PRODUCCIÓN PECUARIA,34.0,,,,,,,,,,"Diseñar, implementar y/o validar los sistemas de producción pecuaria para lograr productos de calidad, inocuos y trazables, provenientes de animales en condiciones de bienestar. ",58.0,2025
SABER PRO - 2025,PROGRAMA_ACÁDEMICO,APRENDIZAJE_PRUEBA,689,1,2.0,ANDINA,4.0,BOGOTÁ,152.0,BOGOTÁ D.C.,8990.0,FUNDACION UNIVERSITARIA SAN MARTIN,8990.0,FUNDACION UNIVERSITARIA SAN MARTIN-BOGOTÁ D.C.,14.0,MEDICINA,,,6922.0,MEDICINA,COMPETENCIAS CIUDADANAS,1.0,,,,,,,,,,Reconoce la existencia de diferentes perspectivas en situaciones en donde interactúan diferentes partes.,48.0,2025
SABER PRO - 2025,PROGRAMA_ACÁDEMICO,APRENDIZAJE_PRUEBA,90,1,2.0,ANDINA,4.0,BOGOTÁ,152.0,BOGOTÁ D.C.,8990.0,FUNDACION UNIVERSITARIA SAN MARTIN,8990.0,FUNDACION UNIVERSITARIA SAN MARTIN-BOGOTÁ D.C.,81.0,GRUPO REFERENCIA NACIONAL UNIVERSITARIO,,,20745.0,MEDICINA VETERINARIA Y ZOOTECNIA,COMPETENCIAS CIUDADANAS,1.0,,,,,,,,,,Comprende qué es la Constitución Política de Colombia y sus principios fundamentales.,67.0,2025
SABER PRO - 2025,PROGRAMA_ACÁDEMICO,APRENDIZAJE_PRUEBA,138,1,2.0,ANDINA,4.0,BOGOTÁ,152.0,BOGOTÁ D.C.,8990.0,FUNDACION UNIVERSITARIA SAN MARTIN,8990.0,FUNDACION UNIVERSITARIA SAN MARTIN-BOGOTÁ D.C.,81.0,GRUPO REFERENCIA NACIONAL UNIVERSITARIO,,,20745.0,MEDICINA VETERINARIA Y ZOOTECNIA,COMPETENCIAS CIUDADANAS,1.0,,,,,,,,,,Reconoce la existencia de diferentes perspectivas en situaciones en donde interactúan diferentes partes.,51.0,2025
SABER PRO - 2025,PROGRAMA_ACÁDEMICO,APRENDIZAJE_PRUEBA,1351,1,2.0,ANDINA,4.0,BOGOTÁ,152.0,BOGOTÁ D.C.,8990.0,FUNDACION UNIVERSITARIA SAN MARTIN,8990.0,FUNDACION UNIVERSITARIA SAN MARTIN-BOGOTÁ D.C.,14.0,MEDICINA,,,6049.0,MEDICINA,RAZONAMIENTO CUANTITATIVO,1.0,,,,,,,,,,Valida procedimientos y  estrategias matemáticas utilizadas para dar solución a problemas.,55.0,2025
SABER PRO - 2025,PROGRAMA_ACÁDEMICO,APRENDIZAJE_PRUEBA,934,1,2.0,ANDINA,4.0,BOGOTÁ,152.0,BOGOTÁ D.C.,8990.0,FUNDACION UNIVERSITARIA SAN MARTIN,8990.0,FUNDACION UNIVERSITARIA SAN MARTIN-BOGOTÁ D.C.,14.0,MEDICINA,,,6049.0,MEDICINA,LECTURA CRÍTICA,1.0,,,,,,,,,,Identifica y entiende los contenidos locales que conforman un texto. ,28.0,2025
SABER PRO - 2025,PROGRAMA_ACÁDEMICO,APRENDIZAJE_PRUEBA,100,1,2.0,ANDINA,4.0,BOGOTÁ,152.0,BOGOTÁ D.C.,8990.0,FUNDACION UNIVERSITARIA SAN MARTIN,8990.0,FUNDACION UNIVERSITARIA SAN MARTIN-BOGOTÁ D.C.,8.0,CIENCIAS AGROPECUARIAS ,,,1330.0,MEDICINA VETERINARIA Y ZOOTECNIA,PRODUCCIÓN PECUARIA,34.0,,,,,,,,,,"Entender los sistemas de producción pecuaria locales en los contextos socio-económicos globales, y regionales para su proyección en un ambiente de gestión tecnológica como base para el desarrollo de la sociedad",42.0,2025
SABER PRO - 2025,PROGRAMA_ACÁDEMICO,APRENDIZAJE_PRUEBA,282,1,2.0,ANDINA,4.0,BOGOTÁ,152.0,BOGOTÁ D.C.,8990.0,FUNDACION UNIVERSITARIA SAN MARTIN,8990.0,FUNDACION UNIVERSITARIA SAN MARTIN-BOGOTÁ D.C.,8.0,CIENCIAS AGROPECUARIAS ,,,1330.0,MEDICINA VETERINARIA Y ZOOTECNIA,COMPETENCIAS CIUDADANAS,1.0,,,,,,,,,,Analiza y evalúa la pertinencia y solidez de enunciados-discursos.,58.0,2025
SABER PRO - 2025,PROGRAMA_ACÁDEMICO,APRENDIZAJE_PRUEBA,522,1,2.0,ANDINA,4.0,BOGOTÁ,152.0,BOGOTÁ D.C.,8990.0,FUNDACION UNIVERSITARIA SAN MARTIN,8990.0,FUNDACION UNIVERSITARIA SAN MARTIN-BOGOTÁ D.C.,14.0,MEDICINA,,,6506.0,MEDICINA,COMPETENCIAS CIUDADANAS,1.0,,,,,,,,,,Analiza y evalúa la pertinencia y solidez de enunciados-discursos.,41.0,2025
SABER PRO - 2025,PROGRAMA_ACÁDEMICO,APRENDIZAJE_PRUEBA,372,1,2.0,ANDINA,4.0,BOGOTÁ,152.0,BOGOTÁ D.C.,8990.0,FUNDACION UNIVERSITARIA SAN MARTIN,8990.0,FUNDACION UNIVERSITARIA SAN MARTIN-BOGOTÁ D.C.,14.0,MEDICINA,,,6506.0,MEDICINA,ATENCIÓN EN SALUD,34.0,,,,,,,,,,"Propone acciones de diagnóstico, ejecución y evaluación en el marco de políticas y lineamientos en salud vigentes.",44.0,2025
SABER PRO - 2025,PROGRAMA_ACÁDEMICO,APRENDIZAJE_PRUEBA,1023,1,2.0,ANDINA,4.0,BOGOTÁ,152.0,BOGOTÁ D.C.,8990.0,FUNDACION UNIVERSITARIA SAN MARTIN,8990.0,FUNDACION UNIVERSITARIA SAN MARTIN-BOGOTÁ D.C.,14.0,MEDICINA,,,6506.0,MEDICINA,FUNDAMENTACIÓN EN DIAGNÓSTICO Y TRATAMIENTO MÉDICOS,34.0,,,,,,,,,,"Determina la situación de salud o enfermedad de niños, jóvenes y adultos (hombres y mujeres), a partir de casos clínicos de común ocurrencia en la práctica de los médicos generales.",57.0,2025
SABER PRO - 2025,PROGRAMA_ACÁDEMICO,APRENDIZAJE_PRUEBA,713,1,2.0,ANDINA,4.0,BOGOTÁ,152.0,BOGOTÁ D.C.,8990.0,FUNDACION UNIVERSITARIA SAN MARTIN,8990.0,FUNDACION UNIVERSITARIA SAN MARTIN-BOGOTÁ D.C.,14.0,MEDICINA,,,6506.0,MEDICINA,FUNDAMENTACIÓN EN DIAGNÓSTICO Y TRATAMIENTO MÉDICOS,34.0,,,,,,,,,,"Propone un plan de tratamiento de acuerdo con la situación del paciente, a partir de casos clínicos de común ocurrencia en la práctica de los médicos generales.",66.0,2025
SABER PRO - 2025,PROGRAMA_ACÁDEMICO,APRENDIZAJE_PRUEBA,230,1,2.0,ANDINA,4.0,BOGOTÁ,152.0,BOGOTÁ D.C.,8990.0,FUNDACION UNIVERSITARIA SAN MARTIN,8990.0,FUNDACION UNIVERSITARIA SAN MARTIN-BOGOTÁ D.C.,81.0,GRUPO REFERENCIA NACIONAL UNIVERSITARIO,,,20745.0,MEDICINA VETERINARIA Y ZOOTECNIA,LECTURA CRÍTICA,1.0,,,,,,,,,,Identifica y entiende los contenidos locales que conforman un texto. ,31.0,2025
SABER PRO - 2025,PROGRAMA_ACÁDEMICO,APRENDIZAJE_PRUEBA,360,1,2.0,ANDINA,4.0,BOGOTÁ,152.0,BOGOTÁ D.C.,8990.0,FUNDACION UNIVERSITARIA SAN MARTIN,8990.0,FUNDACION UNIVERSITARIA SAN MARTIN-BOGOTÁ D.C.,81.0,GRUPO REFERENCIA NACIONAL UNIVERSITARIO,,,20745.0,MEDICINA VETERINARIA Y ZOOTECNIA,LECTURA CRÍTICA,1.0,,,,,,,,,,Comprende cómo se articulan las partes de un texto para darle un sentido global.,53.0,2025
SABER PRO - 2025,PROGRAMA_ACÁDEMICO,APRENDIZAJE_PRUEBA,282,1,2.0,ANDINA,4.0,BOGOTÁ,152.0,BOGOTÁ D.C.,8990.0,FUNDACION UNIVERSITARIA SAN MARTIN,8990.0,FUNDACION UNIVERSITARIA SAN MARTIN-BOGOTÁ D.C.,8.0,CIENCIAS AGROPECUARIAS ,,,1330.0,MEDICINA VETERINARIA Y ZOOTECNIA,COMPETENCIAS CIUDADANAS,1.0,,,,,,,,,,Comprende que los problemas y sus soluciones involucran distintas dimensiones y reconoce relaciones entre estas. ,60.0,2025
SABER PRO - 2025,PROGRAMA_ACÁDEMICO,APRENDIZAJE_PRUEBA,827,1,2.0,ANDINA,4.0,BOGOTÁ,152.0,BOGOTÁ D.C.,8990.0,FUNDACION UNIVERSITARIA SAN MARTIN,8990.0,FUNDACION UNIVERSITARIA SAN MARTIN-BOGOTÁ D.C.,14.0,MEDICINA,,,6506.0,MEDICINA,RAZONAMIENTO CUANTITATIVO,1.0,,,,,,,,,,"Frente a un problema que involucre información cuantitativa, plantea e implementa estrategias que lleven a soluciones adecuadas.",53.0,2025
SABER PRO - 2025,PROGRAMA_ACÁDEMICO,APRENDIZAJE_PRUEBA,601,1,2.0,ANDINA,4.0,BOGOTÁ,152.0,BOGOTÁ D.C.,8990.0,FUNDACION UNIVERSITARIA SAN MARTIN,8990.0,FUNDACION UNIVERSITARIA SAN MARTIN-BOGOTÁ D.C.,14.0,MEDICINA,,,2770.0,MEDICINA,LECTURA CRÍTICA,1.0,,,,,,,,,,Identifica y entiende los contenidos locales que conforman un texto. ,21.0,2025
SABER PRO - 2025,PROGRAMA_ACÁDEMICO,APRENDIZAJE_PRUEBA,6,1,2.0,ANDINA,4.0,BOGOTÁ,152.0,BOGOTÁ D.C.,8990.0,FUNDACION UNIVERSITARIA SAN MARTIN,8990.0,FUNDACION UNIVERSITARIA SAN MARTIN-BOGOTÁ D.C.,14.0,MEDICINA,,,9797.0,MEDICINA,COMPETENCIAS CIUDADANAS,1.0,,,,,,,,,,Comprende que los problemas y sus soluciones involucran distintas dimensiones y reconoce relaciones entre estas. ,67.0,2025
SABER PRO - 2025,PROGRAMA_ACÁDEMICO,APRENDIZAJE_PRUEBA,3,1,2.0,ANDINA,4.0,BOGOTÁ,152.0,BOGOTÁ D.C.,8990.0,FUNDACION UNIVERSITARIA SAN MARTIN,8990.0,FUNDACION UNIVERSITARIA SAN MARTIN-BOGOTÁ D.C.,14.0,MEDICINA,,,9797.0,MEDICINA,COMPETENCIAS CIUDADANAS,1.0,,,,,,,,,,Conoce la organización del Estado de acuerdo con la Constitución.,33.0,2025
SABER PRO - 2025,PROGRAMA_ACÁDEMICO,APRENDIZAJE_PRUEBA,462,1,2.0,ANDINA,4.0,BOGOTÁ,152.0,BOGOTÁ D.C.,8990.0,FUNDACION UNIVERSITARIA SAN MARTIN,8990.0,FUNDACION UNIVERSITARIA SAN MARTIN-BOGOTÁ D.C.,14.0,MEDICINA,,,6922.0,MEDICINA,COMPETENCIAS CIUDADANAS,1.0,,,,,,,,,,Comprende qué es la Constitución Política de Colombia y sus principios fundamentales.,62.0,2025
SABER PRO - 2025,PROGRAMA_ACÁDEMICO,APRENDIZAJE_PRUEBA,1848,1,2.0,ANDINA,4.0,BOGOTÁ,152.0,BOGOTÁ D.C.,8990.0,FUNDACION UNIVERSITARIA SAN MARTIN,8990.0,FUNDACION UNIVERSITARIA SAN MARTIN-BOGOTÁ D.C.,14.0,MEDICINA,,,6922.0,MEDICINA,LECTURA CRÍTICA,1.0,,,,,,,,,,Comprende cómo se articulan las partes de un texto para darle un sentido global.,55.0,2025
SABER PRO - 2025,PROGRAMA_ACÁDEMICO,APRENDIZAJE_PRUEBA,180,1,2.0,ANDINA,4.0,BOGOTÁ,152.0,BOGOTÁ D.C.,8990.0,FUNDACION UNIVERSITARIA SAN MARTIN,8990.0,FUNDACION UNIVERSITARIA SAN MARTIN-BOGOTÁ D.C.,81.0,GRUPO REFERENCIA NACIONAL UNIVERSITARIO,,,20745.0,MEDICINA VETERINARIA Y ZOOTECNIA,COMPETENCIAS CIUDADANAS,1.0,,,,,,,,,,Comprende que los problemas y sus soluciones involucran distintas dimensiones y reconoce relaciones entre estas. ,57.0,2025
SABER PRO - 2025,PROGRAMA_ACÁDEMICO,APRENDIZAJE_PRUEBA,485,1,2.0,ANDINA,4.0,BOGOTÁ,152.0,BOGOTÁ D.C.,8990.0,FUNDACION UNIVERSITARIA SAN MARTIN,8990.0,FUNDACION UNIVERSITARIA SAN MARTIN-BOGOTÁ D.C.,8.0,CIENCIAS AGROPECUARIAS ,,,1330.0,MEDICINA VETERINARIA Y ZOOTECNIA,RAZONAMIENTO CUANTITATIVO,1.0,,,,,,,,,,Valida procedimientos y  estrategias matemáticas utilizadas para dar solución a problemas.,60.0,2025
SABER PRO - 2025,PROGRAMA_ACÁDEMICO,APRENDIZAJE_PRUEBA,481,1,2.0,ANDINA,4.0,BOGOTÁ,152.0,BOGOTÁ D.C.,8990.0,FUNDACION UNIVERSITARIA SAN MARTIN,8990.0,FUNDACION UNIVERSITARIA SAN MARTIN-BOGOTÁ D.C.,8.0,CIENCIAS AGROPECUARIAS ,,,1330.0,MEDICINA VETERINARIA Y ZOOTECNIA,LECTURA CRÍTICA,1.0,,,,,,,,,,Reflexiona a partir de un texto y evalúa su contenido.,49.0,2025
SABER PRO - 2025,PROGRAMA_ACÁDEMICO,APRENDIZAJE_PRUEBA,498,1,2.0,ANDINA,4.0,BOGOTÁ,152.0,BOGOTÁ D.C.,8990.0,FUNDACION UNIVERSITARIA SAN MARTIN,8990.0,FUNDACION UNIVERSITARIA SAN MARTIN-BOGOTÁ D.C.,14.0,MEDICINA,,,2770.0,MEDICINA,COMPETENCIAS CIUDADANAS,1.0,,,,,,,,,,Comprende que los problemas y sus soluciones involucran distintas dimensiones y reconoce relaciones entre estas. ,40.0,2025
SABER PRO - 2025,PROGRAMA_ACÁDEMICO,APRENDIZAJE_PRUEBA,264,1,2.0,ANDINA,4.0,BOGOTÁ,152.0,BOGOTÁ D.C.,8990.0,FUNDACION UNIVERSITARIA SAN MARTIN,8990.0,FUNDACION UNIVERSITARIA SAN MARTIN-BOGOTÁ D.C.,14.0,MEDICINA,,,2770.0,MEDICINA,ATENCIÓN EN SALUD,34.0,,,,,,,,,,"Integra el proceso de sistematización de la información, relacionada con la salud del individuo, la familia y la comunidad en la priorización de acciones. ",42.0,2025
SABER PRO - 2025,PROGRAMA_ACÁDEMICO,APRENDIZAJE_PRUEBA,386,1,2.0,ANDINA,4.0,BOGOTÁ,152.0,BOGOTÁ D.C.,8990.0,FUNDACION UNIVERSITARIA SAN MARTIN,8990.0,FUNDACION UNIVERSITARIA SAN MARTIN-BOGOTÁ D.C.,14.0,MEDICINA,,,6506.0,MEDICINA,COMPETENCIAS CIUDADANAS,1.0,,,,,,,,,,Reconoce la existencia de diferentes perspectivas en situaciones en donde interactúan diferentes partes.,44.0,2025
SABER PRO - 2025,PROGRAMA_ACÁDEMICO,APRENDIZAJE_PRUEBA,264,1,2.0,ANDINA,4.0,BOGOTÁ,152.0,BOGOTÁ D.C.,8990.0,FUNDACION UNIVERSITARIA SAN MARTIN,8990.0,FUNDACION UNIVERSITARIA SAN MARTIN-BOGOTÁ D.C.,14.0,MEDICINA,,,2770.0,MEDICINA,ATENCIÓN EN SALUD,34.0,,,,,,,,,,"Reconoce la política y la normatividad nacional y los acuerdos internacionales suscritos por el Estado colombiano, relacionados con salud pública y los aplica en situaciones concretas que afectan la salud del individuo, la familia y la comunidad.",30.0,2025
SABER PRO - 2025,PROGRAMA_ACÁDEMICO,APRENDIZAJE_PRUEBA,886,1,2.0,ANDINA,4.0,BOGOTÁ,152.0,BOGOTÁ D.C.,8990.0,FUNDACION UNIVERSITARIA SAN MARTIN,8990.0,FUNDACION UNIVERSITARIA SAN MARTIN-BOGOTÁ D.C.,14.0,MEDICINA,,,2770.0,MEDICINA,RAZONAMIENTO CUANTITATIVO,1.0,,,,,,,,,,Valida procedimientos y  estrategias matemáticas utilizadas para dar solución a problemas.,41.0,2025
SABER PRO - 2025,PROGRAMA_ACÁDEMICO,APRENDIZAJE_PRUEBA,70,1,2.0,ANDINA,4.0,BOGOTÁ,152.0,BOGOTÁ D.C.,8990.0,FUNDACION UNIVERSITARIA SAN MARTIN,8990.0,FUNDACION UNIVERSITARIA SAN MARTIN-BOGOTÁ D.C.,81.0,GRUPO REFERENCIA NACIONAL UNIVERSITARIO,,,20745.0,MEDICINA VETERINARIA Y ZOOTECNIA,PRODUCCIÓN PECUARIA,34.0,,,,,,,,,,Conocer los principios de la nutrición y la alimentación para las diferentes especies de interés zootécnico y comprender y desarrollar sistemas de alimentación en contexto con la particularidad de los nichos productivos.,61.0,2025
SABER PRO - 2025,PROGRAMA_ACÁDEMICO,APRENDIZAJE_PRUEBA,667,1,2.0,ANDINA,4.0,BOGOTÁ,152.0,BOGOTÁ D.C.,8990.0,FUNDACION UNIVERSITARIA SAN MARTIN,8990.0,FUNDACION UNIVERSITARIA SAN MARTIN-BOGOTÁ D.C.,14.0,MEDICINA,,,6922.0,MEDICINA,FUNDAMENTACIÓN EN DIAGNÓSTICO Y TRATAMIENTO MÉDICOS,34.0,,,,,,,,,,"Propone un plan de tratamiento de acuerdo con la situación del paciente, a partir de casos clínicos de común ocurrencia en la práctica de los médicos generales.",69.0,2025
SABER PRO - 2025,PROGRAMA_ACÁDEMICO,APRENDIZAJE_PRUEBA,6,1,2.0,ANDINA,4.0,BOGOTÁ,152.0,BOGOTÁ D.C.,8990.0,FUNDACION UNIVERSITARIA SAN MARTIN,8990.0,FUNDACION UNIVERSITARIA SAN MARTIN-BOGOTÁ D.C.,14.0,MEDICINA,,,9797.0,MEDICINA,COMPETENCIAS CIUDADANAS,1.0,,,,,,,,,,Analiza y evalúa la pertinencia y solidez de enunciados-discursos.,83.0,2025
SABER PRO - 2025,PROGRAMA_ACÁDEMICO,APRENDIZAJE_PRUEBA,249,1,2.0,ANDINA,4.0,BOGOTÁ,152.0,BOGOTÁ D.C.,8990.0,FUNDACION UNIVERSITARIA SAN MARTIN,8990.0,FUNDACION UNIVERSITARIA SAN MARTIN-BOGOTÁ D.C.,14.0,MEDICINA,,,2770.0,MEDICINA,COMPETENCIAS CIUDADANAS,1.0,,,,,,,,,,Comprende qué es la Constitución Política de Colombia y sus principios fundamentales.,46.0,2025
SABER PRO - 2025,PROGRAMA_ACÁDEMICO,APRENDIZAJE_PRUEBA,141,1,2.0,ANDINA,4.0,BOGOTÁ,152.0,BOGOTÁ D.C.,8990.0,FUNDACION UNIVERSITARIA SAN MARTIN,8990.0,FUNDACION UNIVERSITARIA SAN MARTIN-BOGOTÁ D.C.,8.0,CIENCIAS AGROPECUARIAS ,,,1330.0,MEDICINA VETERINARIA Y ZOOTECNIA,COMPETENCIAS CIUDADANAS,1.0,,,,,,,,,,Conoce la organización del Estado de acuerdo con la Constitución.,50.0,2025
SABER PRO - 2025,PROGRAMA_ACÁDEMICO,APRENDIZAJE_PRUEBA,200,1,2.0,ANDINA,4.0,BOGOTÁ,152.0,BOGOTÁ D.C.,8990.0,FUNDACION UNIVERSITARIA SAN MARTIN,8990.0,FUNDACION UNIVERSITARIA SAN MARTIN-BOGOTÁ D.C.,8.0,CIENCIAS AGROPECUARIAS ,,,1330.0,MEDICINA VETERINARIA Y ZOOTECNIA,PRODUCCIÓN PECUARIA,34.0,,,,,,,,,,"Diseñar, implementar y/o validar los sistemas de producción pecuaria para lograr productos de calidad, inocuos y trazables, provenientes de animales en condiciones de bienestar. ",61.0,2025
SABER PRO - 2025,PROGRAMA_ACÁDEMICO,APRENDIZAJE_PRUEBA,893,1,2.0,ANDINA,4.0,BOGOTÁ,152.0,BOGOTÁ D.C.,8990.0,FUNDACION UNIVERSITARIA SAN MARTIN,8990.0,FUNDACION UNIVERSITARIA SAN MARTIN-BOGOTÁ D.C.,14.0,MEDICINA,,,2770.0,MEDICINA,LECTURA CRÍTICA,1.0,,,,,,,,,,Reflexiona a partir de un texto y evalúa su contenido.,36.0,2025
SABER PRO - 2025,PROGRAMA_ACÁDEMICO,APRENDIZAJE_PRUEBA,1616,1,2.0,ANDINA,4.0,BOGOTÁ,152.0,BOGOTÁ D.C.,8990.0,FUNDACION UNIVERSITARIA SAN MARTIN,8990.0,FUNDACION UNIVERSITARIA SAN MARTIN-BOGOTÁ D.C.,14.0,MEDICINA,,,6922.0,MEDICINA,RAZONAMIENTO CUANTITATIVO,1.0,,,,,,,,,,Valida procedimientos y  estrategias matemáticas utilizadas para dar solución a problemas.,59.0,2025
SABER PRO - 2025,PROGRAMA_ACÁDEMICO,APRENDIZAJE_PRUEBA,957,1,2.0,ANDINA,4.0,BOGOTÁ,152.0,BOGOTÁ D.C.,8990.0,FUNDACION UNIVERSITARIA SAN MARTIN,8990.0,FUNDACION UNIVERSITARIA SAN MARTIN-BOGOTÁ D.C.,14.0,MEDICINA,,,6922.0,MEDICINA,FUNDAMENTACIÓN EN DIAGNÓSTICO Y TRATAMIENTO MÉDICOS,34.0,,,,,,,,,,"Determina la situación de salud o enfermedad de niños, jóvenes y adultos (hombres y mujeres), a partir de casos clínicos de común ocurrencia en la práctica de los médicos generales.",64.0,2025
SABER PRO - 2025,PROGRAMA_ACÁDEMICO,APRENDIZAJE_PRUEBA,10,1,2.0,ANDINA,4.0,BOGOTÁ,152.0,BOGOTÁ D.C.,8990.0,FUNDACION UNIVERSITARIA SAN MARTIN,8990.0,FUNDACION UNIVERSITARIA SAN MARTIN-BOGOTÁ D.C.,14.0,MEDICINA,,,9797.0,MEDICINA,RAZONAMIENTO CUANTITATIVO,1.0,,,,,,,,,,"Frente a un problema que involucre información cuantitativa, plantea e implementa estrategias que lleven a soluciones adecuadas.",60.0,2025
SABER PRO - 2025,PROGRAMA_ACÁDEMICO,APRENDIZAJE_PRUEBA,3,1,2.0,ANDINA,4.0,BOGOTÁ,152.0,BOGOTÁ D.C.,8990.0,FUNDACION UNIVERSITARIA SAN MARTIN,8990.0,FUNDACION UNIVERSITARIA SAN MARTIN-BOGOTÁ D.C.,14.0,MEDICINA,,,9797.0,MEDICINA,COMPETENCIAS CIUDADANAS,1.0,,,,,,,,,,Comprende qué es la Constitución Política de Colombia y sus principios fundamentales.,67.0,2025
SABER PRO - 2025,PROGRAMA_ACÁDEMICO,APRENDIZAJE_PRUEBA,221,1,2.0,ANDINA,4.0,BOGOTÁ,152.0,BOGOTÁ D.C.,8990.0,FUNDACION UNIVERSITARIA SAN MARTIN,8990.0,FUNDACION UNIVERSITARIA SAN MARTIN-BOGOTÁ D.C.,8.0,CIENCIAS AGROPECUARIAS ,,,5087.0,MEDICINA VETERINARIA Y ZOOTECNIA,COMPETENCIAS CIUDADANAS,1.0,,,,,,,,,,Reconoce la existencia de diferentes perspectivas en situaciones en donde interactúan diferentes partes.,59.0,2025
SABER PRO - 2025,PROGRAMA_ACÁDEMICO,APRENDIZAJE_PRUEBA,677,1,2.0,ANDINA,4.0,BOGOTÁ,152.0,BOGOTÁ D.C.,8990.0,FUNDACION UNIVERSITARIA SAN MARTIN,8990.0,FUNDACION UNIVERSITARIA SAN MARTIN-BOGOTÁ D.C.,14.0,MEDICINA,,,6920.0,MEDICINA,RAZONAMIENTO CUANTITATIVO,1.0,,,,,,,,,,Comprende y transforma la información cuantitativa y esquemática presentada en distintos formatos ,38.0,2025
SABER PRO - 2025,PROGRAMA_ACÁDEMICO,APRENDIZAJE_PRUEBA,414,1,2.0,ANDINA,4.0,BOGOTÁ,152.0,BOGOTÁ D.C.,8990.0,FUNDACION UNIVERSITARIA SAN MARTIN,8990.0,FUNDACION UNIVERSITARIA SAN MARTIN-BOGOTÁ D.C.,14.0,MEDICINA,,,6920.0,MEDICINA,COMPETENCIAS CIUDADANAS,1.0,,,,,,,,,,Analiza y evalúa la pertinencia y solidez de enunciados-discursos.,47.0,2025
SABER PRO - 2025,PROGRAMA_ACÁDEMICO,APRENDIZAJE_PRUEBA,185,1,2.0,ANDINA,4.0,BOGOTÁ,152.0,BOGOTÁ D.C.,8990.0,FUNDACION UNIVERSITARIA SAN MARTIN,8990.0,FUNDACION UNIVERSITARIA SAN MARTIN-BOGOTÁ D.C.,14.0,MEDICINA,,,6920.0,MEDICINA,COMPETENCIAS CIUDADANAS,1.0,,,,,,,,,,Conoce los derechos y deberes que la Constitución consagra.,45.0,2025
SABER PRO - 2025,PROGRAMA_ACÁDEMICO,APRENDIZAJE_PRUEBA,1044,1,2.0,ANDINA,4.0,BOGOTÁ,152.0,BOGOTÁ D.C.,8990.0,FUNDACION UNIVERSITARIA SAN MARTIN,8990.0,FUNDACION UNIVERSITARIA SAN MARTIN-BOGOTÁ D.C.,14.0,MEDICINA,,,6506.0,MEDICINA,LECTURA CRÍTICA,1.0,,,,,,,,,,Comprende cómo se articulan las partes de un texto para darle un sentido global.,47.0,2025
SABER PRO - 2025,PROGRAMA_ACÁDEMICO,APRENDIZAJE_PRUEBA,443,1,2.0,ANDINA,4.0,BOGOTÁ,152.0,BOGOTÁ D.C.,8990.0,FUNDACION UNIVERSITARIA SAN MARTIN,8990.0,FUNDACION UNIVERSITARIA SAN MARTIN-BOGOTÁ D.C.,14.0,MEDICINA,,,6922.0,MEDICINA,COMPETENCIAS CIUDADANAS,1.0,,,,,,,,,,Conoce los derechos y deberes que la Constitución consagra.,51.0,2025
SABER PRO - 2025,PROGRAMA_ACÁDEMICO,APRENDIZAJE_PRUEBA,200,1,2.0,ANDINA,4.0,BOGOTÁ,152.0,BOGOTÁ D.C.,8990.0,FUNDACION UNIVERSITARIA SAN MARTIN,8990.0,FUNDACION UNIVERSITARIA SAN MARTIN-BOGOTÁ D.C.,8.0,CIENCIAS AGROPECUARIAS ,,,1330.0,MEDICINA VETERINARIA Y ZOOTECNIA,PRODUCCIÓN PECUARIA,34.0,,,,,,,,,,"Comprender los efectos de los factores ecofisiológicos sobre los diferentes elementos constitutivos de los sistemas integrados de producción animal, en forma aislada, conjunta y en interacción.",58.0,2025
SABER PRO - 2025,PROGRAMA_ACÁDEMICO,APRENDIZAJE_PRUEBA,290,1,2.0,ANDINA,4.0,BOGOTÁ,152.0,BOGOTÁ D.C.,8990.0,FUNDACION UNIVERSITARIA SAN MARTIN,8990.0,FUNDACION UNIVERSITARIA SAN MARTIN-BOGOTÁ D.C.,14.0,MEDICINA,,,6922.0,MEDICINA,PROMOCIÓN DE LA SALUD Y PREVENCIÓN DE LA ENFERMEDAD,34.0,,,,,,,,,,"Integra los conceptos básicos de promoción de la salud que le permiten priorizar acciones por seguir, de acuerdo con las condiciones de salud de las poblaciones.",64.0,2025
SABER PRO - 2025,PROGRAMA_ACÁDEMICO,APRENDIZAJE_PRUEBA,348,1,2.0,ANDINA,4.0,BOGOTÁ,152.0,BOGOTÁ D.C.,8990.0,FUNDACION UNIVERSITARIA SAN MARTIN,8990.0,FUNDACION UNIVERSITARIA SAN MARTIN-BOGOTÁ D.C.,14.0,MEDICINA,,,6922.0,MEDICINA,ATENCIÓN EN SALUD,34.0,,,,,,,,,,"Propone acciones de diagnóstico, ejecución y evaluación en el marco de políticas y lineamientos en salud vigentes.",59.0,2025
SABER PRO - 2025,PROGRAMA_ACÁDEMICO,APRENDIZAJE_PRUEBA,1255,1,2.0,ANDINA,4.0,BOGOTÁ,152.0,BOGOTÁ D.C.,8990.0,FUNDACION UNIVERSITARIA SAN MARTIN,8990.0,FUNDACION UNIVERSITARIA SAN MARTIN-BOGOTÁ D.C.,14.0,MEDICINA,,,6049.0,MEDICINA,RAZONAMIENTO CUANTITATIVO,1.0,,,,,,,,,,Comprende y transforma la información cuantitativa y esquemática presentada en distintos formatos ,41.0,2025
SABER PRO - 2025,PROGRAMA_ACÁDEMICO,APRENDIZAJE_PRUEBA,328,1,2.0,ANDINA,4.0,BOGOTÁ,152.0,BOGOTÁ D.C.,8990.0,FUNDACION UNIVERSITARIA SAN MARTIN,8990.0,FUNDACION UNIVERSITARIA SAN MARTIN-BOGOTÁ D.C.,14.0,MEDICINA,,,6049.0,MEDICINA,COMPETENCIAS CIUDADANAS,1.0,,,,,,,,,,Conoce los derechos y deberes que la Constitución consagra.,45.0,2025
SABER PRO - 2025,PROGRAMA_ACÁDEMICO,APRENDIZAJE_PRUEBA,1679,1,2.0,ANDINA,4.0,BOGOTÁ,152.0,BOGOTÁ D.C.,8990.0,FUNDACION UNIVERSITARIA SAN MARTIN,8990.0,FUNDACION UNIVERSITARIA SAN MARTIN-BOGOTÁ D.C.,14.0,MEDICINA,,,6049.0,MEDICINA,FUNDAMENTACIÓN EN DIAGNÓSTICO Y TRATAMIENTO MÉDICOS,34.0,,,,,,,,,,"Propone un plan de tratamiento de acuerdo con la situación del paciente, a partir de casos clínicos de común ocurrencia en la práctica de los médicos generales.",72.0,2025
SABER PRO - 2025,PROGRAMA_ACÁDEMICO,APRENDIZAJE_PRUEBA,180,1,2.0,ANDINA,4.0,BOGOTÁ,152.0,BOGOTÁ D.C.,8990.0,FUNDACION UNIVERSITARIA SAN MARTIN,8990.0,FUNDACION UNIVERSITARIA SAN MARTIN-BOGOTÁ D.C.,81.0,GRUPO REFERENCIA NACIONAL UNIVERSITARIO,,,20745.0,MEDICINA VETERINARIA Y ZOOTECNIA,COMPETENCIAS CIUDADANAS,1.0,,,,,,,,,,Analiza y evalúa la pertinencia y solidez de enunciados-discursos.,52.0,2025
SABER PRO - 2025,PROGRAMA_ACÁDEMICO,APRENDIZAJE_PRUEBA,90,1,2.0,ANDINA,4.0,BOGOTÁ,152.0,BOGOTÁ D.C.,8990.0,FUNDACION UNIVERSITARIA SAN MARTIN,8990.0,FUNDACION UNIVERSITARIA SAN MARTIN-BOGOTÁ D.C.,81.0,GRUPO REFERENCIA NACIONAL UNIVERSITARIO,,,20745.0,MEDICINA VETERINARIA Y ZOOTECNIA,COMPETENCIAS CIUDADANAS,1.0,,,,,,,,,,Conoce la organización del Estado de acuerdo con la Constitución.,53.0,2025
SABER PRO - 2025,PROGRAMA_ACÁDEMICO,APRENDIZAJE_PRUEBA,330,1,2.0,ANDINA,4.0,BOGOTÁ,152.0,BOGOTÁ D.C.,8990.0,FUNDACION UNIVERSITARIA SAN MARTIN,8990.0,FUNDACION UNIVERSITARIA SAN MARTIN-BOGOTÁ D.C.,14.0,MEDICINA,,,2770.0,MEDICINA,PROMOCIÓN DE LA SALUD Y PREVENCIÓN DE LA ENFERMEDAD,34.0,,,,,,,,,,"Integra los conceptos básicos de promoción de la salud que le permiten priorizar acciones por seguir, de acuerdo con las condiciones de salud de las poblaciones.",42.0,2025
SABER PRO - 2025,PROGRAMA_ACÁDEMICO,APRENDIZAJE_PRUEBA,212,1,2.0,ANDINA,4.0,BOGOTÁ,152.0,BOGOTÁ D.C.,8990.0,FUNDACION UNIVERSITARIA SAN MARTIN,8990.0,FUNDACION UNIVERSITARIA SAN MARTIN-BOGOTÁ D.C.,8.0,CIENCIAS AGROPECUARIAS ,,,1330.0,MEDICINA VETERINARIA Y ZOOTECNIA,COMPETENCIAS CIUDADANAS,1.0,,,,,,,,,,Reconoce la existencia de diferentes perspectivas en situaciones en donde interactúan diferentes partes.,58.0,2025
SABER PRO - 2025,PROGRAMA_ACÁDEMICO,APRENDIZAJE_PRUEBA,261,1,2.0,ANDINA,4.0,BOGOTÁ,152.0,BOGOTÁ D.C.,8990.0,FUNDACION UNIVERSITARIA SAN MARTIN,8990.0,FUNDACION UNIVERSITARIA SAN MARTIN-BOGOTÁ D.C.,14.0,MEDICINA,,,6506.0,MEDICINA,COMPETENCIAS CIUDADANAS,1.0,,,,,,,,,,Conoce la organización del Estado de acuerdo con la Constitución.,35.0,2025
SABER PRO - 2025,PROGRAMA_ACÁDEMICO,APRENDIZAJE_PRUEBA,1752,1,2.0,ANDINA,4.0,BOGOTÁ,152.0,BOGOTÁ D.C.,8990.0,FUNDACION UNIVERSITARIA SAN MARTIN,8990.0,FUNDACION UNIVERSITARIA SAN MARTIN-BOGOTÁ D.C.,14.0,MEDICINA,,,6049.0,MEDICINA,PROMOCIÓN DE LA SALUD Y PREVENCIÓN DE LA ENFERMEDAD,34.0,,,,,,,,,,"Integra los conceptos básicos de prevención de la enfermedad, que le permita la priorización de las acciones  por seguir  de  acuerdo con las condiciones de salud de las poblaciones.",46.0,2025
SABER PRO - 2025,PROGRAMA_ACÁDEMICO,APRENDIZAJE_PRUEBA,762,1,2.0,ANDINA,4.0,BOGOTÁ,152.0,BOGOTÁ D.C.,8990.0,FUNDACION UNIVERSITARIA SAN MARTIN,8990.0,FUNDACION UNIVERSITARIA SAN MARTIN-BOGOTÁ D.C.,14.0,MEDICINA,,,6049.0,MEDICINA,COMPETENCIAS CIUDADANAS,1.0,,,,,,,,,,Comprende que los problemas y sus soluciones involucran distintas dimensiones y reconoce relaciones entre estas. ,50.0,2025
SABER PRO - 2025,PROGRAMA_ACÁDEMICO,APRENDIZAJE_PRUEBA,1352,1,2.0,ANDINA,4.0,BOGOTÁ,152.0,BOGOTÁ D.C.,8990.0,FUNDACION UNIVERSITARIA SAN MARTIN,8990.0,FUNDACION UNIVERSITARIA SAN MARTIN-BOGOTÁ D.C.,14.0,MEDICINA,,,6049.0,MEDICINA,LECTURA CRÍTICA,1.0,,,,,,,,,,Reflexiona a partir de un texto y evalúa su contenido.,49.0,2025
SABER PRO - 2025,PROGRAMA_ACÁDEMICO,APRENDIZAJE_PRUEBA,876,1,2.0,ANDINA,4.0,BOGOTÁ,152.0,BOGOTÁ D.C.,8990.0,FUNDACION UNIVERSITARIA SAN MARTIN,8990.0,FUNDACION UNIVERSITARIA SAN MARTIN-BOGOTÁ D.C.,14.0,MEDICINA,,,6049.0,MEDICINA,ATENCIÓN EN SALUD,34.0,,,,,,,,,,"Propone acciones de diagnóstico, ejecución y evaluación en el marco de políticas y lineamientos en salud vigentes.",53.0,2025
SABER PRO - 2025,PROGRAMA_ACÁDEMICO,APRENDIZAJE_PRUEBA,42,1,2.0,ANDINA,4.0,BOGOTÁ,152.0,BOGOTÁ D.C.,8990.0,FUNDACION UNIVERSITARIA SAN MARTIN,8990.0,FUNDACION UNIVERSITARIA SAN MARTIN-BOGOTÁ D.C.,81.0,GRUPO REFERENCIA NACIONAL UNIVERSITARIO,,,20745.0,MEDICINA VETERINARIA Y ZOOTECNIA,PRODUCCIÓN PECUARIA,34.0,,,,,,,,,,"Comprender  los aspectos  y condiciones administrativas y socio económicas de los sistemas de producción animal, para el análisis, diseño,  formulación y aplicación de propuestas de gestión de la tecnología, mediante el análisis de los factores internos y externos de la empresa pecuaria para generar viabilidad técnica, administrativa y financiera. ",55.0,2025
SABER PRO - 2025,PROGRAMA_ACÁDEMICO,APRENDIZAJE_PRUEBA,365,1,2.0,ANDINA,4.0,BOGOTÁ,152.0,BOGOTÁ D.C.,8990.0,FUNDACION UNIVERSITARIA SAN MARTIN,8990.0,FUNDACION UNIVERSITARIA SAN MARTIN-BOGOTÁ D.C.,8.0,CIENCIAS AGROPECUARIAS ,,,1330.0,MEDICINA VETERINARIA Y ZOOTECNIA,LECTURA CRÍTICA,1.0,,,,,,,,,,Identifica y entiende los contenidos locales que conforman un texto. ,36.0,2025
SABER PRO - 2025,PROGRAMA_ACÁDEMICO,APRENDIZAJE_PRUEBA,261,1,2.0,ANDINA,4.0,BOGOTÁ,152.0,BOGOTÁ D.C.,8990.0,FUNDACION UNIVERSITARIA SAN MARTIN,8990.0,FUNDACION UNIVERSITARIA SAN MARTIN-BOGOTÁ D.C.,14.0,MEDICINA,,,6506.0,MEDICINA,COMPETENCIAS CIUDADANAS,1.0,,,,,,,,,,Comprende qué es la Constitución Política de Colombia y sus principios fundamentales.,52.0,2025
SABER PRO - 2025,PROGRAMA_ACÁDEMICO,APRENDIZAJE_PRUEBA,1089,1,2.0,ANDINA,4.0,BOGOTÁ,152.0,BOGOTÁ D.C.,8990.0,FUNDACION UNIVERSITARIA SAN MARTIN,8990.0,FUNDACION UNIVERSITARIA SAN MARTIN-BOGOTÁ D.C.,14.0,MEDICINA,,,2770.0,MEDICINA,FUNDAMENTACIÓN EN DIAGNÓSTICO Y TRATAMIENTO MÉDICOS,34.0,,,,,,,,,,"Determina la situación de salud o enfermedad de niños, jóvenes y adultos (hombres y mujeres), a partir de casos clínicos de común ocurrencia en la práctica de los médicos generales.",47.0,2025
SABER PRO - 2025,PROGRAMA_ACÁDEMICO,APRENDIZAJE_PRUEBA,150,1,2.0,ANDINA,4.0,BOGOTÁ,152.0,BOGOTÁ D.C.,8990.0,FUNDACION UNIVERSITARIA SAN MARTIN,8990.0,FUNDACION UNIVERSITARIA SAN MARTIN-BOGOTÁ D.C.,8.0,CIENCIAS AGROPECUARIAS ,,,5087.0,MEDICINA VETERINARIA Y ZOOTECNIA,COMPETENCIAS CIUDADANAS,1.0,,,,,,,,,,Conoce la organización del Estado de acuerdo con la Constitución.,57.0,2025
SABER PRO - 2025,PROGRAMA_ACÁDEMICO,APRENDIZAJE_PRUEBA,397,1,2.0,ANDINA,4.0,BOGOTÁ,152.0,BOGOTÁ D.C.,8990.0,FUNDACION UNIVERSITARIA SAN MARTIN,8990.0,FUNDACION UNIVERSITARIA SAN MARTIN-BOGOTÁ D.C.,14.0,MEDICINA,,,6506.0,MEDICINA,COMPETENCIAS CIUDADANAS,1.0,,,,,,,,,,Analiza las diferentes perspectivas presentes en situaciones en donde interactúan diferentes partes.,48.0,2025
SABER PRO - 2025,PROGRAMA_ACÁDEMICO,APRENDIZAJE_PRUEBA,232,1,2.0,ANDINA,4.0,BOGOTÁ,152.0,BOGOTÁ D.C.,8990.0,FUNDACION UNIVERSITARIA SAN MARTIN,8990.0,FUNDACION UNIVERSITARIA SAN MARTIN-BOGOTÁ D.C.,14.0,MEDICINA,,,6922.0,MEDICINA,ATENCIÓN EN SALUD,34.0,,,,,,,,,,"Reconoce la política y la normatividad nacional y los acuerdos internacionales suscritos por el Estado colombiano, relacionados con salud pública y los aplica en situaciones concretas que afectan la salud del individuo, la familia y la comunidad.",54.0,2025
SABER PRO - 2025,PROGRAMA_ACÁDEMICO,APRENDIZAJE_PRUEBA,5,1,2.0,ANDINA,4.0,BOGOTÁ,152.0,BOGOTÁ D.C.,8990.0,FUNDACION UNIVERSITARIA SAN MARTIN,8990.0,FUNDACION UNIVERSITARIA SAN MARTIN-BOGOTÁ D.C.,14.0,MEDICINA,,,9797.0,MEDICINA,COMPETENCIAS CIUDADANAS,1.0,,,,,,,,,,Analiza las diferentes perspectivas presentes en situaciones en donde interactúan diferentes partes.,60.0,2025
SABER PRO - 2025,PROGRAMA_ACÁDEMICO,APRENDIZAJE_PRUEBA,282,1,2.0,ANDINA,4.0,BOGOTÁ,152.0,BOGOTÁ D.C.,8990.0,FUNDACION UNIVERSITARIA SAN MARTIN,8990.0,FUNDACION UNIVERSITARIA SAN MARTIN-BOGOTÁ D.C.,81.0,GRUPO REFERENCIA NACIONAL UNIVERSITARIO,,,20745.0,MEDICINA VETERINARIA Y ZOOTECNIA,RAZONAMIENTO CUANTITATIVO,1.0,,,,,,,,,,Comprende y transforma la información cuantitativa y esquemática presentada en distintos formatos ,37.0,2025
SABER PRO - 2025,PROGRAMA_ACÁDEMICO,APRENDIZAJE_PRUEBA,112,1,2.0,ANDINA,4.0,BOGOTÁ,152.0,BOGOTÁ D.C.,8990.0,FUNDACION UNIVERSITARIA SAN MARTIN,8990.0,FUNDACION UNIVERSITARIA SAN MARTIN-BOGOTÁ D.C.,81.0,GRUPO REFERENCIA NACIONAL UNIVERSITARIO,,,20745.0,MEDICINA VETERINARIA Y ZOOTECNIA,PRODUCCIÓN PECUARIA,34.0,,,,,,,,,,"Diseñar, implementar y/o validar los sistemas de producción pecuaria para lograr productos de calidad, inocuos y trazables, provenientes de animales en condiciones de bienestar. ",64.0,2025
SABER PRO - 2025,PROGRAMA_ACÁDEMICO,APRENDIZAJE_PRUEBA,381,1,2.0,ANDINA,4.0,BOGOTÁ,152.0,BOGOTÁ D.C.,8990.0,FUNDACION UNIVERSITARIA SAN MARTIN,8990.0,FUNDACION UNIVERSITARIA SAN MARTIN-BOGOTÁ D.C.,14.0,MEDICINA,,,6049.0,MEDICINA,COMPETENCIAS CIUDADANAS,1.0,,,,,,,,,,Conoce la organización del Estado de acuerdo con la Constitución.,46.0,2025
SABER PRO - 2025,PROGRAMA_ACÁDEMICO,APRENDIZAJE_PRUEBA,140,1,2.0,ANDINA,4.0,BOGOTÁ,152.0,BOGOTÁ D.C.,8990.0,FUNDACION UNIVERSITARIA SAN MARTIN,8990.0,FUNDACION UNIVERSITARIA SAN MARTIN-BOGOTÁ D.C.,8.0,CIENCIAS AGROPECUARIAS ,,,5087.0,MEDICINA VETERINARIA Y ZOOTECNIA,COMPETENCIAS CIUDADANAS,1.0,,,,,,,,,,Conoce los derechos y deberes que la Constitución consagra.,53.0,2025
SABER PRO - 2025,PROGRAMA_ACÁDEMICO,APRENDIZAJE_PRUEBA,310,1,2.0,ANDINA,4.0,BOGOTÁ,152.0,BOGOTÁ D.C.,8990.0,FUNDACION UNIVERSITARIA SAN MARTIN,8990.0,FUNDACION UNIVERSITARIA SAN MARTIN-BOGOTÁ D.C.,14.0,MEDICINA,,,6506.0,MEDICINA,PROMOCIÓN DE LA SALUD Y PREVENCIÓN DE LA ENFERMEDAD,34.0,,,,,,,,,,"Integra los conceptos básicos de promoción de la salud que le permiten priorizar acciones por seguir, de acuerdo con las condiciones de salud de las poblaciones.",54.0,2025
SABER PRO - 2025,PROGRAMA_ACÁDEMICO,APRENDIZAJE_PRUEBA,1503,1,2.0,ANDINA,4.0,BOGOTÁ,152.0,BOGOTÁ D.C.,8990.0,FUNDACION UNIVERSITARIA SAN MARTIN,8990.0,FUNDACION UNIVERSITARIA SAN MARTIN-BOGOTÁ D.C.,14.0,MEDICINA,,,6922.0,MEDICINA,RAZONAMIENTO CUANTITATIVO,1.0,,,,,,,,,,Comprende y transforma la información cuantitativa y esquemática presentada en distintos formatos ,45.0,2025
SABER PRO - 2025,PROGRAMA_ACÁDEMICO,APRENDIZAJE_PRUEBA,453,1,2.0,ANDINA,4.0,BOGOTÁ,152.0,BOGOTÁ D.C.,8990.0,FUNDACION UNIVERSITARIA SAN MARTIN,8990.0,FUNDACION UNIVERSITARIA SAN MARTIN-BOGOTÁ D.C.,8.0,CIENCIAS AGROPECUARIAS ,,,1330.0,MEDICINA VETERINARIA Y ZOOTECNIA,RAZONAMIENTO CUANTITATIVO,1.0,,,,,,,,,,Comprende y transforma la información cuantitativa y esquemática presentada en distintos formatos ,46.0,2025
SABER PRO - 2025,PROGRAMA_ACÁDEMICO,APRENDIZAJE_PRUEBA,236,1,2.0,ANDINA,4.0,BOGOTÁ,152.0,BOGOTÁ D.C.,8990.0,FUNDACION UNIVERSITARIA SAN MARTIN,8990.0,FUNDACION UNIVERSITARIA SAN MARTIN-BOGOTÁ D.C.,14.0,MEDICINA,,,6506.0,MEDICINA,COMPETENCIAS CIUDADANAS,1.0,,,,,,,,,,Conoce los derechos y deberes que la Constitución consagra.,41.0,2025
SABER PRO - 2025,PROGRAMA_ACÁDEMICO,APRENDIZAJE_PRUEBA,598,1,2.0,ANDINA,4.0,BOGOTÁ,152.0,BOGOTÁ D.C.,8990.0,FUNDACION UNIVERSITARIA SAN MARTIN,8990.0,FUNDACION UNIVERSITARIA SAN MARTIN-BOGOTÁ D.C.,14.0,MEDICINA,,,6920.0,MEDICINA,FUNDAMENTACIÓN EN DIAGNÓSTICO Y TRATAMIENTO MÉDICOS,34.0,,,,,,,,,,"Propone un plan de tratamiento de acuerdo con la situación del paciente, a partir de casos clínicos de común ocurrencia en la práctica de los médicos generales.",62.0,2025
SABER PRO - 2025,PROGRAMA_ACÁDEMICO,APRENDIZAJE_PRUEBA,300,1,2.0,ANDINA,4.0,BOGOTÁ,152.0,BOGOTÁ D.C.,8990.0,FUNDACION UNIVERSITARIA SAN MARTIN,8990.0,FUNDACION UNIVERSITARIA SAN MARTIN-BOGOTÁ D.C.,8.0,CIENCIAS AGROPECUARIAS ,,,5087.0,MEDICINA VETERINARIA Y ZOOTECNIA,COMPETENCIAS CIUDADANAS,1.0,,,,,,,,,,Comprende que los problemas y sus soluciones involucran distintas dimensiones y reconoce relaciones entre estas. ,55.0,2025
SABER PRO - 2025,PROGRAMA_ACÁDEMICO,APRENDIZAJE_PRUEBA,104,1,2.0,ANDINA,4.0,BOGOTÁ,152.0,BOGOTÁ D.C.,8990.0,FUNDACION UNIVERSITARIA SAN MARTIN,8990.0,FUNDACION UNIVERSITARIA SAN MARTIN-BOGOTÁ D.C.,8.0,CIENCIAS AGROPECUARIAS ,,,5087.0,MEDICINA VETERINARIA Y ZOOTECNIA,PRODUCCIÓN PECUARIA,34.0,,,,,,,,,,"Entender los sistemas de producción pecuaria locales en los contextos socio-económicos globales, y regionales para su proyección en un ambiente de gestión tecnológica como base para el desarrollo de la sociedad",42.0,2025
SABER PRO - 2025,PROGRAMA_ACÁDEMICO,APRENDIZAJE_PRUEBA,921,1,2.0,ANDINA,4.0,BOGOTÁ,152.0,BOGOTÁ D.C.,8990.0,FUNDACION UNIVERSITARIA SAN MARTIN,8990.0,FUNDACION UNIVERSITARIA SAN MARTIN-BOGOTÁ D.C.,14.0,MEDICINA,,,6506.0,MEDICINA,LECTURA CRÍTICA,1.0,,,,,,,,,,Reflexiona a partir de un texto y evalúa su contenido.,44.0,2025
SABER PRO - 2025,PROGRAMA_ACÁDEMICO,APRENDIZAJE_PRUEBA,208,1,2.0,ANDINA,4.0,BOGOTÁ,152.0,BOGOTÁ D.C.,8990.0,FUNDACION UNIVERSITARIA SAN MARTIN,8990.0,FUNDACION UNIVERSITARIA SAN MARTIN-BOGOTÁ D.C.,8.0,CIENCIAS AGROPECUARIAS ,,,5087.0,MEDICINA VETERINARIA Y ZOOTECNIA,PRODUCCIÓN PECUARIA,34.0,,,,,,,,,,Comprender los principios genéticos y reproductivos para el  mejoramiento animal y la estructuración de los ciclos productivos.  ,62.0,2025
SABER PRO - 2025,PROGRAMA_ACÁDEMICO,APRENDIZAJE_PRUEBA,249,1,2.0,ANDINA,4.0,BOGOTÁ,152.0,BOGOTÁ D.C.,8990.0,FUNDACION UNIVERSITARIA SAN MARTIN,8990.0,FUNDACION UNIVERSITARIA SAN MARTIN-BOGOTÁ D.C.,14.0,MEDICINA,,,2770.0,MEDICINA,COMPETENCIAS CIUDADANAS,1.0,,,,,,,,,,Conoce la organización del Estado de acuerdo con la Constitución.,40.0,2025
SABER PRO - 2025,PROGRAMA_ACÁDEMICO,APRENDIZAJE_PRUEBA,8,1,2.0,ANDINA,4.0,BOGOTÁ,152.0,BOGOTÁ D.C.,8990.0,FUNDACION UNIVERSITARIA SAN MARTIN,8990.0,FUNDACION UNIVERSITARIA SAN MARTIN-BOGOTÁ D.C.,14.0,MEDICINA,,,9797.0,MEDICINA,LECTURA CRÍTICA,1.0,,,,,,,,,,Identifica y entiende los contenidos locales que conforman un texto. ,38.0,2025
SABER PRO - 2025,PROGRAMA_ACÁDEMICO,APRENDIZAJE_PRUEBA,1152,1,2.0,ANDINA,4.0,BOGOTÁ,152.0,BOGOTÁ D.C.,8990.0,FUNDACION UNIVERSITARIA SAN MARTIN,8990.0,FUNDACION UNIVERSITARIA SAN MARTIN-BOGOTÁ D.C.,14.0,MEDICINA,,,6922.0,MEDICINA,LECTURA CRÍTICA,1.0,,,,,,,,,,Identifica y entiende los contenidos locales que conforman un texto. ,36.0,2025
SABER PRO - 2025,PROGRAMA_ACÁDEMICO,APRENDIZAJE_PRUEBA,512,1,2.0,ANDINA,4.0,BOGOTÁ,152.0,BOGOTÁ D.C.,8990.0,FUNDACION UNIVERSITARIA SAN MARTIN,8990.0,FUNDACION UNIVERSITARIA SAN MARTIN-BOGOTÁ D.C.,8.0,CIENCIAS AGROPECUARIAS ,,,5087.0,MEDICINA VETERINARIA Y ZOOTECNIA,RAZONAMIENTO CUANTITATIVO,1.0,,,,,,,,,,Valida procedimientos y  estrategias matemáticas utilizadas para dar solución a problemas.,58.0,2025
SABER PRO - 2025,PROGRAMA_ACÁDEMICO,APRENDIZAJE_PRUEBA,310,1,2.0,ANDINA,4.0,BOGOTÁ,152.0,BOGOTÁ D.C.,8990.0,FUNDACION UNIVERSITARIA SAN MARTIN,8990.0,FUNDACION UNIVERSITARIA SAN MARTIN-BOGOTÁ D.C.,14.0,MEDICINA,,,6920.0,MEDICINA,COMPETENCIAS CIUDADANAS,1.0,,,,,,,,,,Analiza las diferentes perspectivas presentes en situaciones en donde interactúan diferentes partes.,52.0,2025
SABER PRO - 2025,PROGRAMA_ACÁDEMICO,APRENDIZAJE_PRUEBA,509,1,2.0,ANDINA,4.0,BOGOTÁ,152.0,BOGOTÁ D.C.,8990.0,FUNDACION UNIVERSITARIA SAN MARTIN,8990.0,FUNDACION UNIVERSITARIA SAN MARTIN-BOGOTÁ D.C.,14.0,MEDICINA,,,6920.0,MEDICINA,LECTURA CRÍTICA,1.0,,,,,,,,,,Identifica y entiende los contenidos locales que conforman un texto. ,35.0,2025
SABER PRO - 2025,PROGRAMA_ACÁDEMICO,APRENDIZAJE_PRUEBA,462,1,2.0,ANDINA,4.0,BOGOTÁ,152.0,BOGOTÁ D.C.,8990.0,FUNDACION UNIVERSITARIA SAN MARTIN,8990.0,FUNDACION UNIVERSITARIA SAN MARTIN-BOGOTÁ D.C.,14.0,MEDICINA,,,6922.0,MEDICINA,COMPETENCIAS CIUDADANAS,1.0,,,,,,,,,,Conoce la organización del Estado de acuerdo con la Constitución.,47.0,2025
SABER PRO - 2025,PROGRAMA_ACÁDEMICO,APRENDIZAJE_PRUEBA,744,1,2.0,ANDINA,4.0,BOGOTÁ,152.0,BOGOTÁ D.C.,8990.0,FUNDACION UNIVERSITARIA SAN MARTIN,8990.0,FUNDACION UNIVERSITARIA SAN MARTIN-BOGOTÁ D.C.,14.0,MEDICINA,,,6506.0,MEDICINA,PROMOCIÓN DE LA SALUD Y PREVENCIÓN DE LA ENFERMEDAD,34.0,,,,,,,,,,"Integra los conceptos básicos de prevención de la enfermedad, que le permita la priorización de las acciones  por seguir  de  acuerdo con las condiciones de salud de las poblaciones.",43.0,2025
SABER PRO - 2025,PROGRAMA_ACÁDEMICO,APRENDIZAJE_PRUEBA,876,1,2.0,ANDINA,4.0,BOGOTÁ,152.0,BOGOTÁ D.C.,8990.0,FUNDACION UNIVERSITARIA SAN MARTIN,8990.0,FUNDACION UNIVERSITARIA SAN MARTIN-BOGOTÁ D.C.,14.0,MEDICINA,,,6049.0,MEDICINA,ATENCIÓN EN SALUD,34.0,,,,,,,,,,"Analiza los determinantes personales, sociales, económicos y ambientales que influyen en el estado de salud del individuo, la familia y la comunidad, para la priorización de acciones a seguir.",54.0,2025
SABER PRO - 2025,PROGRAMA_ACÁDEMICO,APRENDIZAJE_PRUEBA,664,1,2.0,ANDINA,4.0,BOGOTÁ,152.0,BOGOTÁ D.C.,8990.0,FUNDACION UNIVERSITARIA SAN MARTIN,8990.0,FUNDACION UNIVERSITARIA SAN MARTIN-BOGOTÁ D.C.,14.0,MEDICINA,,,6920.0,MEDICINA,RAZONAMIENTO CUANTITATIVO,1.0,,,,,,,,,,"Frente a un problema que involucre información cuantitativa, plantea e implementa estrategias que lleven a soluciones adecuadas.",58.0,2025
SABER PRO - 2025,PROGRAMA_ACÁDEMICO,APRENDIZAJE_PRUEBA,504,1,2.0,ANDINA,4.0,BOGOTÁ,152.0,BOGOTÁ D.C.,8990.0,FUNDACION UNIVERSITARIA SAN MARTIN,8990.0,FUNDACION UNIVERSITARIA SAN MARTIN-BOGOTÁ D.C.,8.0,CIENCIAS AGROPECUARIAS ,,,5087.0,MEDICINA VETERINARIA Y ZOOTECNIA,RAZONAMIENTO CUANTITATIVO,1.0,,,,,,,,,,"Frente a un problema que involucre información cuantitativa, plantea e implementa estrategias que lleven a soluciones adecuadas.",60.0,2025
SABER PRO - 2025,PROGRAMA_ACÁDEMICO,APRENDIZAJE_PRUEBA,229,1,2.0,ANDINA,4.0,BOGOTÁ,152.0,BOGOTÁ D.C.,8990.0,FUNDACION UNIVERSITARIA SAN MARTIN,8990.0,FUNDACION UNIVERSITARIA SAN MARTIN-BOGOTÁ D.C.,8.0,CIENCIAS AGROPECUARIAS ,,,5087.0,MEDICINA VETERINARIA Y ZOOTECNIA,COMPETENCIAS CIUDADANAS,1.0,,,,,,,,,,Analiza las diferentes perspectivas presentes en situaciones en donde interactúan diferentes partes.,62.0,2025
SABER PRO - 2025,PROGRAMA_ACÁDEMICO,APRENDIZAJE_PRUEBA,624,1,2.0,ANDINA,4.0,BOGOTÁ,152.0,BOGOTÁ D.C.,8990.0,FUNDACION UNIVERSITARIA SAN MARTIN,8990.0,FUNDACION UNIVERSITARIA SAN MARTIN-BOGOTÁ D.C.,14.0,MEDICINA,,,6920.0,MEDICINA,PROMOCIÓN DE LA SALUD Y PREVENCIÓN DE LA ENFERMEDAD,34.0,,,,,,,,,,"Integra los conceptos básicos de prevención de la enfermedad, que le permita la priorización de las acciones  por seguir  de  acuerdo con las condiciones de salud de las poblaciones.",44.0,2025
SABER PRO - 2025,PROGRAMA_ACÁDEMICO,APRENDIZAJE_PRUEBA,208,1,2.0,ANDINA,4.0,BOGOTÁ,152.0,BOGOTÁ D.C.,8990.0,FUNDACION UNIVERSITARIA SAN MARTIN,8990.0,FUNDACION UNIVERSITARIA SAN MARTIN-BOGOTÁ D.C.,14.0,MEDICINA,,,6920.0,MEDICINA,ATENCIÓN EN SALUD,34.0,,,,,,,,,,"Reconoce la política y la normatividad nacional y los acuerdos internacionales suscritos por el Estado colombiano, relacionados con salud pública y los aplica en situaciones concretas que afectan la salud del individuo, la familia y la comunidad.",50.0,2025
SABER PRO - 2025,PROGRAMA_ACÁDEMICO,APRENDIZAJE_PRUEBA,208,1,2.0,ANDINA,4.0,BOGOTÁ,152.0,BOGOTÁ D.C.,8990.0,FUNDACION UNIVERSITARIA SAN MARTIN,8990.0,FUNDACION UNIVERSITARIA SAN MARTIN-BOGOTÁ D.C.,14.0,MEDICINA,,,6920.0,MEDICINA,ATENCIÓN EN SALUD,34.0,,,,,,,,,,"Integra el proceso de sistematización de la información, relacionada con la salud del individuo, la familia y la comunidad en la priorización de acciones. ",56.0,2025
SABER PRO - 2025,PROGRAMA_ACÁDEMICO,APRENDIZAJE_PRUEBA,10,1,2.0,ANDINA,4.0,BOGOTÁ,152.0,BOGOTÁ D.C.,8990.0,FUNDACION UNIVERSITARIA SAN MARTIN,8990.0,FUNDACION UNIVERSITARIA SAN MARTIN-BOGOTÁ D.C.,14.0,MEDICINA,,,9797.0,MEDICINA,LECTURA CRÍTICA,1.0,,,,,,,,,,Reflexiona a partir de un texto y evalúa su contenido.,60.0,2025
SABER PRO - 2025,PROGRAMA_ACÁDEMICO,APRENDIZAJE_PRUEBA,1501,1,2.0,ANDINA,4.0,BOGOTÁ,152.0,BOGOTÁ D.C.,8990.0,FUNDACION UNIVERSITARIA SAN MARTIN,8990.0,FUNDACION UNIVERSITARIA SAN MARTIN-BOGOTÁ D.C.,14.0,MEDICINA,,,6922.0,MEDICINA,RAZONAMIENTO CUANTITATIVO,1.0,,,,,,,,,,"Frente a un problema que involucre información cuantitativa, plantea e implementa estrategias que lleven a soluciones adecuadas.",59.0,2025
SABER PRO - 2025,PROGRAMA_ACÁDEMICO,APRENDIZAJE_PRUEBA,348,1,2.0,ANDINA,4.0,BOGOTÁ,152.0,BOGOTÁ D.C.,8990.0,FUNDACION UNIVERSITARIA SAN MARTIN,8990.0,FUNDACION UNIVERSITARIA SAN MARTIN-BOGOTÁ D.C.,14.0,MEDICINA,,,6922.0,MEDICINA,ATENCIÓN EN SALUD,34.0,,,,,,,,,,"Analiza los determinantes personales, sociales, económicos y ambientales que influyen en el estado de salud del individuo, la familia y la comunidad, para la priorización de acciones a seguir.",59.0,2025
SABER PRO - 2025,PROGRAMA_ACÁDEMICO,APRENDIZAJE_PRUEBA,304,1,2.0,ANDINA,4.0,BOGOTÁ,152.0,BOGOTÁ D.C.,8990.0,FUNDACION UNIVERSITARIA SAN MARTIN,8990.0,FUNDACION UNIVERSITARIA SAN MARTIN-BOGOTÁ D.C.,81.0,GRUPO REFERENCIA NACIONAL UNIVERSITARIO,,,20745.0,MEDICINA VETERINARIA Y ZOOTECNIA,RAZONAMIENTO CUANTITATIVO,1.0,,,,,,,,,,Valida procedimientos y  estrategias matemáticas utilizadas para dar solución a problemas.,58.0,2025
SABER PRO - 2025,PROGRAMA_ACÁDEMICO,APRENDIZAJE_PRUEBA,248,1,2.0,ANDINA,4.0,BOGOTÁ,152.0,BOGOTÁ D.C.,8990.0,FUNDACION UNIVERSITARIA SAN MARTIN,8990.0,FUNDACION UNIVERSITARIA SAN MARTIN-BOGOTÁ D.C.,14.0,MEDICINA,,,6506.0,MEDICINA,ATENCIÓN EN SALUD,34.0,,,,,,,,,,"Reconoce la política y la normatividad nacional y los acuerdos internacionales suscritos por el Estado colombiano, relacionados con salud pública y los aplica en situaciones concretas que afectan la salud del individuo, la familia y la comunidad.",41.0,2025
SABER PRO - 2025,PROGRAMA_ACÁDEMICO,APRENDIZAJE_PRUEBA,811,1,2.0,ANDINA,4.0,BOGOTÁ,152.0,BOGOTÁ D.C.,8990.0,FUNDACION UNIVERSITARIA SAN MARTIN,8990.0,FUNDACION UNIVERSITARIA SAN MARTIN-BOGOTÁ D.C.,14.0,MEDICINA,,,2770.0,MEDICINA,RAZONAMIENTO CUANTITATIVO,1.0,,,,,,,,,,Comprende y transforma la información cuantitativa y esquemática presentada en distintos formatos ,29.0,2025
SABER PRO - 2025,PROGRAMA_ACÁDEMICO,APRENDIZAJE_PRUEBA,472,1,2.0,ANDINA,4.0,BOGOTÁ,152.0,BOGOTÁ D.C.,8990.0,FUNDACION UNIVERSITARIA SAN MARTIN,8990.0,FUNDACION UNIVERSITARIA SAN MARTIN-BOGOTÁ D.C.,8.0,CIENCIAS AGROPECUARIAS ,,,1330.0,MEDICINA VETERINARIA Y ZOOTECNIA,RAZONAMIENTO CUANTITATIVO,1.0,,,,,,,,,,"Frente a un problema que involucre información cuantitativa, plantea e implementa estrategias que lleven a soluciones adecuadas.",58.0,2025
SABER PRO - 2025,PROGRAMA_ACÁDEMICO,APRENDIZAJE_PRUEBA,925,1,2.0,ANDINA,4.0,BOGOTÁ,152.0,BOGOTÁ D.C.,8990.0,FUNDACION UNIVERSITARIA SAN MARTIN,8990.0,FUNDACION UNIVERSITARIA SAN MARTIN-BOGOTÁ D.C.,14.0,MEDICINA,,,6506.0,MEDICINA,RAZONAMIENTO CUANTITATIVO,1.0,,,,,,,,,,Valida procedimientos y  estrategias matemáticas utilizadas para dar solución a problemas.,51.0,2025
SABER PRO - 2025,PROGRAMA_ACÁDEMICO,APRENDIZAJE_PRUEBA,553,1,2.0,ANDINA,4.0,BOGOTÁ,152.0,BOGOTÁ D.C.,8990.0,FUNDACION UNIVERSITARIA SAN MARTIN,8990.0,FUNDACION UNIVERSITARIA SAN MARTIN-BOGOTÁ D.C.,14.0,MEDICINA,,,6049.0,MEDICINA,COMPETENCIAS CIUDADANAS,1.0,,,,,,,,,,Reconoce la existencia de diferentes perspectivas en situaciones en donde interactúan diferentes partes.,49.0,2025
SABER PRO - 2025,PROGRAMA_ACÁDEMICO,APRENDIZAJE_PRUEBA,730,1,2.0,ANDINA,4.0,BOGOTÁ,152.0,BOGOTÁ D.C.,8990.0,FUNDACION UNIVERSITARIA SAN MARTIN,8990.0,FUNDACION UNIVERSITARIA SAN MARTIN-BOGOTÁ D.C.,14.0,MEDICINA,,,6049.0,MEDICINA,PROMOCIÓN DE LA SALUD Y PREVENCIÓN DE LA ENFERMEDAD,34.0,,,,,,,,,,"Integra los conceptos básicos de promoción de la salud que le permiten priorizar acciones por seguir, de acuerdo con las condiciones de salud de las poblaciones.",61.0,2025
SABER PRO - 2025,PROGRAMA_ACÁDEMICO,APRENDIZAJE_PRUEBA,584,1,2.0,ANDINA,4.0,BOGOTÁ,152.0,BOGOTÁ D.C.,8990.0,FUNDACION UNIVERSITARIA SAN MARTIN,8990.0,FUNDACION UNIVERSITARIA SAN MARTIN-BOGOTÁ D.C.,14.0,MEDICINA,,,6049.0,MEDICINA,ATENCIÓN EN SALUD,34.0,,,,,,,,,,"Integra el proceso de sistematización de la información, relacionada con la salud del individuo, la familia y la comunidad en la priorización de acciones. ",59.0,2025
SABER PRO - 2025,PROGRAMA_ACÁDEMICO,APRENDIZAJE_PRUEBA,10,1,2.0,ANDINA,4.0,BOGOTÁ,152.0,BOGOTÁ D.C.,8990.0,FUNDACION UNIVERSITARIA SAN MARTIN,8990.0,FUNDACION UNIVERSITARIA SAN MARTIN-BOGOTÁ D.C.,14.0,MEDICINA,,,9797.0,MEDICINA,RAZONAMIENTO CUANTITATIVO,1.0,,,,,,,,,,Comprende y transforma la información cuantitativa y esquemática presentada en distintos formatos ,20.0,2025
SABER PRO - 2025,PROGRAMA_ACÁDEMICO,APRENDIZAJE_PRUEBA,3,1,2.0,ANDINA,4.0,BOGOTÁ,152.0,BOGOTÁ D.C.,8990.0,FUNDACION UNIVERSITARIA SAN MARTIN,8990.0,FUNDACION UNIVERSITARIA SAN MARTIN-BOGOTÁ D.C.,14.0,MEDICINA,,,9797.0,MEDICINA,COMPETENCIAS CIUDADANAS,1.0,,,,,,,,,,Conoce los derechos y deberes que la Constitución consagra.,67.0,2025
SABER PRO - 2025,PROGRAMA_ACÁDEMICO,APRENDIZAJE_PRUEBA,697,1,2.0,ANDINA,4.0,BOGOTÁ,152.0,BOGOTÁ D.C.,8990.0,FUNDACION UNIVERSITARIA SAN MARTIN,8990.0,FUNDACION UNIVERSITARIA SAN MARTIN-BOGOTÁ D.C.,14.0,MEDICINA,,,6922.0,MEDICINA,COMPETENCIAS CIUDADANAS,1.0,,,,,,,,,,Analiza las diferentes perspectivas presentes en situaciones en donde interactúan diferentes partes.,60.0,2025
SABER PRO - 2025,PROGRAMA_ACÁDEMICO,APRENDIZAJE_PRUEBA,414,1,2.0,ANDINA,4.0,BOGOTÁ,152.0,BOGOTÁ D.C.,8990.0,FUNDACION UNIVERSITARIA SAN MARTIN,8990.0,FUNDACION UNIVERSITARIA SAN MARTIN-BOGOTÁ D.C.,14.0,MEDICINA,,,6920.0,MEDICINA,COMPETENCIAS CIUDADANAS,1.0,,,,,,,,,,Comprende que los problemas y sus soluciones involucran distintas dimensiones y reconoce relaciones entre estas. ,54.0,2025
SABER PRO - 2025,PROGRAMA_ACÁDEMICO,APRENDIZAJE_PRUEBA,312,1,2.0,ANDINA,4.0,BOGOTÁ,152.0,BOGOTÁ D.C.,8990.0,FUNDACION UNIVERSITARIA SAN MARTIN,8990.0,FUNDACION UNIVERSITARIA SAN MARTIN-BOGOTÁ D.C.,14.0,MEDICINA,,,6920.0,MEDICINA,ATENCIÓN EN SALUD,34.0,,,,,,,,,,"Propone acciones de diagnóstico, ejecución y evaluación en el marco de políticas y lineamientos en salud vigentes.",53.0,2025
SABER PRO - 2025,PROGRAMA_ACÁDEMICO,APRENDIZAJE_PRUEBA,858,1,2.0,ANDINA,4.0,BOGOTÁ,152.0,BOGOTÁ D.C.,8990.0,FUNDACION UNIVERSITARIA SAN MARTIN,8990.0,FUNDACION UNIVERSITARIA SAN MARTIN-BOGOTÁ D.C.,14.0,MEDICINA,,,6920.0,MEDICINA,FUNDAMENTACIÓN EN DIAGNÓSTICO Y TRATAMIENTO MÉDICOS,34.0,,,,,,,,,,"Determina la situación de salud o enfermedad de niños, jóvenes y adultos (hombres y mujeres), a partir de casos clínicos de común ocurrencia en la práctica de los médicos generales.",61.0,2025
SABER PRO - 2025,PROGRAMA_ACÁDEMICO,APRENDIZAJE_PRUEBA,522,1,2.0,ANDINA,4.0,BOGOTÁ,152.0,BOGOTÁ D.C.,8990.0,FUNDACION UNIVERSITARIA SAN MARTIN,8990.0,FUNDACION UNIVERSITARIA SAN MARTIN-BOGOTÁ D.C.,14.0,MEDICINA,,,6506.0,MEDICINA,COMPETENCIAS CIUDADANAS,1.0,,,,,,,,,,Comprende que los problemas y sus soluciones involucran distintas dimensiones y reconoce relaciones entre estas. ,43.0,2025
SABER PRO - 2025,PROGRAMA_ACÁDEMICO,APRENDIZAJE_PRUEBA,645,1,2.0,ANDINA,4.0,BOGOTÁ,152.0,BOGOTÁ D.C.,8990.0,FUNDACION UNIVERSITARIA SAN MARTIN,8990.0,FUNDACION UNIVERSITARIA SAN MARTIN-BOGOTÁ D.C.,14.0,MEDICINA,,,6506.0,MEDICINA,LECTURA CRÍTICA,1.0,,,,,,,,,,Identifica y entiende los contenidos locales que conforman un texto. ,30.0,2025
SABER PRO - 2025,PROGRAMA_ACÁDEMICO,APRENDIZAJE_PRUEBA,78,1,2.0,ANDINA,4.0,BOGOTÁ,152.0,BOGOTÁ D.C.,8990.0,FUNDACION UNIVERSITARIA SAN MARTIN,8990.0,FUNDACION UNIVERSITARIA SAN MARTIN-BOGOTÁ D.C.,8.0,CIENCIAS AGROPECUARIAS ,,,5087.0,MEDICINA VETERINARIA Y ZOOTECNIA,PRODUCCIÓN PECUARIA,34.0,,,,,,,,,,"Comprender  los aspectos  y condiciones administrativas y socio económicas de los sistemas de producción animal, para el análisis, diseño,  formulación y aplicación de propuestas de gestión de la tecnología, mediante el análisis de los factores internos y externos de la empresa pecuaria para generar viabilidad técnica, administrativa y financiera. ",47.0,2025
SABER PRO - 2025,PROGRAMA_ACÁDEMICO,APRENDIZAJE_PRUEBA,379,1,2.0,ANDINA,4.0,BOGOTÁ,152.0,BOGOTÁ D.C.,8990.0,FUNDACION UNIVERSITARIA SAN MARTIN,8990.0,FUNDACION UNIVERSITARIA SAN MARTIN-BOGOTÁ D.C.,14.0,MEDICINA,,,2770.0,MEDICINA,COMPETENCIAS CIUDADANAS,1.0,,,,,,,,,,Analiza las diferentes perspectivas presentes en situaciones en donde interactúan diferentes partes.,41.0,2025
SABER PRO - 2025,PROGRAMA_ACÁDEMICO,APRENDIZAJE_PRUEBA,996,1,2.0,ANDINA,4.0,BOGOTÁ,152.0,BOGOTÁ D.C.,8990.0,FUNDACION UNIVERSITARIA SAN MARTIN,8990.0,FUNDACION UNIVERSITARIA SAN MARTIN-BOGOTÁ D.C.,14.0,MEDICINA,,,2770.0,MEDICINA,LECTURA CRÍTICA,1.0,,,,,,,,,,Comprende cómo se articulan las partes de un texto para darle un sentido global.,38.0,2025
SABER PRO - 2025,PROGRAMA_ACÁDEMICO,APRENDIZAJE_PRUEBA,759,1,2.0,ANDINA,4.0,BOGOTÁ,152.0,BOGOTÁ D.C.,8990.0,FUNDACION UNIVERSITARIA SAN MARTIN,8990.0,FUNDACION UNIVERSITARIA SAN MARTIN-BOGOTÁ D.C.,14.0,MEDICINA,,,2770.0,MEDICINA,FUNDAMENTACIÓN EN DIAGNÓSTICO Y TRATAMIENTO MÉDICOS,34.0,,,,,,,,,,"Propone un plan de tratamiento de acuerdo con la situación del paciente, a partir de casos clínicos de común ocurrencia en la práctica de los médicos generales.",49.0,2025
SABER PRO - 2025,PROGRAMA_ACÁDEMICO,APRENDIZAJE_PRUEBA,200,1,2.0,ANDINA,4.0,BOGOTÁ,152.0,BOGOTÁ D.C.,8990.0,FUNDACION UNIVERSITARIA SAN MARTIN,8990.0,FUNDACION UNIVERSITARIA SAN MARTIN-BOGOTÁ D.C.,8.0,CIENCIAS AGROPECUARIAS ,,,1330.0,MEDICINA VETERINARIA Y ZOOTECNIA,PRODUCCIÓN PECUARIA,34.0,,,,,,,,,,Comprender los principios genéticos y reproductivos para el  mejoramiento animal y la estructuración de los ciclos productivos.  ,66.0,2025
SABER PRO - 2025,PROGRAMA_ACÁDEMICO,APRENDIZAJE_PRUEBA,12,1,2.0,ANDINA,4.0,BOGOTÁ,152.0,BOGOTÁ D.C.,8990.0,FUNDACION UNIVERSITARIA SAN MARTIN,8990.0,FUNDACION UNIVERSITARIA SAN MARTIN-BOGOTÁ D.C.,14.0,MEDICINA,,,9797.0,MEDICINA,LECTURA CRÍTICA,1.0,,,,,,,,,,Comprende cómo se articulan las partes de un texto para darle un sentido global.,67.0,2025
SABER PRO - 2025,PROGRAMA_ACÁDEMICO,APRENDIZAJE_PRUEBA,396,1,2.0,ANDINA,4.0,BOGOTÁ,152.0,BOGOTÁ D.C.,8990.0,FUNDACION UNIVERSITARIA SAN MARTIN,8990.0,FUNDACION UNIVERSITARIA SAN MARTIN-BOGOTÁ D.C.,14.0,MEDICINA,,,2770.0,MEDICINA,ATENCIÓN EN SALUD,34.0,,,,,,,,,,"Propone acciones de diagnóstico, ejecución y evaluación en el marco de políticas y lineamientos en salud vigentes.",34.0,2025
SABER PRO - 2025,PROGRAMA_ACÁDEMICO,APRENDIZAJE_PRUEBA,227,1,2.0,ANDINA,4.0,BOGOTÁ,152.0,BOGOTÁ D.C.,8990.0,FUNDACION UNIVERSITARIA SAN MARTIN,8990.0,FUNDACION UNIVERSITARIA SAN MARTIN-BOGOTÁ D.C.,14.0,MEDICINA,,,2770.0,MEDICINA,COMPETENCIAS CIUDADANAS,1.0,,,,,,,,,,Conoce los derechos y deberes que la Constitución consagra.,42.0,2025
SABER PRO - 2025,PROGRAMA_ACÁDEMICO,APRENDIZAJE_PRUEBA,314,1,2.0,ANDINA,4.0,BOGOTÁ,152.0,BOGOTÁ D.C.,8990.0,FUNDACION UNIVERSITARIA SAN MARTIN,8990.0,FUNDACION UNIVERSITARIA SAN MARTIN-BOGOTÁ D.C.,81.0,GRUPO REFERENCIA NACIONAL UNIVERSITARIO,,,20745.0,MEDICINA VETERINARIA Y ZOOTECNIA,RAZONAMIENTO CUANTITATIVO,1.0,,,,,,,,,,"Frente a un problema que involucre información cuantitativa, plantea e implementa estrategias que lleven a soluciones adecuadas.",61.0,2025
SABER PRO - 2025,PROGRAMA_ACÁDEMICO,APRENDIZAJE_PRUEBA,112,1,2.0,ANDINA,4.0,BOGOTÁ,152.0,BOGOTÁ D.C.,8990.0,FUNDACION UNIVERSITARIA SAN MARTIN,8990.0,FUNDACION UNIVERSITARIA SAN MARTIN-BOGOTÁ D.C.,81.0,GRUPO REFERENCIA NACIONAL UNIVERSITARIO,,,20745.0,MEDICINA VETERINARIA Y ZOOTECNIA,PRODUCCIÓN PECUARIA,34.0,,,,,,,,,,Comprender los principios genéticos y reproductivos para el  mejoramiento animal y la estructuración de los ciclos productivos.  ,68.0,2025
SABER PRO - 2025,PROGRAMA_ACÁDEMICO,APRENDIZAJE_PRUEBA,590,1,2.0,ANDINA,4.0,BOGOTÁ,152.0,BOGOTÁ D.C.,8990.0,FUNDACION UNIVERSITARIA SAN MARTIN,8990.0,FUNDACION UNIVERSITARIA SAN MARTIN-BOGOTÁ D.C.,14.0,MEDICINA,,,6049.0,MEDICINA,COMPETENCIAS CIUDADANAS,1.0,,,,,,,,,,Analiza las diferentes perspectivas presentes en situaciones en donde interactúan diferentes partes.,57.0,2025
SABER PRO - 2025,PROGRAMA_ACÁDEMICO,APRENDIZAJE_PRUEBA,311,1,2.0,ANDINA,4.0,BOGOTÁ,152.0,BOGOTÁ D.C.,8990.0,FUNDACION UNIVERSITARIA SAN MARTIN,8990.0,FUNDACION UNIVERSITARIA SAN MARTIN-BOGOTÁ D.C.,14.0,MEDICINA,,,6920.0,MEDICINA,COMPETENCIAS CIUDADANAS,1.0,,,,,,,,,,Reconoce la existencia de diferentes perspectivas en situaciones en donde interactúan diferentes partes.,48.0,2025
SABER PRO - 2025,PROGRAMA_ACÁDEMICO,APRENDIZAJE_PRUEBA,729,1,2.0,ANDINA,4.0,BOGOTÁ,152.0,BOGOTÁ D.C.,8990.0,FUNDACION UNIVERSITARIA SAN MARTIN,8990.0,FUNDACION UNIVERSITARIA SAN MARTIN-BOGOTÁ D.C.,14.0,MEDICINA,,,6920.0,MEDICINA,RAZONAMIENTO CUANTITATIVO,1.0,,,,,,,,,,Valida procedimientos y  estrategias matemáticas utilizadas para dar solución a problemas.,50.0,2025
SABER PRO - 2025,PROGRAMA_ACÁDEMICO,APRENDIZAJE_PRUEBA,600,1,2.0,ANDINA,4.0,BOGOTÁ,152.0,BOGOTÁ D.C.,8990.0,FUNDACION UNIVERSITARIA SAN MARTIN,8990.0,FUNDACION UNIVERSITARIA SAN MARTIN-BOGOTÁ D.C.,8.0,CIENCIAS AGROPECUARIAS ,,,5087.0,MEDICINA VETERINARIA Y ZOOTECNIA,LECTURA CRÍTICA,1.0,,,,,,,,,,Comprende cómo se articulan las partes de un texto para darle un sentido global.,54.0,2025
SABER PRO - 2025,PROGRAMA_ACÁDEMICO,APRENDIZAJE_PRUEBA,10,1,2.0,ANDINA,4.0,BOGOTÁ,152.0,BOGOTÁ D.C.,8990.0,FUNDACION UNIVERSITARIA SAN MARTIN,8990.0,FUNDACION UNIVERSITARIA SAN MARTIN-BOGOTÁ D.C.,14.0,MEDICINA,,,9797.0,MEDICINA,RAZONAMIENTO CUANTITATIVO,1.0,,,,,,,,,,Valida procedimientos y  estrategias matemáticas utilizadas para dar solución a problemas.,70.0,2025
SABER PRO - 2025,PROGRAMA_ACÁDEMICO,APRENDIZAJE_PRUEBA,389,1,2.0,ANDINA,4.0,BOGOTÁ,152.0,BOGOTÁ D.C.,8990.0,FUNDACION UNIVERSITARIA SAN MARTIN,8990.0,FUNDACION UNIVERSITARIA SAN MARTIN-BOGOTÁ D.C.,8.0,CIENCIAS AGROPECUARIAS ,,,5087.0,MEDICINA VETERINARIA Y ZOOTECNIA,LECTURA CRÍTICA,1.0,,,,,,,,,,Identifica y entiende los contenidos locales que conforman un texto. ,41.0,2025
SABER PRO - 2025,PROGRAMA_ACÁDEMICO,APRENDIZAJE_PRUEBA,924,1,2.0,ANDINA,4.0,BOGOTÁ,152.0,BOGOTÁ D.C.,8990.0,FUNDACION UNIVERSITARIA SAN MARTIN,8990.0,FUNDACION UNIVERSITARIA SAN MARTIN-BOGOTÁ D.C.,14.0,MEDICINA,,,6922.0,MEDICINA,COMPETENCIAS CIUDADANAS,1.0,,,,,,,,,,Analiza y evalúa la pertinencia y solidez de enunciados-discursos.,44.0,2025
SABER PRO - 2025,PROGRAMA_ACÁDEMICO,APRENDIZAJE_PRUEBA,762,1,2.0,ANDINA,4.0,BOGOTÁ,152.0,BOGOTÁ D.C.,8990.0,FUNDACION UNIVERSITARIA SAN MARTIN,8990.0,FUNDACION UNIVERSITARIA SAN MARTIN-BOGOTÁ D.C.,14.0,MEDICINA,,,6049.0,MEDICINA,COMPETENCIAS CIUDADANAS,1.0,,,,,,,,,,Analiza y evalúa la pertinencia y solidez de enunciados-discursos.,51.0,2025
SABER PRO - 2025,PROGRAMA_ACÁDEMICO,APRENDIZAJE_PRUEBA,141,1,2.0,ANDINA,4.0,BOGOTÁ,152.0,BOGOTÁ D.C.,8990.0,FUNDACION UNIVERSITARIA SAN MARTIN,8990.0,FUNDACION UNIVERSITARIA SAN MARTIN-BOGOTÁ D.C.,8.0,CIENCIAS AGROPECUARIAS ,,,1330.0,MEDICINA VETERINARIA Y ZOOTECNIA,COMPETENCIAS CIUDADANAS,1.0,,,,,,,,,,Comprende qué es la Constitución Política de Colombia y sus principios fundamentales.,63.0,2025
SABER PRO - 2025,PROGRAMA_ACÁDEMICO,APRENDIZAJE_PRUEBA,128,1,2.0,ANDINA,4.0,BOGOTÁ,152.0,BOGOTÁ D.C.,8990.0,FUNDACION UNIVERSITARIA SAN MARTIN,8990.0,FUNDACION UNIVERSITARIA SAN MARTIN-BOGOTÁ D.C.,8.0,CIENCIAS AGROPECUARIAS ,,,1330.0,MEDICINA VETERINARIA Y ZOOTECNIA,COMPETENCIAS CIUDADANAS,1.0,,,,,,,,,,Conoce los derechos y deberes que la Constitución consagra.,52.0,2025
SABER PRO - 2025,PROGRAMA_ACÁDEMICO,APRENDIZAJE_PRUEBA,255,1,2.0,ANDINA,4.0,BOGOTÁ,152.0,BOGOTÁ D.C.,8991.0,UNIVERSIDAD DE LOS ANDES,8991.0,UNIVERSIDAD DE LOS ANDES-BOGOTÁ D.C.,14.0,MEDICINA,,,4819.0,MEDICINA,COMPETENCIAS CIUDADANAS,1.0,,,,,,,,,,Conoce la organización del Estado de acuerdo con la Constitución.,16.0,2025
SABER PRO - 2025,PROGRAMA_ACÁDEMICO,APRENDIZAJE_PRUEBA,948,1,2.0,ANDINA,4.0,BOGOTÁ,152.0,BOGOTÁ D.C.,8991.0,UNIVERSIDAD DE LOS ANDES,8991.0,UNIVERSIDAD DE LOS ANDES-BOGOTÁ D.C.,14.0,MEDICINA,,,4819.0,MEDICINA,ATENCIÓN EN SALUD,34.0,,,,,,,,,,"Propone acciones de diagnóstico, ejecución y evaluación en el marco de políticas y lineamientos en salud vigentes.",30.0,2025
SABER PRO - 2025,PROGRAMA_ACÁDEMICO,APRENDIZAJE_PRUEBA,790,1,2.0,ANDINA,4.0,BOGOTÁ,152.0,BOGOTÁ D.C.,8991.0,UNIVERSIDAD DE LOS ANDES,8991.0,UNIVERSIDAD DE LOS ANDES-BOGOTÁ D.C.,14.0,MEDICINA,,,4819.0,MEDICINA,RAZONAMIENTO CUANTITATIVO,1.0,,,,,,,,,,"Frente a un problema que involucre información cuantitativa, plantea e implementa estrategias que lleven a soluciones adecuadas.",32.0,2025
SABER PRO - 2025,PROGRAMA_ACÁDEMICO,APRENDIZAJE_PRUEBA,188,1,2.0,ANDINA,4.0,BOGOTÁ,152.0,BOGOTÁ D.C.,8991.0,UNIVERSIDAD DE LOS ANDES,8991.0,UNIVERSIDAD DE LOS ANDES-BOGOTÁ D.C.,14.0,MEDICINA,,,4819.0,MEDICINA,COMPETENCIAS CIUDADANAS,1.0,,,,,,,,,,Conoce los derechos y deberes que la Constitución consagra.,15.0,2025
SABER PRO - 2025,PROGRAMA_ACÁDEMICO,APRENDIZAJE_PRUEBA,255,1,2.0,ANDINA,4.0,BOGOTÁ,152.0,BOGOTÁ D.C.,8991.0,UNIVERSIDAD DE LOS ANDES,8991.0,UNIVERSIDAD DE LOS ANDES-BOGOTÁ D.C.,14.0,MEDICINA,,,4819.0,MEDICINA,COMPETENCIAS CIUDADANAS,1.0,,,,,,,,,,Comprende qué es la Constitución Política de Colombia y sus principios fundamentales.,13.0,2025
SABER PRO - 2025,PROGRAMA_ACÁDEMICO,APRENDIZAJE_PRUEBA,910,1,2.0,ANDINA,4.0,BOGOTÁ,152.0,BOGOTÁ D.C.,8991.0,UNIVERSIDAD DE LOS ANDES,8991.0,UNIVERSIDAD DE LOS ANDES-BOGOTÁ D.C.,14.0,MEDICINA,,,4819.0,MEDICINA,RAZONAMIENTO CUANTITATIVO,1.0,,,,,,,,,,Valida procedimientos y  estrategias matemáticas utilizadas para dar solución a problemas.,24.0,2025
SABER PRO - 2025,PROGRAMA_ACÁDEMICO,APRENDIZAJE_PRUEBA,1896,1,2.0,ANDINA,4.0,BOGOTÁ,152.0,BOGOTÁ D.C.,8991.0,UNIVERSIDAD DE LOS ANDES,8991.0,UNIVERSIDAD DE LOS ANDES-BOGOTÁ D.C.,14.0,MEDICINA,,,4819.0,MEDICINA,PROMOCIÓN DE LA SALUD Y PREVENCIÓN DE LA ENFERMEDAD,34.0,,,,,,,,,,"Integra los conceptos básicos de prevención de la enfermedad, que le permita la priorización de las acciones  por seguir  de  acuerdo con las condiciones de salud de las poblaciones.",26.0,2025
SABER PRO - 2025,PROGRAMA_ACÁDEMICO,APRENDIZAJE_PRUEBA,850,1,2.0,ANDINA,4.0,BOGOTÁ,152.0,BOGOTÁ D.C.,8991.0,UNIVERSIDAD DE LOS ANDES,8991.0,UNIVERSIDAD DE LOS ANDES-BOGOTÁ D.C.,14.0,MEDICINA,,,4819.0,MEDICINA,RAZONAMIENTO CUANTITATIVO,1.0,,,,,,,,,,Comprende y transforma la información cuantitativa y esquemática presentada en distintos formatos ,14.0,2025
SABER PRO - 2025,PROGRAMA_ACÁDEMICO,APRENDIZAJE_PRUEBA,2607,1,2.0,ANDINA,4.0,BOGOTÁ,152.0,BOGOTÁ D.C.,8991.0,UNIVERSIDAD DE LOS ANDES,8991.0,UNIVERSIDAD DE LOS ANDES-BOGOTÁ D.C.,14.0,MEDICINA,,,4819.0,MEDICINA,FUNDAMENTACIÓN EN DIAGNÓSTICO Y TRATAMIENTO MÉDICOS,34.0,,,,,,,,,,"Determina la situación de salud o enfermedad de niños, jóvenes y adultos (hombres y mujeres), a partir de casos clínicos de común ocurrencia en la práctica de los médicos generales.",40.0,2025
SABER PRO - 2025,PROGRAMA_ACÁDEMICO,APRENDIZAJE_PRUEBA,632,1,2.0,ANDINA,4.0,BOGOTÁ,152.0,BOGOTÁ D.C.,8991.0,UNIVERSIDAD DE LOS ANDES,8991.0,UNIVERSIDAD DE LOS ANDES-BOGOTÁ D.C.,14.0,MEDICINA,,,4819.0,MEDICINA,ATENCIÓN EN SALUD,34.0,,,,,,,,,,"Integra el proceso de sistematización de la información, relacionada con la salud del individuo, la familia y la comunidad en la priorización de acciones. ",22.0,2025
SABER PRO - 2025,PROGRAMA_ACÁDEMICO,APRENDIZAJE_PRUEBA,398,1,2.0,ANDINA,4.0,BOGOTÁ,152.0,BOGOTÁ D.C.,8991.0,UNIVERSIDAD DE LOS ANDES,8991.0,UNIVERSIDAD DE LOS ANDES-BOGOTÁ D.C.,14.0,MEDICINA,,,4819.0,MEDICINA,COMPETENCIAS CIUDADANAS,1.0,,,,,,,,,,Analiza las diferentes perspectivas presentes en situaciones en donde interactúan diferentes partes.,25.0,2025
SABER PRO - 2025,PROGRAMA_ACÁDEMICO,APRENDIZAJE_PRUEBA,790,1,2.0,ANDINA,4.0,BOGOTÁ,152.0,BOGOTÁ D.C.,8991.0,UNIVERSIDAD DE LOS ANDES,8991.0,UNIVERSIDAD DE LOS ANDES-BOGOTÁ D.C.,14.0,MEDICINA,,,4819.0,MEDICINA,PROMOCIÓN DE LA SALUD Y PREVENCIÓN DE LA ENFERMEDAD,34.0,,,,,,,,,,"Integra los conceptos básicos de promoción de la salud que le permiten priorizar acciones por seguir, de acuerdo con las condiciones de salud de las poblaciones.",32.0,2025
SABER PRO - 2025,PROGRAMA_ACÁDEMICO,APRENDIZAJE_PRUEBA,367,1,2.0,ANDINA,4.0,BOGOTÁ,152.0,BOGOTÁ D.C.,8991.0,UNIVERSIDAD DE LOS ANDES,8991.0,UNIVERSIDAD DE LOS ANDES-BOGOTÁ D.C.,14.0,MEDICINA,,,4819.0,MEDICINA,COMPETENCIAS CIUDADANAS,1.0,,,,,,,,,,Reconoce la existencia de diferentes perspectivas en situaciones en donde interactúan diferentes partes.,18.0,2025
SABER PRO - 2025,PROGRAMA_ACÁDEMICO,APRENDIZAJE_PRUEBA,632,1,2.0,ANDINA,4.0,BOGOTÁ,152.0,BOGOTÁ D.C.,8991.0,UNIVERSIDAD DE LOS ANDES,8991.0,UNIVERSIDAD DE LOS ANDES-BOGOTÁ D.C.,14.0,MEDICINA,,,4819.0,MEDICINA,ATENCIÓN EN SALUD,34.0,,,,,,,,,,"Reconoce la política y la normatividad nacional y los acuerdos internacionales suscritos por el Estado colombiano, relacionados con salud pública y los aplica en situaciones concretas que afectan la salud del individuo, la familia y la comunidad.",28.0,2025
SABER PRO - 2025,PROGRAMA_ACÁDEMICO,APRENDIZAJE_PRUEBA,1020,1,2.0,ANDINA,4.0,BOGOTÁ,152.0,BOGOTÁ D.C.,8991.0,UNIVERSIDAD DE LOS ANDES,8991.0,UNIVERSIDAD DE LOS ANDES-BOGOTÁ D.C.,14.0,MEDICINA,,,4819.0,MEDICINA,LECTURA CRÍTICA,1.0,,,,,,,,,,Comprende cómo se articulan las partes de un texto para darle un sentido global.,21.0,2025
SABER PRO - 2025,PROGRAMA_ACÁDEMICO,APRENDIZAJE_PRUEBA,910,1,2.0,ANDINA,4.0,BOGOTÁ,152.0,BOGOTÁ D.C.,8991.0,UNIVERSIDAD DE LOS ANDES,8991.0,UNIVERSIDAD DE LOS ANDES-BOGOTÁ D.C.,14.0,MEDICINA,,,4819.0,MEDICINA,LECTURA CRÍTICA,1.0,,,,,,,,,,Reflexiona a partir de un texto y evalúa su contenido.,19.0,2025
SABER PRO - 2025,PROGRAMA_ACÁDEMICO,APRENDIZAJE_PRUEBA,948,1,2.0,ANDINA,4.0,BOGOTÁ,152.0,BOGOTÁ D.C.,8991.0,UNIVERSIDAD DE LOS ANDES,8991.0,UNIVERSIDAD DE LOS ANDES-BOGOTÁ D.C.,14.0,MEDICINA,,,4819.0,MEDICINA,ATENCIÓN EN SALUD,34.0,,,,,,,,,,"Analiza los determinantes personales, sociales, económicos y ambientales que influyen en el estado de salud del individuo, la familia y la comunidad, para la priorización de acciones a seguir.",30.0,2025
SABER PRO - 2025,PROGRAMA_ACÁDEMICO,APRENDIZAJE_PRUEBA,1817,1,2.0,ANDINA,4.0,BOGOTÁ,152.0,BOGOTÁ D.C.,8991.0,UNIVERSIDAD DE LOS ANDES,8991.0,UNIVERSIDAD DE LOS ANDES-BOGOTÁ D.C.,14.0,MEDICINA,,,4819.0,MEDICINA,FUNDAMENTACIÓN EN DIAGNÓSTICO Y TRATAMIENTO MÉDICOS,34.0,,,,,,,,,,"Propone un plan de tratamiento de acuerdo con la situación del paciente, a partir de casos clínicos de común ocurrencia en la práctica de los médicos generales.",42.0,2025
SABER PRO - 2025,PROGRAMA_ACÁDEMICO,APRENDIZAJE_PRUEBA,620,1,2.0,ANDINA,4.0,BOGOTÁ,152.0,BOGOTÁ D.C.,8991.0,UNIVERSIDAD DE LOS ANDES,8991.0,UNIVERSIDAD DE LOS ANDES-BOGOTÁ D.C.,14.0,MEDICINA,,,4819.0,MEDICINA,LECTURA CRÍTICA,1.0,,,,,,,,,,Identifica y entiende los contenidos locales que conforman un texto. ,11.0,2025
SABER PRO - 2025,PROGRAMA_ACÁDEMICO,APRENDIZAJE_PRUEBA,510,1,2.0,ANDINA,4.0,BOGOTÁ,152.0,BOGOTÁ D.C.,8991.0,UNIVERSIDAD DE LOS ANDES,8991.0,UNIVERSIDAD DE LOS ANDES-BOGOTÁ D.C.,14.0,MEDICINA,,,4819.0,MEDICINA,COMPETENCIAS CIUDADANAS,1.0,,,,,,,,,,Analiza y evalúa la pertinencia y solidez de enunciados-discursos.,24.0,2025
SABER PRO - 2025,PROGRAMA_ACÁDEMICO,APRENDIZAJE_PRUEBA,510,1,2.0,ANDINA,4.0,BOGOTÁ,152.0,BOGOTÁ D.C.,8991.0,UNIVERSIDAD DE LOS ANDES,8991.0,UNIVERSIDAD DE LOS ANDES-BOGOTÁ D.C.,14.0,MEDICINA,,,4819.0,MEDICINA,COMPETENCIAS CIUDADANAS,1.0,,,,,,,,,,Comprende que los problemas y sus soluciones involucran distintas dimensiones y reconoce relaciones entre estas. ,20.0,2025
SABER PRO - 2025,PROGRAMA_ACÁDEMICO,APRENDIZAJE_PRUEBA,1038,1,2.0,ANDINA,4.0,BOGOTÁ,152.0,BOGOTÁ D.C.,9001.0,UNIVERSIDAD DE CIENCIAS APLICADAS Y AMBIENTALES UDCA.,9001.0,UNIVERSIDAD DE CIENCIAS APLICADAS Y AMBIENTALES UDCA.-BOGOTÁ D.C.,14.0,MEDICINA,,,6507.0,MEDICINA,COMPETENCIAS CIUDADANAS,1.0,,,,,,,,,,Comprende que los problemas y sus soluciones involucran distintas dimensiones y reconoce relaciones entre estas. ,34.0,2025
SABER PRO - 2025,PROGRAMA_ACÁDEMICO,APRENDIZAJE_PRUEBA,1038,1,2.0,ANDINA,4.0,BOGOTÁ,152.0,BOGOTÁ D.C.,9001.0,UNIVERSIDAD DE CIENCIAS APLICADAS Y AMBIENTALES UDCA.,9001.0,UNIVERSIDAD DE CIENCIAS APLICADAS Y AMBIENTALES UDCA.-BOGOTÁ D.C.,14.0,MEDICINA,,,6507.0,MEDICINA,COMPETENCIAS CIUDADANAS,1.0,,,,,,,,,,Analiza y evalúa la pertinencia y solidez de enunciados-discursos.,47.0,2025
SABER PRO - 2025,PROGRAMA_ACÁDEMICO,APRENDIZAJE_PRUEBA,220,1,2.0,ANDINA,4.0,BOGOTÁ,152.0,BOGOTÁ D.C.,9001.0,UNIVERSIDAD DE CIENCIAS APLICADAS Y AMBIENTALES UDCA.,9001.0,UNIVERSIDAD DE CIENCIAS APLICADAS Y AMBIENTALES UDCA.-BOGOTÁ D.C.,8.0,CIENCIAS AGROPECUARIAS ,,,2439.0,MEDICINA VETERINARIA Y ZOOTECNIA,RAZONAMIENTO CUANTITATIVO,1.0,,,,,,,,,,Valida procedimientos y  estrategias matemáticas utilizadas para dar solución a problemas.,53.0,2025
SABER PRO - 2025,PROGRAMA_ACÁDEMICO,APRENDIZAJE_PRUEBA,512,1,2.0,ANDINA,4.0,BOGOTÁ,152.0,BOGOTÁ D.C.,9001.0,UNIVERSIDAD DE CIENCIAS APLICADAS Y AMBIENTALES UDCA.,9001.0,UNIVERSIDAD DE CIENCIAS APLICADAS Y AMBIENTALES UDCA.-BOGOTÁ D.C.,8.0,CIENCIAS AGROPECUARIAS ,,,648.0,MEDICINA VETERINARIA Y ZOOTECNIA,COMPETENCIAS CIUDADANAS,1.0,,,,,,,,,,Analiza las diferentes perspectivas presentes en situaciones en donde interactúan diferentes partes.,50.0,2025
SABER PRO - 2025,PROGRAMA_ACÁDEMICO,APRENDIZAJE_PRUEBA,31,1,2.0,ANDINA,4.0,BOGOTÁ,152.0,BOGOTÁ D.C.,9001.0,UNIVERSIDAD DE CIENCIAS APLICADAS Y AMBIENTALES UDCA.,9001.0,UNIVERSIDAD DE CIENCIAS APLICADAS Y AMBIENTALES UDCA.-BOGOTÁ D.C.,14.0,MEDICINA,,,3143.0,MEDICINA,RAZONAMIENTO CUANTITATIVO,1.0,,,,,,,,,,Valida procedimientos y  estrategias matemáticas utilizadas para dar solución a problemas.,48.0,2025
SABER PRO - 2025,PROGRAMA_ACÁDEMICO,APRENDIZAJE_PRUEBA,31,1,2.0,ANDINA,4.0,BOGOTÁ,152.0,BOGOTÁ D.C.,9001.0,UNIVERSIDAD DE CIENCIAS APLICADAS Y AMBIENTALES UDCA.,9001.0,UNIVERSIDAD DE CIENCIAS APLICADAS Y AMBIENTALES UDCA.-BOGOTÁ D.C.,14.0,MEDICINA,,,3143.0,MEDICINA,LECTURA CRÍTICA,1.0,,,,,,,,,,Reflexiona a partir de un texto y evalúa su contenido.,52.0,2025
SABER PRO - 2025,PROGRAMA_ACÁDEMICO,APRENDIZAJE_PRUEBA,1106,1,2.0,ANDINA,4.0,BOGOTÁ,152.0,BOGOTÁ D.C.,9001.0,UNIVERSIDAD DE CIENCIAS APLICADAS Y AMBIENTALES UDCA.,9001.0,UNIVERSIDAD DE CIENCIAS APLICADAS Y AMBIENTALES UDCA.-BOGOTÁ D.C.,8.0,CIENCIAS AGROPECUARIAS ,,,648.0,MEDICINA VETERINARIA Y ZOOTECNIA,RAZONAMIENTO CUANTITATIVO,1.0,,,,,,,,,,Comprende y transforma la información cuantitativa y esquemática presentada en distintos formatos ,36.0,2025
SABER PRO - 2025,PROGRAMA_ACÁDEMICO,APRENDIZAJE_PRUEBA,992,1,2.0,ANDINA,4.0,BOGOTÁ,152.0,BOGOTÁ D.C.,9001.0,UNIVERSIDAD DE CIENCIAS APLICADAS Y AMBIENTALES UDCA.,9001.0,UNIVERSIDAD DE CIENCIAS APLICADAS Y AMBIENTALES UDCA.-BOGOTÁ D.C.,8.0,CIENCIAS AGROPECUARIAS ,,,4866.0,MEDICINA VETERINARIA,RAZONAMIENTO CUANTITATIVO,1.0,,,,,,,,,,Comprende y transforma la información cuantitativa y esquemática presentada en distintos formatos ,36.0,2025
SABER PRO - 2025,PROGRAMA_ACÁDEMICO,APRENDIZAJE_PRUEBA,309,1,2.0,ANDINA,4.0,BOGOTÁ,152.0,BOGOTÁ D.C.,9001.0,UNIVERSIDAD DE CIENCIAS APLICADAS Y AMBIENTALES UDCA.,9001.0,UNIVERSIDAD DE CIENCIAS APLICADAS Y AMBIENTALES UDCA.-BOGOTÁ D.C.,8.0,CIENCIAS AGROPECUARIAS ,,,4866.0,MEDICINA VETERINARIA,COMPETENCIAS CIUDADANAS,1.0,,,,,,,,,,Comprende qué es la Constitución Política de Colombia y sus principios fundamentales.,56.0,2025
SABER PRO - 2025,PROGRAMA_ACÁDEMICO,APRENDIZAJE_PRUEBA,18,1,2.0,ANDINA,4.0,BOGOTÁ,152.0,BOGOTÁ D.C.,9001.0,UNIVERSIDAD DE CIENCIAS APLICADAS Y AMBIENTALES UDCA.,9001.0,UNIVERSIDAD DE CIENCIAS APLICADAS Y AMBIENTALES UDCA.-BOGOTÁ D.C.,14.0,MEDICINA,,,3143.0,MEDICINA,COMPETENCIAS CIUDADANAS,1.0,,,,,,,,,,Analiza y evalúa la pertinencia y solidez de enunciados-discursos.,56.0,2025
SABER PRO - 2025,PROGRAMA_ACÁDEMICO,APRENDIZAJE_PRUEBA,9,1,2.0,ANDINA,4.0,BOGOTÁ,152.0,BOGOTÁ D.C.,9001.0,UNIVERSIDAD DE CIENCIAS APLICADAS Y AMBIENTALES UDCA.,9001.0,UNIVERSIDAD DE CIENCIAS APLICADAS Y AMBIENTALES UDCA.-BOGOTÁ D.C.,14.0,MEDICINA,,,3143.0,MEDICINA,COMPETENCIAS CIUDADANAS,1.0,,,,,,,,,,Conoce la organización del Estado de acuerdo con la Constitución.,44.0,2025
SABER PRO - 2025,PROGRAMA_ACÁDEMICO,APRENDIZAJE_PRUEBA,28,1,2.0,ANDINA,4.0,BOGOTÁ,152.0,BOGOTÁ D.C.,9001.0,UNIVERSIDAD DE CIENCIAS APLICADAS Y AMBIENTALES UDCA.,9001.0,UNIVERSIDAD DE CIENCIAS APLICADAS Y AMBIENTALES UDCA.-BOGOTÁ D.C.,14.0,MEDICINA,,,3143.0,MEDICINA,RAZONAMIENTO CUANTITATIVO,1.0,,,,,,,,,,Comprende y transforma la información cuantitativa y esquemática presentada en distintos formatos ,39.0,2025
SABER PRO - 2025,PROGRAMA_ACÁDEMICO,APRENDIZAJE_PRUEBA,1292,1,2.0,ANDINA,4.0,BOGOTÁ,152.0,BOGOTÁ D.C.,9001.0,UNIVERSIDAD DE CIENCIAS APLICADAS Y AMBIENTALES UDCA.,9001.0,UNIVERSIDAD DE CIENCIAS APLICADAS Y AMBIENTALES UDCA.-BOGOTÁ D.C.,14.0,MEDICINA,,,6507.0,MEDICINA,LECTURA CRÍTICA,1.0,,,,,,,,,,Identifica y entiende los contenidos locales que conforman un texto. ,20.0,2025
SABER PRO - 2025,PROGRAMA_ACÁDEMICO,APRENDIZAJE_PRUEBA,288,1,2.0,ANDINA,4.0,BOGOTÁ,152.0,BOGOTÁ D.C.,9001.0,UNIVERSIDAD DE CIENCIAS APLICADAS Y AMBIENTALES UDCA.,9001.0,UNIVERSIDAD DE CIENCIAS APLICADAS Y AMBIENTALES UDCA.-BOGOTÁ D.C.,8.0,CIENCIAS AGROPECUARIAS ,,,648.0,MEDICINA VETERINARIA Y ZOOTECNIA,PRODUCCIÓN PECUARIA,34.0,,,,,,,,,,"Diseñar, implementar y/o validar los sistemas de producción pecuaria para lograr productos de calidad, inocuos y trazables, provenientes de animales en condiciones de bienestar. ",62.0,2025
SABER PRO - 2025,PROGRAMA_ACÁDEMICO,APRENDIZAJE_PRUEBA,14,1,2.0,ANDINA,4.0,BOGOTÁ,152.0,BOGOTÁ D.C.,9001.0,UNIVERSIDAD DE CIENCIAS APLICADAS Y AMBIENTALES UDCA.,9001.0,UNIVERSIDAD DE CIENCIAS APLICADAS Y AMBIENTALES UDCA.-BOGOTÁ D.C.,14.0,MEDICINA,,,3143.0,MEDICINA,COMPETENCIAS CIUDADANAS,1.0,,,,,,,,,,Reconoce la existencia de diferentes perspectivas en situaciones en donde interactúan diferentes partes.,50.0,2025
SABER PRO - 2025,PROGRAMA_ACÁDEMICO,APRENDIZAJE_PRUEBA,1671,1,2.0,ANDINA,4.0,BOGOTÁ,152.0,BOGOTÁ D.C.,9001.0,UNIVERSIDAD DE CIENCIAS APLICADAS Y AMBIENTALES UDCA.,9001.0,UNIVERSIDAD DE CIENCIAS APLICADAS Y AMBIENTALES UDCA.-BOGOTÁ D.C.,14.0,MEDICINA,,,6507.0,MEDICINA,RAZONAMIENTO CUANTITATIVO,1.0,,,,,,,,,,"Frente a un problema que involucre información cuantitativa, plantea e implementa estrategias que lleven a soluciones adecuadas.",53.0,2025
SABER PRO - 2025,PROGRAMA_ACÁDEMICO,APRENDIZAJE_PRUEBA,397,1,2.0,ANDINA,4.0,BOGOTÁ,152.0,BOGOTÁ D.C.,9001.0,UNIVERSIDAD DE CIENCIAS APLICADAS Y AMBIENTALES UDCA.,9001.0,UNIVERSIDAD DE CIENCIAS APLICADAS Y AMBIENTALES UDCA.-BOGOTÁ D.C.,14.0,MEDICINA,,,6507.0,MEDICINA,COMPETENCIAS CIUDADANAS,1.0,,,,,,,,,,Conoce los derechos y deberes que la Constitución consagra.,35.0,2025
SABER PRO - 2025,PROGRAMA_ACÁDEMICO,APRENDIZAJE_PRUEBA,202,1,2.0,ANDINA,4.0,BOGOTÁ,152.0,BOGOTÁ D.C.,9001.0,UNIVERSIDAD DE CIENCIAS APLICADAS Y AMBIENTALES UDCA.,9001.0,UNIVERSIDAD DE CIENCIAS APLICADAS Y AMBIENTALES UDCA.-BOGOTÁ D.C.,8.0,CIENCIAS AGROPECUARIAS ,,,2439.0,MEDICINA VETERINARIA Y ZOOTECNIA,RAZONAMIENTO CUANTITATIVO,1.0,,,,,,,,,,Comprende y transforma la información cuantitativa y esquemática presentada en distintos formatos ,47.0,2025
SABER PRO - 2025,PROGRAMA_ACÁDEMICO,APRENDIZAJE_PRUEBA,155,1,2.0,ANDINA,4.0,BOGOTÁ,152.0,BOGOTÁ D.C.,9001.0,UNIVERSIDAD DE CIENCIAS APLICADAS Y AMBIENTALES UDCA.,9001.0,UNIVERSIDAD DE CIENCIAS APLICADAS Y AMBIENTALES UDCA.-BOGOTÁ D.C.,8.0,CIENCIAS AGROPECUARIAS ,,,2439.0,MEDICINA VETERINARIA Y ZOOTECNIA,LECTURA CRÍTICA,1.0,,,,,,,,,,Identifica y entiende los contenidos locales que conforman un texto. ,43.0,2025
SABER PRO - 2025,PROGRAMA_ACÁDEMICO,APRENDIZAJE_PRUEBA,13,1,2.0,ANDINA,4.0,BOGOTÁ,152.0,BOGOTÁ D.C.,9001.0,UNIVERSIDAD DE CIENCIAS APLICADAS Y AMBIENTALES UDCA.,9001.0,UNIVERSIDAD DE CIENCIAS APLICADAS Y AMBIENTALES UDCA.-BOGOTÁ D.C.,14.0,MEDICINA,,,3143.0,MEDICINA,COMPETENCIAS CIUDADANAS,1.0,,,,,,,,,,Analiza las diferentes perspectivas presentes en situaciones en donde interactúan diferentes partes.,23.0,2025
SABER PRO - 2025,PROGRAMA_ACÁDEMICO,APRENDIZAJE_PRUEBA,322,1,2.0,ANDINA,4.0,BOGOTÁ,152.0,BOGOTÁ D.C.,9001.0,UNIVERSIDAD DE CIENCIAS APLICADAS Y AMBIENTALES UDCA.,9001.0,UNIVERSIDAD DE CIENCIAS APLICADAS Y AMBIENTALES UDCA.-BOGOTÁ D.C.,8.0,CIENCIAS AGROPECUARIAS ,,,648.0,MEDICINA VETERINARIA Y ZOOTECNIA,COMPETENCIAS CIUDADANAS,1.0,,,,,,,,,,Conoce los derechos y deberes que la Constitución consagra.,53.0,2025
SABER PRO - 2025,PROGRAMA_ACÁDEMICO,APRENDIZAJE_PRUEBA,772,1,2.0,ANDINA,4.0,BOGOTÁ,152.0,BOGOTÁ D.C.,9001.0,UNIVERSIDAD DE CIENCIAS APLICADAS Y AMBIENTALES UDCA.,9001.0,UNIVERSIDAD DE CIENCIAS APLICADAS Y AMBIENTALES UDCA.-BOGOTÁ D.C.,8.0,CIENCIAS AGROPECUARIAS ,,,4866.0,MEDICINA VETERINARIA,LECTURA CRÍTICA,1.0,,,,,,,,,,Identifica y entiende los contenidos locales que conforman un texto. ,28.0,2025
SABER PRO - 2025,PROGRAMA_ACÁDEMICO,APRENDIZAJE_PRUEBA,6,1,2.0,ANDINA,4.0,BOGOTÁ,152.0,BOGOTÁ D.C.,9001.0,UNIVERSIDAD DE CIENCIAS APLICADAS Y AMBIENTALES UDCA.,9001.0,UNIVERSIDAD DE CIENCIAS APLICADAS Y AMBIENTALES UDCA.-BOGOTÁ D.C.,14.0,MEDICINA,,,3143.0,MEDICINA,COMPETENCIAS CIUDADANAS,1.0,,,,,,,,,,Conoce los derechos y deberes que la Constitución consagra.,50.0,2025
SABER PRO - 2025,PROGRAMA_ACÁDEMICO,APRENDIZAJE_PRUEBA,62,1,2.0,ANDINA,4.0,BOGOTÁ,152.0,BOGOTÁ D.C.,9001.0,UNIVERSIDAD DE CIENCIAS APLICADAS Y AMBIENTALES UDCA.,9001.0,UNIVERSIDAD DE CIENCIAS APLICADAS Y AMBIENTALES UDCA.-BOGOTÁ D.C.,8.0,CIENCIAS AGROPECUARIAS ,,,2439.0,MEDICINA VETERINARIA Y ZOOTECNIA,COMPETENCIAS CIUDADANAS,1.0,,,,,,,,,,Conoce los derechos y deberes que la Constitución consagra.,53.0,2025
SABER PRO - 2025,PROGRAMA_ACÁDEMICO,APRENDIZAJE_PRUEBA,788,1,2.0,ANDINA,4.0,BOGOTÁ,152.0,BOGOTÁ D.C.,9001.0,UNIVERSIDAD DE CIENCIAS APLICADAS Y AMBIENTALES UDCA.,9001.0,UNIVERSIDAD DE CIENCIAS APLICADAS Y AMBIENTALES UDCA.-BOGOTÁ D.C.,14.0,MEDICINA,,,6507.0,MEDICINA,COMPETENCIAS CIUDADANAS,1.0,,,,,,,,,,Analiza las diferentes perspectivas presentes en situaciones en donde interactúan diferentes partes.,40.0,2025
SABER PRO - 2025,PROGRAMA_ACÁDEMICO,APRENDIZAJE_PRUEBA,1079,1,2.0,ANDINA,4.0,BOGOTÁ,152.0,BOGOTÁ D.C.,9001.0,UNIVERSIDAD DE CIENCIAS APLICADAS Y AMBIENTALES UDCA.,9001.0,UNIVERSIDAD DE CIENCIAS APLICADAS Y AMBIENTALES UDCA.-BOGOTÁ D.C.,8.0,CIENCIAS AGROPECUARIAS ,,,4866.0,MEDICINA VETERINARIA,RAZONAMIENTO CUANTITATIVO,1.0,,,,,,,,,,Valida procedimientos y  estrategias matemáticas utilizadas para dar solución a problemas.,48.0,2025
SABER PRO - 2025,PROGRAMA_ACÁDEMICO,APRENDIZAJE_PRUEBA,1132,1,2.0,ANDINA,4.0,BOGOTÁ,152.0,BOGOTÁ D.C.,9001.0,UNIVERSIDAD DE CIENCIAS APLICADAS Y AMBIENTALES UDCA.,9001.0,UNIVERSIDAD DE CIENCIAS APLICADAS Y AMBIENTALES UDCA.-BOGOTÁ D.C.,8.0,CIENCIAS AGROPECUARIAS ,,,648.0,MEDICINA VETERINARIA Y ZOOTECNIA,RAZONAMIENTO CUANTITATIVO,1.0,,,,,,,,,,"Frente a un problema que involucre información cuantitativa, plantea e implementa estrategias que lleven a soluciones adecuadas.",53.0,2025
SABER PRO - 2025,PROGRAMA_ACÁDEMICO,APRENDIZAJE_PRUEBA,874,1,2.0,ANDINA,4.0,BOGOTÁ,152.0,BOGOTÁ D.C.,9001.0,UNIVERSIDAD DE CIENCIAS APLICADAS Y AMBIENTALES UDCA.,9001.0,UNIVERSIDAD DE CIENCIAS APLICADAS Y AMBIENTALES UDCA.-BOGOTÁ D.C.,8.0,CIENCIAS AGROPECUARIAS ,,,648.0,MEDICINA VETERINARIA Y ZOOTECNIA,LECTURA CRÍTICA,1.0,,,,,,,,,,Identifica y entiende los contenidos locales que conforman un texto. ,33.0,2025
SABER PRO - 2025,PROGRAMA_ACÁDEMICO,APRENDIZAJE_PRUEBA,18,1,2.0,ANDINA,4.0,BOGOTÁ,152.0,BOGOTÁ D.C.,9001.0,UNIVERSIDAD DE CIENCIAS APLICADAS Y AMBIENTALES UDCA.,9001.0,UNIVERSIDAD DE CIENCIAS APLICADAS Y AMBIENTALES UDCA.-BOGOTÁ D.C.,14.0,MEDICINA,,,3143.0,MEDICINA,COMPETENCIAS CIUDADANAS,1.0,,,,,,,,,,Comprende que los problemas y sus soluciones involucran distintas dimensiones y reconoce relaciones entre estas. ,44.0,2025
SABER PRO - 2025,PROGRAMA_ACÁDEMICO,APRENDIZAJE_PRUEBA,1822,1,2.0,ANDINA,4.0,BOGOTÁ,152.0,BOGOTÁ D.C.,9001.0,UNIVERSIDAD DE CIENCIAS APLICADAS Y AMBIENTALES UDCA.,9001.0,UNIVERSIDAD DE CIENCIAS APLICADAS Y AMBIENTALES UDCA.-BOGOTÁ D.C.,14.0,MEDICINA,,,6507.0,MEDICINA,LECTURA CRÍTICA,1.0,,,,,,,,,,Reflexiona a partir de un texto y evalúa su contenido.,38.0,2025
SABER PRO - 2025,PROGRAMA_ACÁDEMICO,APRENDIZAJE_PRUEBA,63,1,2.0,ANDINA,4.0,BOGOTÁ,152.0,BOGOTÁ D.C.,9001.0,UNIVERSIDAD DE CIENCIAS APLICADAS Y AMBIENTALES UDCA.,9001.0,UNIVERSIDAD DE CIENCIAS APLICADAS Y AMBIENTALES UDCA.-BOGOTÁ D.C.,8.0,CIENCIAS AGROPECUARIAS ,,,2439.0,MEDICINA VETERINARIA Y ZOOTECNIA,COMPETENCIAS CIUDADANAS,1.0,,,,,,,,,,Comprende qué es la Constitución Política de Colombia y sus principios fundamentales.,60.0,2025
SABER PRO - 2025,PROGRAMA_ACÁDEMICO,APRENDIZAJE_PRUEBA,126,1,2.0,ANDINA,4.0,BOGOTÁ,152.0,BOGOTÁ D.C.,9001.0,UNIVERSIDAD DE CIENCIAS APLICADAS Y AMBIENTALES UDCA.,9001.0,UNIVERSIDAD DE CIENCIAS APLICADAS Y AMBIENTALES UDCA.-BOGOTÁ D.C.,8.0,CIENCIAS AGROPECUARIAS ,,,2439.0,MEDICINA VETERINARIA Y ZOOTECNIA,COMPETENCIAS CIUDADANAS,1.0,,,,,,,,,,Comprende que los problemas y sus soluciones involucran distintas dimensiones y reconoce relaciones entre estas. ,57.0,2025
SABER PRO - 2025,PROGRAMA_ACÁDEMICO,APRENDIZAJE_PRUEBA,208,1,2.0,ANDINA,4.0,BOGOTÁ,152.0,BOGOTÁ D.C.,9001.0,UNIVERSIDAD DE CIENCIAS APLICADAS Y AMBIENTALES UDCA.,9001.0,UNIVERSIDAD DE CIENCIAS APLICADAS Y AMBIENTALES UDCA.-BOGOTÁ D.C.,8.0,CIENCIAS AGROPECUARIAS ,,,2439.0,MEDICINA VETERINARIA Y ZOOTECNIA,RAZONAMIENTO CUANTITATIVO,1.0,,,,,,,,,,"Frente a un problema que involucre información cuantitativa, plantea e implementa estrategias que lleven a soluciones adecuadas.",57.0,2025
SABER PRO - 2025,PROGRAMA_ACÁDEMICO,APRENDIZAJE_PRUEBA,618,1,2.0,ANDINA,4.0,BOGOTÁ,152.0,BOGOTÁ D.C.,9001.0,UNIVERSIDAD DE CIENCIAS APLICADAS Y AMBIENTALES UDCA.,9001.0,UNIVERSIDAD DE CIENCIAS APLICADAS Y AMBIENTALES UDCA.-BOGOTÁ D.C.,8.0,CIENCIAS AGROPECUARIAS ,,,4866.0,MEDICINA VETERINARIA,COMPETENCIAS CIUDADANAS,1.0,,,,,,,,,,Analiza y evalúa la pertinencia y solidez de enunciados-discursos.,48.0,2025
SABER PRO - 2025,PROGRAMA_ACÁDEMICO,APRENDIZAJE_PRUEBA,93,1,2.0,ANDINA,4.0,BOGOTÁ,152.0,BOGOTÁ D.C.,9001.0,UNIVERSIDAD DE CIENCIAS APLICADAS Y AMBIENTALES UDCA.,9001.0,UNIVERSIDAD DE CIENCIAS APLICADAS Y AMBIENTALES UDCA.-BOGOTÁ D.C.,8.0,CIENCIAS AGROPECUARIAS ,,,2439.0,MEDICINA VETERINARIA Y ZOOTECNIA,COMPETENCIAS CIUDADANAS,1.0,,,,,,,,,,Analiza las diferentes perspectivas presentes en situaciones en donde interactúan diferentes partes.,60.0,2025
SABER PRO - 2025,PROGRAMA_ACÁDEMICO,APRENDIZAJE_PRUEBA,1178,1,2.0,ANDINA,4.0,BOGOTÁ,152.0,BOGOTÁ D.C.,9001.0,UNIVERSIDAD DE CIENCIAS APLICADAS Y AMBIENTALES UDCA.,9001.0,UNIVERSIDAD DE CIENCIAS APLICADAS Y AMBIENTALES UDCA.-BOGOTÁ D.C.,8.0,CIENCIAS AGROPECUARIAS ,,,648.0,MEDICINA VETERINARIA Y ZOOTECNIA,LECTURA CRÍTICA,1.0,,,,,,,,,,Reflexiona a partir de un texto y evalúa su contenido.,44.0,2025
SABER PRO - 2025,PROGRAMA_ACÁDEMICO,APRENDIZAJE_PRUEBA,1019,1,2.0,ANDINA,4.0,BOGOTÁ,152.0,BOGOTÁ D.C.,9001.0,UNIVERSIDAD DE CIENCIAS APLICADAS Y AMBIENTALES UDCA.,9001.0,UNIVERSIDAD DE CIENCIAS APLICADAS Y AMBIENTALES UDCA.-BOGOTÁ D.C.,8.0,CIENCIAS AGROPECUARIAS ,,,4866.0,MEDICINA VETERINARIA,RAZONAMIENTO CUANTITATIVO,1.0,,,,,,,,,,"Frente a un problema que involucre información cuantitativa, plantea e implementa estrategias que lleven a soluciones adecuadas.",58.0,2025
SABER PRO - 2025,PROGRAMA_ACÁDEMICO,APRENDIZAJE_PRUEBA,1236,1,2.0,ANDINA,4.0,BOGOTÁ,152.0,BOGOTÁ D.C.,9001.0,UNIVERSIDAD DE CIENCIAS APLICADAS Y AMBIENTALES UDCA.,9001.0,UNIVERSIDAD DE CIENCIAS APLICADAS Y AMBIENTALES UDCA.-BOGOTÁ D.C.,8.0,CIENCIAS AGROPECUARIAS ,,,4866.0,MEDICINA VETERINARIA,LECTURA CRÍTICA,1.0,,,,,,,,,,Comprende cómo se articulan las partes de un texto para darle un sentido global.,46.0,2025
SABER PRO - 2025,PROGRAMA_ACÁDEMICO,APRENDIZAJE_PRUEBA,618,1,2.0,ANDINA,4.0,BOGOTÁ,152.0,BOGOTÁ D.C.,9001.0,UNIVERSIDAD DE CIENCIAS APLICADAS Y AMBIENTALES UDCA.,9001.0,UNIVERSIDAD DE CIENCIAS APLICADAS Y AMBIENTALES UDCA.-BOGOTÁ D.C.,8.0,CIENCIAS AGROPECUARIAS ,,,4866.0,MEDICINA VETERINARIA,COMPETENCIAS CIUDADANAS,1.0,,,,,,,,,,Comprende que los problemas y sus soluciones involucran distintas dimensiones y reconoce relaciones entre estas. ,49.0,2025
SABER PRO - 2025,PROGRAMA_ACÁDEMICO,APRENDIZAJE_PRUEBA,519,1,2.0,ANDINA,4.0,BOGOTÁ,152.0,BOGOTÁ D.C.,9001.0,UNIVERSIDAD DE CIENCIAS APLICADAS Y AMBIENTALES UDCA.,9001.0,UNIVERSIDAD DE CIENCIAS APLICADAS Y AMBIENTALES UDCA.-BOGOTÁ D.C.,14.0,MEDICINA,,,6507.0,MEDICINA,COMPETENCIAS CIUDADANAS,1.0,,,,,,,,,,Conoce la organización del Estado de acuerdo con la Constitución.,31.0,2025
SABER PRO - 2025,PROGRAMA_ACÁDEMICO,APRENDIZAJE_PRUEBA,36,1,2.0,ANDINA,4.0,BOGOTÁ,152.0,BOGOTÁ D.C.,9001.0,UNIVERSIDAD DE CIENCIAS APLICADAS Y AMBIENTALES UDCA.,9001.0,UNIVERSIDAD DE CIENCIAS APLICADAS Y AMBIENTALES UDCA.-BOGOTÁ D.C.,14.0,MEDICINA,,,3143.0,MEDICINA,LECTURA CRÍTICA,1.0,,,,,,,,,,Comprende cómo se articulan las partes de un texto para darle un sentido global.,53.0,2025
SABER PRO - 2025,PROGRAMA_ACÁDEMICO,APRENDIZAJE_PRUEBA,96,1,2.0,ANDINA,4.0,BOGOTÁ,152.0,BOGOTÁ D.C.,9001.0,UNIVERSIDAD DE CIENCIAS APLICADAS Y AMBIENTALES UDCA.,9001.0,UNIVERSIDAD DE CIENCIAS APLICADAS Y AMBIENTALES UDCA.-BOGOTÁ D.C.,8.0,CIENCIAS AGROPECUARIAS ,,,2439.0,MEDICINA VETERINARIA Y ZOOTECNIA,COMPETENCIAS CIUDADANAS,1.0,,,,,,,,,,Reconoce la existencia de diferentes perspectivas en situaciones en donde interactúan diferentes partes.,51.0,2025
SABER PRO - 2025,PROGRAMA_ACÁDEMICO,APRENDIZAJE_PRUEBA,1182,1,2.0,ANDINA,4.0,BOGOTÁ,152.0,BOGOTÁ D.C.,9001.0,UNIVERSIDAD DE CIENCIAS APLICADAS Y AMBIENTALES UDCA.,9001.0,UNIVERSIDAD DE CIENCIAS APLICADAS Y AMBIENTALES UDCA.-BOGOTÁ D.C.,8.0,CIENCIAS AGROPECUARIAS ,,,648.0,MEDICINA VETERINARIA Y ZOOTECNIA,RAZONAMIENTO CUANTITATIVO,1.0,,,,,,,,,,Valida procedimientos y  estrategias matemáticas utilizadas para dar solución a problemas.,49.0,2025
SABER PRO - 2025,PROGRAMA_ACÁDEMICO,APRENDIZAJE_PRUEBA,1822,1,2.0,ANDINA,4.0,BOGOTÁ,152.0,BOGOTÁ D.C.,9001.0,UNIVERSIDAD DE CIENCIAS APLICADAS Y AMBIENTALES UDCA.,9001.0,UNIVERSIDAD DE CIENCIAS APLICADAS Y AMBIENTALES UDCA.-BOGOTÁ D.C.,14.0,MEDICINA,,,6507.0,MEDICINA,RAZONAMIENTO CUANTITATIVO,1.0,,,,,,,,,,Valida procedimientos y  estrategias matemáticas utilizadas para dar solución a problemas.,46.0,2025
SABER PRO - 2025,PROGRAMA_ACÁDEMICO,APRENDIZAJE_PRUEBA,342,1,2.0,ANDINA,4.0,BOGOTÁ,152.0,BOGOTÁ D.C.,9001.0,UNIVERSIDAD DE CIENCIAS APLICADAS Y AMBIENTALES UDCA.,9001.0,UNIVERSIDAD DE CIENCIAS APLICADAS Y AMBIENTALES UDCA.-BOGOTÁ D.C.,8.0,CIENCIAS AGROPECUARIAS ,,,648.0,MEDICINA VETERINARIA Y ZOOTECNIA,COMPETENCIAS CIUDADANAS,1.0,,,,,,,,,,Conoce la organización del Estado de acuerdo con la Constitución.,53.0,2025
SABER PRO - 2025,PROGRAMA_ACÁDEMICO,APRENDIZAJE_PRUEBA,514,1,2.0,ANDINA,4.0,BOGOTÁ,152.0,BOGOTÁ D.C.,9001.0,UNIVERSIDAD DE CIENCIAS APLICADAS Y AMBIENTALES UDCA.,9001.0,UNIVERSIDAD DE CIENCIAS APLICADAS Y AMBIENTALES UDCA.-BOGOTÁ D.C.,8.0,CIENCIAS AGROPECUARIAS ,,,648.0,MEDICINA VETERINARIA Y ZOOTECNIA,COMPETENCIAS CIUDADANAS,1.0,,,,,,,,,,Reconoce la existencia de diferentes perspectivas en situaciones en donde interactúan diferentes partes.,45.0,2025
SABER PRO - 2025,PROGRAMA_ACÁDEMICO,APRENDIZAJE_PRUEBA,23,1,2.0,ANDINA,4.0,BOGOTÁ,152.0,BOGOTÁ D.C.,9001.0,UNIVERSIDAD DE CIENCIAS APLICADAS Y AMBIENTALES UDCA.,9001.0,UNIVERSIDAD DE CIENCIAS APLICADAS Y AMBIENTALES UDCA.-BOGOTÁ D.C.,14.0,MEDICINA,,,3143.0,MEDICINA,LECTURA CRÍTICA,1.0,,,,,,,,,,Identifica y entiende los contenidos locales que conforman un texto. ,30.0,2025
SABER PRO - 2025,PROGRAMA_ACÁDEMICO,APRENDIZAJE_PRUEBA,519,1,2.0,ANDINA,4.0,BOGOTÁ,152.0,BOGOTÁ D.C.,9001.0,UNIVERSIDAD DE CIENCIAS APLICADAS Y AMBIENTALES UDCA.,9001.0,UNIVERSIDAD DE CIENCIAS APLICADAS Y AMBIENTALES UDCA.-BOGOTÁ D.C.,14.0,MEDICINA,,,6507.0,MEDICINA,COMPETENCIAS CIUDADANAS,1.0,,,,,,,,,,Comprende qué es la Constitución Política de Colombia y sus principios fundamentales.,38.0,2025
SABER PRO - 2025,PROGRAMA_ACÁDEMICO,APRENDIZAJE_PRUEBA,464,1,2.0,ANDINA,4.0,BOGOTÁ,152.0,BOGOTÁ D.C.,9001.0,UNIVERSIDAD DE CIENCIAS APLICADAS Y AMBIENTALES UDCA.,9001.0,UNIVERSIDAD DE CIENCIAS APLICADAS Y AMBIENTALES UDCA.-BOGOTÁ D.C.,8.0,CIENCIAS AGROPECUARIAS ,,,4866.0,MEDICINA VETERINARIA,COMPETENCIAS CIUDADANAS,1.0,,,,,,,,,,Analiza las diferentes perspectivas presentes en situaciones en donde interactúan diferentes partes.,55.0,2025
SABER PRO - 2025,PROGRAMA_ACÁDEMICO,APRENDIZAJE_PRUEBA,9,1,2.0,ANDINA,4.0,BOGOTÁ,152.0,BOGOTÁ D.C.,9001.0,UNIVERSIDAD DE CIENCIAS APLICADAS Y AMBIENTALES UDCA.,9001.0,UNIVERSIDAD DE CIENCIAS APLICADAS Y AMBIENTALES UDCA.-BOGOTÁ D.C.,14.0,MEDICINA,,,3143.0,MEDICINA,COMPETENCIAS CIUDADANAS,1.0,,,,,,,,,,Comprende qué es la Constitución Política de Colombia y sus principios fundamentales.,33.0,2025
SABER PRO - 2025,PROGRAMA_ACÁDEMICO,APRENDIZAJE_PRUEBA,1368,1,2.0,ANDINA,4.0,BOGOTÁ,152.0,BOGOTÁ D.C.,9001.0,UNIVERSIDAD DE CIENCIAS APLICADAS Y AMBIENTALES UDCA.,9001.0,UNIVERSIDAD DE CIENCIAS APLICADAS Y AMBIENTALES UDCA.-BOGOTÁ D.C.,8.0,CIENCIAS AGROPECUARIAS ,,,648.0,MEDICINA VETERINARIA Y ZOOTECNIA,LECTURA CRÍTICA,1.0,,,,,,,,,,Comprende cómo se articulan las partes de un texto para darle un sentido global.,50.0,2025
SABER PRO - 2025,PROGRAMA_ACÁDEMICO,APRENDIZAJE_PRUEBA,126,1,2.0,ANDINA,4.0,BOGOTÁ,152.0,BOGOTÁ D.C.,9001.0,UNIVERSIDAD DE CIENCIAS APLICADAS Y AMBIENTALES UDCA.,9001.0,UNIVERSIDAD DE CIENCIAS APLICADAS Y AMBIENTALES UDCA.-BOGOTÁ D.C.,8.0,CIENCIAS AGROPECUARIAS ,,,2439.0,MEDICINA VETERINARIA Y ZOOTECNIA,COMPETENCIAS CIUDADANAS,1.0,,,,,,,,,,Analiza y evalúa la pertinencia y solidez de enunciados-discursos.,53.0,2025
SABER PRO - 2025,PROGRAMA_ACÁDEMICO,APRENDIZAJE_PRUEBA,223,1,2.0,ANDINA,4.0,BOGOTÁ,152.0,BOGOTÁ D.C.,9001.0,UNIVERSIDAD DE CIENCIAS APLICADAS Y AMBIENTALES UDCA.,9001.0,UNIVERSIDAD DE CIENCIAS APLICADAS Y AMBIENTALES UDCA.-BOGOTÁ D.C.,8.0,CIENCIAS AGROPECUARIAS ,,,2439.0,MEDICINA VETERINARIA Y ZOOTECNIA,LECTURA CRÍTICA,1.0,,,,,,,,,,Reflexiona a partir de un texto y evalúa su contenido.,54.0,2025
SABER PRO - 2025,PROGRAMA_ACÁDEMICO,APRENDIZAJE_PRUEBA,2076,1,2.0,ANDINA,4.0,BOGOTÁ,152.0,BOGOTÁ D.C.,9001.0,UNIVERSIDAD DE CIENCIAS APLICADAS Y AMBIENTALES UDCA.,9001.0,UNIVERSIDAD DE CIENCIAS APLICADAS Y AMBIENTALES UDCA.-BOGOTÁ D.C.,14.0,MEDICINA,,,6507.0,MEDICINA,LECTURA CRÍTICA,1.0,,,,,,,,,,Comprende cómo se articulan las partes de un texto para darle un sentido global.,39.0,2025
SABER PRO - 2025,PROGRAMA_ACÁDEMICO,APRENDIZAJE_PRUEBA,463,1,2.0,ANDINA,4.0,BOGOTÁ,152.0,BOGOTÁ D.C.,9001.0,UNIVERSIDAD DE CIENCIAS APLICADAS Y AMBIENTALES UDCA.,9001.0,UNIVERSIDAD DE CIENCIAS APLICADAS Y AMBIENTALES UDCA.-BOGOTÁ D.C.,8.0,CIENCIAS AGROPECUARIAS ,,,4866.0,MEDICINA VETERINARIA,COMPETENCIAS CIUDADANAS,1.0,,,,,,,,,,Reconoce la existencia de diferentes perspectivas en situaciones en donde interactúan diferentes partes.,43.0,2025
SABER PRO - 2025,PROGRAMA_ACÁDEMICO,APRENDIZAJE_PRUEBA,144,1,2.0,ANDINA,4.0,BOGOTÁ,152.0,BOGOTÁ D.C.,9001.0,UNIVERSIDAD DE CIENCIAS APLICADAS Y AMBIENTALES UDCA.,9001.0,UNIVERSIDAD DE CIENCIAS APLICADAS Y AMBIENTALES UDCA.-BOGOTÁ D.C.,8.0,CIENCIAS AGROPECUARIAS ,,,648.0,MEDICINA VETERINARIA Y ZOOTECNIA,PRODUCCIÓN PECUARIA,34.0,,,,,,,,,,"Entender los sistemas de producción pecuaria locales en los contextos socio-económicos globales, y regionales para su proyección en un ambiente de gestión tecnológica como base para el desarrollo de la sociedad",47.0,2025
SABER PRO - 2025,PROGRAMA_ACÁDEMICO,APRENDIZAJE_PRUEBA,252,1,2.0,ANDINA,4.0,BOGOTÁ,152.0,BOGOTÁ D.C.,9001.0,UNIVERSIDAD DE CIENCIAS APLICADAS Y AMBIENTALES UDCA.,9001.0,UNIVERSIDAD DE CIENCIAS APLICADAS Y AMBIENTALES UDCA.-BOGOTÁ D.C.,8.0,CIENCIAS AGROPECUARIAS ,,,2439.0,MEDICINA VETERINARIA Y ZOOTECNIA,LECTURA CRÍTICA,1.0,,,,,,,,,,Comprende cómo se articulan las partes de un texto para darle un sentido global.,60.0,2025
SABER PRO - 2025,PROGRAMA_ACÁDEMICO,APRENDIZAJE_PRUEBA,342,1,2.0,ANDINA,4.0,BOGOTÁ,152.0,BOGOTÁ D.C.,9001.0,UNIVERSIDAD DE CIENCIAS APLICADAS Y AMBIENTALES UDCA.,9001.0,UNIVERSIDAD DE CIENCIAS APLICADAS Y AMBIENTALES UDCA.-BOGOTÁ D.C.,8.0,CIENCIAS AGROPECUARIAS ,,,648.0,MEDICINA VETERINARIA Y ZOOTECNIA,COMPETENCIAS CIUDADANAS,1.0,,,,,,,,,,Comprende qué es la Constitución Política de Colombia y sus principios fundamentales.,62.0,2025
SABER PRO - 2025,PROGRAMA_ACÁDEMICO,APRENDIZAJE_PRUEBA,288,1,2.0,ANDINA,4.0,BOGOTÁ,152.0,BOGOTÁ D.C.,9001.0,UNIVERSIDAD DE CIENCIAS APLICADAS Y AMBIENTALES UDCA.,9001.0,UNIVERSIDAD DE CIENCIAS APLICADAS Y AMBIENTALES UDCA.-BOGOTÁ D.C.,8.0,CIENCIAS AGROPECUARIAS ,,,648.0,MEDICINA VETERINARIA Y ZOOTECNIA,PRODUCCIÓN PECUARIA,34.0,,,,,,,,,,Comprender los principios genéticos y reproductivos para el  mejoramiento animal y la estructuración de los ciclos productivos.  ,70.0,2025
SABER PRO - 2025,PROGRAMA_ACÁDEMICO,APRENDIZAJE_PRUEBA,769,1,2.0,ANDINA,4.0,BOGOTÁ,152.0,BOGOTÁ D.C.,9001.0,UNIVERSIDAD DE CIENCIAS APLICADAS Y AMBIENTALES UDCA.,9001.0,UNIVERSIDAD DE CIENCIAS APLICADAS Y AMBIENTALES UDCA.-BOGOTÁ D.C.,14.0,MEDICINA,,,6507.0,MEDICINA,COMPETENCIAS CIUDADANAS,1.0,,,,,,,,,,Reconoce la existencia de diferentes perspectivas en situaciones en donde interactúan diferentes partes.,41.0,2025
SABER PRO - 2025,PROGRAMA_ACÁDEMICO,APRENDIZAJE_PRUEBA,288,1,2.0,ANDINA,4.0,BOGOTÁ,152.0,BOGOTÁ D.C.,9001.0,UNIVERSIDAD DE CIENCIAS APLICADAS Y AMBIENTALES UDCA.,9001.0,UNIVERSIDAD DE CIENCIAS APLICADAS Y AMBIENTALES UDCA.-BOGOTÁ D.C.,8.0,CIENCIAS AGROPECUARIAS ,,,648.0,MEDICINA VETERINARIA Y ZOOTECNIA,PRODUCCIÓN PECUARIA,34.0,,,,,,,,,,"Comprender los efectos de los factores ecofisiológicos sobre los diferentes elementos constitutivos de los sistemas integrados de producción animal, en forma aislada, conjunta y en interacción.",50.0,2025
SABER PRO - 2025,PROGRAMA_ACÁDEMICO,APRENDIZAJE_PRUEBA,108,1,2.0,ANDINA,4.0,BOGOTÁ,152.0,BOGOTÁ D.C.,9001.0,UNIVERSIDAD DE CIENCIAS APLICADAS Y AMBIENTALES UDCA.,9001.0,UNIVERSIDAD DE CIENCIAS APLICADAS Y AMBIENTALES UDCA.-BOGOTÁ D.C.,8.0,CIENCIAS AGROPECUARIAS ,,,648.0,MEDICINA VETERINARIA Y ZOOTECNIA,PRODUCCIÓN PECUARIA,34.0,,,,,,,,,,"Comprender  los aspectos  y condiciones administrativas y socio económicas de los sistemas de producción animal, para el análisis, diseño,  formulación y aplicación de propuestas de gestión de la tecnología, mediante el análisis de los factores internos y externos de la empresa pecuaria para generar viabilidad técnica, administrativa y financiera. ",52.0,2025
SABER PRO - 2025,PROGRAMA_ACÁDEMICO,APRENDIZAJE_PRUEBA,260,1,2.0,ANDINA,4.0,BOGOTÁ,152.0,BOGOTÁ D.C.,9001.0,UNIVERSIDAD DE CIENCIAS APLICADAS Y AMBIENTALES UDCA.,9001.0,UNIVERSIDAD DE CIENCIAS APLICADAS Y AMBIENTALES UDCA.-BOGOTÁ D.C.,8.0,CIENCIAS AGROPECUARIAS ,,,4866.0,MEDICINA VETERINARIA,COMPETENCIAS CIUDADANAS,1.0,,,,,,,,,,Conoce los derechos y deberes que la Constitución consagra.,45.0,2025
SABER PRO - 2025,PROGRAMA_ACÁDEMICO,APRENDIZAJE_PRUEBA,31,1,2.0,ANDINA,4.0,BOGOTÁ,152.0,BOGOTÁ D.C.,9001.0,UNIVERSIDAD DE CIENCIAS APLICADAS Y AMBIENTALES UDCA.,9001.0,UNIVERSIDAD DE CIENCIAS APLICADAS Y AMBIENTALES UDCA.-BOGOTÁ D.C.,14.0,MEDICINA,,,3143.0,MEDICINA,RAZONAMIENTO CUANTITATIVO,1.0,,,,,,,,,,"Frente a un problema que involucre información cuantitativa, plantea e implementa estrategias que lleven a soluciones adecuadas.",81.0,2025
SABER PRO - 2025,PROGRAMA_ACÁDEMICO,APRENDIZAJE_PRUEBA,684,1,2.0,ANDINA,4.0,BOGOTÁ,152.0,BOGOTÁ D.C.,9001.0,UNIVERSIDAD DE CIENCIAS APLICADAS Y AMBIENTALES UDCA.,9001.0,UNIVERSIDAD DE CIENCIAS APLICADAS Y AMBIENTALES UDCA.-BOGOTÁ D.C.,8.0,CIENCIAS AGROPECUARIAS ,,,648.0,MEDICINA VETERINARIA Y ZOOTECNIA,COMPETENCIAS CIUDADANAS,1.0,,,,,,,,,,Analiza y evalúa la pertinencia y solidez de enunciados-discursos.,47.0,2025
SABER PRO - 2025,PROGRAMA_ACÁDEMICO,APRENDIZAJE_PRUEBA,309,1,2.0,ANDINA,4.0,BOGOTÁ,152.0,BOGOTÁ D.C.,9001.0,UNIVERSIDAD DE CIENCIAS APLICADAS Y AMBIENTALES UDCA.,9001.0,UNIVERSIDAD DE CIENCIAS APLICADAS Y AMBIENTALES UDCA.-BOGOTÁ D.C.,8.0,CIENCIAS AGROPECUARIAS ,,,4866.0,MEDICINA VETERINARIA,COMPETENCIAS CIUDADANAS,1.0,,,,,,,,,,Conoce la organización del Estado de acuerdo con la Constitución.,50.0,2025
SABER PRO - 2025,PROGRAMA_ACÁDEMICO,APRENDIZAJE_PRUEBA,1697,1,2.0,ANDINA,4.0,BOGOTÁ,152.0,BOGOTÁ D.C.,9001.0,UNIVERSIDAD DE CIENCIAS APLICADAS Y AMBIENTALES UDCA.,9001.0,UNIVERSIDAD DE CIENCIAS APLICADAS Y AMBIENTALES UDCA.-BOGOTÁ D.C.,14.0,MEDICINA,,,6507.0,MEDICINA,RAZONAMIENTO CUANTITATIVO,1.0,,,,,,,,,,Comprende y transforma la información cuantitativa y esquemática presentada en distintos formatos ,31.0,2025
SABER PRO - 2025,PROGRAMA_ACÁDEMICO,APRENDIZAJE_PRUEBA,684,1,2.0,ANDINA,4.0,BOGOTÁ,152.0,BOGOTÁ D.C.,9001.0,UNIVERSIDAD DE CIENCIAS APLICADAS Y AMBIENTALES UDCA.,9001.0,UNIVERSIDAD DE CIENCIAS APLICADAS Y AMBIENTALES UDCA.-BOGOTÁ D.C.,8.0,CIENCIAS AGROPECUARIAS ,,,648.0,MEDICINA VETERINARIA Y ZOOTECNIA,COMPETENCIAS CIUDADANAS,1.0,,,,,,,,,,Comprende que los problemas y sus soluciones involucran distintas dimensiones y reconoce relaciones entre estas. ,48.0,2025
SABER PRO - 2025,PROGRAMA_ACÁDEMICO,APRENDIZAJE_PRUEBA,180,1,2.0,ANDINA,4.0,BOGOTÁ,152.0,BOGOTÁ D.C.,9001.0,UNIVERSIDAD DE CIENCIAS APLICADAS Y AMBIENTALES UDCA.,9001.0,UNIVERSIDAD DE CIENCIAS APLICADAS Y AMBIENTALES UDCA.-BOGOTÁ D.C.,8.0,CIENCIAS AGROPECUARIAS ,,,648.0,MEDICINA VETERINARIA Y ZOOTECNIA,PRODUCCIÓN PECUARIA,34.0,,,,,,,,,,Conocer los principios de la nutrición y la alimentación para las diferentes especies de interés zootécnico y comprender y desarrollar sistemas de alimentación en contexto con la particularidad de los nichos productivos.,57.0,2025
SABER PRO - 2025,PROGRAMA_ACÁDEMICO,APRENDIZAJE_PRUEBA,1082,1,2.0,ANDINA,4.0,BOGOTÁ,152.0,BOGOTÁ D.C.,9001.0,UNIVERSIDAD DE CIENCIAS APLICADAS Y AMBIENTALES UDCA.,9001.0,UNIVERSIDAD DE CIENCIAS APLICADAS Y AMBIENTALES UDCA.-BOGOTÁ D.C.,8.0,CIENCIAS AGROPECUARIAS ,,,4866.0,MEDICINA VETERINARIA,LECTURA CRÍTICA,1.0,,,,,,,,,,Reflexiona a partir de un texto y evalúa su contenido.,43.0,2025
SABER PRO - 2025,PROGRAMA_ACÁDEMICO,APRENDIZAJE_PRUEBA,63,1,2.0,ANDINA,4.0,BOGOTÁ,152.0,BOGOTÁ D.C.,9001.0,UNIVERSIDAD DE CIENCIAS APLICADAS Y AMBIENTALES UDCA.,9001.0,UNIVERSIDAD DE CIENCIAS APLICADAS Y AMBIENTALES UDCA.-BOGOTÁ D.C.,8.0,CIENCIAS AGROPECUARIAS ,,,2439.0,MEDICINA VETERINARIA Y ZOOTECNIA,COMPETENCIAS CIUDADANAS,1.0,,,,,,,,,,Conoce la organización del Estado de acuerdo con la Constitución.,60.0,2025
SABER PRO - 2025,PROGRAMA_ACÁDEMICO,APRENDIZAJE_PRUEBA,1216,1,2.0,ANDINA,4.0,BOGOTÁ,152.0,BOGOTÁ D.C.,9003.0,COLEGIO MAYOR DE NUESTRA SEÑORA DEL ROSARIO,9003.0,COLEGIO MAYOR DE NUESTRA SEÑORA DEL ROSARIO-BOGOTÁ D.C.,14.0,MEDICINA,,,570.0,MEDICINA,ATENCIÓN EN SALUD,34.0,,,,,,,,,,"Integra el proceso de sistematización de la información, relacionada con la salud del individuo, la familia y la comunidad en la priorización de acciones. ",33.0,2025
SABER PRO - 2025,PROGRAMA_ACÁDEMICO,APRENDIZAJE_PRUEBA,2497,1,2.0,ANDINA,4.0,BOGOTÁ,152.0,BOGOTÁ D.C.,9003.0,COLEGIO MAYOR DE NUESTRA SEÑORA DEL ROSARIO,9003.0,COLEGIO MAYOR DE NUESTRA SEÑORA DEL ROSARIO-BOGOTÁ D.C.,14.0,MEDICINA,,,570.0,MEDICINA,RAZONAMIENTO CUANTITATIVO,1.0,,,,,,,,,,"Frente a un problema que involucre información cuantitativa, plantea e implementa estrategias que lleven a soluciones adecuadas.",38.0,2025
SABER PRO - 2025,PROGRAMA_ACÁDEMICO,APRENDIZAJE_PRUEBA,1147,1,2.0,ANDINA,4.0,BOGOTÁ,152.0,BOGOTÁ D.C.,9003.0,COLEGIO MAYOR DE NUESTRA SEÑORA DEL ROSARIO,9003.0,COLEGIO MAYOR DE NUESTRA SEÑORA DEL ROSARIO-BOGOTÁ D.C.,14.0,MEDICINA,,,570.0,MEDICINA,COMPETENCIAS CIUDADANAS,1.0,,,,,,,,,,Reconoce la existencia de diferentes perspectivas en situaciones en donde interactúan diferentes partes.,27.0,2025
SABER PRO - 2025,PROGRAMA_ACÁDEMICO,APRENDIZAJE_PRUEBA,3648,1,2.0,ANDINA,4.0,BOGOTÁ,152.0,BOGOTÁ D.C.,9003.0,COLEGIO MAYOR DE NUESTRA SEÑORA DEL ROSARIO,9003.0,COLEGIO MAYOR DE NUESTRA SEÑORA DEL ROSARIO-BOGOTÁ D.C.,14.0,MEDICINA,,,570.0,MEDICINA,PROMOCIÓN DE LA SALUD Y PREVENCIÓN DE LA ENFERMEDAD,34.0,,,,,,,,,,"Integra los conceptos básicos de prevención de la enfermedad, que le permita la priorización de las acciones  por seguir  de  acuerdo con las condiciones de salud de las poblaciones.",32.0,2025
SABER PRO - 2025,PROGRAMA_ACÁDEMICO,APRENDIZAJE_PRUEBA,2810,1,2.0,ANDINA,4.0,BOGOTÁ,152.0,BOGOTÁ D.C.,9003.0,COLEGIO MAYOR DE NUESTRA SEÑORA DEL ROSARIO,9003.0,COLEGIO MAYOR DE NUESTRA SEÑORA DEL ROSARIO-BOGOTÁ D.C.,14.0,MEDICINA,,,570.0,MEDICINA,RAZONAMIENTO CUANTITATIVO,1.0,,,,,,,,,,Valida procedimientos y  estrategias matemáticas utilizadas para dar solución a problemas.,33.0,2025
SABER PRO - 2025,PROGRAMA_ACÁDEMICO,APRENDIZAJE_PRUEBA,1229,1,2.0,ANDINA,4.0,BOGOTÁ,152.0,BOGOTÁ D.C.,9003.0,COLEGIO MAYOR DE NUESTRA SEÑORA DEL ROSARIO,9003.0,COLEGIO MAYOR DE NUESTRA SEÑORA DEL ROSARIO-BOGOTÁ D.C.,14.0,MEDICINA,,,570.0,MEDICINA,COMPETENCIAS CIUDADANAS,1.0,,,,,,,,,,Analiza las diferentes perspectivas presentes en situaciones en donde interactúan diferentes partes.,25.0,2025
SABER PRO - 2025,PROGRAMA_ACÁDEMICO,APRENDIZAJE_PRUEBA,3496,1,2.0,ANDINA,4.0,BOGOTÁ,152.0,BOGOTÁ D.C.,9003.0,COLEGIO MAYOR DE NUESTRA SEÑORA DEL ROSARIO,9003.0,COLEGIO MAYOR DE NUESTRA SEÑORA DEL ROSARIO-BOGOTÁ D.C.,14.0,MEDICINA,,,570.0,MEDICINA,FUNDAMENTACIÓN EN DIAGNÓSTICO Y TRATAMIENTO MÉDICOS,34.0,,,,,,,,,,"Propone un plan de tratamiento de acuerdo con la situación del paciente, a partir de casos clínicos de común ocurrencia en la práctica de los médicos generales.",52.0,2025
SABER PRO - 2025,PROGRAMA_ACÁDEMICO,APRENDIZAJE_PRUEBA,1216,1,2.0,ANDINA,4.0,BOGOTÁ,152.0,BOGOTÁ D.C.,9003.0,COLEGIO MAYOR DE NUESTRA SEÑORA DEL ROSARIO,9003.0,COLEGIO MAYOR DE NUESTRA SEÑORA DEL ROSARIO-BOGOTÁ D.C.,14.0,MEDICINA,,,570.0,MEDICINA,ATENCIÓN EN SALUD,34.0,,,,,,,,,,"Reconoce la política y la normatividad nacional y los acuerdos internacionales suscritos por el Estado colombiano, relacionados con salud pública y los aplica en situaciones concretas que afectan la salud del individuo, la familia y la comunidad.",31.0,2025
SABER PRO - 2025,PROGRAMA_ACÁDEMICO,APRENDIZAJE_PRUEBA,792,1,2.0,ANDINA,4.0,BOGOTÁ,152.0,BOGOTÁ D.C.,9003.0,COLEGIO MAYOR DE NUESTRA SEÑORA DEL ROSARIO,9003.0,COLEGIO MAYOR DE NUESTRA SEÑORA DEL ROSARIO-BOGOTÁ D.C.,14.0,MEDICINA,,,570.0,MEDICINA,COMPETENCIAS CIUDADANAS,1.0,,,,,,,,,,Comprende qué es la Constitución Política de Colombia y sus principios fundamentales.,31.0,2025
SABER PRO - 2025,PROGRAMA_ACÁDEMICO,APRENDIZAJE_PRUEBA,677,1,2.0,ANDINA,4.0,BOGOTÁ,152.0,BOGOTÁ D.C.,9003.0,COLEGIO MAYOR DE NUESTRA SEÑORA DEL ROSARIO,9003.0,COLEGIO MAYOR DE NUESTRA SEÑORA DEL ROSARIO-BOGOTÁ D.C.,14.0,MEDICINA,,,570.0,MEDICINA,COMPETENCIAS CIUDADANAS,1.0,,,,,,,,,,Conoce los derechos y deberes que la Constitución consagra.,26.0,2025
SABER PRO - 2025,PROGRAMA_ACÁDEMICO,APRENDIZAJE_PRUEBA,2613,1,2.0,ANDINA,4.0,BOGOTÁ,152.0,BOGOTÁ D.C.,9003.0,COLEGIO MAYOR DE NUESTRA SEÑORA DEL ROSARIO,9003.0,COLEGIO MAYOR DE NUESTRA SEÑORA DEL ROSARIO-BOGOTÁ D.C.,14.0,MEDICINA,,,570.0,MEDICINA,RAZONAMIENTO CUANTITATIVO,1.0,,,,,,,,,,Comprende y transforma la información cuantitativa y esquemática presentada en distintos formatos ,22.0,2025
SABER PRO - 2025,PROGRAMA_ACÁDEMICO,APRENDIZAJE_PRUEBA,5016,1,2.0,ANDINA,4.0,BOGOTÁ,152.0,BOGOTÁ D.C.,9003.0,COLEGIO MAYOR DE NUESTRA SEÑORA DEL ROSARIO,9003.0,COLEGIO MAYOR DE NUESTRA SEÑORA DEL ROSARIO-BOGOTÁ D.C.,14.0,MEDICINA,,,570.0,MEDICINA,FUNDAMENTACIÓN EN DIAGNÓSTICO Y TRATAMIENTO MÉDICOS,34.0,,,,,,,,,,"Determina la situación de salud o enfermedad de niños, jóvenes y adultos (hombres y mujeres), a partir de casos clínicos de común ocurrencia en la práctica de los médicos generales.",50.0,2025
SABER PRO - 2025,PROGRAMA_ACÁDEMICO,APRENDIZAJE_PRUEBA,792,1,2.0,ANDINA,4.0,BOGOTÁ,152.0,BOGOTÁ D.C.,9003.0,COLEGIO MAYOR DE NUESTRA SEÑORA DEL ROSARIO,9003.0,COLEGIO MAYOR DE NUESTRA SEÑORA DEL ROSARIO-BOGOTÁ D.C.,14.0,MEDICINA,,,570.0,MEDICINA,COMPETENCIAS CIUDADANAS,1.0,,,,,,,,,,Conoce la organización del Estado de acuerdo con la Constitución.,23.0,2025
SABER PRO - 2025,PROGRAMA_ACÁDEMICO,APRENDIZAJE_PRUEBA,2811,1,2.0,ANDINA,4.0,BOGOTÁ,152.0,BOGOTÁ D.C.,9003.0,COLEGIO MAYOR DE NUESTRA SEÑORA DEL ROSARIO,9003.0,COLEGIO MAYOR DE NUESTRA SEÑORA DEL ROSARIO-BOGOTÁ D.C.,14.0,MEDICINA,,,570.0,MEDICINA,LECTURA CRÍTICA,1.0,,,,,,,,,,Reflexiona a partir de un texto y evalúa su contenido.,25.0,2025
SABER PRO - 2025,PROGRAMA_ACÁDEMICO,APRENDIZAJE_PRUEBA,1941,1,2.0,ANDINA,4.0,BOGOTÁ,152.0,BOGOTÁ D.C.,9003.0,COLEGIO MAYOR DE NUESTRA SEÑORA DEL ROSARIO,9003.0,COLEGIO MAYOR DE NUESTRA SEÑORA DEL ROSARIO-BOGOTÁ D.C.,14.0,MEDICINA,,,570.0,MEDICINA,LECTURA CRÍTICA,1.0,,,,,,,,,,Identifica y entiende los contenidos locales que conforman un texto. ,16.0,2025
SABER PRO - 2025,PROGRAMA_ACÁDEMICO,APRENDIZAJE_PRUEBA,1824,1,2.0,ANDINA,4.0,BOGOTÁ,152.0,BOGOTÁ D.C.,9003.0,COLEGIO MAYOR DE NUESTRA SEÑORA DEL ROSARIO,9003.0,COLEGIO MAYOR DE NUESTRA SEÑORA DEL ROSARIO-BOGOTÁ D.C.,14.0,MEDICINA,,,570.0,MEDICINA,ATENCIÓN EN SALUD,34.0,,,,,,,,,,"Propone acciones de diagnóstico, ejecución y evaluación en el marco de políticas y lineamientos en salud vigentes.",37.0,2025
SABER PRO - 2025,PROGRAMA_ACÁDEMICO,APRENDIZAJE_PRUEBA,1584,1,2.0,ANDINA,4.0,BOGOTÁ,152.0,BOGOTÁ D.C.,9003.0,COLEGIO MAYOR DE NUESTRA SEÑORA DEL ROSARIO,9003.0,COLEGIO MAYOR DE NUESTRA SEÑORA DEL ROSARIO-BOGOTÁ D.C.,14.0,MEDICINA,,,570.0,MEDICINA,COMPETENCIAS CIUDADANAS,1.0,,,,,,,,,,Analiza y evalúa la pertinencia y solidez de enunciados-discursos.,28.0,2025
SABER PRO - 2025,PROGRAMA_ACÁDEMICO,APRENDIZAJE_PRUEBA,1520,1,2.0,ANDINA,4.0,BOGOTÁ,152.0,BOGOTÁ D.C.,9003.0,COLEGIO MAYOR DE NUESTRA SEÑORA DEL ROSARIO,9003.0,COLEGIO MAYOR DE NUESTRA SEÑORA DEL ROSARIO-BOGOTÁ D.C.,14.0,MEDICINA,,,570.0,MEDICINA,PROMOCIÓN DE LA SALUD Y PREVENCIÓN DE LA ENFERMEDAD,34.0,,,,,,,,,,"Integra los conceptos básicos de promoción de la salud que le permiten priorizar acciones por seguir, de acuerdo con las condiciones de salud de las poblaciones.",38.0,2025
SABER PRO - 2025,PROGRAMA_ACÁDEMICO,APRENDIZAJE_PRUEBA,3168,1,2.0,ANDINA,4.0,BOGOTÁ,152.0,BOGOTÁ D.C.,9003.0,COLEGIO MAYOR DE NUESTRA SEÑORA DEL ROSARIO,9003.0,COLEGIO MAYOR DE NUESTRA SEÑORA DEL ROSARIO-BOGOTÁ D.C.,14.0,MEDICINA,,,570.0,MEDICINA,LECTURA CRÍTICA,1.0,,,,,,,,,,Comprende cómo se articulan las partes de un texto para darle un sentido global.,29.0,2025
SABER PRO - 2025,PROGRAMA_ACÁDEMICO,APRENDIZAJE_PRUEBA,1824,1,2.0,ANDINA,4.0,BOGOTÁ,152.0,BOGOTÁ D.C.,9003.0,COLEGIO MAYOR DE NUESTRA SEÑORA DEL ROSARIO,9003.0,COLEGIO MAYOR DE NUESTRA SEÑORA DEL ROSARIO-BOGOTÁ D.C.,14.0,MEDICINA,,,570.0,MEDICINA,ATENCIÓN EN SALUD,34.0,,,,,,,,,,"Analiza los determinantes personales, sociales, económicos y ambientales que influyen en el estado de salud del individuo, la familia y la comunidad, para la priorización de acciones a seguir.",35.0,2025
SABER PRO - 2025,PROGRAMA_ACÁDEMICO,APRENDIZAJE_PRUEBA,1584,1,2.0,ANDINA,4.0,BOGOTÁ,152.0,BOGOTÁ D.C.,9003.0,COLEGIO MAYOR DE NUESTRA SEÑORA DEL ROSARIO,9003.0,COLEGIO MAYOR DE NUESTRA SEÑORA DEL ROSARIO-BOGOTÁ D.C.,14.0,MEDICINA,,,570.0,MEDICINA,COMPETENCIAS CIUDADANAS,1.0,,,,,,,,,,Comprende que los problemas y sus soluciones involucran distintas dimensiones y reconoce relaciones entre estas. ,24.0,2025
SABER PRO - 2025,PROGRAMA_ACÁDEMICO,APRENDIZAJE_PRUEBA,420,1,2.0,ANDINA,4.0,BOGOTÁ,152.0,BOGOTÁ D.C.,9005.0,UNIVERSIDAD MILITAR-NUEVA GRANADA,9005.0,"UNIVERSIDAD MILITAR""NUEVA GRANADA""-BOGOTÁ D.C.",14.0,MEDICINA,,,5873.0,MEDICINA,COMPETENCIAS CIUDADANAS,1.0,,,,,,,,,,Conoce la organización del Estado de acuerdo con la Constitución.,29.0,2025
SABER PRO - 2025,PROGRAMA_ACÁDEMICO,APRENDIZAJE_PRUEBA,840,1,2.0,ANDINA,4.0,BOGOTÁ,152.0,BOGOTÁ D.C.,9005.0,UNIVERSIDAD MILITAR-NUEVA GRANADA,9005.0,"UNIVERSIDAD MILITAR""NUEVA GRANADA""-BOGOTÁ D.C.",14.0,MEDICINA,,,5873.0,MEDICINA,COMPETENCIAS CIUDADANAS,1.0,,,,,,,,,,Analiza y evalúa la pertinencia y solidez de enunciados-discursos.,28.0,2025
SABER PRO - 2025,PROGRAMA_ACÁDEMICO,APRENDIZAJE_PRUEBA,623,1,2.0,ANDINA,4.0,BOGOTÁ,152.0,BOGOTÁ D.C.,9005.0,UNIVERSIDAD MILITAR-NUEVA GRANADA,9005.0,"UNIVERSIDAD MILITAR""NUEVA GRANADA""-BOGOTÁ D.C.",14.0,MEDICINA,,,5873.0,MEDICINA,COMPETENCIAS CIUDADANAS,1.0,,,,,,,,,,Analiza las diferentes perspectivas presentes en situaciones en donde interactúan diferentes partes.,27.0,2025
SABER PRO - 2025,PROGRAMA_ACÁDEMICO,APRENDIZAJE_PRUEBA,1355,1,2.0,ANDINA,4.0,BOGOTÁ,152.0,BOGOTÁ D.C.,9005.0,UNIVERSIDAD MILITAR-NUEVA GRANADA,9005.0,"UNIVERSIDAD MILITAR""NUEVA GRANADA""-BOGOTÁ D.C.",14.0,MEDICINA,,,5873.0,MEDICINA,RAZONAMIENTO CUANTITATIVO,1.0,,,,,,,,,,Comprende y transforma la información cuantitativa y esquemática presentada en distintos formatos ,18.0,2025
SABER PRO - 2025,PROGRAMA_ACÁDEMICO,APRENDIZAJE_PRUEBA,1680,1,2.0,ANDINA,4.0,BOGOTÁ,152.0,BOGOTÁ D.C.,9005.0,UNIVERSIDAD MILITAR-NUEVA GRANADA,9005.0,"UNIVERSIDAD MILITAR""NUEVA GRANADA""-BOGOTÁ D.C.",14.0,MEDICINA,,,5873.0,MEDICINA,LECTURA CRÍTICA,1.0,,,,,,,,,,Comprende cómo se articulan las partes de un texto para darle un sentido global.,31.0,2025
SABER PRO - 2025,PROGRAMA_ACÁDEMICO,APRENDIZAJE_PRUEBA,1476,1,2.0,ANDINA,4.0,BOGOTÁ,152.0,BOGOTÁ D.C.,9005.0,UNIVERSIDAD MILITAR-NUEVA GRANADA,9005.0,"UNIVERSIDAD MILITAR""NUEVA GRANADA""-BOGOTÁ D.C.",14.0,MEDICINA,,,5873.0,MEDICINA,LECTURA CRÍTICA,1.0,,,,,,,,,,Reflexiona a partir de un texto y evalúa su contenido.,28.0,2025
SABER PRO - 2025,PROGRAMA_ACÁDEMICO,APRENDIZAJE_PRUEBA,840,1,2.0,ANDINA,4.0,BOGOTÁ,152.0,BOGOTÁ D.C.,9005.0,UNIVERSIDAD MILITAR-NUEVA GRANADA,9005.0,"UNIVERSIDAD MILITAR""NUEVA GRANADA""-BOGOTÁ D.C.",14.0,MEDICINA,,,5873.0,MEDICINA,COMPETENCIAS CIUDADANAS,1.0,,,,,,,,,,Comprende que los problemas y sus soluciones involucran distintas dimensiones y reconoce relaciones entre estas. ,24.0,2025
SABER PRO - 2025,PROGRAMA_ACÁDEMICO,APRENDIZAJE_PRUEBA,637,1,2.0,ANDINA,4.0,BOGOTÁ,152.0,BOGOTÁ D.C.,9005.0,UNIVERSIDAD MILITAR-NUEVA GRANADA,9005.0,"UNIVERSIDAD MILITAR""NUEVA GRANADA""-BOGOTÁ D.C.",14.0,MEDICINA,,,5873.0,MEDICINA,COMPETENCIAS CIUDADANAS,1.0,,,,,,,,,,Reconoce la existencia de diferentes perspectivas en situaciones en donde interactúan diferentes partes.,27.0,2025
SABER PRO - 2025,PROGRAMA_ACÁDEMICO,APRENDIZAJE_PRUEBA,390,1,2.0,ANDINA,4.0,BOGOTÁ,152.0,BOGOTÁ D.C.,9005.0,UNIVERSIDAD MILITAR-NUEVA GRANADA,9005.0,"UNIVERSIDAD MILITAR""NUEVA GRANADA""-BOGOTÁ D.C.",14.0,MEDICINA,,,5873.0,MEDICINA,COMPETENCIAS CIUDADANAS,1.0,,,,,,,,,,Conoce los derechos y deberes que la Constitución consagra.,34.0,2025
SABER PRO - 2025,PROGRAMA_ACÁDEMICO,APRENDIZAJE_PRUEBA,1465,1,2.0,ANDINA,4.0,BOGOTÁ,152.0,BOGOTÁ D.C.,9005.0,UNIVERSIDAD MILITAR-NUEVA GRANADA,9005.0,"UNIVERSIDAD MILITAR""NUEVA GRANADA""-BOGOTÁ D.C.",14.0,MEDICINA,,,5873.0,MEDICINA,RAZONAMIENTO CUANTITATIVO,1.0,,,,,,,,,,Valida procedimientos y  estrategias matemáticas utilizadas para dar solución a problemas.,30.0,2025
SABER PRO - 2025,PROGRAMA_ACÁDEMICO,APRENDIZAJE_PRUEBA,1380,1,2.0,ANDINA,4.0,BOGOTÁ,152.0,BOGOTÁ D.C.,9005.0,UNIVERSIDAD MILITAR-NUEVA GRANADA,9005.0,"UNIVERSIDAD MILITAR""NUEVA GRANADA""-BOGOTÁ D.C.",14.0,MEDICINA,,,5873.0,MEDICINA,RAZONAMIENTO CUANTITATIVO,1.0,,,,,,,,,,"Frente a un problema que involucre información cuantitativa, plantea e implementa estrategias que lleven a soluciones adecuadas.",34.0,2025
SABER PRO - 2025,PROGRAMA_ACÁDEMICO,APRENDIZAJE_PRUEBA,420,1,2.0,ANDINA,4.0,BOGOTÁ,152.0,BOGOTÁ D.C.,9005.0,UNIVERSIDAD MILITAR-NUEVA GRANADA,9005.0,"UNIVERSIDAD MILITAR""NUEVA GRANADA""-BOGOTÁ D.C.",14.0,MEDICINA,,,5873.0,MEDICINA,COMPETENCIAS CIUDADANAS,1.0,,,,,,,,,,Comprende qué es la Constitución Política de Colombia y sus principios fundamentales.,31.0,2025
SABER PRO - 2025,PROGRAMA_ACÁDEMICO,APRENDIZAJE_PRUEBA,1044,1,2.0,ANDINA,4.0,BOGOTÁ,152.0,BOGOTÁ D.C.,9005.0,UNIVERSIDAD MILITAR-NUEVA GRANADA,9005.0,"UNIVERSIDAD MILITAR""NUEVA GRANADA""-BOGOTÁ D.C.",14.0,MEDICINA,,,5873.0,MEDICINA,LECTURA CRÍTICA,1.0,,,,,,,,,,Identifica y entiende los contenidos locales que conforman un texto. ,16.0,2025
SABER PRO - 2025,PROGRAMA_ACÁDEMICO,APRENDIZAJE_PRUEBA,495,1,2.0,ANDINA,4.0,BOGOTÁ,152.0,BOGOTÁ D.C.,9006.0,PONTIFICIA UNIVERSIDAD JAVERIANA,9006.0,PONTIFICIA UNIVERSIDAD JAVERIANA-BOGOTÁ D.C.,14.0,MEDICINA,,,7116.0,MEDICINA,COMPETENCIAS CIUDADANAS,1.0,,,,,,,,,,Comprende qué es la Constitución Política de Colombia y sus principios fundamentales.,26.0,2025
SABER PRO - 2025,PROGRAMA_ACÁDEMICO,APRENDIZAJE_PRUEBA,723,1,2.0,ANDINA,4.0,BOGOTÁ,152.0,BOGOTÁ D.C.,9006.0,PONTIFICIA UNIVERSIDAD JAVERIANA,9006.0,PONTIFICIA UNIVERSIDAD JAVERIANA-BOGOTÁ D.C.,14.0,MEDICINA,,,7116.0,MEDICINA,COMPETENCIAS CIUDADANAS,1.0,,,,,,,,,,Reconoce la existencia de diferentes perspectivas en situaciones en donde interactúan diferentes partes.,22.0,2025
SABER PRO - 2025,PROGRAMA_ACÁDEMICO,APRENDIZAJE_PRUEBA,1704,1,2.0,ANDINA,4.0,BOGOTÁ,152.0,BOGOTÁ D.C.,9006.0,PONTIFICIA UNIVERSIDAD JAVERIANA,9006.0,PONTIFICIA UNIVERSIDAD JAVERIANA-BOGOTÁ D.C.,14.0,MEDICINA,,,7116.0,MEDICINA,PROMOCIÓN DE LA SALUD Y PREVENCIÓN DE LA ENFERMEDAD,34.0,,,,,,,,,,"Integra los conceptos básicos de prevención de la enfermedad, que le permita la priorización de las acciones  por seguir  de  acuerdo con las condiciones de salud de las poblaciones.",24.0,2025
SABER PRO - 2025,PROGRAMA_ACÁDEMICO,APRENDIZAJE_PRUEBA,2343,1,2.0,ANDINA,4.0,BOGOTÁ,152.0,BOGOTÁ D.C.,9006.0,PONTIFICIA UNIVERSIDAD JAVERIANA,9006.0,PONTIFICIA UNIVERSIDAD JAVERIANA-BOGOTÁ D.C.,14.0,MEDICINA,,,7116.0,MEDICINA,FUNDAMENTACIÓN EN DIAGNÓSTICO Y TRATAMIENTO MÉDICOS,34.0,,,,,,,,,,"Determina la situación de salud o enfermedad de niños, jóvenes y adultos (hombres y mujeres), a partir de casos clínicos de común ocurrencia en la práctica de los médicos generales.",34.0,2025
SABER PRO - 2025,PROGRAMA_ACÁDEMICO,APRENDIZAJE_PRUEBA,1737,1,2.0,ANDINA,4.0,BOGOTÁ,152.0,BOGOTÁ D.C.,9006.0,PONTIFICIA UNIVERSIDAD JAVERIANA,9006.0,PONTIFICIA UNIVERSIDAD JAVERIANA-BOGOTÁ D.C.,14.0,MEDICINA,,,7116.0,MEDICINA,RAZONAMIENTO CUANTITATIVO,1.0,,,,,,,,,,Valida procedimientos y  estrategias matemáticas utilizadas para dar solución a problemas.,23.0,2025
SABER PRO - 2025,PROGRAMA_ACÁDEMICO,APRENDIZAJE_PRUEBA,1623,1,2.0,ANDINA,4.0,BOGOTÁ,152.0,BOGOTÁ D.C.,9006.0,PONTIFICIA UNIVERSIDAD JAVERIANA,9006.0,PONTIFICIA UNIVERSIDAD JAVERIANA-BOGOTÁ D.C.,14.0,MEDICINA,,,7116.0,MEDICINA,RAZONAMIENTO CUANTITATIVO,1.0,,,,,,,,,,Comprende y transforma la información cuantitativa y esquemática presentada en distintos formatos ,16.0,2025
SABER PRO - 2025,PROGRAMA_ACÁDEMICO,APRENDIZAJE_PRUEBA,495,1,2.0,ANDINA,4.0,BOGOTÁ,152.0,BOGOTÁ D.C.,9006.0,PONTIFICIA UNIVERSIDAD JAVERIANA,9006.0,PONTIFICIA UNIVERSIDAD JAVERIANA-BOGOTÁ D.C.,14.0,MEDICINA,,,7116.0,MEDICINA,COMPETENCIAS CIUDADANAS,1.0,,,,,,,,,,Conoce la organización del Estado de acuerdo con la Constitución.,18.0,2025
SABER PRO - 2025,PROGRAMA_ACÁDEMICO,APRENDIZAJE_PRUEBA,762,1,2.0,ANDINA,4.0,BOGOTÁ,152.0,BOGOTÁ D.C.,9006.0,PONTIFICIA UNIVERSIDAD JAVERIANA,9006.0,PONTIFICIA UNIVERSIDAD JAVERIANA-BOGOTÁ D.C.,14.0,MEDICINA,,,7116.0,MEDICINA,COMPETENCIAS CIUDADANAS,1.0,,,,,,,,,,Analiza las diferentes perspectivas presentes en situaciones en donde interactúan diferentes partes.,23.0,2025
SABER PRO - 2025,PROGRAMA_ACÁDEMICO,APRENDIZAJE_PRUEBA,990,1,2.0,ANDINA,4.0,BOGOTÁ,152.0,BOGOTÁ D.C.,9006.0,PONTIFICIA UNIVERSIDAD JAVERIANA,9006.0,PONTIFICIA UNIVERSIDAD JAVERIANA-BOGOTÁ D.C.,14.0,MEDICINA,,,7116.0,MEDICINA,COMPETENCIAS CIUDADANAS,1.0,,,,,,,,,,Comprende que los problemas y sus soluciones involucran distintas dimensiones y reconoce relaciones entre estas. ,21.0,2025
SABER PRO - 2025,PROGRAMA_ACÁDEMICO,APRENDIZAJE_PRUEBA,1224,1,2.0,ANDINA,4.0,BOGOTÁ,152.0,BOGOTÁ D.C.,9006.0,PONTIFICIA UNIVERSIDAD JAVERIANA,9006.0,PONTIFICIA UNIVERSIDAD JAVERIANA-BOGOTÁ D.C.,14.0,MEDICINA,,,7116.0,MEDICINA,LECTURA CRÍTICA,1.0,,,,,,,,,,Identifica y entiende los contenidos locales que conforman un texto. ,14.0,2025
SABER PRO - 2025,PROGRAMA_ACÁDEMICO,APRENDIZAJE_PRUEBA,852,1,2.0,ANDINA,4.0,BOGOTÁ,152.0,BOGOTÁ D.C.,9006.0,PONTIFICIA UNIVERSIDAD JAVERIANA,9006.0,PONTIFICIA UNIVERSIDAD JAVERIANA-BOGOTÁ D.C.,14.0,MEDICINA,,,7116.0,MEDICINA,ATENCIÓN EN SALUD,34.0,,,,,,,,,,"Propone acciones de diagnóstico, ejecución y evaluación en el marco de políticas y lineamientos en salud vigentes.",27.0,2025
SABER PRO - 2025,PROGRAMA_ACÁDEMICO,APRENDIZAJE_PRUEBA,568,1,2.0,ANDINA,4.0,BOGOTÁ,152.0,BOGOTÁ D.C.,9006.0,PONTIFICIA UNIVERSIDAD JAVERIANA,9006.0,PONTIFICIA UNIVERSIDAD JAVERIANA-BOGOTÁ D.C.,14.0,MEDICINA,,,7116.0,MEDICINA,ATENCIÓN EN SALUD,34.0,,,,,,,,,,"Integra el proceso de sistematización de la información, relacionada con la salud del individuo, la familia y la comunidad en la priorización de acciones. ",21.0,2025
SABER PRO - 2025,PROGRAMA_ACÁDEMICO,APRENDIZAJE_PRUEBA,1590,1,2.0,ANDINA,4.0,BOGOTÁ,152.0,BOGOTÁ D.C.,9006.0,PONTIFICIA UNIVERSIDAD JAVERIANA,9006.0,PONTIFICIA UNIVERSIDAD JAVERIANA-BOGOTÁ D.C.,14.0,MEDICINA,,,7116.0,MEDICINA,RAZONAMIENTO CUANTITATIVO,1.0,,,,,,,,,,"Frente a un problema que involucre información cuantitativa, plantea e implementa estrategias que lleven a soluciones adecuadas.",31.0,2025
SABER PRO - 2025,PROGRAMA_ACÁDEMICO,APRENDIZAJE_PRUEBA,990,1,2.0,ANDINA,4.0,BOGOTÁ,152.0,BOGOTÁ D.C.,9006.0,PONTIFICIA UNIVERSIDAD JAVERIANA,9006.0,PONTIFICIA UNIVERSIDAD JAVERIANA-BOGOTÁ D.C.,14.0,MEDICINA,,,7116.0,MEDICINA,COMPETENCIAS CIUDADANAS,1.0,,,,,,,,,,Analiza y evalúa la pertinencia y solidez de enunciados-discursos.,21.0,2025
SABER PRO - 2025,PROGRAMA_ACÁDEMICO,APRENDIZAJE_PRUEBA,1980,1,2.0,ANDINA,4.0,BOGOTÁ,152.0,BOGOTÁ D.C.,9006.0,PONTIFICIA UNIVERSIDAD JAVERIANA,9006.0,PONTIFICIA UNIVERSIDAD JAVERIANA-BOGOTÁ D.C.,14.0,MEDICINA,,,7116.0,MEDICINA,LECTURA CRÍTICA,1.0,,,,,,,,,,Comprende cómo se articulan las partes de un texto para darle un sentido global.,22.0,2025
SABER PRO - 2025,PROGRAMA_ACÁDEMICO,APRENDIZAJE_PRUEBA,1633,1,2.0,ANDINA,4.0,BOGOTÁ,152.0,BOGOTÁ D.C.,9006.0,PONTIFICIA UNIVERSIDAD JAVERIANA,9006.0,PONTIFICIA UNIVERSIDAD JAVERIANA-BOGOTÁ D.C.,14.0,MEDICINA,,,7116.0,MEDICINA,FUNDAMENTACIÓN EN DIAGNÓSTICO Y TRATAMIENTO MÉDICOS,34.0,,,,,,,,,,"Propone un plan de tratamiento de acuerdo con la situación del paciente, a partir de casos clínicos de común ocurrencia en la práctica de los médicos generales.",41.0,2025
SABER PRO - 2025,PROGRAMA_ACÁDEMICO,APRENDIZAJE_PRUEBA,852,1,2.0,ANDINA,4.0,BOGOTÁ,152.0,BOGOTÁ D.C.,9006.0,PONTIFICIA UNIVERSIDAD JAVERIANA,9006.0,PONTIFICIA UNIVERSIDAD JAVERIANA-BOGOTÁ D.C.,14.0,MEDICINA,,,7116.0,MEDICINA,ATENCIÓN EN SALUD,34.0,,,,,,,,,,"Analiza los determinantes personales, sociales, económicos y ambientales que influyen en el estado de salud del individuo, la familia y la comunidad, para la priorización de acciones a seguir.",27.0,2025
SABER PRO - 2025,PROGRAMA_ACÁDEMICO,APRENDIZAJE_PRUEBA,441,1,2.0,ANDINA,4.0,BOGOTÁ,152.0,BOGOTÁ D.C.,9006.0,PONTIFICIA UNIVERSIDAD JAVERIANA,9006.0,PONTIFICIA UNIVERSIDAD JAVERIANA-BOGOTÁ D.C.,14.0,MEDICINA,,,7116.0,MEDICINA,COMPETENCIAS CIUDADANAS,1.0,,,,,,,,,,Conoce los derechos y deberes que la Constitución consagra.,25.0,2025
SABER PRO - 2025,PROGRAMA_ACÁDEMICO,APRENDIZAJE_PRUEBA,568,1,2.0,ANDINA,4.0,BOGOTÁ,152.0,BOGOTÁ D.C.,9006.0,PONTIFICIA UNIVERSIDAD JAVERIANA,9006.0,PONTIFICIA UNIVERSIDAD JAVERIANA-BOGOTÁ D.C.,14.0,MEDICINA,,,7116.0,MEDICINA,ATENCIÓN EN SALUD,34.0,,,,,,,,,,"Reconoce la política y la normatividad nacional y los acuerdos internacionales suscritos por el Estado colombiano, relacionados con salud pública y los aplica en situaciones concretas que afectan la salud del individuo, la familia y la comunidad.",19.0,2025
SABER PRO - 2025,PROGRAMA_ACÁDEMICO,APRENDIZAJE_PRUEBA,1746,1,2.0,ANDINA,4.0,BOGOTÁ,152.0,BOGOTÁ D.C.,9006.0,PONTIFICIA UNIVERSIDAD JAVERIANA,9006.0,PONTIFICIA UNIVERSIDAD JAVERIANA-BOGOTÁ D.C.,14.0,MEDICINA,,,7116.0,MEDICINA,LECTURA CRÍTICA,1.0,,,,,,,,,,Reflexiona a partir de un texto y evalúa su contenido.,22.0,2025
SABER PRO - 2025,PROGRAMA_ACÁDEMICO,APRENDIZAJE_PRUEBA,710,1,2.0,ANDINA,4.0,BOGOTÁ,152.0,BOGOTÁ D.C.,9006.0,PONTIFICIA UNIVERSIDAD JAVERIANA,9006.0,PONTIFICIA UNIVERSIDAD JAVERIANA-BOGOTÁ D.C.,14.0,MEDICINA,,,7116.0,MEDICINA,PROMOCIÓN DE LA SALUD Y PREVENCIÓN DE LA ENFERMEDAD,34.0,,,,,,,,,,"Integra los conceptos básicos de promoción de la salud que le permiten priorizar acciones por seguir, de acuerdo con las condiciones de salud de las poblaciones.",35.0,2025
SABER PRO - 2025,PROGRAMA_ACÁDEMICO,APRENDIZAJE_PRUEBA,1890,1,2.0,ANDINA,4.0,BOGOTÁ,152.0,BOGOTÁ D.C.,9040.0,UNIVERSIDAD EL BOSQUE,9040.0,UNIVERSIDAD EL BOSQUE-BOGOTÁ D.C.,14.0,MEDICINA,,,6060.0,MEDICINA,RAZONAMIENTO CUANTITATIVO,1.0,,,,,,,,,,Valida procedimientos y  estrategias matemáticas utilizadas para dar solución a problemas.,40.0,2025
SABER PRO - 2025,PROGRAMA_ACÁDEMICO,APRENDIZAJE_PRUEBA,1068,1,2.0,ANDINA,4.0,BOGOTÁ,152.0,BOGOTÁ D.C.,9040.0,UNIVERSIDAD EL BOSQUE,9040.0,UNIVERSIDAD EL BOSQUE-BOGOTÁ D.C.,14.0,MEDICINA,,,6060.0,MEDICINA,COMPETENCIAS CIUDADANAS,1.0,,,,,,,,,,Comprende que los problemas y sus soluciones involucran distintas dimensiones y reconoce relaciones entre estas. ,34.0,2025
SABER PRO - 2025,PROGRAMA_ACÁDEMICO,APRENDIZAJE_PRUEBA,1885,1,2.0,ANDINA,4.0,BOGOTÁ,152.0,BOGOTÁ D.C.,9040.0,UNIVERSIDAD EL BOSQUE,9040.0,UNIVERSIDAD EL BOSQUE-BOGOTÁ D.C.,14.0,MEDICINA,,,6060.0,MEDICINA,LECTURA CRÍTICA,1.0,,,,,,,,,,Reflexiona a partir de un texto y evalúa su contenido.,35.0,2025
SABER PRO - 2025,PROGRAMA_ACÁDEMICO,APRENDIZAJE_PRUEBA,2185,1,2.0,ANDINA,4.0,BOGOTÁ,152.0,BOGOTÁ D.C.,9040.0,UNIVERSIDAD EL BOSQUE,9040.0,UNIVERSIDAD EL BOSQUE-BOGOTÁ D.C.,14.0,MEDICINA,,,6060.0,MEDICINA,FUNDAMENTACIÓN EN DIAGNÓSTICO Y TRATAMIENTO MÉDICOS,34.0,,,,,,,,,,"Propone un plan de tratamiento de acuerdo con la situación del paciente, a partir de casos clínicos de común ocurrencia en la práctica de los médicos generales.",60.0,2025
SABER PRO - 2025,PROGRAMA_ACÁDEMICO,APRENDIZAJE_PRUEBA,778,1,2.0,ANDINA,4.0,BOGOTÁ,152.0,BOGOTÁ D.C.,9040.0,UNIVERSIDAD EL BOSQUE,9040.0,UNIVERSIDAD EL BOSQUE-BOGOTÁ D.C.,14.0,MEDICINA,,,6060.0,MEDICINA,COMPETENCIAS CIUDADANAS,1.0,,,,,,,,,,Reconoce la existencia de diferentes perspectivas en situaciones en donde interactúan diferentes partes.,34.0,2025
SABER PRO - 2025,PROGRAMA_ACÁDEMICO,APRENDIZAJE_PRUEBA,1140,1,2.0,ANDINA,4.0,BOGOTÁ,152.0,BOGOTÁ D.C.,9040.0,UNIVERSIDAD EL BOSQUE,9040.0,UNIVERSIDAD EL BOSQUE-BOGOTÁ D.C.,14.0,MEDICINA,,,6060.0,MEDICINA,ATENCIÓN EN SALUD,34.0,,,,,,,,,,"Analiza los determinantes personales, sociales, económicos y ambientales que influyen en el estado de salud del individuo, la familia y la comunidad, para la priorización de acciones a seguir.",46.0,2025
SABER PRO - 2025,PROGRAMA_ACÁDEMICO,APRENDIZAJE_PRUEBA,534,1,2.0,ANDINA,4.0,BOGOTÁ,152.0,BOGOTÁ D.C.,9040.0,UNIVERSIDAD EL BOSQUE,9040.0,UNIVERSIDAD EL BOSQUE-BOGOTÁ D.C.,14.0,MEDICINA,,,6060.0,MEDICINA,COMPETENCIAS CIUDADANAS,1.0,,,,,,,,,,Conoce la organización del Estado de acuerdo con la Constitución.,33.0,2025
SABER PRO - 2025,PROGRAMA_ACÁDEMICO,APRENDIZAJE_PRUEBA,760,1,2.0,ANDINA,4.0,BOGOTÁ,152.0,BOGOTÁ D.C.,9040.0,UNIVERSIDAD EL BOSQUE,9040.0,UNIVERSIDAD EL BOSQUE-BOGOTÁ D.C.,14.0,MEDICINA,,,6060.0,MEDICINA,ATENCIÓN EN SALUD,34.0,,,,,,,,,,"Integra el proceso de sistematización de la información, relacionada con la salud del individuo, la familia y la comunidad en la priorización de acciones. ",46.0,2025
SABER PRO - 2025,PROGRAMA_ACÁDEMICO,APRENDIZAJE_PRUEBA,3135,1,2.0,ANDINA,4.0,BOGOTÁ,152.0,BOGOTÁ D.C.,9040.0,UNIVERSIDAD EL BOSQUE,9040.0,UNIVERSIDAD EL BOSQUE-BOGOTÁ D.C.,14.0,MEDICINA,,,6060.0,MEDICINA,FUNDAMENTACIÓN EN DIAGNÓSTICO Y TRATAMIENTO MÉDICOS,34.0,,,,,,,,,,"Determina la situación de salud o enfermedad de niños, jóvenes y adultos (hombres y mujeres), a partir de casos clínicos de común ocurrencia en la práctica de los médicos generales.",53.0,2025
SABER PRO - 2025,PROGRAMA_ACÁDEMICO,APRENDIZAJE_PRUEBA,462,1,2.0,ANDINA,4.0,BOGOTÁ,152.0,BOGOTÁ D.C.,9040.0,UNIVERSIDAD EL BOSQUE,9040.0,UNIVERSIDAD EL BOSQUE-BOGOTÁ D.C.,14.0,MEDICINA,,,6060.0,MEDICINA,COMPETENCIAS CIUDADANAS,1.0,,,,,,,,,,Conoce los derechos y deberes que la Constitución consagra.,35.0,2025
SABER PRO - 2025,PROGRAMA_ACÁDEMICO,APRENDIZAJE_PRUEBA,1140,1,2.0,ANDINA,4.0,BOGOTÁ,152.0,BOGOTÁ D.C.,9040.0,UNIVERSIDAD EL BOSQUE,9040.0,UNIVERSIDAD EL BOSQUE-BOGOTÁ D.C.,14.0,MEDICINA,,,6060.0,MEDICINA,ATENCIÓN EN SALUD,34.0,,,,,,,,,,"Propone acciones de diagnóstico, ejecución y evaluación en el marco de políticas y lineamientos en salud vigentes.",49.0,2025
SABER PRO - 2025,PROGRAMA_ACÁDEMICO,APRENDIZAJE_PRUEBA,1763,1,2.0,ANDINA,4.0,BOGOTÁ,152.0,BOGOTÁ D.C.,9040.0,UNIVERSIDAD EL BOSQUE,9040.0,UNIVERSIDAD EL BOSQUE-BOGOTÁ D.C.,14.0,MEDICINA,,,6060.0,MEDICINA,RAZONAMIENTO CUANTITATIVO,1.0,,,,,,,,,,Comprende y transforma la información cuantitativa y esquemática presentada en distintos formatos ,28.0,2025
SABER PRO - 2025,PROGRAMA_ACÁDEMICO,APRENDIZAJE_PRUEBA,1068,1,2.0,ANDINA,4.0,BOGOTÁ,152.0,BOGOTÁ D.C.,9040.0,UNIVERSIDAD EL BOSQUE,9040.0,UNIVERSIDAD EL BOSQUE-BOGOTÁ D.C.,14.0,MEDICINA,,,6060.0,MEDICINA,COMPETENCIAS CIUDADANAS,1.0,,,,,,,,,,Analiza y evalúa la pertinencia y solidez de enunciados-discursos.,35.0,2025
SABER PRO - 2025,PROGRAMA_ACÁDEMICO,APRENDIZAJE_PRUEBA,1687,1,2.0,ANDINA,4.0,BOGOTÁ,152.0,BOGOTÁ D.C.,9040.0,UNIVERSIDAD EL BOSQUE,9040.0,UNIVERSIDAD EL BOSQUE-BOGOTÁ D.C.,14.0,MEDICINA,,,6060.0,MEDICINA,RAZONAMIENTO CUANTITATIVO,1.0,,,,,,,,,,"Frente a un problema que involucre información cuantitativa, plantea e implementa estrategias que lleven a soluciones adecuadas.",48.0,2025
SABER PRO - 2025,PROGRAMA_ACÁDEMICO,APRENDIZAJE_PRUEBA,760,1,2.0,ANDINA,4.0,BOGOTÁ,152.0,BOGOTÁ D.C.,9040.0,UNIVERSIDAD EL BOSQUE,9040.0,UNIVERSIDAD EL BOSQUE-BOGOTÁ D.C.,14.0,MEDICINA,,,6060.0,MEDICINA,ATENCIÓN EN SALUD,34.0,,,,,,,,,,"Reconoce la política y la normatividad nacional y los acuerdos internacionales suscritos por el Estado colombiano, relacionados con salud pública y los aplica en situaciones concretas que afectan la salud del individuo, la familia y la comunidad.",40.0,2025
SABER PRO - 2025,PROGRAMA_ACÁDEMICO,APRENDIZAJE_PRUEBA,2280,1,2.0,ANDINA,4.0,BOGOTÁ,152.0,BOGOTÁ D.C.,9040.0,UNIVERSIDAD EL BOSQUE,9040.0,UNIVERSIDAD EL BOSQUE-BOGOTÁ D.C.,14.0,MEDICINA,,,6060.0,MEDICINA,PROMOCIÓN DE LA SALUD Y PREVENCIÓN DE LA ENFERMEDAD,34.0,,,,,,,,,,"Integra los conceptos básicos de prevención de la enfermedad, que le permita la priorización de las acciones  por seguir  de  acuerdo con las condiciones de salud de las poblaciones.",36.0,2025
SABER PRO - 2025,PROGRAMA_ACÁDEMICO,APRENDIZAJE_PRUEBA,950,1,2.0,ANDINA,4.0,BOGOTÁ,152.0,BOGOTÁ D.C.,9040.0,UNIVERSIDAD EL BOSQUE,9040.0,UNIVERSIDAD EL BOSQUE-BOGOTÁ D.C.,14.0,MEDICINA,,,6060.0,MEDICINA,PROMOCIÓN DE LA SALUD Y PREVENCIÓN DE LA ENFERMEDAD,34.0,,,,,,,,,,"Integra los conceptos básicos de promoción de la salud que le permiten priorizar acciones por seguir, de acuerdo con las condiciones de salud de las poblaciones.",50.0,2025
SABER PRO - 2025,PROGRAMA_ACÁDEMICO,APRENDIZAJE_PRUEBA,534,1,2.0,ANDINA,4.0,BOGOTÁ,152.0,BOGOTÁ D.C.,9040.0,UNIVERSIDAD EL BOSQUE,9040.0,UNIVERSIDAD EL BOSQUE-BOGOTÁ D.C.,14.0,MEDICINA,,,6060.0,MEDICINA,COMPETENCIAS CIUDADANAS,1.0,,,,,,,,,,Comprende qué es la Constitución Política de Colombia y sus principios fundamentales.,42.0,2025
SABER PRO - 2025,PROGRAMA_ACÁDEMICO,APRENDIZAJE_PRUEBA,1319,1,2.0,ANDINA,4.0,BOGOTÁ,152.0,BOGOTÁ D.C.,9040.0,UNIVERSIDAD EL BOSQUE,9040.0,UNIVERSIDAD EL BOSQUE-BOGOTÁ D.C.,14.0,MEDICINA,,,6060.0,MEDICINA,LECTURA CRÍTICA,1.0,,,,,,,,,,Identifica y entiende los contenidos locales que conforman un texto. ,20.0,2025
SABER PRO - 2025,PROGRAMA_ACÁDEMICO,APRENDIZAJE_PRUEBA,2136,1,2.0,ANDINA,4.0,BOGOTÁ,152.0,BOGOTÁ D.C.,9040.0,UNIVERSIDAD EL BOSQUE,9040.0,UNIVERSIDAD EL BOSQUE-BOGOTÁ D.C.,14.0,MEDICINA,,,6060.0,MEDICINA,LECTURA CRÍTICA,1.0,,,,,,,,,,Comprende cómo se articulan las partes de un texto para darle un sentido global.,36.0,2025
SABER PRO - 2025,PROGRAMA_ACÁDEMICO,APRENDIZAJE_PRUEBA,824,1,2.0,ANDINA,4.0,BOGOTÁ,152.0,BOGOTÁ D.C.,9040.0,UNIVERSIDAD EL BOSQUE,9040.0,UNIVERSIDAD EL BOSQUE-BOGOTÁ D.C.,14.0,MEDICINA,,,6060.0,MEDICINA,COMPETENCIAS CIUDADANAS,1.0,,,,,,,,,,Analiza las diferentes perspectivas presentes en situaciones en donde interactúan diferentes partes.,40.0,2025
SABER PRO - 2025,PROGRAMA_ACÁDEMICO,APRENDIZAJE_PRUEBA,863,1,2.0,ANDINA,4.0,BOGOTÁ,152.0,BOGOTÁ D.C.,9045.0,FUNDACION UNIVERSITARIA SANITAS,9045.0,FUNDACION UNIVERSITARIA SANITAS-BOGOTÁ D.C.,14.0,MEDICINA,,,3962.0,MEDICINA,RAZONAMIENTO CUANTITATIVO,1.0,,,,,,,,,,Comprende y transforma la información cuantitativa y esquemática presentada en distintos formatos ,32.0,2025
SABER PRO - 2025,PROGRAMA_ACÁDEMICO,APRENDIZAJE_PRUEBA,264,1,2.0,ANDINA,4.0,BOGOTÁ,152.0,BOGOTÁ D.C.,9045.0,FUNDACION UNIVERSITARIA SANITAS,9045.0,FUNDACION UNIVERSITARIA SANITAS-BOGOTÁ D.C.,14.0,MEDICINA,,,3962.0,MEDICINA,COMPETENCIAS CIUDADANAS,1.0,,,,,,,,,,Comprende qué es la Constitución Política de Colombia y sus principios fundamentales.,41.0,2025
SABER PRO - 2025,PROGRAMA_ACÁDEMICO,APRENDIZAJE_PRUEBA,656,1,2.0,ANDINA,4.0,BOGOTÁ,152.0,BOGOTÁ D.C.,9045.0,FUNDACION UNIVERSITARIA SANITAS,9045.0,FUNDACION UNIVERSITARIA SANITAS-BOGOTÁ D.C.,14.0,MEDICINA,,,3962.0,MEDICINA,LECTURA CRÍTICA,1.0,,,,,,,,,,Identifica y entiende los contenidos locales que conforman un texto. ,16.0,2025
SABER PRO - 2025,PROGRAMA_ACÁDEMICO,APRENDIZAJE_PRUEBA,849,1,2.0,ANDINA,4.0,BOGOTÁ,152.0,BOGOTÁ D.C.,9045.0,FUNDACION UNIVERSITARIA SANITAS,9045.0,FUNDACION UNIVERSITARIA SANITAS-BOGOTÁ D.C.,14.0,MEDICINA,,,3962.0,MEDICINA,RAZONAMIENTO CUANTITATIVO,1.0,,,,,,,,,,"Frente a un problema que involucre información cuantitativa, plantea e implementa estrategias que lleven a soluciones adecuadas.",56.0,2025
SABER PRO - 2025,PROGRAMA_ACÁDEMICO,APRENDIZAJE_PRUEBA,202,1,2.0,ANDINA,4.0,BOGOTÁ,152.0,BOGOTÁ D.C.,9045.0,FUNDACION UNIVERSITARIA SANITAS,9045.0,FUNDACION UNIVERSITARIA SANITAS-BOGOTÁ D.C.,14.0,MEDICINA,,,3962.0,MEDICINA,COMPETENCIAS CIUDADANAS,1.0,,,,,,,,,,Conoce los derechos y deberes que la Constitución consagra.,29.0,2025
SABER PRO - 2025,PROGRAMA_ACÁDEMICO,APRENDIZAJE_PRUEBA,1056,1,2.0,ANDINA,4.0,BOGOTÁ,152.0,BOGOTÁ D.C.,9045.0,FUNDACION UNIVERSITARIA SANITAS,9045.0,FUNDACION UNIVERSITARIA SANITAS-BOGOTÁ D.C.,14.0,MEDICINA,,,3962.0,MEDICINA,LECTURA CRÍTICA,1.0,,,,,,,,,,Comprende cómo se articulan las partes de un texto para darle un sentido global.,35.0,2025
SABER PRO - 2025,PROGRAMA_ACÁDEMICO,APRENDIZAJE_PRUEBA,264,1,2.0,ANDINA,4.0,BOGOTÁ,152.0,BOGOTÁ D.C.,9045.0,FUNDACION UNIVERSITARIA SANITAS,9045.0,FUNDACION UNIVERSITARIA SANITAS-BOGOTÁ D.C.,14.0,MEDICINA,,,3962.0,MEDICINA,COMPETENCIAS CIUDADANAS,1.0,,,,,,,,,,Conoce la organización del Estado de acuerdo con la Constitución.,32.0,2025
SABER PRO - 2025,PROGRAMA_ACÁDEMICO,APRENDIZAJE_PRUEBA,528,1,2.0,ANDINA,4.0,BOGOTÁ,152.0,BOGOTÁ D.C.,9045.0,FUNDACION UNIVERSITARIA SANITAS,9045.0,FUNDACION UNIVERSITARIA SANITAS-BOGOTÁ D.C.,14.0,MEDICINA,,,3962.0,MEDICINA,COMPETENCIAS CIUDADANAS,1.0,,,,,,,,,,Comprende que los problemas y sus soluciones involucran distintas dimensiones y reconoce relaciones entre estas. ,35.0,2025
SABER PRO - 2025,PROGRAMA_ACÁDEMICO,APRENDIZAJE_PRUEBA,406,1,2.0,ANDINA,4.0,BOGOTÁ,152.0,BOGOTÁ D.C.,9045.0,FUNDACION UNIVERSITARIA SANITAS,9045.0,FUNDACION UNIVERSITARIA SANITAS-BOGOTÁ D.C.,14.0,MEDICINA,,,3962.0,MEDICINA,COMPETENCIAS CIUDADANAS,1.0,,,,,,,,,,Analiza las diferentes perspectivas presentes en situaciones en donde interactúan diferentes partes.,38.0,2025
SABER PRO - 2025,PROGRAMA_ACÁDEMICO,APRENDIZAJE_PRUEBA,528,1,2.0,ANDINA,4.0,BOGOTÁ,152.0,BOGOTÁ D.C.,9045.0,FUNDACION UNIVERSITARIA SANITAS,9045.0,FUNDACION UNIVERSITARIA SANITAS-BOGOTÁ D.C.,14.0,MEDICINA,,,3962.0,MEDICINA,COMPETENCIAS CIUDADANAS,1.0,,,,,,,,,,Analiza y evalúa la pertinencia y solidez de enunciados-discursos.,45.0,2025
SABER PRO - 2025,PROGRAMA_ACÁDEMICO,APRENDIZAJE_PRUEBA,386,1,2.0,ANDINA,4.0,BOGOTÁ,152.0,BOGOTÁ D.C.,9045.0,FUNDACION UNIVERSITARIA SANITAS,9045.0,FUNDACION UNIVERSITARIA SANITAS-BOGOTÁ D.C.,14.0,MEDICINA,,,3962.0,MEDICINA,COMPETENCIAS CIUDADANAS,1.0,,,,,,,,,,Reconoce la existencia de diferentes perspectivas en situaciones en donde interactúan diferentes partes.,35.0,2025
SABER PRO - 2025,PROGRAMA_ACÁDEMICO,APRENDIZAJE_PRUEBA,928,1,2.0,ANDINA,4.0,BOGOTÁ,152.0,BOGOTÁ D.C.,9045.0,FUNDACION UNIVERSITARIA SANITAS,9045.0,FUNDACION UNIVERSITARIA SANITAS-BOGOTÁ D.C.,14.0,MEDICINA,,,3962.0,MEDICINA,RAZONAMIENTO CUANTITATIVO,1.0,,,,,,,,,,Valida procedimientos y  estrategias matemáticas utilizadas para dar solución a problemas.,44.0,2025
SABER PRO - 2025,PROGRAMA_ACÁDEMICO,APRENDIZAJE_PRUEBA,928,1,2.0,ANDINA,4.0,BOGOTÁ,152.0,BOGOTÁ D.C.,9045.0,FUNDACION UNIVERSITARIA SANITAS,9045.0,FUNDACION UNIVERSITARIA SANITAS-BOGOTÁ D.C.,14.0,MEDICINA,,,3962.0,MEDICINA,LECTURA CRÍTICA,1.0,,,,,,,,,,Reflexiona a partir de un texto y evalúa su contenido.,35.0,2025
SABER PRO - 2025,PROGRAMA_ACÁDEMICO,APRENDIZAJE_PRUEBA,896,1,2.0,ANDINA,4.0,BOGOTÁ,152.0,BOGOTÁ D.C.,9052.0,FUNDACION UNIVERSITARIA JUAN N. CORPAS,9052.0,FUNDACION UNIVERSITARIA JUAN N. CORPAS-BOGOTÁ D.C.,14.0,MEDICINA,,,1442.0,MEDICINA,ATENCIÓN EN SALUD,34.0,,,,,,,,,,"Reconoce la política y la normatividad nacional y los acuerdos internacionales suscritos por el Estado colombiano, relacionados con salud pública y los aplica en situaciones concretas que afectan la salud del individuo, la familia y la comunidad.",43.0,2025
SABER PRO - 2025,PROGRAMA_ACÁDEMICO,APRENDIZAJE_PRUEBA,1800,1,2.0,ANDINA,4.0,BOGOTÁ,152.0,BOGOTÁ D.C.,9052.0,FUNDACION UNIVERSITARIA JUAN N. CORPAS,9052.0,FUNDACION UNIVERSITARIA JUAN N. CORPAS-BOGOTÁ D.C.,14.0,MEDICINA,,,1442.0,MEDICINA,LECTURA CRÍTICA,1.0,,,,,,,,,,Identifica y entiende los contenidos locales que conforman un texto. ,26.0,2025
SABER PRO - 2025,PROGRAMA_ACÁDEMICO,APRENDIZAJE_PRUEBA,2572,1,2.0,ANDINA,4.0,BOGOTÁ,152.0,BOGOTÁ D.C.,9052.0,FUNDACION UNIVERSITARIA JUAN N. CORPAS,9052.0,FUNDACION UNIVERSITARIA JUAN N. CORPAS-BOGOTÁ D.C.,14.0,MEDICINA,,,1442.0,MEDICINA,RAZONAMIENTO CUANTITATIVO,1.0,,,,,,,,,,Valida procedimientos y  estrategias matemáticas utilizadas para dar solución a problemas.,49.0,2025
SABER PRO - 2025,PROGRAMA_ACÁDEMICO,APRENDIZAJE_PRUEBA,729,1,2.0,ANDINA,4.0,BOGOTÁ,152.0,BOGOTÁ D.C.,9052.0,FUNDACION UNIVERSITARIA JUAN N. CORPAS,9052.0,FUNDACION UNIVERSITARIA JUAN N. CORPAS-BOGOTÁ D.C.,14.0,MEDICINA,,,1442.0,MEDICINA,COMPETENCIAS CIUDADANAS,1.0,,,,,,,,,,Comprende qué es la Constitución Política de Colombia y sus principios fundamentales.,53.0,2025
SABER PRO - 2025,PROGRAMA_ACÁDEMICO,APRENDIZAJE_PRUEBA,1458,1,2.0,ANDINA,4.0,BOGOTÁ,152.0,BOGOTÁ D.C.,9052.0,FUNDACION UNIVERSITARIA JUAN N. CORPAS,9052.0,FUNDACION UNIVERSITARIA JUAN N. CORPAS-BOGOTÁ D.C.,14.0,MEDICINA,,,1442.0,MEDICINA,COMPETENCIAS CIUDADANAS,1.0,,,,,,,,,,Comprende que los problemas y sus soluciones involucran distintas dimensiones y reconoce relaciones entre estas. ,43.0,2025
SABER PRO - 2025,PROGRAMA_ACÁDEMICO,APRENDIZAJE_PRUEBA,1129,1,2.0,ANDINA,4.0,BOGOTÁ,152.0,BOGOTÁ D.C.,9052.0,FUNDACION UNIVERSITARIA JUAN N. CORPAS,9052.0,FUNDACION UNIVERSITARIA JUAN N. CORPAS-BOGOTÁ D.C.,14.0,MEDICINA,,,1442.0,MEDICINA,COMPETENCIAS CIUDADANAS,1.0,,,,,,,,,,Analiza las diferentes perspectivas presentes en situaciones en donde interactúan diferentes partes.,45.0,2025
SABER PRO - 2025,PROGRAMA_ACÁDEMICO,APRENDIZAJE_PRUEBA,896,1,2.0,ANDINA,4.0,BOGOTÁ,152.0,BOGOTÁ D.C.,9052.0,FUNDACION UNIVERSITARIA JUAN N. CORPAS,9052.0,FUNDACION UNIVERSITARIA JUAN N. CORPAS-BOGOTÁ D.C.,14.0,MEDICINA,,,1442.0,MEDICINA,ATENCIÓN EN SALUD,34.0,,,,,,,,,,"Integra el proceso de sistematización de la información, relacionada con la salud del individuo, la familia y la comunidad en la priorización de acciones. ",44.0,2025
SABER PRO - 2025,PROGRAMA_ACÁDEMICO,APRENDIZAJE_PRUEBA,2318,1,2.0,ANDINA,4.0,BOGOTÁ,152.0,BOGOTÁ D.C.,9052.0,FUNDACION UNIVERSITARIA JUAN N. CORPAS,9052.0,FUNDACION UNIVERSITARIA JUAN N. CORPAS-BOGOTÁ D.C.,14.0,MEDICINA,,,1442.0,MEDICINA,RAZONAMIENTO CUANTITATIVO,1.0,,,,,,,,,,"Frente a un problema que involucre información cuantitativa, plantea e implementa estrategias que lleven a soluciones adecuadas.",52.0,2025
SABER PRO - 2025,PROGRAMA_ACÁDEMICO,APRENDIZAJE_PRUEBA,3696,1,2.0,ANDINA,4.0,BOGOTÁ,152.0,BOGOTÁ D.C.,9052.0,FUNDACION UNIVERSITARIA JUAN N. CORPAS,9052.0,FUNDACION UNIVERSITARIA JUAN N. CORPAS-BOGOTÁ D.C.,14.0,MEDICINA,,,1442.0,MEDICINA,FUNDAMENTACIÓN EN DIAGNÓSTICO Y TRATAMIENTO MÉDICOS,34.0,,,,,,,,,,"Determina la situación de salud o enfermedad de niños, jóvenes y adultos (hombres y mujeres), a partir de casos clínicos de común ocurrencia en la práctica de los médicos generales.",52.0,2025
SABER PRO - 2025,PROGRAMA_ACÁDEMICO,APRENDIZAJE_PRUEBA,729,1,2.0,ANDINA,4.0,BOGOTÁ,152.0,BOGOTÁ D.C.,9052.0,FUNDACION UNIVERSITARIA JUAN N. CORPAS,9052.0,FUNDACION UNIVERSITARIA JUAN N. CORPAS-BOGOTÁ D.C.,14.0,MEDICINA,,,1442.0,MEDICINA,COMPETENCIAS CIUDADANAS,1.0,,,,,,,,,,Conoce la organización del Estado de acuerdo con la Constitución.,41.0,2025
SABER PRO - 2025,PROGRAMA_ACÁDEMICO,APRENDIZAJE_PRUEBA,1058,1,2.0,ANDINA,4.0,BOGOTÁ,152.0,BOGOTÁ D.C.,9052.0,FUNDACION UNIVERSITARIA JUAN N. CORPAS,9052.0,FUNDACION UNIVERSITARIA JUAN N. CORPAS-BOGOTÁ D.C.,14.0,MEDICINA,,,1442.0,MEDICINA,COMPETENCIAS CIUDADANAS,1.0,,,,,,,,,,Reconoce la existencia de diferentes perspectivas en situaciones en donde interactúan diferentes partes.,41.0,2025
SABER PRO - 2025,PROGRAMA_ACÁDEMICO,APRENDIZAJE_PRUEBA,1344,1,2.0,ANDINA,4.0,BOGOTÁ,152.0,BOGOTÁ D.C.,9052.0,FUNDACION UNIVERSITARIA JUAN N. CORPAS,9052.0,FUNDACION UNIVERSITARIA JUAN N. CORPAS-BOGOTÁ D.C.,14.0,MEDICINA,,,1442.0,MEDICINA,ATENCIÓN EN SALUD,34.0,,,,,,,,,,"Propone acciones de diagnóstico, ejecución y evaluación en el marco de políticas y lineamientos en salud vigentes.",47.0,2025
SABER PRO - 2025,PROGRAMA_ACÁDEMICO,APRENDIZAJE_PRUEBA,2688,1,2.0,ANDINA,4.0,BOGOTÁ,152.0,BOGOTÁ D.C.,9052.0,FUNDACION UNIVERSITARIA JUAN N. CORPAS,9052.0,FUNDACION UNIVERSITARIA JUAN N. CORPAS-BOGOTÁ D.C.,14.0,MEDICINA,,,1442.0,MEDICINA,PROMOCIÓN DE LA SALUD Y PREVENCIÓN DE LA ENFERMEDAD,34.0,,,,,,,,,,"Integra los conceptos básicos de prevención de la enfermedad, que le permita la priorización de las acciones  por seguir  de  acuerdo con las condiciones de salud de las poblaciones.",37.0,2025
SABER PRO - 2025,PROGRAMA_ACÁDEMICO,APRENDIZAJE_PRUEBA,1458,1,2.0,ANDINA,4.0,BOGOTÁ,152.0,BOGOTÁ D.C.,9052.0,FUNDACION UNIVERSITARIA JUAN N. CORPAS,9052.0,FUNDACION UNIVERSITARIA JUAN N. CORPAS-BOGOTÁ D.C.,14.0,MEDICINA,,,1442.0,MEDICINA,COMPETENCIAS CIUDADANAS,1.0,,,,,,,,,,Analiza y evalúa la pertinencia y solidez de enunciados-discursos.,41.0,2025
SABER PRO - 2025,PROGRAMA_ACÁDEMICO,APRENDIZAJE_PRUEBA,644,1,2.0,ANDINA,4.0,BOGOTÁ,152.0,BOGOTÁ D.C.,9052.0,FUNDACION UNIVERSITARIA JUAN N. CORPAS,9052.0,FUNDACION UNIVERSITARIA JUAN N. CORPAS-BOGOTÁ D.C.,14.0,MEDICINA,,,1442.0,MEDICINA,COMPETENCIAS CIUDADANAS,1.0,,,,,,,,,,Conoce los derechos y deberes que la Constitución consagra.,37.0,2025
SABER PRO - 2025,PROGRAMA_ACÁDEMICO,APRENDIZAJE_PRUEBA,2574,1,2.0,ANDINA,4.0,BOGOTÁ,152.0,BOGOTÁ D.C.,9052.0,FUNDACION UNIVERSITARIA JUAN N. CORPAS,9052.0,FUNDACION UNIVERSITARIA JUAN N. CORPAS-BOGOTÁ D.C.,14.0,MEDICINA,,,1442.0,MEDICINA,LECTURA CRÍTICA,1.0,,,,,,,,,,Reflexiona a partir de un texto y evalúa su contenido.,41.0,2025
SABER PRO - 2025,PROGRAMA_ACÁDEMICO,APRENDIZAJE_PRUEBA,1344,1,2.0,ANDINA,4.0,BOGOTÁ,152.0,BOGOTÁ D.C.,9052.0,FUNDACION UNIVERSITARIA JUAN N. CORPAS,9052.0,FUNDACION UNIVERSITARIA JUAN N. CORPAS-BOGOTÁ D.C.,14.0,MEDICINA,,,1442.0,MEDICINA,ATENCIÓN EN SALUD,34.0,,,,,,,,,,"Analiza los determinantes personales, sociales, económicos y ambientales que influyen en el estado de salud del individuo, la familia y la comunidad, para la priorización de acciones a seguir.",45.0,2025
SABER PRO - 2025,PROGRAMA_ACÁDEMICO,APRENDIZAJE_PRUEBA,2916,1,2.0,ANDINA,4.0,BOGOTÁ,152.0,BOGOTÁ D.C.,9052.0,FUNDACION UNIVERSITARIA JUAN N. CORPAS,9052.0,FUNDACION UNIVERSITARIA JUAN N. CORPAS-BOGOTÁ D.C.,14.0,MEDICINA,,,1442.0,MEDICINA,LECTURA CRÍTICA,1.0,,,,,,,,,,Comprende cómo se articulan las partes de un texto para darle un sentido global.,44.0,2025
SABER PRO - 2025,PROGRAMA_ACÁDEMICO,APRENDIZAJE_PRUEBA,1120,1,2.0,ANDINA,4.0,BOGOTÁ,152.0,BOGOTÁ D.C.,9052.0,FUNDACION UNIVERSITARIA JUAN N. CORPAS,9052.0,FUNDACION UNIVERSITARIA JUAN N. CORPAS-BOGOTÁ D.C.,14.0,MEDICINA,,,1442.0,MEDICINA,PROMOCIÓN DE LA SALUD Y PREVENCIÓN DE LA ENFERMEDAD,34.0,,,,,,,,,,"Integra los conceptos básicos de promoción de la salud que le permiten priorizar acciones por seguir, de acuerdo con las condiciones de salud de las poblaciones.",52.0,2025
SABER PRO - 2025,PROGRAMA_ACÁDEMICO,APRENDIZAJE_PRUEBA,2400,1,2.0,ANDINA,4.0,BOGOTÁ,152.0,BOGOTÁ D.C.,9052.0,FUNDACION UNIVERSITARIA JUAN N. CORPAS,9052.0,FUNDACION UNIVERSITARIA JUAN N. CORPAS-BOGOTÁ D.C.,14.0,MEDICINA,,,1442.0,MEDICINA,RAZONAMIENTO CUANTITATIVO,1.0,,,,,,,,,,Comprende y transforma la información cuantitativa y esquemática presentada en distintos formatos ,34.0,2025
SABER PRO - 2025,PROGRAMA_ACÁDEMICO,APRENDIZAJE_PRUEBA,2576,1,2.0,ANDINA,4.0,BOGOTÁ,152.0,BOGOTÁ D.C.,9052.0,FUNDACION UNIVERSITARIA JUAN N. CORPAS,9052.0,FUNDACION UNIVERSITARIA JUAN N. CORPAS-BOGOTÁ D.C.,14.0,MEDICINA,,,1442.0,MEDICINA,FUNDAMENTACIÓN EN DIAGNÓSTICO Y TRATAMIENTO MÉDICOS,34.0,,,,,,,,,,"Propone un plan de tratamiento de acuerdo con la situación del paciente, a partir de casos clínicos de común ocurrencia en la práctica de los médicos generales.",65.0,2025
SABER PRO - 2025,PROGRAMA_ACÁDEMICO,APRENDIZAJE_PRUEBA,2794,1,2.0,ANDINA,4.0,BOGOTÁ,152.0,BOGOTÁ D.C.,9063.0,UNIVERSIDAD ANTONIO NARIÑO,9063.0,UNIVERSIDAD ANTONIO NARIÑO-BOGOTÁ D.C.,14.0,MEDICINA,,,162.0,MEDICINA,RAZONAMIENTO CUANTITATIVO,1.0,,,,,,,,,,"Frente a un problema que involucre información cuantitativa, plantea e implementa estrategias que lleven a soluciones adecuadas.",54.0,2025
SABER PRO - 2025,PROGRAMA_ACÁDEMICO,APRENDIZAJE_PRUEBA,340,1,2.0,ANDINA,4.0,BOGOTÁ,152.0,BOGOTÁ D.C.,9063.0,UNIVERSIDAD ANTONIO NARIÑO,9063.0,UNIVERSIDAD ANTONIO NARIÑO-BOGOTÁ D.C.,8.0,CIENCIAS AGROPECUARIAS ,,,5118.0,MEDICINA VETERINARIA,LECTURA CRÍTICA,1.0,,,,,,,,,,Reflexiona a partir de un texto y evalúa su contenido.,50.0,2025
SABER PRO - 2025,PROGRAMA_ACÁDEMICO,APRENDIZAJE_PRUEBA,152,1,2.0,ANDINA,4.0,BOGOTÁ,152.0,BOGOTÁ D.C.,9063.0,UNIVERSIDAD ANTONIO NARIÑO,9063.0,UNIVERSIDAD ANTONIO NARIÑO-BOGOTÁ D.C.,8.0,CIENCIAS AGROPECUARIAS ,,,5118.0,MEDICINA VETERINARIA,COMPETENCIAS CIUDADANAS,1.0,,,,,,,,,,Reconoce la existencia de diferentes perspectivas en situaciones en donde interactúan diferentes partes.,49.0,2025
SABER PRO - 2025,PROGRAMA_ACÁDEMICO,APRENDIZAJE_PRUEBA,340,1,2.0,ANDINA,4.0,BOGOTÁ,152.0,BOGOTÁ D.C.,9063.0,UNIVERSIDAD ANTONIO NARIÑO,9063.0,UNIVERSIDAD ANTONIO NARIÑO-BOGOTÁ D.C.,8.0,CIENCIAS AGROPECUARIAS ,,,5118.0,MEDICINA VETERINARIA,RAZONAMIENTO CUANTITATIVO,1.0,,,,,,,,,,Valida procedimientos y  estrategias matemáticas utilizadas para dar solución a problemas.,53.0,2025
SABER PRO - 2025,PROGRAMA_ACÁDEMICO,APRENDIZAJE_PRUEBA,264,1,2.0,ANDINA,4.0,BOGOTÁ,152.0,BOGOTÁ D.C.,9063.0,UNIVERSIDAD ANTONIO NARIÑO,9063.0,UNIVERSIDAD ANTONIO NARIÑO-BOGOTÁ D.C.,8.0,CIENCIAS AGROPECUARIAS ,,,5118.0,MEDICINA VETERINARIA,PRODUCCIÓN PECUARIA,34.0,,,,,,,,,,Comprender los principios genéticos y reproductivos para el  mejoramiento animal y la estructuración de los ciclos productivos.  ,69.0,2025
SABER PRO - 2025,PROGRAMA_ACÁDEMICO,APRENDIZAJE_PRUEBA,264,1,2.0,ANDINA,4.0,BOGOTÁ,152.0,BOGOTÁ D.C.,9063.0,UNIVERSIDAD ANTONIO NARIÑO,9063.0,UNIVERSIDAD ANTONIO NARIÑO-BOGOTÁ D.C.,8.0,CIENCIAS AGROPECUARIAS ,,,5118.0,MEDICINA VETERINARIA,PRODUCCIÓN PECUARIA,34.0,,,,,,,,,,"Diseñar, implementar y/o validar los sistemas de producción pecuaria para lograr productos de calidad, inocuos y trazables, provenientes de animales en condiciones de bienestar. ",64.0,2025
SABER PRO - 2025,PROGRAMA_ACÁDEMICO,APRENDIZAJE_PRUEBA,3020,1,2.0,ANDINA,4.0,BOGOTÁ,152.0,BOGOTÁ D.C.,9063.0,UNIVERSIDAD ANTONIO NARIÑO,9063.0,UNIVERSIDAD ANTONIO NARIÑO-BOGOTÁ D.C.,14.0,MEDICINA,,,162.0,MEDICINA,RAZONAMIENTO CUANTITATIVO,1.0,,,,,,,,,,Comprende y transforma la información cuantitativa y esquemática presentada en distintos formatos ,33.0,2025
SABER PRO - 2025,PROGRAMA_ACÁDEMICO,APRENDIZAJE_PRUEBA,3624,1,2.0,ANDINA,4.0,BOGOTÁ,152.0,BOGOTÁ D.C.,9063.0,UNIVERSIDAD ANTONIO NARIÑO,9063.0,UNIVERSIDAD ANTONIO NARIÑO-BOGOTÁ D.C.,14.0,MEDICINA,,,162.0,MEDICINA,LECTURA CRÍTICA,1.0,,,,,,,,,,Comprende cómo se articulan las partes de un texto para darle un sentido global.,40.0,2025
SABER PRO - 2025,PROGRAMA_ACÁDEMICO,APRENDIZAJE_PRUEBA,648,1,2.0,ANDINA,4.0,BOGOTÁ,152.0,BOGOTÁ D.C.,9063.0,UNIVERSIDAD ANTONIO NARIÑO,9063.0,UNIVERSIDAD ANTONIO NARIÑO-BOGOTÁ D.C.,8.0,CIENCIAS AGROPECUARIAS ,,,894.0,MEDICINA VETERINARIA,COMPETENCIAS CIUDADANAS,1.0,,,,,,,,,,Analiza y evalúa la pertinencia y solidez de enunciados-discursos.,58.0,2025
SABER PRO - 2025,PROGRAMA_ACÁDEMICO,APRENDIZAJE_PRUEBA,540,1,2.0,ANDINA,4.0,BOGOTÁ,152.0,BOGOTÁ D.C.,9063.0,UNIVERSIDAD ANTONIO NARIÑO,9063.0,UNIVERSIDAD ANTONIO NARIÑO-BOGOTÁ D.C.,8.0,CIENCIAS AGROPECUARIAS ,,,894.0,MEDICINA VETERINARIA,PRODUCCIÓN PECUARIA,34.0,,,,,,,,,,Conocer los principios de la nutrición y la alimentación para las diferentes especies de interés zootécnico y comprender y desarrollar sistemas de alimentación en contexto con la particularidad de los nichos productivos.,53.0,2025
SABER PRO - 2025,PROGRAMA_ACÁDEMICO,APRENDIZAJE_PRUEBA,264,1,2.0,ANDINA,4.0,BOGOTÁ,152.0,BOGOTÁ D.C.,9063.0,UNIVERSIDAD ANTONIO NARIÑO,9063.0,UNIVERSIDAD ANTONIO NARIÑO-BOGOTÁ D.C.,8.0,CIENCIAS AGROPECUARIAS ,,,5118.0,MEDICINA VETERINARIA,PRODUCCIÓN PECUARIA,34.0,,,,,,,,,,"Comprender los efectos de los factores ecofisiológicos sobre los diferentes elementos constitutivos de los sistemas integrados de producción animal, en forma aislada, conjunta y en interacción.",55.0,2025
SABER PRO - 2025,PROGRAMA_ACÁDEMICO,APRENDIZAJE_PRUEBA,165,1,2.0,ANDINA,4.0,BOGOTÁ,152.0,BOGOTÁ D.C.,9063.0,UNIVERSIDAD ANTONIO NARIÑO,9063.0,UNIVERSIDAD ANTONIO NARIÑO-BOGOTÁ D.C.,8.0,CIENCIAS AGROPECUARIAS ,,,5118.0,MEDICINA VETERINARIA,PRODUCCIÓN PECUARIA,34.0,,,,,,,,,,Conocer los principios de la nutrición y la alimentación para las diferentes especies de interés zootécnico y comprender y desarrollar sistemas de alimentación en contexto con la particularidad de los nichos productivos.,67.0,2025
SABER PRO - 2025,PROGRAMA_ACÁDEMICO,APRENDIZAJE_PRUEBA,324,1,2.0,ANDINA,4.0,BOGOTÁ,152.0,BOGOTÁ D.C.,9063.0,UNIVERSIDAD ANTONIO NARIÑO,9063.0,UNIVERSIDAD ANTONIO NARIÑO-BOGOTÁ D.C.,8.0,CIENCIAS AGROPECUARIAS ,,,894.0,MEDICINA VETERINARIA,COMPETENCIAS CIUDADANAS,1.0,,,,,,,,,,Comprende qué es la Constitución Política de Colombia y sus principios fundamentales.,54.0,2025
SABER PRO - 2025,PROGRAMA_ACÁDEMICO,APRENDIZAJE_PRUEBA,906,1,2.0,ANDINA,4.0,BOGOTÁ,152.0,BOGOTÁ D.C.,9063.0,UNIVERSIDAD ANTONIO NARIÑO,9063.0,UNIVERSIDAD ANTONIO NARIÑO-BOGOTÁ D.C.,14.0,MEDICINA,,,162.0,MEDICINA,COMPETENCIAS CIUDADANAS,1.0,,,,,,,,,,Comprende qué es la Constitución Política de Colombia y sus principios fundamentales.,45.0,2025
SABER PRO - 2025,PROGRAMA_ACÁDEMICO,APRENDIZAJE_PRUEBA,6946,1,2.0,ANDINA,4.0,BOGOTÁ,152.0,BOGOTÁ D.C.,9063.0,UNIVERSIDAD ANTONIO NARIÑO,9063.0,UNIVERSIDAD ANTONIO NARIÑO-BOGOTÁ D.C.,14.0,MEDICINA,,,162.0,MEDICINA,FUNDAMENTACIÓN EN DIAGNÓSTICO Y TRATAMIENTO MÉDICOS,34.0,,,,,,,,,,"Propone un plan de tratamiento de acuerdo con la situación del paciente, a partir de casos clínicos de común ocurrencia en la práctica de los médicos generales.",65.0,2025
SABER PRO - 2025,PROGRAMA_ACÁDEMICO,APRENDIZAJE_PRUEBA,132,1,2.0,ANDINA,4.0,BOGOTÁ,152.0,BOGOTÁ D.C.,9063.0,UNIVERSIDAD ANTONIO NARIÑO,9063.0,UNIVERSIDAD ANTONIO NARIÑO-BOGOTÁ D.C.,8.0,CIENCIAS AGROPECUARIAS ,,,5118.0,MEDICINA VETERINARIA,PRODUCCIÓN PECUARIA,34.0,,,,,,,,,,"Entender los sistemas de producción pecuaria locales en los contextos socio-económicos globales, y regionales para su proyección en un ambiente de gestión tecnológica como base para el desarrollo de la sociedad",42.0,2025
SABER PRO - 2025,PROGRAMA_ACÁDEMICO,APRENDIZAJE_PRUEBA,3246,1,2.0,ANDINA,4.0,BOGOTÁ,152.0,BOGOTÁ D.C.,9063.0,UNIVERSIDAD ANTONIO NARIÑO,9063.0,UNIVERSIDAD ANTONIO NARIÑO-BOGOTÁ D.C.,14.0,MEDICINA,,,162.0,MEDICINA,LECTURA CRÍTICA,1.0,,,,,,,,,,Reflexiona a partir de un texto y evalúa su contenido.,41.0,2025
SABER PRO - 2025,PROGRAMA_ACÁDEMICO,APRENDIZAJE_PRUEBA,906,1,2.0,ANDINA,4.0,BOGOTÁ,152.0,BOGOTÁ D.C.,9063.0,UNIVERSIDAD ANTONIO NARIÑO,9063.0,UNIVERSIDAD ANTONIO NARIÑO-BOGOTÁ D.C.,14.0,MEDICINA,,,162.0,MEDICINA,COMPETENCIAS CIUDADANAS,1.0,,,,,,,,,,Conoce la organización del Estado de acuerdo con la Constitución.,34.0,2025
SABER PRO - 2025,PROGRAMA_ACÁDEMICO,APRENDIZAJE_PRUEBA,3246,1,2.0,ANDINA,4.0,BOGOTÁ,152.0,BOGOTÁ D.C.,9063.0,UNIVERSIDAD ANTONIO NARIÑO,9063.0,UNIVERSIDAD ANTONIO NARIÑO-BOGOTÁ D.C.,14.0,MEDICINA,,,162.0,MEDICINA,RAZONAMIENTO CUANTITATIVO,1.0,,,,,,,,,,Valida procedimientos y  estrategias matemáticas utilizadas para dar solución a problemas.,50.0,2025
SABER PRO - 2025,PROGRAMA_ACÁDEMICO,APRENDIZAJE_PRUEBA,1434,1,2.0,ANDINA,4.0,BOGOTÁ,152.0,BOGOTÁ D.C.,9063.0,UNIVERSIDAD ANTONIO NARIÑO,9063.0,UNIVERSIDAD ANTONIO NARIÑO-BOGOTÁ D.C.,14.0,MEDICINA,,,162.0,MEDICINA,COMPETENCIAS CIUDADANAS,1.0,,,,,,,,,,Analiza las diferentes perspectivas presentes en situaciones en donde interactúan diferentes partes.,47.0,2025
SABER PRO - 2025,PROGRAMA_ACÁDEMICO,APRENDIZAJE_PRUEBA,1812,1,2.0,ANDINA,4.0,BOGOTÁ,152.0,BOGOTÁ D.C.,9063.0,UNIVERSIDAD ANTONIO NARIÑO,9063.0,UNIVERSIDAD ANTONIO NARIÑO-BOGOTÁ D.C.,14.0,MEDICINA,,,162.0,MEDICINA,COMPETENCIAS CIUDADANAS,1.0,,,,,,,,,,Comprende que los problemas y sus soluciones involucran distintas dimensiones y reconoce relaciones entre estas. ,37.0,2025
SABER PRO - 2025,PROGRAMA_ACÁDEMICO,APRENDIZAJE_PRUEBA,7248,1,2.0,ANDINA,4.0,BOGOTÁ,152.0,BOGOTÁ D.C.,9063.0,UNIVERSIDAD ANTONIO NARIÑO,9063.0,UNIVERSIDAD ANTONIO NARIÑO-BOGOTÁ D.C.,14.0,MEDICINA,,,162.0,MEDICINA,PROMOCIÓN DE LA SALUD Y PREVENCIÓN DE LA ENFERMEDAD,34.0,,,,,,,,,,"Integra los conceptos básicos de prevención de la enfermedad, que le permita la priorización de las acciones  por seguir  de  acuerdo con las condiciones de salud de las poblaciones.",39.0,2025
SABER PRO - 2025,PROGRAMA_ACÁDEMICO,APRENDIZAJE_PRUEBA,408,1,2.0,ANDINA,4.0,BOGOTÁ,152.0,BOGOTÁ D.C.,9063.0,UNIVERSIDAD ANTONIO NARIÑO,9063.0,UNIVERSIDAD ANTONIO NARIÑO-BOGOTÁ D.C.,8.0,CIENCIAS AGROPECUARIAS ,,,5118.0,MEDICINA VETERINARIA,LECTURA CRÍTICA,1.0,,,,,,,,,,Comprende cómo se articulan las partes de un texto para darle un sentido global.,50.0,2025
SABER PRO - 2025,PROGRAMA_ACÁDEMICO,APRENDIZAJE_PRUEBA,355,1,2.0,ANDINA,4.0,BOGOTÁ,152.0,BOGOTÁ D.C.,9063.0,UNIVERSIDAD ANTONIO NARIÑO,9063.0,UNIVERSIDAD ANTONIO NARIÑO-BOGOTÁ D.C.,8.0,CIENCIAS AGROPECUARIAS ,,,5118.0,MEDICINA VETERINARIA,RAZONAMIENTO CUANTITATIVO,1.0,,,,,,,,,,"Frente a un problema que involucre información cuantitativa, plantea e implementa estrategias que lleven a soluciones adecuadas.",58.0,2025
SABER PRO - 2025,PROGRAMA_ACÁDEMICO,APRENDIZAJE_PRUEBA,102,1,2.0,ANDINA,4.0,BOGOTÁ,152.0,BOGOTÁ D.C.,9063.0,UNIVERSIDAD ANTONIO NARIÑO,9063.0,UNIVERSIDAD ANTONIO NARIÑO-BOGOTÁ D.C.,8.0,CIENCIAS AGROPECUARIAS ,,,5118.0,MEDICINA VETERINARIA,COMPETENCIAS CIUDADANAS,1.0,,,,,,,,,,Conoce la organización del Estado de acuerdo con la Constitución.,45.0,2025
SABER PRO - 2025,PROGRAMA_ACÁDEMICO,APRENDIZAJE_PRUEBA,324,1,2.0,ANDINA,4.0,BOGOTÁ,152.0,BOGOTÁ D.C.,9063.0,UNIVERSIDAD ANTONIO NARIÑO,9063.0,UNIVERSIDAD ANTONIO NARIÑO-BOGOTÁ D.C.,8.0,CIENCIAS AGROPECUARIAS ,,,894.0,MEDICINA VETERINARIA,PRODUCCIÓN PECUARIA,34.0,,,,,,,,,,"Comprender  los aspectos  y condiciones administrativas y socio económicas de los sistemas de producción animal, para el análisis, diseño,  formulación y aplicación de propuestas de gestión de la tecnología, mediante el análisis de los factores internos y externos de la empresa pecuaria para generar viabilidad técnica, administrativa y financiera. ",50.0,2025
SABER PRO - 2025,PROGRAMA_ACÁDEMICO,APRENDIZAJE_PRUEBA,1139,1,2.0,ANDINA,4.0,BOGOTÁ,152.0,BOGOTÁ D.C.,9063.0,UNIVERSIDAD ANTONIO NARIÑO,9063.0,UNIVERSIDAD ANTONIO NARIÑO-BOGOTÁ D.C.,8.0,CIENCIAS AGROPECUARIAS ,,,894.0,MEDICINA VETERINARIA,RAZONAMIENTO CUANTITATIVO,1.0,,,,,,,,,,"Frente a un problema que involucre información cuantitativa, plantea e implementa estrategias que lleven a soluciones adecuadas.",64.0,2025
SABER PRO - 2025,PROGRAMA_ACÁDEMICO,APRENDIZAJE_PRUEBA,102,1,2.0,ANDINA,4.0,BOGOTÁ,152.0,BOGOTÁ D.C.,9063.0,UNIVERSIDAD ANTONIO NARIÑO,9063.0,UNIVERSIDAD ANTONIO NARIÑO-BOGOTÁ D.C.,8.0,CIENCIAS AGROPECUARIAS ,,,5118.0,MEDICINA VETERINARIA,COMPETENCIAS CIUDADANAS,1.0,,,,,,,,,,Comprende qué es la Constitución Política de Colombia y sus principios fundamentales.,50.0,2025
SABER PRO - 2025,PROGRAMA_ACÁDEMICO,APRENDIZAJE_PRUEBA,99,1,2.0,ANDINA,4.0,BOGOTÁ,152.0,BOGOTÁ D.C.,9063.0,UNIVERSIDAD ANTONIO NARIÑO,9063.0,UNIVERSIDAD ANTONIO NARIÑO-BOGOTÁ D.C.,8.0,CIENCIAS AGROPECUARIAS ,,,5118.0,MEDICINA VETERINARIA,PRODUCCIÓN PECUARIA,34.0,,,,,,,,,,"Comprender  los aspectos  y condiciones administrativas y socio económicas de los sistemas de producción animal, para el análisis, diseño,  formulación y aplicación de propuestas de gestión de la tecnología, mediante el análisis de los factores internos y externos de la empresa pecuaria para generar viabilidad técnica, administrativa y financiera. ",55.0,2025
SABER PRO - 2025,PROGRAMA_ACÁDEMICO,APRENDIZAJE_PRUEBA,864,1,2.0,ANDINA,4.0,BOGOTÁ,152.0,BOGOTÁ D.C.,9063.0,UNIVERSIDAD ANTONIO NARIÑO,9063.0,UNIVERSIDAD ANTONIO NARIÑO-BOGOTÁ D.C.,8.0,CIENCIAS AGROPECUARIAS ,,,894.0,MEDICINA VETERINARIA,LECTURA CRÍTICA,1.0,,,,,,,,,,Identifica y entiende los contenidos locales que conforman un texto. ,29.0,2025
SABER PRO - 2025,PROGRAMA_ACÁDEMICO,APRENDIZAJE_PRUEBA,1080,1,2.0,ANDINA,4.0,BOGOTÁ,152.0,BOGOTÁ D.C.,9063.0,UNIVERSIDAD ANTONIO NARIÑO,9063.0,UNIVERSIDAD ANTONIO NARIÑO-BOGOTÁ D.C.,8.0,CIENCIAS AGROPECUARIAS ,,,894.0,MEDICINA VETERINARIA,LECTURA CRÍTICA,1.0,,,,,,,,,,Reflexiona a partir de un texto y evalúa su contenido.,43.0,2025
SABER PRO - 2025,PROGRAMA_ACÁDEMICO,APRENDIZAJE_PRUEBA,324,1,2.0,ANDINA,4.0,BOGOTÁ,152.0,BOGOTÁ D.C.,9063.0,UNIVERSIDAD ANTONIO NARIÑO,9063.0,UNIVERSIDAD ANTONIO NARIÑO-BOGOTÁ D.C.,8.0,CIENCIAS AGROPECUARIAS ,,,894.0,MEDICINA VETERINARIA,COMPETENCIAS CIUDADANAS,1.0,,,,,,,,,,Conoce la organización del Estado de acuerdo con la Constitución.,38.0,2025
SABER PRO - 2025,PROGRAMA_ACÁDEMICO,APRENDIZAJE_PRUEBA,3624,1,2.0,ANDINA,4.0,BOGOTÁ,152.0,BOGOTÁ D.C.,9063.0,UNIVERSIDAD ANTONIO NARIÑO,9063.0,UNIVERSIDAD ANTONIO NARIÑO-BOGOTÁ D.C.,14.0,MEDICINA,,,162.0,MEDICINA,ATENCIÓN EN SALUD,34.0,,,,,,,,,,"Analiza los determinantes personales, sociales, económicos y ambientales que influyen en el estado de salud del individuo, la familia y la comunidad, para la priorización de acciones a seguir.",50.0,2025
SABER PRO - 2025,PROGRAMA_ACÁDEMICO,APRENDIZAJE_PRUEBA,204,1,2.0,ANDINA,4.0,BOGOTÁ,152.0,BOGOTÁ D.C.,9063.0,UNIVERSIDAD ANTONIO NARIÑO,9063.0,UNIVERSIDAD ANTONIO NARIÑO-BOGOTÁ D.C.,8.0,CIENCIAS AGROPECUARIAS ,,,5118.0,MEDICINA VETERINARIA,COMPETENCIAS CIUDADANAS,1.0,,,,,,,,,,Comprende que los problemas y sus soluciones involucran distintas dimensiones y reconoce relaciones entre estas. ,44.0,2025
SABER PRO - 2025,PROGRAMA_ACÁDEMICO,APRENDIZAJE_PRUEBA,86,1,2.0,ANDINA,4.0,BOGOTÁ,152.0,BOGOTÁ D.C.,9063.0,UNIVERSIDAD ANTONIO NARIÑO,9063.0,UNIVERSIDAD ANTONIO NARIÑO-BOGOTÁ D.C.,8.0,CIENCIAS AGROPECUARIAS ,,,5118.0,MEDICINA VETERINARIA,COMPETENCIAS CIUDADANAS,1.0,,,,,,,,,,Conoce los derechos y deberes que la Constitución consagra.,49.0,2025
SABER PRO - 2025,PROGRAMA_ACÁDEMICO,APRENDIZAJE_PRUEBA,3020,1,2.0,ANDINA,4.0,BOGOTÁ,152.0,BOGOTÁ D.C.,9063.0,UNIVERSIDAD ANTONIO NARIÑO,9063.0,UNIVERSIDAD ANTONIO NARIÑO-BOGOTÁ D.C.,14.0,MEDICINA,,,162.0,MEDICINA,PROMOCIÓN DE LA SALUD Y PREVENCIÓN DE LA ENFERMEDAD,34.0,,,,,,,,,,"Integra los conceptos básicos de promoción de la salud que le permiten priorizar acciones por seguir, de acuerdo con las condiciones de salud de las poblaciones.",50.0,2025
SABER PRO - 2025,PROGRAMA_ACÁDEMICO,APRENDIZAJE_PRUEBA,3624,1,2.0,ANDINA,4.0,BOGOTÁ,152.0,BOGOTÁ D.C.,9063.0,UNIVERSIDAD ANTONIO NARIÑO,9063.0,UNIVERSIDAD ANTONIO NARIÑO-BOGOTÁ D.C.,14.0,MEDICINA,,,162.0,MEDICINA,ATENCIÓN EN SALUD,34.0,,,,,,,,,,"Propone acciones de diagnóstico, ejecución y evaluación en el marco de políticas y lineamientos en salud vigentes.",50.0,2025
SABER PRO - 2025,PROGRAMA_ACÁDEMICO,APRENDIZAJE_PRUEBA,1296,1,2.0,ANDINA,4.0,BOGOTÁ,152.0,BOGOTÁ D.C.,9063.0,UNIVERSIDAD ANTONIO NARIÑO,9063.0,UNIVERSIDAD ANTONIO NARIÑO-BOGOTÁ D.C.,8.0,CIENCIAS AGROPECUARIAS ,,,894.0,MEDICINA VETERINARIA,LECTURA CRÍTICA,1.0,,,,,,,,,,Comprende cómo se articulan las partes de un texto para darle un sentido global.,50.0,2025
SABER PRO - 2025,PROGRAMA_ACÁDEMICO,APRENDIZAJE_PRUEBA,864,1,2.0,ANDINA,4.0,BOGOTÁ,152.0,BOGOTÁ D.C.,9063.0,UNIVERSIDAD ANTONIO NARIÑO,9063.0,UNIVERSIDAD ANTONIO NARIÑO-BOGOTÁ D.C.,8.0,CIENCIAS AGROPECUARIAS ,,,894.0,MEDICINA VETERINARIA,PRODUCCIÓN PECUARIA,34.0,,,,,,,,,,"Comprender los efectos de los factores ecofisiológicos sobre los diferentes elementos constitutivos de los sistemas integrados de producción animal, en forma aislada, conjunta y en interacción.",49.0,2025
SABER PRO - 2025,PROGRAMA_ACÁDEMICO,APRENDIZAJE_PRUEBA,1812,1,2.0,ANDINA,4.0,BOGOTÁ,152.0,BOGOTÁ D.C.,9063.0,UNIVERSIDAD ANTONIO NARIÑO,9063.0,UNIVERSIDAD ANTONIO NARIÑO-BOGOTÁ D.C.,14.0,MEDICINA,,,162.0,MEDICINA,COMPETENCIAS CIUDADANAS,1.0,,,,,,,,,,Analiza y evalúa la pertinencia y solidez de enunciados-discursos.,51.0,2025
SABER PRO - 2025,PROGRAMA_ACÁDEMICO,APRENDIZAJE_PRUEBA,265,1,2.0,ANDINA,4.0,BOGOTÁ,152.0,BOGOTÁ D.C.,9063.0,UNIVERSIDAD ANTONIO NARIÑO,9063.0,UNIVERSIDAD ANTONIO NARIÑO-BOGOTÁ D.C.,8.0,CIENCIAS AGROPECUARIAS ,,,894.0,MEDICINA VETERINARIA,COMPETENCIAS CIUDADANAS,1.0,,,,,,,,,,Conoce los derechos y deberes que la Constitución consagra.,48.0,2025
SABER PRO - 2025,PROGRAMA_ACÁDEMICO,APRENDIZAJE_PRUEBA,9966,1,2.0,ANDINA,4.0,BOGOTÁ,152.0,BOGOTÁ D.C.,9063.0,UNIVERSIDAD ANTONIO NARIÑO,9063.0,UNIVERSIDAD ANTONIO NARIÑO-BOGOTÁ D.C.,14.0,MEDICINA,,,162.0,MEDICINA,FUNDAMENTACIÓN EN DIAGNÓSTICO Y TRATAMIENTO MÉDICOS,34.0,,,,,,,,,,"Determina la situación de salud o enfermedad de niños, jóvenes y adultos (hombres y mujeres), a partir de casos clínicos de común ocurrencia en la práctica de los médicos generales.",56.0,2025
SABER PRO - 2025,PROGRAMA_ACÁDEMICO,APRENDIZAJE_PRUEBA,325,1,2.0,ANDINA,4.0,BOGOTÁ,152.0,BOGOTÁ D.C.,9063.0,UNIVERSIDAD ANTONIO NARIÑO,9063.0,UNIVERSIDAD ANTONIO NARIÑO-BOGOTÁ D.C.,8.0,CIENCIAS AGROPECUARIAS ,,,5118.0,MEDICINA VETERINARIA,RAZONAMIENTO CUANTITATIVO,1.0,,,,,,,,,,Comprende y transforma la información cuantitativa y esquemática presentada en distintos formatos ,37.0,2025
SABER PRO - 2025,PROGRAMA_ACÁDEMICO,APRENDIZAJE_PRUEBA,432,1,2.0,ANDINA,4.0,BOGOTÁ,152.0,BOGOTÁ D.C.,9063.0,UNIVERSIDAD ANTONIO NARIÑO,9063.0,UNIVERSIDAD ANTONIO NARIÑO-BOGOTÁ D.C.,8.0,CIENCIAS AGROPECUARIAS ,,,894.0,MEDICINA VETERINARIA,PRODUCCIÓN PECUARIA,34.0,,,,,,,,,,"Entender los sistemas de producción pecuaria locales en los contextos socio-económicos globales, y regionales para su proyección en un ambiente de gestión tecnológica como base para el desarrollo de la sociedad",50.0,2025
SABER PRO - 2025,PROGRAMA_ACÁDEMICO,APRENDIZAJE_PRUEBA,681,1,2.0,ANDINA,4.0,BOGOTÁ,152.0,BOGOTÁ D.C.,9063.0,UNIVERSIDAD ANTONIO NARIÑO,9063.0,UNIVERSIDAD ANTONIO NARIÑO-BOGOTÁ D.C.,14.0,MEDICINA,,,162.0,MEDICINA,COMPETENCIAS CIUDADANAS,1.0,,,,,,,,,,Conoce los derechos y deberes que la Constitución consagra.,34.0,2025
SABER PRO - 2025,PROGRAMA_ACÁDEMICO,APRENDIZAJE_PRUEBA,481,1,2.0,ANDINA,4.0,BOGOTÁ,152.0,BOGOTÁ D.C.,9063.0,UNIVERSIDAD ANTONIO NARIÑO,9063.0,UNIVERSIDAD ANTONIO NARIÑO-BOGOTÁ D.C.,8.0,CIENCIAS AGROPECUARIAS ,,,894.0,MEDICINA VETERINARIA,COMPETENCIAS CIUDADANAS,1.0,,,,,,,,,,Analiza las diferentes perspectivas presentes en situaciones en donde interactúan diferentes partes.,53.0,2025
SABER PRO - 2025,PROGRAMA_ACÁDEMICO,APRENDIZAJE_PRUEBA,2416,1,2.0,ANDINA,4.0,BOGOTÁ,152.0,BOGOTÁ D.C.,9063.0,UNIVERSIDAD ANTONIO NARIÑO,9063.0,UNIVERSIDAD ANTONIO NARIÑO-BOGOTÁ D.C.,14.0,MEDICINA,,,162.0,MEDICINA,ATENCIÓN EN SALUD,34.0,,,,,,,,,,"Integra el proceso de sistematización de la información, relacionada con la salud del individuo, la familia y la comunidad en la priorización de acciones. ",46.0,2025
SABER PRO - 2025,PROGRAMA_ACÁDEMICO,APRENDIZAJE_PRUEBA,864,1,2.0,ANDINA,4.0,BOGOTÁ,152.0,BOGOTÁ D.C.,9063.0,UNIVERSIDAD ANTONIO NARIÑO,9063.0,UNIVERSIDAD ANTONIO NARIÑO-BOGOTÁ D.C.,8.0,CIENCIAS AGROPECUARIAS ,,,894.0,MEDICINA VETERINARIA,PRODUCCIÓN PECUARIA,34.0,,,,,,,,,,Comprender los principios genéticos y reproductivos para el  mejoramiento animal y la estructuración de los ciclos productivos.  ,60.0,2025
SABER PRO - 2025,PROGRAMA_ACÁDEMICO,APRENDIZAJE_PRUEBA,272,1,2.0,ANDINA,4.0,BOGOTÁ,152.0,BOGOTÁ D.C.,9063.0,UNIVERSIDAD ANTONIO NARIÑO,9063.0,UNIVERSIDAD ANTONIO NARIÑO-BOGOTÁ D.C.,8.0,CIENCIAS AGROPECUARIAS ,,,5118.0,MEDICINA VETERINARIA,LECTURA CRÍTICA,1.0,,,,,,,,,,Identifica y entiende los contenidos locales que conforman un texto. ,35.0,2025
SABER PRO - 2025,PROGRAMA_ACÁDEMICO,APRENDIZAJE_PRUEBA,204,1,2.0,ANDINA,4.0,BOGOTÁ,152.0,BOGOTÁ D.C.,9063.0,UNIVERSIDAD ANTONIO NARIÑO,9063.0,UNIVERSIDAD ANTONIO NARIÑO-BOGOTÁ D.C.,8.0,CIENCIAS AGROPECUARIAS ,,,5118.0,MEDICINA VETERINARIA,COMPETENCIAS CIUDADANAS,1.0,,,,,,,,,,Analiza y evalúa la pertinencia y solidez de enunciados-discursos.,58.0,2025
SABER PRO - 2025,PROGRAMA_ACÁDEMICO,APRENDIZAJE_PRUEBA,154,1,2.0,ANDINA,4.0,BOGOTÁ,152.0,BOGOTÁ D.C.,9063.0,UNIVERSIDAD ANTONIO NARIÑO,9063.0,UNIVERSIDAD ANTONIO NARIÑO-BOGOTÁ D.C.,8.0,CIENCIAS AGROPECUARIAS ,,,5118.0,MEDICINA VETERINARIA,COMPETENCIAS CIUDADANAS,1.0,,,,,,,,,,Analiza las diferentes perspectivas presentes en situaciones en donde interactúan diferentes partes.,55.0,2025
SABER PRO - 2025,PROGRAMA_ACÁDEMICO,APRENDIZAJE_PRUEBA,1021,1,2.0,ANDINA,4.0,BOGOTÁ,152.0,BOGOTÁ D.C.,9063.0,UNIVERSIDAD ANTONIO NARIÑO,9063.0,UNIVERSIDAD ANTONIO NARIÑO-BOGOTÁ D.C.,8.0,CIENCIAS AGROPECUARIAS ,,,894.0,MEDICINA VETERINARIA,RAZONAMIENTO CUANTITATIVO,1.0,,,,,,,,,,Comprende y transforma la información cuantitativa y esquemática presentada en distintos formatos ,35.0,2025
SABER PRO - 2025,PROGRAMA_ACÁDEMICO,APRENDIZAJE_PRUEBA,491,1,2.0,ANDINA,4.0,BOGOTÁ,152.0,BOGOTÁ D.C.,9063.0,UNIVERSIDAD ANTONIO NARIÑO,9063.0,UNIVERSIDAD ANTONIO NARIÑO-BOGOTÁ D.C.,8.0,CIENCIAS AGROPECUARIAS ,,,894.0,MEDICINA VETERINARIA,COMPETENCIAS CIUDADANAS,1.0,,,,,,,,,,Reconoce la existencia de diferentes perspectivas en situaciones en donde interactúan diferentes partes.,52.0,2025
SABER PRO - 2025,PROGRAMA_ACÁDEMICO,APRENDIZAJE_PRUEBA,1080,1,2.0,ANDINA,4.0,BOGOTÁ,152.0,BOGOTÁ D.C.,9063.0,UNIVERSIDAD ANTONIO NARIÑO,9063.0,UNIVERSIDAD ANTONIO NARIÑO-BOGOTÁ D.C.,8.0,CIENCIAS AGROPECUARIAS ,,,894.0,MEDICINA VETERINARIA,RAZONAMIENTO CUANTITATIVO,1.0,,,,,,,,,,Valida procedimientos y  estrategias matemáticas utilizadas para dar solución a problemas.,45.0,2025
SABER PRO - 2025,PROGRAMA_ACÁDEMICO,APRENDIZAJE_PRUEBA,2416,1,2.0,ANDINA,4.0,BOGOTÁ,152.0,BOGOTÁ D.C.,9063.0,UNIVERSIDAD ANTONIO NARIÑO,9063.0,UNIVERSIDAD ANTONIO NARIÑO-BOGOTÁ D.C.,14.0,MEDICINA,,,162.0,MEDICINA,ATENCIÓN EN SALUD,34.0,,,,,,,,,,"Reconoce la política y la normatividad nacional y los acuerdos internacionales suscritos por el Estado colombiano, relacionados con salud pública y los aplica en situaciones concretas que afectan la salud del individuo, la familia y la comunidad.",41.0,2025
SABER PRO - 2025,PROGRAMA_ACÁDEMICO,APRENDIZAJE_PRUEBA,864,1,2.0,ANDINA,4.0,BOGOTÁ,152.0,BOGOTÁ D.C.,9063.0,UNIVERSIDAD ANTONIO NARIÑO,9063.0,UNIVERSIDAD ANTONIO NARIÑO-BOGOTÁ D.C.,8.0,CIENCIAS AGROPECUARIAS ,,,894.0,MEDICINA VETERINARIA,PRODUCCIÓN PECUARIA,34.0,,,,,,,,,,"Diseñar, implementar y/o validar los sistemas de producción pecuaria para lograr productos de calidad, inocuos y trazables, provenientes de animales en condiciones de bienestar. ",57.0,2025
SABER PRO - 2025,PROGRAMA_ACÁDEMICO,APRENDIZAJE_PRUEBA,648,1,2.0,ANDINA,4.0,BOGOTÁ,152.0,BOGOTÁ D.C.,9063.0,UNIVERSIDAD ANTONIO NARIÑO,9063.0,UNIVERSIDAD ANTONIO NARIÑO-BOGOTÁ D.C.,8.0,CIENCIAS AGROPECUARIAS ,,,894.0,MEDICINA VETERINARIA,COMPETENCIAS CIUDADANAS,1.0,,,,,,,,,,Comprende que los problemas y sus soluciones involucran distintas dimensiones y reconoce relaciones entre estas. ,40.0,2025
SABER PRO - 2025,PROGRAMA_ACÁDEMICO,APRENDIZAJE_PRUEBA,1284,1,2.0,ANDINA,4.0,BOGOTÁ,152.0,BOGOTÁ D.C.,9063.0,UNIVERSIDAD ANTONIO NARIÑO,9063.0,UNIVERSIDAD ANTONIO NARIÑO-BOGOTÁ D.C.,14.0,MEDICINA,,,162.0,MEDICINA,COMPETENCIAS CIUDADANAS,1.0,,,,,,,,,,Reconoce la existencia de diferentes perspectivas en situaciones en donde interactúan diferentes partes.,40.0,2025
SABER PRO - 2025,PROGRAMA_ACÁDEMICO,APRENDIZAJE_PRUEBA,2190,1,2.0,ANDINA,4.0,BOGOTÁ,152.0,BOGOTÁ D.C.,9063.0,UNIVERSIDAD ANTONIO NARIÑO,9063.0,UNIVERSIDAD ANTONIO NARIÑO-BOGOTÁ D.C.,14.0,MEDICINA,,,162.0,MEDICINA,LECTURA CRÍTICA,1.0,,,,,,,,,,Identifica y entiende los contenidos locales que conforman un texto. ,23.0,2025
SABER PRO - 2025,PROGRAMA_ACÁDEMICO,APRENDIZAJE_PRUEBA,176,1,2.0,ANDINA,4.0,BOGOTÁ,152.0,BOGOTÁ D.C.,9065.0,UNIVERSIDAD COOPERATIVA DE COLOMBIA,9065.0,UNIVERSIDAD COOPERATIVA DE COLOMBIA-BOGOTÁ D.C.,8.0,CIENCIAS AGROPECUARIAS ,,,4460.0,MEDICINA VETERINARIA Y ZOOTECNIA,PRODUCCIÓN PECUARIA,34.0,,,,,,,,,,"Entender los sistemas de producción pecuaria locales en los contextos socio-económicos globales, y regionales para su proyección en un ambiente de gestión tecnológica como base para el desarrollo de la sociedad",56.0,2025
SABER PRO - 2025,PROGRAMA_ACÁDEMICO,APRENDIZAJE_PRUEBA,132,1,2.0,ANDINA,4.0,BOGOTÁ,152.0,BOGOTÁ D.C.,9065.0,UNIVERSIDAD COOPERATIVA DE COLOMBIA,9065.0,UNIVERSIDAD COOPERATIVA DE COLOMBIA-BOGOTÁ D.C.,8.0,CIENCIAS AGROPECUARIAS ,,,4460.0,MEDICINA VETERINARIA Y ZOOTECNIA,PRODUCCIÓN PECUARIA,34.0,,,,,,,,,,"Comprender  los aspectos  y condiciones administrativas y socio económicas de los sistemas de producción animal, para el análisis, diseño,  formulación y aplicación de propuestas de gestión de la tecnología, mediante el análisis de los factores internos y externos de la empresa pecuaria para generar viabilidad técnica, administrativa y financiera. ",54.0,2025
SABER PRO - 2025,PROGRAMA_ACÁDEMICO,APRENDIZAJE_PRUEBA,192,1,2.0,ANDINA,4.0,BOGOTÁ,152.0,BOGOTÁ D.C.,9065.0,UNIVERSIDAD COOPERATIVA DE COLOMBIA,9065.0,UNIVERSIDAD COOPERATIVA DE COLOMBIA-BOGOTÁ D.C.,8.0,CIENCIAS AGROPECUARIAS ,,,4015.0,MEDICINA VETERINARIA Y ZOOTECNIA,COMPETENCIAS CIUDADANAS,1.0,,,,,,,,,,Comprende qué es la Constitución Política de Colombia y sus principios fundamentales.,62.0,2025
SABER PRO - 2025,PROGRAMA_ACÁDEMICO,APRENDIZAJE_PRUEBA,225,1,2.0,ANDINA,4.0,BOGOTÁ,152.0,BOGOTÁ D.C.,9065.0,UNIVERSIDAD COOPERATIVA DE COLOMBIA,9065.0,UNIVERSIDAD COOPERATIVA DE COLOMBIA-BOGOTÁ D.C.,8.0,CIENCIAS AGROPECUARIAS ,,,4460.0,MEDICINA VETERINARIA Y ZOOTECNIA,COMPETENCIAS CIUDADANAS,1.0,,,,,,,,,,Comprende qué es la Constitución Política de Colombia y sus principios fundamentales.,63.0,2025
SABER PRO - 2025,PROGRAMA_ACÁDEMICO,APRENDIZAJE_PRUEBA,900,1,2.0,ANDINA,4.0,BOGOTÁ,152.0,BOGOTÁ D.C.,9065.0,UNIVERSIDAD COOPERATIVA DE COLOMBIA,9065.0,UNIVERSIDAD COOPERATIVA DE COLOMBIA-BOGOTÁ D.C.,8.0,CIENCIAS AGROPECUARIAS ,,,4460.0,MEDICINA VETERINARIA Y ZOOTECNIA,LECTURA CRÍTICA,1.0,,,,,,,,,,Comprende cómo se articulan las partes de un texto para darle un sentido global.,59.0,2025
SABER PRO - 2025,PROGRAMA_ACÁDEMICO,APRENDIZAJE_PRUEBA,114,1,2.0,ANDINA,4.0,BOGOTÁ,152.0,BOGOTÁ D.C.,9065.0,UNIVERSIDAD COOPERATIVA DE COLOMBIA,9065.0,UNIVERSIDAD COOPERATIVA DE COLOMBIA-BOGOTÁ D.C.,8.0,CIENCIAS AGROPECUARIAS ,,,774.0,MEDICINA VETERINARIA Y ZOOTECNIA,RAZONAMIENTO CUANTITATIVO,1.0,,,,,,,,,,Valida procedimientos y  estrategias matemáticas utilizadas para dar solución a problemas.,62.0,2025
SABER PRO - 2025,PROGRAMA_ACÁDEMICO,APRENDIZAJE_PRUEBA,384,1,2.0,ANDINA,4.0,BOGOTÁ,152.0,BOGOTÁ D.C.,9065.0,UNIVERSIDAD COOPERATIVA DE COLOMBIA,9065.0,UNIVERSIDAD COOPERATIVA DE COLOMBIA-BOGOTÁ D.C.,8.0,CIENCIAS AGROPECUARIAS ,,,4015.0,MEDICINA VETERINARIA Y ZOOTECNIA,COMPETENCIAS CIUDADANAS,1.0,,,,,,,,,,Analiza y evalúa la pertinencia y solidez de enunciados-discursos.,63.0,2025
SABER PRO - 2025,PROGRAMA_ACÁDEMICO,APRENDIZAJE_PRUEBA,192,1,2.0,ANDINA,4.0,BOGOTÁ,152.0,BOGOTÁ D.C.,9065.0,UNIVERSIDAD COOPERATIVA DE COLOMBIA,9065.0,UNIVERSIDAD COOPERATIVA DE COLOMBIA-BOGOTÁ D.C.,8.0,CIENCIAS AGROPECUARIAS ,,,4015.0,MEDICINA VETERINARIA Y ZOOTECNIA,COMPETENCIAS CIUDADANAS,1.0,,,,,,,,,,Conoce la organización del Estado de acuerdo con la Constitución.,50.0,2025
SABER PRO - 2025,PROGRAMA_ACÁDEMICO,APRENDIZAJE_PRUEBA,768,1,2.0,ANDINA,4.0,BOGOTÁ,152.0,BOGOTÁ D.C.,9065.0,UNIVERSIDAD COOPERATIVA DE COLOMBIA,9065.0,UNIVERSIDAD COOPERATIVA DE COLOMBIA-BOGOTÁ D.C.,8.0,CIENCIAS AGROPECUARIAS ,,,4015.0,MEDICINA VETERINARIA Y ZOOTECNIA,LECTURA CRÍTICA,1.0,,,,,,,,,,Comprende cómo se articulan las partes de un texto para darle un sentido global.,55.0,2025
SABER PRO - 2025,PROGRAMA_ACÁDEMICO,APRENDIZAJE_PRUEBA,762,1,2.0,ANDINA,4.0,BOGOTÁ,152.0,BOGOTÁ D.C.,9065.0,UNIVERSIDAD COOPERATIVA DE COLOMBIA,9065.0,UNIVERSIDAD COOPERATIVA DE COLOMBIA-BOGOTÁ D.C.,8.0,CIENCIAS AGROPECUARIAS ,,,4460.0,MEDICINA VETERINARIA Y ZOOTECNIA,LECTURA CRÍTICA,1.0,,,,,,,,,,Reflexiona a partir de un texto y evalúa su contenido.,54.0,2025
SABER PRO - 2025,PROGRAMA_ACÁDEMICO,APRENDIZAJE_PRUEBA,50,1,2.0,ANDINA,4.0,BOGOTÁ,152.0,BOGOTÁ D.C.,9065.0,UNIVERSIDAD COOPERATIVA DE COLOMBIA,9065.0,UNIVERSIDAD COOPERATIVA DE COLOMBIA-BOGOTÁ D.C.,8.0,CIENCIAS AGROPECUARIAS ,,,774.0,MEDICINA VETERINARIA Y ZOOTECNIA,COMPETENCIAS CIUDADANAS,1.0,,,,,,,,,,Analiza las diferentes perspectivas presentes en situaciones en donde interactúan diferentes partes.,72.0,2025
SABER PRO - 2025,PROGRAMA_ACÁDEMICO,APRENDIZAJE_PRUEBA,721,1,2.0,ANDINA,4.0,BOGOTÁ,152.0,BOGOTÁ D.C.,9065.0,UNIVERSIDAD COOPERATIVA DE COLOMBIA,9065.0,UNIVERSIDAD COOPERATIVA DE COLOMBIA-BOGOTÁ D.C.,8.0,CIENCIAS AGROPECUARIAS ,,,4460.0,MEDICINA VETERINARIA Y ZOOTECNIA,RAZONAMIENTO CUANTITATIVO,1.0,,,,,,,,,,Comprende y transforma la información cuantitativa y esquemática presentada en distintos formatos ,43.0,2025
SABER PRO - 2025,PROGRAMA_ACÁDEMICO,APRENDIZAJE_PRUEBA,450,1,2.0,ANDINA,4.0,BOGOTÁ,152.0,BOGOTÁ D.C.,9065.0,UNIVERSIDAD COOPERATIVA DE COLOMBIA,9065.0,UNIVERSIDAD COOPERATIVA DE COLOMBIA-BOGOTÁ D.C.,8.0,CIENCIAS AGROPECUARIAS ,,,4460.0,MEDICINA VETERINARIA Y ZOOTECNIA,COMPETENCIAS CIUDADANAS,1.0,,,,,,,,,,Comprende que los problemas y sus soluciones involucran distintas dimensiones y reconoce relaciones entre estas. ,57.0,2025
SABER PRO - 2025,PROGRAMA_ACÁDEMICO,APRENDIZAJE_PRUEBA,290,1,2.0,ANDINA,4.0,BOGOTÁ,152.0,BOGOTÁ D.C.,9065.0,UNIVERSIDAD COOPERATIVA DE COLOMBIA,9065.0,UNIVERSIDAD COOPERATIVA DE COLOMBIA-BOGOTÁ D.C.,8.0,CIENCIAS AGROPECUARIAS ,,,4015.0,MEDICINA VETERINARIA Y ZOOTECNIA,COMPETENCIAS CIUDADANAS,1.0,,,,,,,,,,Analiza las diferentes perspectivas presentes en situaciones en donde interactúan diferentes partes.,59.0,2025
SABER PRO - 2025,PROGRAMA_ACÁDEMICO,APRENDIZAJE_PRUEBA,168,1,2.0,ANDINA,4.0,BOGOTÁ,152.0,BOGOTÁ D.C.,9065.0,UNIVERSIDAD COOPERATIVA DE COLOMBIA,9065.0,UNIVERSIDAD COOPERATIVA DE COLOMBIA-BOGOTÁ D.C.,8.0,CIENCIAS AGROPECUARIAS ,,,4015.0,MEDICINA VETERINARIA Y ZOOTECNIA,COMPETENCIAS CIUDADANAS,1.0,,,,,,,,,,Conoce los derechos y deberes que la Constitución consagra.,54.0,2025
SABER PRO - 2025,PROGRAMA_ACÁDEMICO,APRENDIZAJE_PRUEBA,614,1,2.0,ANDINA,4.0,BOGOTÁ,152.0,BOGOTÁ D.C.,9065.0,UNIVERSIDAD COOPERATIVA DE COLOMBIA,9065.0,UNIVERSIDAD COOPERATIVA DE COLOMBIA-BOGOTÁ D.C.,8.0,CIENCIAS AGROPECUARIAS ,,,4015.0,MEDICINA VETERINARIA Y ZOOTECNIA,RAZONAMIENTO CUANTITATIVO,1.0,,,,,,,,,,Comprende y transforma la información cuantitativa y esquemática presentada en distintos formatos ,40.0,2025
SABER PRO - 2025,PROGRAMA_ACÁDEMICO,APRENDIZAJE_PRUEBA,657,1,2.0,ANDINA,4.0,BOGOTÁ,152.0,BOGOTÁ D.C.,9065.0,UNIVERSIDAD COOPERATIVA DE COLOMBIA,9065.0,UNIVERSIDAD COOPERATIVA DE COLOMBIA-BOGOTÁ D.C.,8.0,CIENCIAS AGROPECUARIAS ,,,4015.0,MEDICINA VETERINARIA Y ZOOTECNIA,RAZONAMIENTO CUANTITATIVO,1.0,,,,,,,,,,"Frente a un problema que involucre información cuantitativa, plantea e implementa estrategias que lleven a soluciones adecuadas.",61.0,2025
SABER PRO - 2025,PROGRAMA_ACÁDEMICO,APRENDIZAJE_PRUEBA,767,1,2.0,ANDINA,4.0,BOGOTÁ,152.0,BOGOTÁ D.C.,9065.0,UNIVERSIDAD COOPERATIVA DE COLOMBIA,9065.0,UNIVERSIDAD COOPERATIVA DE COLOMBIA-BOGOTÁ D.C.,8.0,CIENCIAS AGROPECUARIAS ,,,4460.0,MEDICINA VETERINARIA Y ZOOTECNIA,RAZONAMIENTO CUANTITATIVO,1.0,,,,,,,,,,"Frente a un problema que involucre información cuantitativa, plantea e implementa estrategias que lleven a soluciones adecuadas.",60.0,2025
SABER PRO - 2025,PROGRAMA_ACÁDEMICO,APRENDIZAJE_PRUEBA,450,1,2.0,ANDINA,4.0,BOGOTÁ,152.0,BOGOTÁ D.C.,9065.0,UNIVERSIDAD COOPERATIVA DE COLOMBIA,9065.0,UNIVERSIDAD COOPERATIVA DE COLOMBIA-BOGOTÁ D.C.,8.0,CIENCIAS AGROPECUARIAS ,,,4460.0,MEDICINA VETERINARIA Y ZOOTECNIA,COMPETENCIAS CIUDADANAS,1.0,,,,,,,,,,Analiza y evalúa la pertinencia y solidez de enunciados-discursos.,60.0,2025
SABER PRO - 2025,PROGRAMA_ACÁDEMICO,APRENDIZAJE_PRUEBA,384,1,2.0,ANDINA,4.0,BOGOTÁ,152.0,BOGOTÁ D.C.,9065.0,UNIVERSIDAD COOPERATIVA DE COLOMBIA,9065.0,UNIVERSIDAD COOPERATIVA DE COLOMBIA-BOGOTÁ D.C.,8.0,CIENCIAS AGROPECUARIAS ,,,4015.0,MEDICINA VETERINARIA Y ZOOTECNIA,COMPETENCIAS CIUDADANAS,1.0,,,,,,,,,,Comprende que los problemas y sus soluciones involucran distintas dimensiones y reconoce relaciones entre estas. ,49.0,2025
SABER PRO - 2025,PROGRAMA_ACÁDEMICO,APRENDIZAJE_PRUEBA,107,1,2.0,ANDINA,4.0,BOGOTÁ,152.0,BOGOTÁ D.C.,9065.0,UNIVERSIDAD COOPERATIVA DE COLOMBIA,9065.0,UNIVERSIDAD COOPERATIVA DE COLOMBIA-BOGOTÁ D.C.,8.0,CIENCIAS AGROPECUARIAS ,,,774.0,MEDICINA VETERINARIA Y ZOOTECNIA,RAZONAMIENTO CUANTITATIVO,1.0,,,,,,,,,,"Frente a un problema que involucre información cuantitativa, plantea e implementa estrategias que lleven a soluciones adecuadas.",68.0,2025
SABER PRO - 2025,PROGRAMA_ACÁDEMICO,APRENDIZAJE_PRUEBA,132,1,2.0,ANDINA,4.0,BOGOTÁ,152.0,BOGOTÁ D.C.,9065.0,UNIVERSIDAD COOPERATIVA DE COLOMBIA,9065.0,UNIVERSIDAD COOPERATIVA DE COLOMBIA-BOGOTÁ D.C.,8.0,CIENCIAS AGROPECUARIAS ,,,774.0,MEDICINA VETERINARIA Y ZOOTECNIA,LECTURA CRÍTICA,1.0,,,,,,,,,,Comprende cómo se articulan las partes de un texto para darle un sentido global.,55.0,2025
SABER PRO - 2025,PROGRAMA_ACÁDEMICO,APRENDIZAJE_PRUEBA,196,1,2.0,ANDINA,4.0,BOGOTÁ,152.0,BOGOTÁ D.C.,9065.0,UNIVERSIDAD COOPERATIVA DE COLOMBIA,9065.0,UNIVERSIDAD COOPERATIVA DE COLOMBIA-BOGOTÁ D.C.,8.0,CIENCIAS AGROPECUARIAS ,,,4015.0,MEDICINA VETERINARIA Y ZOOTECNIA,PRODUCCIÓN PECUARIA,34.0,,,,,,,,,,"Entender los sistemas de producción pecuaria locales en los contextos socio-económicos globales, y regionales para su proyección en un ambiente de gestión tecnológica como base para el desarrollo de la sociedad",44.0,2025
SABER PRO - 2025,PROGRAMA_ACÁDEMICO,APRENDIZAJE_PRUEBA,66,1,2.0,ANDINA,4.0,BOGOTÁ,152.0,BOGOTÁ D.C.,9065.0,UNIVERSIDAD COOPERATIVA DE COLOMBIA,9065.0,UNIVERSIDAD COOPERATIVA DE COLOMBIA-BOGOTÁ D.C.,8.0,CIENCIAS AGROPECUARIAS ,,,774.0,MEDICINA VETERINARIA Y ZOOTECNIA,COMPETENCIAS CIUDADANAS,1.0,,,,,,,,,,Comprende que los problemas y sus soluciones involucran distintas dimensiones y reconoce relaciones entre estas. ,62.0,2025
SABER PRO - 2025,PROGRAMA_ACÁDEMICO,APRENDIZAJE_PRUEBA,114,1,2.0,ANDINA,4.0,BOGOTÁ,152.0,BOGOTÁ D.C.,9065.0,UNIVERSIDAD COOPERATIVA DE COLOMBIA,9065.0,UNIVERSIDAD COOPERATIVA DE COLOMBIA-BOGOTÁ D.C.,8.0,CIENCIAS AGROPECUARIAS ,,,774.0,MEDICINA VETERINARIA Y ZOOTECNIA,LECTURA CRÍTICA,1.0,,,,,,,,,,Reflexiona a partir de un texto y evalúa su contenido.,62.0,2025
SABER PRO - 2025,PROGRAMA_ACÁDEMICO,APRENDIZAJE_PRUEBA,286,1,2.0,ANDINA,4.0,BOGOTÁ,152.0,BOGOTÁ D.C.,9065.0,UNIVERSIDAD COOPERATIVA DE COLOMBIA,9065.0,UNIVERSIDAD COOPERATIVA DE COLOMBIA-BOGOTÁ D.C.,8.0,CIENCIAS AGROPECUARIAS ,,,4015.0,MEDICINA VETERINARIA Y ZOOTECNIA,COMPETENCIAS CIUDADANAS,1.0,,,,,,,,,,Reconoce la existencia de diferentes perspectivas en situaciones en donde interactúan diferentes partes.,57.0,2025
SABER PRO - 2025,PROGRAMA_ACÁDEMICO,APRENDIZAJE_PRUEBA,147,1,2.0,ANDINA,4.0,BOGOTÁ,152.0,BOGOTÁ D.C.,9065.0,UNIVERSIDAD COOPERATIVA DE COLOMBIA,9065.0,UNIVERSIDAD COOPERATIVA DE COLOMBIA-BOGOTÁ D.C.,8.0,CIENCIAS AGROPECUARIAS ,,,4015.0,MEDICINA VETERINARIA Y ZOOTECNIA,PRODUCCIÓN PECUARIA,34.0,,,,,,,,,,"Comprender  los aspectos  y condiciones administrativas y socio económicas de los sistemas de producción animal, para el análisis, diseño,  formulación y aplicación de propuestas de gestión de la tecnología, mediante el análisis de los factores internos y externos de la empresa pecuaria para generar viabilidad técnica, administrativa y financiera. ",59.0,2025
SABER PRO - 2025,PROGRAMA_ACÁDEMICO,APRENDIZAJE_PRUEBA,762,1,2.0,ANDINA,4.0,BOGOTÁ,152.0,BOGOTÁ D.C.,9065.0,UNIVERSIDAD COOPERATIVA DE COLOMBIA,9065.0,UNIVERSIDAD COOPERATIVA DE COLOMBIA-BOGOTÁ D.C.,8.0,CIENCIAS AGROPECUARIAS ,,,4460.0,MEDICINA VETERINARIA Y ZOOTECNIA,RAZONAMIENTO CUANTITATIVO,1.0,,,,,,,,,,Valida procedimientos y  estrategias matemáticas utilizadas para dar solución a problemas.,58.0,2025
SABER PRO - 2025,PROGRAMA_ACÁDEMICO,APRENDIZAJE_PRUEBA,337,1,2.0,ANDINA,4.0,BOGOTÁ,152.0,BOGOTÁ D.C.,9065.0,UNIVERSIDAD COOPERATIVA DE COLOMBIA,9065.0,UNIVERSIDAD COOPERATIVA DE COLOMBIA-BOGOTÁ D.C.,8.0,CIENCIAS AGROPECUARIAS ,,,4460.0,MEDICINA VETERINARIA Y ZOOTECNIA,COMPETENCIAS CIUDADANAS,1.0,,,,,,,,,,Analiza las diferentes perspectivas presentes en situaciones en donde interactúan diferentes partes.,65.0,2025
SABER PRO - 2025,PROGRAMA_ACÁDEMICO,APRENDIZAJE_PRUEBA,352,1,2.0,ANDINA,4.0,BOGOTÁ,152.0,BOGOTÁ D.C.,9065.0,UNIVERSIDAD COOPERATIVA DE COLOMBIA,9065.0,UNIVERSIDAD COOPERATIVA DE COLOMBIA-BOGOTÁ D.C.,8.0,CIENCIAS AGROPECUARIAS ,,,4460.0,MEDICINA VETERINARIA Y ZOOTECNIA,PRODUCCIÓN PECUARIA,34.0,,,,,,,,,,"Diseñar, implementar y/o validar los sistemas de producción pecuaria para lograr productos de calidad, inocuos y trazables, provenientes de animales en condiciones de bienestar. ",66.0,2025
SABER PRO - 2025,PROGRAMA_ACÁDEMICO,APRENDIZAJE_PRUEBA,32,1,2.0,ANDINA,4.0,BOGOTÁ,152.0,BOGOTÁ D.C.,9065.0,UNIVERSIDAD COOPERATIVA DE COLOMBIA,9065.0,UNIVERSIDAD COOPERATIVA DE COLOMBIA-BOGOTÁ D.C.,8.0,CIENCIAS AGROPECUARIAS ,,,774.0,MEDICINA VETERINARIA Y ZOOTECNIA,COMPETENCIAS CIUDADANAS,1.0,,,,,,,,,,Conoce los derechos y deberes que la Constitución consagra.,56.0,2025
SABER PRO - 2025,PROGRAMA_ACÁDEMICO,APRENDIZAJE_PRUEBA,338,1,2.0,ANDINA,4.0,BOGOTÁ,152.0,BOGOTÁ D.C.,9065.0,UNIVERSIDAD COOPERATIVA DE COLOMBIA,9065.0,UNIVERSIDAD COOPERATIVA DE COLOMBIA-BOGOTÁ D.C.,8.0,CIENCIAS AGROPECUARIAS ,,,4460.0,MEDICINA VETERINARIA Y ZOOTECNIA,COMPETENCIAS CIUDADANAS,1.0,,,,,,,,,,Reconoce la existencia de diferentes perspectivas en situaciones en donde interactúan diferentes partes.,55.0,2025
SABER PRO - 2025,PROGRAMA_ACÁDEMICO,APRENDIZAJE_PRUEBA,506,1,2.0,ANDINA,4.0,BOGOTÁ,152.0,BOGOTÁ D.C.,9065.0,UNIVERSIDAD COOPERATIVA DE COLOMBIA,9065.0,UNIVERSIDAD COOPERATIVA DE COLOMBIA-BOGOTÁ D.C.,8.0,CIENCIAS AGROPECUARIAS ,,,4015.0,MEDICINA VETERINARIA Y ZOOTECNIA,LECTURA CRÍTICA,1.0,,,,,,,,,,Identifica y entiende los contenidos locales que conforman un texto. ,31.0,2025
SABER PRO - 2025,PROGRAMA_ACÁDEMICO,APRENDIZAJE_PRUEBA,392,1,2.0,ANDINA,4.0,BOGOTÁ,152.0,BOGOTÁ D.C.,9065.0,UNIVERSIDAD COOPERATIVA DE COLOMBIA,9065.0,UNIVERSIDAD COOPERATIVA DE COLOMBIA-BOGOTÁ D.C.,8.0,CIENCIAS AGROPECUARIAS ,,,4015.0,MEDICINA VETERINARIA Y ZOOTECNIA,PRODUCCIÓN PECUARIA,34.0,,,,,,,,,,"Comprender los efectos de los factores ecofisiológicos sobre los diferentes elementos constitutivos de los sistemas integrados de producción animal, en forma aislada, conjunta y en interacción.",54.0,2025
SABER PRO - 2025,PROGRAMA_ACÁDEMICO,APRENDIZAJE_PRUEBA,109,1,2.0,ANDINA,4.0,BOGOTÁ,152.0,BOGOTÁ D.C.,9065.0,UNIVERSIDAD COOPERATIVA DE COLOMBIA,9065.0,UNIVERSIDAD COOPERATIVA DE COLOMBIA-BOGOTÁ D.C.,8.0,CIENCIAS AGROPECUARIAS ,,,774.0,MEDICINA VETERINARIA Y ZOOTECNIA,RAZONAMIENTO CUANTITATIVO,1.0,,,,,,,,,,Comprende y transforma la información cuantitativa y esquemática presentada en distintos formatos ,46.0,2025
SABER PRO - 2025,PROGRAMA_ACÁDEMICO,APRENDIZAJE_PRUEBA,66,1,2.0,ANDINA,4.0,BOGOTÁ,152.0,BOGOTÁ D.C.,9065.0,UNIVERSIDAD COOPERATIVA DE COLOMBIA,9065.0,UNIVERSIDAD COOPERATIVA DE COLOMBIA-BOGOTÁ D.C.,8.0,CIENCIAS AGROPECUARIAS ,,,774.0,MEDICINA VETERINARIA Y ZOOTECNIA,COMPETENCIAS CIUDADANAS,1.0,,,,,,,,,,Analiza y evalúa la pertinencia y solidez de enunciados-discursos.,58.0,2025
SABER PRO - 2025,PROGRAMA_ACÁDEMICO,APRENDIZAJE_PRUEBA,84,1,2.0,ANDINA,4.0,BOGOTÁ,152.0,BOGOTÁ D.C.,9065.0,UNIVERSIDAD COOPERATIVA DE COLOMBIA,9065.0,UNIVERSIDAD COOPERATIVA DE COLOMBIA-BOGOTÁ D.C.,8.0,CIENCIAS AGROPECUARIAS ,,,774.0,MEDICINA VETERINARIA Y ZOOTECNIA,LECTURA CRÍTICA,1.0,,,,,,,,,,Identifica y entiende los contenidos locales que conforman un texto. ,52.0,2025
SABER PRO - 2025,PROGRAMA_ACÁDEMICO,APRENDIZAJE_PRUEBA,588,1,2.0,ANDINA,4.0,BOGOTÁ,152.0,BOGOTÁ D.C.,9065.0,UNIVERSIDAD COOPERATIVA DE COLOMBIA,9065.0,UNIVERSIDAD COOPERATIVA DE COLOMBIA-BOGOTÁ D.C.,8.0,CIENCIAS AGROPECUARIAS ,,,4460.0,MEDICINA VETERINARIA Y ZOOTECNIA,LECTURA CRÍTICA,1.0,,,,,,,,,,Identifica y entiende los contenidos locales que conforman un texto. ,37.0,2025
SABER PRO - 2025,PROGRAMA_ACÁDEMICO,APRENDIZAJE_PRUEBA,220,1,2.0,ANDINA,4.0,BOGOTÁ,152.0,BOGOTÁ D.C.,9065.0,UNIVERSIDAD COOPERATIVA DE COLOMBIA,9065.0,UNIVERSIDAD COOPERATIVA DE COLOMBIA-BOGOTÁ D.C.,8.0,CIENCIAS AGROPECUARIAS ,,,4460.0,MEDICINA VETERINARIA Y ZOOTECNIA,PRODUCCIÓN PECUARIA,34.0,,,,,,,,,,Conocer los principios de la nutrición y la alimentación para las diferentes especies de interés zootécnico y comprender y desarrollar sistemas de alimentación en contexto con la particularidad de los nichos productivos.,61.0,2025
SABER PRO - 2025,PROGRAMA_ACÁDEMICO,APRENDIZAJE_PRUEBA,49,1,2.0,ANDINA,4.0,BOGOTÁ,152.0,BOGOTÁ D.C.,9065.0,UNIVERSIDAD COOPERATIVA DE COLOMBIA,9065.0,UNIVERSIDAD COOPERATIVA DE COLOMBIA-BOGOTÁ D.C.,8.0,CIENCIAS AGROPECUARIAS ,,,774.0,MEDICINA VETERINARIA Y ZOOTECNIA,COMPETENCIAS CIUDADANAS,1.0,,,,,,,,,,Reconoce la existencia de diferentes perspectivas en situaciones en donde interactúan diferentes partes.,67.0,2025
SABER PRO - 2025,PROGRAMA_ACÁDEMICO,APRENDIZAJE_PRUEBA,352,1,2.0,ANDINA,4.0,BOGOTÁ,152.0,BOGOTÁ D.C.,9065.0,UNIVERSIDAD COOPERATIVA DE COLOMBIA,9065.0,UNIVERSIDAD COOPERATIVA DE COLOMBIA-BOGOTÁ D.C.,8.0,CIENCIAS AGROPECUARIAS ,,,4460.0,MEDICINA VETERINARIA Y ZOOTECNIA,PRODUCCIÓN PECUARIA,34.0,,,,,,,,,,"Comprender los efectos de los factores ecofisiológicos sobre los diferentes elementos constitutivos de los sistemas integrados de producción animal, en forma aislada, conjunta y en interacción.",57.0,2025
SABER PRO - 2025,PROGRAMA_ACÁDEMICO,APRENDIZAJE_PRUEBA,33,1,2.0,ANDINA,4.0,BOGOTÁ,152.0,BOGOTÁ D.C.,9065.0,UNIVERSIDAD COOPERATIVA DE COLOMBIA,9065.0,UNIVERSIDAD COOPERATIVA DE COLOMBIA-BOGOTÁ D.C.,8.0,CIENCIAS AGROPECUARIAS ,,,774.0,MEDICINA VETERINARIA Y ZOOTECNIA,COMPETENCIAS CIUDADANAS,1.0,,,,,,,,,,Comprende qué es la Constitución Política de Colombia y sus principios fundamentales.,64.0,2025
SABER PRO - 2025,PROGRAMA_ACÁDEMICO,APRENDIZAJE_PRUEBA,392,1,2.0,ANDINA,4.0,BOGOTÁ,152.0,BOGOTÁ D.C.,9065.0,UNIVERSIDAD COOPERATIVA DE COLOMBIA,9065.0,UNIVERSIDAD COOPERATIVA DE COLOMBIA-BOGOTÁ D.C.,8.0,CIENCIAS AGROPECUARIAS ,,,4015.0,MEDICINA VETERINARIA Y ZOOTECNIA,PRODUCCIÓN PECUARIA,34.0,,,,,,,,,,Comprender los principios genéticos y reproductivos para el  mejoramiento animal y la estructuración de los ciclos productivos.  ,64.0,2025
SABER PRO - 2025,PROGRAMA_ACÁDEMICO,APRENDIZAJE_PRUEBA,33,1,2.0,ANDINA,4.0,BOGOTÁ,152.0,BOGOTÁ D.C.,9065.0,UNIVERSIDAD COOPERATIVA DE COLOMBIA,9065.0,UNIVERSIDAD COOPERATIVA DE COLOMBIA-BOGOTÁ D.C.,8.0,CIENCIAS AGROPECUARIAS ,,,774.0,MEDICINA VETERINARIA Y ZOOTECNIA,COMPETENCIAS CIUDADANAS,1.0,,,,,,,,,,Conoce la organización del Estado de acuerdo con la Constitución.,58.0,2025
SABER PRO - 2025,PROGRAMA_ACÁDEMICO,APRENDIZAJE_PRUEBA,199,1,2.0,ANDINA,4.0,BOGOTÁ,152.0,BOGOTÁ D.C.,9065.0,UNIVERSIDAD COOPERATIVA DE COLOMBIA,9065.0,UNIVERSIDAD COOPERATIVA DE COLOMBIA-BOGOTÁ D.C.,8.0,CIENCIAS AGROPECUARIAS ,,,4460.0,MEDICINA VETERINARIA Y ZOOTECNIA,COMPETENCIAS CIUDADANAS,1.0,,,,,,,,,,Conoce los derechos y deberes que la Constitución consagra.,55.0,2025
SABER PRO - 2025,PROGRAMA_ACÁDEMICO,APRENDIZAJE_PRUEBA,352,1,2.0,ANDINA,4.0,BOGOTÁ,152.0,BOGOTÁ D.C.,9065.0,UNIVERSIDAD COOPERATIVA DE COLOMBIA,9065.0,UNIVERSIDAD COOPERATIVA DE COLOMBIA-BOGOTÁ D.C.,8.0,CIENCIAS AGROPECUARIAS ,,,4460.0,MEDICINA VETERINARIA Y ZOOTECNIA,PRODUCCIÓN PECUARIA,34.0,,,,,,,,,,Comprender los principios genéticos y reproductivos para el  mejoramiento animal y la estructuración de los ciclos productivos.  ,69.0,2025
SABER PRO - 2025,PROGRAMA_ACÁDEMICO,APRENDIZAJE_PRUEBA,225,1,2.0,ANDINA,4.0,BOGOTÁ,152.0,BOGOTÁ D.C.,9065.0,UNIVERSIDAD COOPERATIVA DE COLOMBIA,9065.0,UNIVERSIDAD COOPERATIVA DE COLOMBIA-BOGOTÁ D.C.,8.0,CIENCIAS AGROPECUARIAS ,,,4460.0,MEDICINA VETERINARIA Y ZOOTECNIA,COMPETENCIAS CIUDADANAS,1.0,,,,,,,,,,Conoce la organización del Estado de acuerdo con la Constitución.,52.0,2025
SABER PRO - 2025,PROGRAMA_ACÁDEMICO,APRENDIZAJE_PRUEBA,649,1,2.0,ANDINA,4.0,BOGOTÁ,152.0,BOGOTÁ D.C.,9065.0,UNIVERSIDAD COOPERATIVA DE COLOMBIA,9065.0,UNIVERSIDAD COOPERATIVA DE COLOMBIA-BOGOTÁ D.C.,8.0,CIENCIAS AGROPECUARIAS ,,,4015.0,MEDICINA VETERINARIA Y ZOOTECNIA,RAZONAMIENTO CUANTITATIVO,1.0,,,,,,,,,,Valida procedimientos y  estrategias matemáticas utilizadas para dar solución a problemas.,55.0,2025
SABER PRO - 2025,PROGRAMA_ACÁDEMICO,APRENDIZAJE_PRUEBA,646,1,2.0,ANDINA,4.0,BOGOTÁ,152.0,BOGOTÁ D.C.,9065.0,UNIVERSIDAD COOPERATIVA DE COLOMBIA,9065.0,UNIVERSIDAD COOPERATIVA DE COLOMBIA-BOGOTÁ D.C.,8.0,CIENCIAS AGROPECUARIAS ,,,4015.0,MEDICINA VETERINARIA Y ZOOTECNIA,LECTURA CRÍTICA,1.0,,,,,,,,,,Reflexiona a partir de un texto y evalúa su contenido.,53.0,2025
SABER PRO - 2025,PROGRAMA_ACÁDEMICO,APRENDIZAJE_PRUEBA,245,1,2.0,ANDINA,4.0,BOGOTÁ,152.0,BOGOTÁ D.C.,9065.0,UNIVERSIDAD COOPERATIVA DE COLOMBIA,9065.0,UNIVERSIDAD COOPERATIVA DE COLOMBIA-BOGOTÁ D.C.,8.0,CIENCIAS AGROPECUARIAS ,,,4015.0,MEDICINA VETERINARIA Y ZOOTECNIA,PRODUCCIÓN PECUARIA,34.0,,,,,,,,,,Conocer los principios de la nutrición y la alimentación para las diferentes especies de interés zootécnico y comprender y desarrollar sistemas de alimentación en contexto con la particularidad de los nichos productivos.,52.0,2025
SABER PRO - 2025,PROGRAMA_ACÁDEMICO,APRENDIZAJE_PRUEBA,392,1,2.0,ANDINA,4.0,BOGOTÁ,152.0,BOGOTÁ D.C.,9065.0,UNIVERSIDAD COOPERATIVA DE COLOMBIA,9065.0,UNIVERSIDAD COOPERATIVA DE COLOMBIA-BOGOTÁ D.C.,8.0,CIENCIAS AGROPECUARIAS ,,,4015.0,MEDICINA VETERINARIA Y ZOOTECNIA,PRODUCCIÓN PECUARIA,34.0,,,,,,,,,,"Diseñar, implementar y/o validar los sistemas de producción pecuaria para lograr productos de calidad, inocuos y trazables, provenientes de animales en condiciones de bienestar. ",58.0,2025
SABER PRO - 2025,PROGRAMA_ACÁDEMICO,APRENDIZAJE_PRUEBA,1308,1,2.0,ANDINA,6.0,BOYACA,199.0,TUNJA,9092.0,UNIVERSIDAD DE BOYACA UNIBOYACA - TUNJA,9092.0,UNIVERSIDAD DE BOYACA - UNIBOYACA-TUNJA,14.0,MEDICINA,,,1185.0,MEDICINA,LECTURA CRÍTICA,1.0,,,,,,,,,,Comprende cómo se articulan las partes de un texto para darle un sentido global.,41.0,2025
SABER PRO - 2025,PROGRAMA_ACÁDEMICO,APRENDIZAJE_PRUEBA,1172,1,2.0,ANDINA,6.0,BOYACA,199.0,TUNJA,9092.0,UNIVERSIDAD DE BOYACA UNIBOYACA - TUNJA,9092.0,UNIVERSIDAD DE BOYACA - UNIBOYACA-TUNJA,14.0,MEDICINA,,,1185.0,MEDICINA,LECTURA CRÍTICA,1.0,,,,,,,,,,Reflexiona a partir de un texto y evalúa su contenido.,42.0,2025
SABER PRO - 2025,PROGRAMA_ACÁDEMICO,APRENDIZAJE_PRUEBA,2592,1,2.0,ANDINA,6.0,BOYACA,199.0,TUNJA,9092.0,UNIVERSIDAD DE BOYACA UNIBOYACA - TUNJA,9092.0,UNIVERSIDAD DE BOYACA - UNIBOYACA-TUNJA,14.0,MEDICINA,,,1185.0,MEDICINA,PROMOCIÓN DE LA SALUD Y PREVENCIÓN DE LA ENFERMEDAD,34.0,,,,,,,,,,"Integra los conceptos básicos de prevención de la enfermedad, que le permita la priorización de las acciones  por seguir  de  acuerdo con las condiciones de salud de las poblaciones.",36.0,2025
SABER PRO - 2025,PROGRAMA_ACÁDEMICO,APRENDIZAJE_PRUEBA,1010,1,2.0,ANDINA,6.0,BOYACA,199.0,TUNJA,9092.0,UNIVERSIDAD DE BOYACA UNIBOYACA - TUNJA,9092.0,UNIVERSIDAD DE BOYACA - UNIBOYACA-TUNJA,14.0,MEDICINA,,,1185.0,MEDICINA,RAZONAMIENTO CUANTITATIVO,1.0,,,,,,,,,,"Frente a un problema que involucre información cuantitativa, plantea e implementa estrategias que lleven a soluciones adecuadas.",51.0,2025
SABER PRO - 2025,PROGRAMA_ACÁDEMICO,APRENDIZAJE_PRUEBA,1296,1,2.0,ANDINA,6.0,BOYACA,199.0,TUNJA,9092.0,UNIVERSIDAD DE BOYACA UNIBOYACA - TUNJA,9092.0,UNIVERSIDAD DE BOYACA - UNIBOYACA-TUNJA,14.0,MEDICINA,,,1185.0,MEDICINA,ATENCIÓN EN SALUD,34.0,,,,,,,,,,"Propone acciones de diagnóstico, ejecución y evaluación en el marco de políticas y lineamientos en salud vigentes.",47.0,2025
SABER PRO - 2025,PROGRAMA_ACÁDEMICO,APRENDIZAJE_PRUEBA,2484,1,2.0,ANDINA,6.0,BOYACA,199.0,TUNJA,9092.0,UNIVERSIDAD DE BOYACA UNIBOYACA - TUNJA,9092.0,UNIVERSIDAD DE BOYACA - UNIBOYACA-TUNJA,14.0,MEDICINA,,,1185.0,MEDICINA,FUNDAMENTACIÓN EN DIAGNÓSTICO Y TRATAMIENTO MÉDICOS,34.0,,,,,,,,,,"Propone un plan de tratamiento de acuerdo con la situación del paciente, a partir de casos clínicos de común ocurrencia en la práctica de los médicos generales.",60.0,2025
SABER PRO - 2025,PROGRAMA_ACÁDEMICO,APRENDIZAJE_PRUEBA,464,1,2.0,ANDINA,6.0,BOYACA,199.0,TUNJA,9092.0,UNIVERSIDAD DE BOYACA UNIBOYACA - TUNJA,9092.0,UNIVERSIDAD DE BOYACA - UNIBOYACA-TUNJA,14.0,MEDICINA,,,1185.0,MEDICINA,COMPETENCIAS CIUDADANAS,1.0,,,,,,,,,,Reconoce la existencia de diferentes perspectivas en situaciones en donde interactúan diferentes partes.,41.0,2025
SABER PRO - 2025,PROGRAMA_ACÁDEMICO,APRENDIZAJE_PRUEBA,245,1,2.0,ANDINA,6.0,BOYACA,199.0,TUNJA,9092.0,UNIVERSIDAD DE BOYACA UNIBOYACA - TUNJA,9092.0,UNIVERSIDAD DE BOYACA - UNIBOYACA-TUNJA,14.0,MEDICINA,,,1185.0,MEDICINA,COMPETENCIAS CIUDADANAS,1.0,,,,,,,,,,Conoce los derechos y deberes que la Constitución consagra.,33.0,2025
SABER PRO - 2025,PROGRAMA_ACÁDEMICO,APRENDIZAJE_PRUEBA,654,1,2.0,ANDINA,6.0,BOYACA,199.0,TUNJA,9092.0,UNIVERSIDAD DE BOYACA UNIBOYACA - TUNJA,9092.0,UNIVERSIDAD DE BOYACA - UNIBOYACA-TUNJA,14.0,MEDICINA,,,1185.0,MEDICINA,COMPETENCIAS CIUDADANAS,1.0,,,,,,,,,,Analiza y evalúa la pertinencia y solidez de enunciados-discursos.,46.0,2025
SABER PRO - 2025,PROGRAMA_ACÁDEMICO,APRENDIZAJE_PRUEBA,1296,1,2.0,ANDINA,6.0,BOYACA,199.0,TUNJA,9092.0,UNIVERSIDAD DE BOYACA UNIBOYACA - TUNJA,9092.0,UNIVERSIDAD DE BOYACA - UNIBOYACA-TUNJA,14.0,MEDICINA,,,1185.0,MEDICINA,ATENCIÓN EN SALUD,34.0,,,,,,,,,,"Analiza los determinantes personales, sociales, económicos y ambientales que influyen en el estado de salud del individuo, la familia y la comunidad, para la priorización de acciones a seguir.",45.0,2025
SABER PRO - 2025,PROGRAMA_ACÁDEMICO,APRENDIZAJE_PRUEBA,517,1,2.0,ANDINA,6.0,BOYACA,199.0,TUNJA,9092.0,UNIVERSIDAD DE BOYACA UNIBOYACA - TUNJA,9092.0,UNIVERSIDAD DE BOYACA - UNIBOYACA-TUNJA,14.0,MEDICINA,,,1185.0,MEDICINA,COMPETENCIAS CIUDADANAS,1.0,,,,,,,,,,Analiza las diferentes perspectivas presentes en situaciones en donde interactúan diferentes partes.,49.0,2025
SABER PRO - 2025,PROGRAMA_ACÁDEMICO,APRENDIZAJE_PRUEBA,327,1,2.0,ANDINA,6.0,BOYACA,199.0,TUNJA,9092.0,UNIVERSIDAD DE BOYACA UNIBOYACA - TUNJA,9092.0,UNIVERSIDAD DE BOYACA - UNIBOYACA-TUNJA,14.0,MEDICINA,,,1185.0,MEDICINA,COMPETENCIAS CIUDADANAS,1.0,,,,,,,,,,Conoce la organización del Estado de acuerdo con la Constitución.,30.0,2025
SABER PRO - 2025,PROGRAMA_ACÁDEMICO,APRENDIZAJE_PRUEBA,1089,1,2.0,ANDINA,6.0,BOYACA,199.0,TUNJA,9092.0,UNIVERSIDAD DE BOYACA UNIBOYACA - TUNJA,9092.0,UNIVERSIDAD DE BOYACA - UNIBOYACA-TUNJA,14.0,MEDICINA,,,1185.0,MEDICINA,RAZONAMIENTO CUANTITATIVO,1.0,,,,,,,,,,Comprende y transforma la información cuantitativa y esquemática presentada en distintos formatos ,30.0,2025
SABER PRO - 2025,PROGRAMA_ACÁDEMICO,APRENDIZAJE_PRUEBA,790,1,2.0,ANDINA,6.0,BOYACA,199.0,TUNJA,9092.0,UNIVERSIDAD DE BOYACA UNIBOYACA - TUNJA,9092.0,UNIVERSIDAD DE BOYACA - UNIBOYACA-TUNJA,14.0,MEDICINA,,,1185.0,MEDICINA,LECTURA CRÍTICA,1.0,,,,,,,,,,Identifica y entiende los contenidos locales que conforman un texto. ,24.0,2025
SABER PRO - 2025,PROGRAMA_ACÁDEMICO,APRENDIZAJE_PRUEBA,327,1,2.0,ANDINA,6.0,BOYACA,199.0,TUNJA,9092.0,UNIVERSIDAD DE BOYACA UNIBOYACA - TUNJA,9092.0,UNIVERSIDAD DE BOYACA - UNIBOYACA-TUNJA,14.0,MEDICINA,,,1185.0,MEDICINA,COMPETENCIAS CIUDADANAS,1.0,,,,,,,,,,Comprende qué es la Constitución Política de Colombia y sus principios fundamentales.,39.0,2025
SABER PRO - 2025,PROGRAMA_ACÁDEMICO,APRENDIZAJE_PRUEBA,3564,1,2.0,ANDINA,6.0,BOYACA,199.0,TUNJA,9092.0,UNIVERSIDAD DE BOYACA UNIBOYACA - TUNJA,9092.0,UNIVERSIDAD DE BOYACA - UNIBOYACA-TUNJA,14.0,MEDICINA,,,1185.0,MEDICINA,FUNDAMENTACIÓN EN DIAGNÓSTICO Y TRATAMIENTO MÉDICOS,34.0,,,,,,,,,,"Determina la situación de salud o enfermedad de niños, jóvenes y adultos (hombres y mujeres), a partir de casos clínicos de común ocurrencia en la práctica de los médicos generales.",53.0,2025
SABER PRO - 2025,PROGRAMA_ACÁDEMICO,APRENDIZAJE_PRUEBA,864,1,2.0,ANDINA,6.0,BOYACA,199.0,TUNJA,9092.0,UNIVERSIDAD DE BOYACA UNIBOYACA - TUNJA,9092.0,UNIVERSIDAD DE BOYACA - UNIBOYACA-TUNJA,14.0,MEDICINA,,,1185.0,MEDICINA,ATENCIÓN EN SALUD,34.0,,,,,,,,,,"Integra el proceso de sistematización de la información, relacionada con la salud del individuo, la familia y la comunidad en la priorización de acciones. ",42.0,2025
SABER PRO - 2025,PROGRAMA_ACÁDEMICO,APRENDIZAJE_PRUEBA,864,1,2.0,ANDINA,6.0,BOYACA,199.0,TUNJA,9092.0,UNIVERSIDAD DE BOYACA UNIBOYACA - TUNJA,9092.0,UNIVERSIDAD DE BOYACA - UNIBOYACA-TUNJA,14.0,MEDICINA,,,1185.0,MEDICINA,ATENCIÓN EN SALUD,34.0,,,,,,,,,,"Reconoce la política y la normatividad nacional y los acuerdos internacionales suscritos por el Estado colombiano, relacionados con salud pública y los aplica en situaciones concretas que afectan la salud del individuo, la familia y la comunidad.",31.0,2025
SABER PRO - 2025,PROGRAMA_ACÁDEMICO,APRENDIZAJE_PRUEBA,1080,1,2.0,ANDINA,6.0,BOYACA,199.0,TUNJA,9092.0,UNIVERSIDAD DE BOYACA UNIBOYACA - TUNJA,9092.0,UNIVERSIDAD DE BOYACA - UNIBOYACA-TUNJA,14.0,MEDICINA,,,1185.0,MEDICINA,PROMOCIÓN DE LA SALUD Y PREVENCIÓN DE LA ENFERMEDAD,34.0,,,,,,,,,,"Integra los conceptos básicos de promoción de la salud que le permiten priorizar acciones por seguir, de acuerdo con las condiciones de salud de las poblaciones.",47.0,2025
SABER PRO - 2025,PROGRAMA_ACÁDEMICO,APRENDIZAJE_PRUEBA,1171,1,2.0,ANDINA,6.0,BOYACA,199.0,TUNJA,9092.0,UNIVERSIDAD DE BOYACA UNIBOYACA - TUNJA,9092.0,UNIVERSIDAD DE BOYACA - UNIBOYACA-TUNJA,14.0,MEDICINA,,,1185.0,MEDICINA,RAZONAMIENTO CUANTITATIVO,1.0,,,,,,,,,,Valida procedimientos y  estrategias matemáticas utilizadas para dar solución a problemas.,47.0,2025
SABER PRO - 2025,PROGRAMA_ACÁDEMICO,APRENDIZAJE_PRUEBA,654,1,2.0,ANDINA,6.0,BOYACA,199.0,TUNJA,9092.0,UNIVERSIDAD DE BOYACA UNIBOYACA - TUNJA,9092.0,UNIVERSIDAD DE BOYACA - UNIBOYACA-TUNJA,14.0,MEDICINA,,,1185.0,MEDICINA,COMPETENCIAS CIUDADANAS,1.0,,,,,,,,,,Comprende que los problemas y sus soluciones involucran distintas dimensiones y reconoce relaciones entre estas. ,37.0,2025
SABER PRO - 2025,PROGRAMA_ACÁDEMICO,APRENDIZAJE_PRUEBA,267,1,2.0,ANDINA,6.0,BOYACA,199.0,TUNJA,9095.0,UNIVERSIDAD PEDAGOGICA Y TECNOLOGICA DE COLOMBIA,9095.0,UNIVERSIDAD PEDAGOGICA Y TECNOLOGICA DE COLOMBIA-TUNJA,8.0,CIENCIAS AGROPECUARIAS ,,,3674.0,MEDICINA VETERINARIA Y ZOOTECNIA,COMPETENCIAS CIUDADANAS,1.0,,,,,,,,,,Analiza las diferentes perspectivas presentes en situaciones en donde interactúan diferentes partes.,43.0,2025
SABER PRO - 2025,PROGRAMA_ACÁDEMICO,APRENDIZAJE_PRUEBA,300,1,2.0,ANDINA,6.0,BOYACA,199.0,TUNJA,9095.0,UNIVERSIDAD PEDAGOGICA Y TECNOLOGICA DE COLOMBIA,9095.0,UNIVERSIDAD PEDAGOGICA Y TECNOLOGICA DE COLOMBIA-TUNJA,8.0,CIENCIAS AGROPECUARIAS ,,,3674.0,MEDICINA VETERINARIA Y ZOOTECNIA,PRODUCCIÓN PECUARIA,34.0,,,,,,,,,,Conocer los principios de la nutrición y la alimentación para las diferentes especies de interés zootécnico y comprender y desarrollar sistemas de alimentación en contexto con la particularidad de los nichos productivos.,35.0,2025
SABER PRO - 2025,PROGRAMA_ACÁDEMICO,APRENDIZAJE_PRUEBA,192,1,2.0,ANDINA,6.0,BOYACA,199.0,TUNJA,9095.0,UNIVERSIDAD PEDAGOGICA Y TECNOLOGICA DE COLOMBIA,9095.0,UNIVERSIDAD PEDAGOGICA Y TECNOLOGICA DE COLOMBIA-TUNJA,14.0,MEDICINA,,,6921.0,MEDICINA,COMPETENCIAS CIUDADANAS,1.0,,,,,,,,,,Comprende qué es la Constitución Política de Colombia y sus principios fundamentales.,30.0,2025
SABER PRO - 2025,PROGRAMA_ACÁDEMICO,APRENDIZAJE_PRUEBA,192,1,2.0,ANDINA,6.0,BOYACA,199.0,TUNJA,9095.0,UNIVERSIDAD PEDAGOGICA Y TECNOLOGICA DE COLOMBIA,9095.0,UNIVERSIDAD PEDAGOGICA Y TECNOLOGICA DE COLOMBIA-TUNJA,14.0,MEDICINA,,,6921.0,MEDICINA,COMPETENCIAS CIUDADANAS,1.0,,,,,,,,,,Conoce la organización del Estado de acuerdo con la Constitución.,21.0,2025
SABER PRO - 2025,PROGRAMA_ACÁDEMICO,APRENDIZAJE_PRUEBA,464,1,2.0,ANDINA,6.0,BOYACA,199.0,TUNJA,9095.0,UNIVERSIDAD PEDAGOGICA Y TECNOLOGICA DE COLOMBIA,9095.0,UNIVERSIDAD PEDAGOGICA Y TECNOLOGICA DE COLOMBIA-TUNJA,14.0,MEDICINA,,,6921.0,MEDICINA,LECTURA CRÍTICA,1.0,,,,,,,,,,Identifica y entiende los contenidos locales que conforman un texto. ,17.0,2025
SABER PRO - 2025,PROGRAMA_ACÁDEMICO,APRENDIZAJE_PRUEBA,688,1,2.0,ANDINA,6.0,BOYACA,199.0,TUNJA,9095.0,UNIVERSIDAD PEDAGOGICA Y TECNOLOGICA DE COLOMBIA,9095.0,UNIVERSIDAD PEDAGOGICA Y TECNOLOGICA DE COLOMBIA-TUNJA,14.0,MEDICINA,,,6921.0,MEDICINA,RAZONAMIENTO CUANTITATIVO,1.0,,,,,,,,,,Valida procedimientos y  estrategias matemáticas utilizadas para dar solución a problemas.,32.0,2025
SABER PRO - 2025,PROGRAMA_ACÁDEMICO,APRENDIZAJE_PRUEBA,640,1,2.0,ANDINA,6.0,BOYACA,199.0,TUNJA,9095.0,UNIVERSIDAD PEDAGOGICA Y TECNOLOGICA DE COLOMBIA,9095.0,UNIVERSIDAD PEDAGOGICA Y TECNOLOGICA DE COLOMBIA-TUNJA,14.0,MEDICINA,,,6921.0,MEDICINA,RAZONAMIENTO CUANTITATIVO,1.0,,,,,,,,,,Comprende y transforma la información cuantitativa y esquemática presentada en distintos formatos ,21.0,2025
SABER PRO - 2025,PROGRAMA_ACÁDEMICO,APRENDIZAJE_PRUEBA,688,1,2.0,ANDINA,6.0,BOYACA,199.0,TUNJA,9095.0,UNIVERSIDAD PEDAGOGICA Y TECNOLOGICA DE COLOMBIA,9095.0,UNIVERSIDAD PEDAGOGICA Y TECNOLOGICA DE COLOMBIA-TUNJA,14.0,MEDICINA,,,6921.0,MEDICINA,LECTURA CRÍTICA,1.0,,,,,,,,,,Reflexiona a partir de un texto y evalúa su contenido.,29.0,2025
SABER PRO - 2025,PROGRAMA_ACÁDEMICO,APRENDIZAJE_PRUEBA,360,1,2.0,ANDINA,6.0,BOYACA,199.0,TUNJA,9095.0,UNIVERSIDAD PEDAGOGICA Y TECNOLOGICA DE COLOMBIA,9095.0,UNIVERSIDAD PEDAGOGICA Y TECNOLOGICA DE COLOMBIA-TUNJA,8.0,CIENCIAS AGROPECUARIAS ,,,3674.0,MEDICINA VETERINARIA Y ZOOTECNIA,COMPETENCIAS CIUDADANAS,1.0,,,,,,,,,,Analiza y evalúa la pertinencia y solidez de enunciados-discursos.,54.0,2025
SABER PRO - 2025,PROGRAMA_ACÁDEMICO,APRENDIZAJE_PRUEBA,180,1,2.0,ANDINA,6.0,BOYACA,199.0,TUNJA,9095.0,UNIVERSIDAD PEDAGOGICA Y TECNOLOGICA DE COLOMBIA,9095.0,UNIVERSIDAD PEDAGOGICA Y TECNOLOGICA DE COLOMBIA-TUNJA,8.0,CIENCIAS AGROPECUARIAS ,,,3674.0,MEDICINA VETERINARIA Y ZOOTECNIA,COMPETENCIAS CIUDADANAS,1.0,,,,,,,,,,Conoce la organización del Estado de acuerdo con la Constitución.,37.0,2025
SABER PRO - 2025,PROGRAMA_ACÁDEMICO,APRENDIZAJE_PRUEBA,600,1,2.0,ANDINA,6.0,BOYACA,199.0,TUNJA,9095.0,UNIVERSIDAD PEDAGOGICA Y TECNOLOGICA DE COLOMBIA,9095.0,UNIVERSIDAD PEDAGOGICA Y TECNOLOGICA DE COLOMBIA-TUNJA,8.0,CIENCIAS AGROPECUARIAS ,,,3674.0,MEDICINA VETERINARIA Y ZOOTECNIA,LECTURA CRÍTICA,1.0,,,,,,,,,,Reflexiona a partir de un texto y evalúa su contenido.,32.0,2025
SABER PRO - 2025,PROGRAMA_ACÁDEMICO,APRENDIZAJE_PRUEBA,504,1,2.0,ANDINA,6.0,BOYACA,199.0,TUNJA,9095.0,UNIVERSIDAD PEDAGOGICA Y TECNOLOGICA DE COLOMBIA,9095.0,UNIVERSIDAD PEDAGOGICA Y TECNOLOGICA DE COLOMBIA-TUNJA,14.0,MEDICINA,,,6921.0,MEDICINA,ATENCIÓN EN SALUD,34.0,,,,,,,,,,"Integra el proceso de sistematización de la información, relacionada con la salud del individuo, la familia y la comunidad en la priorización de acciones. ",31.0,2025
SABER PRO - 2025,PROGRAMA_ACÁDEMICO,APRENDIZAJE_PRUEBA,2079,1,2.0,ANDINA,6.0,BOYACA,199.0,TUNJA,9095.0,UNIVERSIDAD PEDAGOGICA Y TECNOLOGICA DE COLOMBIA,9095.0,UNIVERSIDAD PEDAGOGICA Y TECNOLOGICA DE COLOMBIA-TUNJA,14.0,MEDICINA,,,6921.0,MEDICINA,FUNDAMENTACIÓN EN DIAGNÓSTICO Y TRATAMIENTO MÉDICOS,34.0,,,,,,,,,,"Determina la situación de salud o enfermedad de niños, jóvenes y adultos (hombres y mujeres), a partir de casos clínicos de común ocurrencia en la práctica de los médicos generales.",45.0,2025
SABER PRO - 2025,PROGRAMA_ACÁDEMICO,APRENDIZAJE_PRUEBA,1512,1,2.0,ANDINA,6.0,BOYACA,199.0,TUNJA,9095.0,UNIVERSIDAD PEDAGOGICA Y TECNOLOGICA DE COLOMBIA,9095.0,UNIVERSIDAD PEDAGOGICA Y TECNOLOGICA DE COLOMBIA-TUNJA,14.0,MEDICINA,,,6921.0,MEDICINA,PROMOCIÓN DE LA SALUD Y PREVENCIÓN DE LA ENFERMEDAD,34.0,,,,,,,,,,"Integra los conceptos básicos de prevención de la enfermedad, que le permita la priorización de las acciones  por seguir  de  acuerdo con las condiciones de salud de las poblaciones.",29.0,2025
SABER PRO - 2025,PROGRAMA_ACÁDEMICO,APRENDIZAJE_PRUEBA,720,1,2.0,ANDINA,6.0,BOYACA,199.0,TUNJA,9095.0,UNIVERSIDAD PEDAGOGICA Y TECNOLOGICA DE COLOMBIA,9095.0,UNIVERSIDAD PEDAGOGICA Y TECNOLOGICA DE COLOMBIA-TUNJA,8.0,CIENCIAS AGROPECUARIAS ,,,3674.0,MEDICINA VETERINARIA Y ZOOTECNIA,LECTURA CRÍTICA,1.0,,,,,,,,,,Comprende cómo se articulan las partes de un texto para darle un sentido global.,37.0,2025
SABER PRO - 2025,PROGRAMA_ACÁDEMICO,APRENDIZAJE_PRUEBA,480,1,2.0,ANDINA,6.0,BOYACA,199.0,TUNJA,9095.0,UNIVERSIDAD PEDAGOGICA Y TECNOLOGICA DE COLOMBIA,9095.0,UNIVERSIDAD PEDAGOGICA Y TECNOLOGICA DE COLOMBIA-TUNJA,8.0,CIENCIAS AGROPECUARIAS ,,,3674.0,MEDICINA VETERINARIA Y ZOOTECNIA,PRODUCCIÓN PECUARIA,34.0,,,,,,,,,,"Comprender los efectos de los factores ecofisiológicos sobre los diferentes elementos constitutivos de los sistemas integrados de producción animal, en forma aislada, conjunta y en interacción.",36.0,2025
SABER PRO - 2025,PROGRAMA_ACÁDEMICO,APRENDIZAJE_PRUEBA,384,1,2.0,ANDINA,6.0,BOYACA,199.0,TUNJA,9095.0,UNIVERSIDAD PEDAGOGICA Y TECNOLOGICA DE COLOMBIA,9095.0,UNIVERSIDAD PEDAGOGICA Y TECNOLOGICA DE COLOMBIA-TUNJA,14.0,MEDICINA,,,6921.0,MEDICINA,COMPETENCIAS CIUDADANAS,1.0,,,,,,,,,,Analiza y evalúa la pertinencia y solidez de enunciados-discursos.,38.0,2025
SABER PRO - 2025,PROGRAMA_ACÁDEMICO,APRENDIZAJE_PRUEBA,756,1,2.0,ANDINA,6.0,BOYACA,199.0,TUNJA,9095.0,UNIVERSIDAD PEDAGOGICA Y TECNOLOGICA DE COLOMBIA,9095.0,UNIVERSIDAD PEDAGOGICA Y TECNOLOGICA DE COLOMBIA-TUNJA,14.0,MEDICINA,,,6921.0,MEDICINA,ATENCIÓN EN SALUD,34.0,,,,,,,,,,"Analiza los determinantes personales, sociales, económicos y ambientales que influyen en el estado de salud del individuo, la familia y la comunidad, para la priorización de acciones a seguir.",28.0,2025
SABER PRO - 2025,PROGRAMA_ACÁDEMICO,APRENDIZAJE_PRUEBA,756,1,2.0,ANDINA,6.0,BOYACA,199.0,TUNJA,9095.0,UNIVERSIDAD PEDAGOGICA Y TECNOLOGICA DE COLOMBIA,9095.0,UNIVERSIDAD PEDAGOGICA Y TECNOLOGICA DE COLOMBIA-TUNJA,14.0,MEDICINA,,,6921.0,MEDICINA,ATENCIÓN EN SALUD,34.0,,,,,,,,,,"Propone acciones de diagnóstico, ejecución y evaluación en el marco de políticas y lineamientos en salud vigentes.",31.0,2025
SABER PRO - 2025,PROGRAMA_ACÁDEMICO,APRENDIZAJE_PRUEBA,147,1,2.0,ANDINA,6.0,BOYACA,199.0,TUNJA,9095.0,UNIVERSIDAD PEDAGOGICA Y TECNOLOGICA DE COLOMBIA,9095.0,UNIVERSIDAD PEDAGOGICA Y TECNOLOGICA DE COLOMBIA-TUNJA,8.0,CIENCIAS AGROPECUARIAS ,,,3674.0,MEDICINA VETERINARIA Y ZOOTECNIA,COMPETENCIAS CIUDADANAS,1.0,,,,,,,,,,Conoce los derechos y deberes que la Constitución consagra.,41.0,2025
SABER PRO - 2025,PROGRAMA_ACÁDEMICO,APRENDIZAJE_PRUEBA,480,1,2.0,ANDINA,6.0,BOYACA,199.0,TUNJA,9095.0,UNIVERSIDAD PEDAGOGICA Y TECNOLOGICA DE COLOMBIA,9095.0,UNIVERSIDAD PEDAGOGICA Y TECNOLOGICA DE COLOMBIA-TUNJA,8.0,CIENCIAS AGROPECUARIAS ,,,3674.0,MEDICINA VETERINARIA Y ZOOTECNIA,LECTURA CRÍTICA,1.0,,,,,,,,,,Identifica y entiende los contenidos locales que conforman un texto. ,16.0,2025
SABER PRO - 2025,PROGRAMA_ACÁDEMICO,APRENDIZAJE_PRUEBA,630,1,2.0,ANDINA,6.0,BOYACA,199.0,TUNJA,9095.0,UNIVERSIDAD PEDAGOGICA Y TECNOLOGICA DE COLOMBIA,9095.0,UNIVERSIDAD PEDAGOGICA Y TECNOLOGICA DE COLOMBIA-TUNJA,14.0,MEDICINA,,,6921.0,MEDICINA,PROMOCIÓN DE LA SALUD Y PREVENCIÓN DE LA ENFERMEDAD,34.0,,,,,,,,,,"Integra los conceptos básicos de promoción de la salud que le permiten priorizar acciones por seguir, de acuerdo con las condiciones de salud de las poblaciones.",40.0,2025
SABER PRO - 2025,PROGRAMA_ACÁDEMICO,APRENDIZAJE_PRUEBA,273,1,2.0,ANDINA,6.0,BOYACA,199.0,TUNJA,9095.0,UNIVERSIDAD PEDAGOGICA Y TECNOLOGICA DE COLOMBIA,9095.0,UNIVERSIDAD PEDAGOGICA Y TECNOLOGICA DE COLOMBIA-TUNJA,8.0,CIENCIAS AGROPECUARIAS ,,,3674.0,MEDICINA VETERINARIA Y ZOOTECNIA,COMPETENCIAS CIUDADANAS,1.0,,,,,,,,,,Reconoce la existencia de diferentes perspectivas en situaciones en donde interactúan diferentes partes.,40.0,2025
SABER PRO - 2025,PROGRAMA_ACÁDEMICO,APRENDIZAJE_PRUEBA,384,1,2.0,ANDINA,6.0,BOYACA,199.0,TUNJA,9095.0,UNIVERSIDAD PEDAGOGICA Y TECNOLOGICA DE COLOMBIA,9095.0,UNIVERSIDAD PEDAGOGICA Y TECNOLOGICA DE COLOMBIA-TUNJA,14.0,MEDICINA,,,6921.0,MEDICINA,COMPETENCIAS CIUDADANAS,1.0,,,,,,,,,,Comprende que los problemas y sus soluciones involucran distintas dimensiones y reconoce relaciones entre estas. ,22.0,2025
SABER PRO - 2025,PROGRAMA_ACÁDEMICO,APRENDIZAJE_PRUEBA,504,1,2.0,ANDINA,6.0,BOYACA,199.0,TUNJA,9095.0,UNIVERSIDAD PEDAGOGICA Y TECNOLOGICA DE COLOMBIA,9095.0,UNIVERSIDAD PEDAGOGICA Y TECNOLOGICA DE COLOMBIA-TUNJA,14.0,MEDICINA,,,6921.0,MEDICINA,ATENCIÓN EN SALUD,34.0,,,,,,,,,,"Reconoce la política y la normatividad nacional y los acuerdos internacionales suscritos por el Estado colombiano, relacionados con salud pública y los aplica en situaciones concretas que afectan la salud del individuo, la familia y la comunidad.",25.0,2025
SABER PRO - 2025,PROGRAMA_ACÁDEMICO,APRENDIZAJE_PRUEBA,1449,1,2.0,ANDINA,6.0,BOYACA,199.0,TUNJA,9095.0,UNIVERSIDAD PEDAGOGICA Y TECNOLOGICA DE COLOMBIA,9095.0,UNIVERSIDAD PEDAGOGICA Y TECNOLOGICA DE COLOMBIA-TUNJA,14.0,MEDICINA,,,6921.0,MEDICINA,FUNDAMENTACIÓN EN DIAGNÓSTICO Y TRATAMIENTO MÉDICOS,34.0,,,,,,,,,,"Propone un plan de tratamiento de acuerdo con la situación del paciente, a partir de casos clínicos de común ocurrencia en la práctica de los médicos generales.",50.0,2025
SABER PRO - 2025,PROGRAMA_ACÁDEMICO,APRENDIZAJE_PRUEBA,768,1,2.0,ANDINA,6.0,BOYACA,199.0,TUNJA,9095.0,UNIVERSIDAD PEDAGOGICA Y TECNOLOGICA DE COLOMBIA,9095.0,UNIVERSIDAD PEDAGOGICA Y TECNOLOGICA DE COLOMBIA-TUNJA,14.0,MEDICINA,,,6921.0,MEDICINA,LECTURA CRÍTICA,1.0,,,,,,,,,,Comprende cómo se articulan las partes de un texto para darle un sentido global.,30.0,2025
SABER PRO - 2025,PROGRAMA_ACÁDEMICO,APRENDIZAJE_PRUEBA,180,1,2.0,ANDINA,6.0,BOYACA,199.0,TUNJA,9095.0,UNIVERSIDAD PEDAGOGICA Y TECNOLOGICA DE COLOMBIA,9095.0,UNIVERSIDAD PEDAGOGICA Y TECNOLOGICA DE COLOMBIA-TUNJA,8.0,CIENCIAS AGROPECUARIAS ,,,3674.0,MEDICINA VETERINARIA Y ZOOTECNIA,COMPETENCIAS CIUDADANAS,1.0,,,,,,,,,,Comprende qué es la Constitución Política de Colombia y sus principios fundamentales.,38.0,2025
SABER PRO - 2025,PROGRAMA_ACÁDEMICO,APRENDIZAJE_PRUEBA,272,1,2.0,ANDINA,6.0,BOYACA,199.0,TUNJA,9095.0,UNIVERSIDAD PEDAGOGICA Y TECNOLOGICA DE COLOMBIA,9095.0,UNIVERSIDAD PEDAGOGICA Y TECNOLOGICA DE COLOMBIA-TUNJA,14.0,MEDICINA,,,6921.0,MEDICINA,COMPETENCIAS CIUDADANAS,1.0,,,,,,,,,,Reconoce la existencia de diferentes perspectivas en situaciones en donde interactúan diferentes partes.,24.0,2025
SABER PRO - 2025,PROGRAMA_ACÁDEMICO,APRENDIZAJE_PRUEBA,592,1,2.0,ANDINA,6.0,BOYACA,199.0,TUNJA,9095.0,UNIVERSIDAD PEDAGOGICA Y TECNOLOGICA DE COLOMBIA,9095.0,UNIVERSIDAD PEDAGOGICA Y TECNOLOGICA DE COLOMBIA-TUNJA,14.0,MEDICINA,,,6921.0,MEDICINA,RAZONAMIENTO CUANTITATIVO,1.0,,,,,,,,,,"Frente a un problema que involucre información cuantitativa, plantea e implementa estrategias que lleven a soluciones adecuadas.",43.0,2025
SABER PRO - 2025,PROGRAMA_ACÁDEMICO,APRENDIZAJE_PRUEBA,600,1,2.0,ANDINA,6.0,BOYACA,199.0,TUNJA,9095.0,UNIVERSIDAD PEDAGOGICA Y TECNOLOGICA DE COLOMBIA,9095.0,UNIVERSIDAD PEDAGOGICA Y TECNOLOGICA DE COLOMBIA-TUNJA,8.0,CIENCIAS AGROPECUARIAS ,,,3674.0,MEDICINA VETERINARIA Y ZOOTECNIA,RAZONAMIENTO CUANTITATIVO,1.0,,,,,,,,,,Valida procedimientos y  estrategias matemáticas utilizadas para dar solución a problemas.,39.0,2025
SABER PRO - 2025,PROGRAMA_ACÁDEMICO,APRENDIZAJE_PRUEBA,480,1,2.0,ANDINA,6.0,BOYACA,199.0,TUNJA,9095.0,UNIVERSIDAD PEDAGOGICA Y TECNOLOGICA DE COLOMBIA,9095.0,UNIVERSIDAD PEDAGOGICA Y TECNOLOGICA DE COLOMBIA-TUNJA,8.0,CIENCIAS AGROPECUARIAS ,,,3674.0,MEDICINA VETERINARIA Y ZOOTECNIA,PRODUCCIÓN PECUARIA,34.0,,,,,,,,,,"Diseñar, implementar y/o validar los sistemas de producción pecuaria para lograr productos de calidad, inocuos y trazables, provenientes de animales en condiciones de bienestar. ",45.0,2025
SABER PRO - 2025,PROGRAMA_ACÁDEMICO,APRENDIZAJE_PRUEBA,480,1,2.0,ANDINA,6.0,BOYACA,199.0,TUNJA,9095.0,UNIVERSIDAD PEDAGOGICA Y TECNOLOGICA DE COLOMBIA,9095.0,UNIVERSIDAD PEDAGOGICA Y TECNOLOGICA DE COLOMBIA-TUNJA,8.0,CIENCIAS AGROPECUARIAS ,,,3674.0,MEDICINA VETERINARIA Y ZOOTECNIA,PRODUCCIÓN PECUARIA,34.0,,,,,,,,,,Comprender los principios genéticos y reproductivos para el  mejoramiento animal y la estructuración de los ciclos productivos.  ,55.0,2025
SABER PRO - 2025,PROGRAMA_ACÁDEMICO,APRENDIZAJE_PRUEBA,180,1,2.0,ANDINA,6.0,BOYACA,199.0,TUNJA,9095.0,UNIVERSIDAD PEDAGOGICA Y TECNOLOGICA DE COLOMBIA,9095.0,UNIVERSIDAD PEDAGOGICA Y TECNOLOGICA DE COLOMBIA-TUNJA,8.0,CIENCIAS AGROPECUARIAS ,,,3674.0,MEDICINA VETERINARIA Y ZOOTECNIA,PRODUCCIÓN PECUARIA,34.0,,,,,,,,,,"Comprender  los aspectos  y condiciones administrativas y socio económicas de los sistemas de producción animal, para el análisis, diseño,  formulación y aplicación de propuestas de gestión de la tecnología, mediante el análisis de los factores internos y externos de la empresa pecuaria para generar viabilidad técnica, administrativa y financiera. ",38.0,2025
SABER PRO - 2025,PROGRAMA_ACÁDEMICO,APRENDIZAJE_PRUEBA,146,1,2.0,ANDINA,6.0,BOYACA,199.0,TUNJA,9095.0,UNIVERSIDAD PEDAGOGICA Y TECNOLOGICA DE COLOMBIA,9095.0,UNIVERSIDAD PEDAGOGICA Y TECNOLOGICA DE COLOMBIA-TUNJA,14.0,MEDICINA,,,6921.0,MEDICINA,COMPETENCIAS CIUDADANAS,1.0,,,,,,,,,,Conoce los derechos y deberes que la Constitución consagra.,22.0,2025
SABER PRO - 2025,PROGRAMA_ACÁDEMICO,APRENDIZAJE_PRUEBA,240,1,2.0,ANDINA,6.0,BOYACA,199.0,TUNJA,9095.0,UNIVERSIDAD PEDAGOGICA Y TECNOLOGICA DE COLOMBIA,9095.0,UNIVERSIDAD PEDAGOGICA Y TECNOLOGICA DE COLOMBIA-TUNJA,8.0,CIENCIAS AGROPECUARIAS ,,,3674.0,MEDICINA VETERINARIA Y ZOOTECNIA,PRODUCCIÓN PECUARIA,34.0,,,,,,,,,,"Entender los sistemas de producción pecuaria locales en los contextos socio-económicos globales, y regionales para su proyección en un ambiente de gestión tecnológica como base para el desarrollo de la sociedad",40.0,2025
SABER PRO - 2025,PROGRAMA_ACÁDEMICO,APRENDIZAJE_PRUEBA,304,1,2.0,ANDINA,6.0,BOYACA,199.0,TUNJA,9095.0,UNIVERSIDAD PEDAGOGICA Y TECNOLOGICA DE COLOMBIA,9095.0,UNIVERSIDAD PEDAGOGICA Y TECNOLOGICA DE COLOMBIA-TUNJA,14.0,MEDICINA,,,6921.0,MEDICINA,COMPETENCIAS CIUDADANAS,1.0,,,,,,,,,,Analiza las diferentes perspectivas presentes en situaciones en donde interactúan diferentes partes.,33.0,2025
SABER PRO - 2025,PROGRAMA_ACÁDEMICO,APRENDIZAJE_PRUEBA,633,1,2.0,ANDINA,6.0,BOYACA,199.0,TUNJA,9095.0,UNIVERSIDAD PEDAGOGICA Y TECNOLOGICA DE COLOMBIA,9095.0,UNIVERSIDAD PEDAGOGICA Y TECNOLOGICA DE COLOMBIA-TUNJA,8.0,CIENCIAS AGROPECUARIAS ,,,3674.0,MEDICINA VETERINARIA Y ZOOTECNIA,RAZONAMIENTO CUANTITATIVO,1.0,,,,,,,,,,"Frente a un problema que involucre información cuantitativa, plantea e implementa estrategias que lleven a soluciones adecuadas.",55.0,2025
SABER PRO - 2025,PROGRAMA_ACÁDEMICO,APRENDIZAJE_PRUEBA,567,1,2.0,ANDINA,6.0,BOYACA,199.0,TUNJA,9095.0,UNIVERSIDAD PEDAGOGICA Y TECNOLOGICA DE COLOMBIA,9095.0,UNIVERSIDAD PEDAGOGICA Y TECNOLOGICA DE COLOMBIA-TUNJA,8.0,CIENCIAS AGROPECUARIAS ,,,3674.0,MEDICINA VETERINARIA Y ZOOTECNIA,RAZONAMIENTO CUANTITATIVO,1.0,,,,,,,,,,Comprende y transforma la información cuantitativa y esquemática presentada en distintos formatos ,26.0,2025
SABER PRO - 2025,PROGRAMA_ACÁDEMICO,APRENDIZAJE_PRUEBA,360,1,2.0,ANDINA,6.0,BOYACA,199.0,TUNJA,9095.0,UNIVERSIDAD PEDAGOGICA Y TECNOLOGICA DE COLOMBIA,9095.0,UNIVERSIDAD PEDAGOGICA Y TECNOLOGICA DE COLOMBIA-TUNJA,8.0,CIENCIAS AGROPECUARIAS ,,,3674.0,MEDICINA VETERINARIA Y ZOOTECNIA,COMPETENCIAS CIUDADANAS,1.0,,,,,,,,,,Comprende que los problemas y sus soluciones involucran distintas dimensiones y reconoce relaciones entre estas. ,28.0,2025
SABER PRO - 2025,PROGRAMA_ACÁDEMICO,APRENDIZAJE_PRUEBA,528,1,2.0,ANDINA,7.0,CALDAS,322.0,MANIZALES,9101.0,UNIVERSIDAD DE CALDAS,9101.0,UNIVERSIDAD DE CALDAS-MANIZALES,8.0,CIENCIAS AGROPECUARIAS ,,,4176.0,MEDICINA VETERINARIA Y ZOOTECNIA,COMPETENCIAS CIUDADANAS,1.0,,,,,,,,,,Analiza y evalúa la pertinencia y solidez de enunciados-discursos.,44.0,2025
SABER PRO - 2025,PROGRAMA_ACÁDEMICO,APRENDIZAJE_PRUEBA,241,1,2.0,ANDINA,7.0,CALDAS,322.0,MANIZALES,9101.0,UNIVERSIDAD DE CALDAS,9101.0,UNIVERSIDAD DE CALDAS-MANIZALES,8.0,CIENCIAS AGROPECUARIAS ,,,4176.0,MEDICINA VETERINARIA Y ZOOTECNIA,COMPETENCIAS CIUDADANAS,1.0,,,,,,,,,,Conoce los derechos y deberes que la Constitución consagra.,37.0,2025
SABER PRO - 2025,PROGRAMA_ACÁDEMICO,APRENDIZAJE_PRUEBA,576,1,2.0,ANDINA,7.0,CALDAS,322.0,MANIZALES,9101.0,UNIVERSIDAD DE CALDAS,9101.0,UNIVERSIDAD DE CALDAS-MANIZALES,14.0,MEDICINA,,,2313.0,MEDICINA,COMPETENCIAS CIUDADANAS,1.0,,,,,,,,,,Comprende que los problemas y sus soluciones involucran distintas dimensiones y reconoce relaciones entre estas. ,28.0,2025
SABER PRO - 2025,PROGRAMA_ACÁDEMICO,APRENDIZAJE_PRUEBA,138,1,2.0,ANDINA,7.0,CALDAS,322.0,MANIZALES,9101.0,UNIVERSIDAD DE CALDAS,9101.0,UNIVERSIDAD DE CALDAS-MANIZALES,8.0,CIENCIAS AGROPECUARIAS ,,,4176.0,MEDICINA VETERINARIA Y ZOOTECNIA,PRODUCCIÓN PECUARIA,34.0,,,,,,,,,,"Comprender  los aspectos  y condiciones administrativas y socio económicas de los sistemas de producción animal, para el análisis, diseño,  formulación y aplicación de propuestas de gestión de la tecnología, mediante el análisis de los factores internos y externos de la empresa pecuaria para generar viabilidad técnica, administrativa y financiera. ",40.0,2025
SABER PRO - 2025,PROGRAMA_ACÁDEMICO,APRENDIZAJE_PRUEBA,672,1,2.0,ANDINA,7.0,CALDAS,322.0,MANIZALES,9101.0,UNIVERSIDAD DE CALDAS,9101.0,UNIVERSIDAD DE CALDAS-MANIZALES,14.0,MEDICINA,,,2313.0,MEDICINA,ATENCIÓN EN SALUD,34.0,,,,,,,,,,"Propone acciones de diagnóstico, ejecución y evaluación en el marco de políticas y lineamientos en salud vigentes.",36.0,2025
SABER PRO - 2025,PROGRAMA_ACÁDEMICO,APRENDIZAJE_PRUEBA,247,1,2.0,ANDINA,7.0,CALDAS,322.0,MANIZALES,9101.0,UNIVERSIDAD DE CALDAS,9101.0,UNIVERSIDAD DE CALDAS-MANIZALES,14.0,MEDICINA,,,2313.0,MEDICINA,COMPETENCIAS CIUDADANAS,1.0,,,,,,,,,,Conoce los derechos y deberes que la Constitución consagra.,29.0,2025
SABER PRO - 2025,PROGRAMA_ACÁDEMICO,APRENDIZAJE_PRUEBA,417,1,2.0,ANDINA,7.0,CALDAS,322.0,MANIZALES,9101.0,UNIVERSIDAD DE CALDAS,9101.0,UNIVERSIDAD DE CALDAS-MANIZALES,14.0,MEDICINA,,,2313.0,MEDICINA,COMPETENCIAS CIUDADANAS,1.0,,,,,,,,,,Reconoce la existencia de diferentes perspectivas en situaciones en donde interactúan diferentes partes.,30.0,2025
SABER PRO - 2025,PROGRAMA_ACÁDEMICO,APRENDIZAJE_PRUEBA,399,1,2.0,ANDINA,7.0,CALDAS,322.0,MANIZALES,9101.0,UNIVERSIDAD DE CALDAS,9101.0,UNIVERSIDAD DE CALDAS-MANIZALES,8.0,CIENCIAS AGROPECUARIAS ,,,4176.0,MEDICINA VETERINARIA Y ZOOTECNIA,COMPETENCIAS CIUDADANAS,1.0,,,,,,,,,,Reconoce la existencia de diferentes perspectivas en situaciones en donde interactúan diferentes partes.,37.0,2025
SABER PRO - 2025,PROGRAMA_ACÁDEMICO,APRENDIZAJE_PRUEBA,447,1,2.0,ANDINA,7.0,CALDAS,322.0,MANIZALES,9101.0,UNIVERSIDAD DE CALDAS,9101.0,UNIVERSIDAD DE CALDAS-MANIZALES,14.0,MEDICINA,,,2313.0,MEDICINA,COMPETENCIAS CIUDADANAS,1.0,,,,,,,,,,Analiza las diferentes perspectivas presentes en situaciones en donde interactúan diferentes partes.,32.0,2025
SABER PRO - 2025,PROGRAMA_ACÁDEMICO,APRENDIZAJE_PRUEBA,528,1,2.0,ANDINA,7.0,CALDAS,322.0,MANIZALES,9101.0,UNIVERSIDAD DE CALDAS,9101.0,UNIVERSIDAD DE CALDAS-MANIZALES,8.0,CIENCIAS AGROPECUARIAS ,,,4176.0,MEDICINA VETERINARIA Y ZOOTECNIA,COMPETENCIAS CIUDADANAS,1.0,,,,,,,,,,Comprende que los problemas y sus soluciones involucran distintas dimensiones y reconoce relaciones entre estas. ,37.0,2025
SABER PRO - 2025,PROGRAMA_ACÁDEMICO,APRENDIZAJE_PRUEBA,393,1,2.0,ANDINA,7.0,CALDAS,322.0,MANIZALES,9101.0,UNIVERSIDAD DE CALDAS,9101.0,UNIVERSIDAD DE CALDAS-MANIZALES,8.0,CIENCIAS AGROPECUARIAS ,,,4176.0,MEDICINA VETERINARIA Y ZOOTECNIA,COMPETENCIAS CIUDADANAS,1.0,,,,,,,,,,Analiza las diferentes perspectivas presentes en situaciones en donde interactúan diferentes partes.,41.0,2025
SABER PRO - 2025,PROGRAMA_ACÁDEMICO,APRENDIZAJE_PRUEBA,680,1,2.0,ANDINA,7.0,CALDAS,322.0,MANIZALES,9101.0,UNIVERSIDAD DE CALDAS,9101.0,UNIVERSIDAD DE CALDAS-MANIZALES,8.0,CIENCIAS AGROPECUARIAS ,,,4176.0,MEDICINA VETERINARIA Y ZOOTECNIA,LECTURA CRÍTICA,1.0,,,,,,,,,,Identifica y entiende los contenidos locales que conforman un texto. ,26.0,2025
SABER PRO - 2025,PROGRAMA_ACÁDEMICO,APRENDIZAJE_PRUEBA,368,1,2.0,ANDINA,7.0,CALDAS,322.0,MANIZALES,9101.0,UNIVERSIDAD DE CALDAS,9101.0,UNIVERSIDAD DE CALDAS-MANIZALES,8.0,CIENCIAS AGROPECUARIAS ,,,4176.0,MEDICINA VETERINARIA Y ZOOTECNIA,PRODUCCIÓN PECUARIA,34.0,,,,,,,,,,"Diseñar, implementar y/o validar los sistemas de producción pecuaria para lograr productos de calidad, inocuos y trazables, provenientes de animales en condiciones de bienestar. ",40.0,2025
SABER PRO - 2025,PROGRAMA_ACÁDEMICO,APRENDIZAJE_PRUEBA,1344,1,2.0,ANDINA,7.0,CALDAS,322.0,MANIZALES,9101.0,UNIVERSIDAD DE CALDAS,9101.0,UNIVERSIDAD DE CALDAS-MANIZALES,14.0,MEDICINA,,,2313.0,MEDICINA,PROMOCIÓN DE LA SALUD Y PREVENCIÓN DE LA ENFERMEDAD,34.0,,,,,,,,,,"Integra los conceptos básicos de prevención de la enfermedad, que le permita la priorización de las acciones  por seguir  de  acuerdo con las condiciones de salud de las poblaciones.",32.0,2025
SABER PRO - 2025,PROGRAMA_ACÁDEMICO,APRENDIZAJE_PRUEBA,576,1,2.0,ANDINA,7.0,CALDAS,322.0,MANIZALES,9101.0,UNIVERSIDAD DE CALDAS,9101.0,UNIVERSIDAD DE CALDAS-MANIZALES,14.0,MEDICINA,,,2313.0,MEDICINA,COMPETENCIAS CIUDADANAS,1.0,,,,,,,,,,Analiza y evalúa la pertinencia y solidez de enunciados-discursos.,35.0,2025
SABER PRO - 2025,PROGRAMA_ACÁDEMICO,APRENDIZAJE_PRUEBA,1152,1,2.0,ANDINA,7.0,CALDAS,322.0,MANIZALES,9101.0,UNIVERSIDAD DE CALDAS,9101.0,UNIVERSIDAD DE CALDAS-MANIZALES,14.0,MEDICINA,,,2313.0,MEDICINA,LECTURA CRÍTICA,1.0,,,,,,,,,,Comprende cómo se articulan las partes de un texto para darle un sentido global.,36.0,2025
SABER PRO - 2025,PROGRAMA_ACÁDEMICO,APRENDIZAJE_PRUEBA,845,1,2.0,ANDINA,7.0,CALDAS,322.0,MANIZALES,9101.0,UNIVERSIDAD DE CALDAS,9101.0,UNIVERSIDAD DE CALDAS-MANIZALES,8.0,CIENCIAS AGROPECUARIAS ,,,4176.0,MEDICINA VETERINARIA Y ZOOTECNIA,RAZONAMIENTO CUANTITATIVO,1.0,,,,,,,,,,Comprende y transforma la información cuantitativa y esquemática presentada en distintos formatos ,31.0,2025
SABER PRO - 2025,PROGRAMA_ACÁDEMICO,APRENDIZAJE_PRUEBA,1020,1,2.0,ANDINA,7.0,CALDAS,322.0,MANIZALES,9101.0,UNIVERSIDAD DE CALDAS,9101.0,UNIVERSIDAD DE CALDAS-MANIZALES,14.0,MEDICINA,,,2313.0,MEDICINA,RAZONAMIENTO CUANTITATIVO,1.0,,,,,,,,,,Valida procedimientos y  estrategias matemáticas utilizadas para dar solución a problemas.,36.0,2025
SABER PRO - 2025,PROGRAMA_ACÁDEMICO,APRENDIZAJE_PRUEBA,950,1,2.0,ANDINA,7.0,CALDAS,322.0,MANIZALES,9101.0,UNIVERSIDAD DE CALDAS,9101.0,UNIVERSIDAD DE CALDAS-MANIZALES,14.0,MEDICINA,,,2313.0,MEDICINA,RAZONAMIENTO CUANTITATIVO,1.0,,,,,,,,,,Comprende y transforma la información cuantitativa y esquemática presentada en distintos formatos ,23.0,2025
SABER PRO - 2025,PROGRAMA_ACÁDEMICO,APRENDIZAJE_PRUEBA,910,1,2.0,ANDINA,7.0,CALDAS,322.0,MANIZALES,9101.0,UNIVERSIDAD DE CALDAS,9101.0,UNIVERSIDAD DE CALDAS-MANIZALES,14.0,MEDICINA,,,2313.0,MEDICINA,RAZONAMIENTO CUANTITATIVO,1.0,,,,,,,,,,"Frente a un problema que involucre información cuantitativa, plantea e implementa estrategias que lleven a soluciones adecuadas.",39.0,2025
SABER PRO - 2025,PROGRAMA_ACÁDEMICO,APRENDIZAJE_PRUEBA,1288,1,2.0,ANDINA,7.0,CALDAS,322.0,MANIZALES,9101.0,UNIVERSIDAD DE CALDAS,9101.0,UNIVERSIDAD DE CALDAS-MANIZALES,14.0,MEDICINA,,,2313.0,MEDICINA,FUNDAMENTACIÓN EN DIAGNÓSTICO Y TRATAMIENTO MÉDICOS,34.0,,,,,,,,,,"Propone un plan de tratamiento de acuerdo con la situación del paciente, a partir de casos clínicos de común ocurrencia en la práctica de los médicos generales.",45.0,2025
SABER PRO - 2025,PROGRAMA_ACÁDEMICO,APRENDIZAJE_PRUEBA,672,1,2.0,ANDINA,7.0,CALDAS,322.0,MANIZALES,9101.0,UNIVERSIDAD DE CALDAS,9101.0,UNIVERSIDAD DE CALDAS-MANIZALES,14.0,MEDICINA,,,2313.0,MEDICINA,ATENCIÓN EN SALUD,34.0,,,,,,,,,,"Analiza los determinantes personales, sociales, económicos y ambientales que influyen en el estado de salud del individuo, la familia y la comunidad, para la priorización de acciones a seguir.",36.0,2025
SABER PRO - 2025,PROGRAMA_ACÁDEMICO,APRENDIZAJE_PRUEBA,288,1,2.0,ANDINA,7.0,CALDAS,322.0,MANIZALES,9101.0,UNIVERSIDAD DE CALDAS,9101.0,UNIVERSIDAD DE CALDAS-MANIZALES,14.0,MEDICINA,,,2313.0,MEDICINA,COMPETENCIAS CIUDADANAS,1.0,,,,,,,,,,Comprende qué es la Constitución Política de Colombia y sus principios fundamentales.,31.0,2025
SABER PRO - 2025,PROGRAMA_ACÁDEMICO,APRENDIZAJE_PRUEBA,230,1,2.0,ANDINA,7.0,CALDAS,322.0,MANIZALES,9101.0,UNIVERSIDAD DE CALDAS,9101.0,UNIVERSIDAD DE CALDAS-MANIZALES,8.0,CIENCIAS AGROPECUARIAS ,,,4176.0,MEDICINA VETERINARIA Y ZOOTECNIA,PRODUCCIÓN PECUARIA,34.0,,,,,,,,,,Conocer los principios de la nutrición y la alimentación para las diferentes especies de interés zootécnico y comprender y desarrollar sistemas de alimentación en contexto con la particularidad de los nichos productivos.,45.0,2025
SABER PRO - 2025,PROGRAMA_ACÁDEMICO,APRENDIZAJE_PRUEBA,448,1,2.0,ANDINA,7.0,CALDAS,322.0,MANIZALES,9101.0,UNIVERSIDAD DE CALDAS,9101.0,UNIVERSIDAD DE CALDAS-MANIZALES,14.0,MEDICINA,,,2313.0,MEDICINA,ATENCIÓN EN SALUD,34.0,,,,,,,,,,"Reconoce la política y la normatividad nacional y los acuerdos internacionales suscritos por el Estado colombiano, relacionados con salud pública y los aplica en situaciones concretas que afectan la salud del individuo, la familia y la comunidad.",33.0,2025
SABER PRO - 2025,PROGRAMA_ACÁDEMICO,APRENDIZAJE_PRUEBA,368,1,2.0,ANDINA,7.0,CALDAS,322.0,MANIZALES,9101.0,UNIVERSIDAD DE CALDAS,9101.0,UNIVERSIDAD DE CALDAS-MANIZALES,8.0,CIENCIAS AGROPECUARIAS ,,,4176.0,MEDICINA VETERINARIA Y ZOOTECNIA,PRODUCCIÓN PECUARIA,34.0,,,,,,,,,,Comprender los principios genéticos y reproductivos para el  mejoramiento animal y la estructuración de los ciclos productivos.  ,53.0,2025
SABER PRO - 2025,PROGRAMA_ACÁDEMICO,APRENDIZAJE_PRUEBA,892,1,2.0,ANDINA,7.0,CALDAS,322.0,MANIZALES,9101.0,UNIVERSIDAD DE CALDAS,9101.0,UNIVERSIDAD DE CALDAS-MANIZALES,8.0,CIENCIAS AGROPECUARIAS ,,,4176.0,MEDICINA VETERINARIA Y ZOOTECNIA,RAZONAMIENTO CUANTITATIVO,1.0,,,,,,,,,,"Frente a un problema que involucre información cuantitativa, plantea e implementa estrategias que lleven a soluciones adecuadas.",47.0,2025
SABER PRO - 2025,PROGRAMA_ACÁDEMICO,APRENDIZAJE_PRUEBA,264,1,2.0,ANDINA,7.0,CALDAS,322.0,MANIZALES,9101.0,UNIVERSIDAD DE CALDAS,9101.0,UNIVERSIDAD DE CALDAS-MANIZALES,8.0,CIENCIAS AGROPECUARIAS ,,,4176.0,MEDICINA VETERINARIA Y ZOOTECNIA,COMPETENCIAS CIUDADANAS,1.0,,,,,,,,,,Comprende qué es la Constitución Política de Colombia y sus principios fundamentales.,38.0,2025
SABER PRO - 2025,PROGRAMA_ACÁDEMICO,APRENDIZAJE_PRUEBA,904,1,2.0,ANDINA,7.0,CALDAS,322.0,MANIZALES,9101.0,UNIVERSIDAD DE CALDAS,9101.0,UNIVERSIDAD DE CALDAS-MANIZALES,8.0,CIENCIAS AGROPECUARIAS ,,,4176.0,MEDICINA VETERINARIA Y ZOOTECNIA,LECTURA CRÍTICA,1.0,,,,,,,,,,Reflexiona a partir de un texto y evalúa su contenido.,38.0,2025
SABER PRO - 2025,PROGRAMA_ACÁDEMICO,APRENDIZAJE_PRUEBA,288,1,2.0,ANDINA,7.0,CALDAS,322.0,MANIZALES,9101.0,UNIVERSIDAD DE CALDAS,9101.0,UNIVERSIDAD DE CALDAS-MANIZALES,14.0,MEDICINA,,,2313.0,MEDICINA,COMPETENCIAS CIUDADANAS,1.0,,,,,,,,,,Conoce la organización del Estado de acuerdo con la Constitución.,32.0,2025
SABER PRO - 2025,PROGRAMA_ACÁDEMICO,APRENDIZAJE_PRUEBA,560,1,2.0,ANDINA,7.0,CALDAS,322.0,MANIZALES,9101.0,UNIVERSIDAD DE CALDAS,9101.0,UNIVERSIDAD DE CALDAS-MANIZALES,14.0,MEDICINA,,,2313.0,MEDICINA,PROMOCIÓN DE LA SALUD Y PREVENCIÓN DE LA ENFERMEDAD,34.0,,,,,,,,,,"Integra los conceptos básicos de promoción de la salud que le permiten priorizar acciones por seguir, de acuerdo con las condiciones de salud de las poblaciones.",42.0,2025
SABER PRO - 2025,PROGRAMA_ACÁDEMICO,APRENDIZAJE_PRUEBA,184,1,2.0,ANDINA,7.0,CALDAS,322.0,MANIZALES,9101.0,UNIVERSIDAD DE CALDAS,9101.0,UNIVERSIDAD DE CALDAS-MANIZALES,8.0,CIENCIAS AGROPECUARIAS ,,,4176.0,MEDICINA VETERINARIA Y ZOOTECNIA,PRODUCCIÓN PECUARIA,34.0,,,,,,,,,,"Entender los sistemas de producción pecuaria locales en los contextos socio-económicos globales, y regionales para su proyección en un ambiente de gestión tecnológica como base para el desarrollo de la sociedad",39.0,2025
SABER PRO - 2025,PROGRAMA_ACÁDEMICO,APRENDIZAJE_PRUEBA,368,1,2.0,ANDINA,7.0,CALDAS,322.0,MANIZALES,9101.0,UNIVERSIDAD DE CALDAS,9101.0,UNIVERSIDAD DE CALDAS-MANIZALES,8.0,CIENCIAS AGROPECUARIAS ,,,4176.0,MEDICINA VETERINARIA Y ZOOTECNIA,PRODUCCIÓN PECUARIA,34.0,,,,,,,,,,"Comprender los efectos de los factores ecofisiológicos sobre los diferentes elementos constitutivos de los sistemas integrados de producción animal, en forma aislada, conjunta y en interacción.",38.0,2025
SABER PRO - 2025,PROGRAMA_ACÁDEMICO,APRENDIZAJE_PRUEBA,1056,1,2.0,ANDINA,7.0,CALDAS,322.0,MANIZALES,9101.0,UNIVERSIDAD DE CALDAS,9101.0,UNIVERSIDAD DE CALDAS-MANIZALES,8.0,CIENCIAS AGROPECUARIAS ,,,4176.0,MEDICINA VETERINARIA Y ZOOTECNIA,LECTURA CRÍTICA,1.0,,,,,,,,,,Comprende cómo se articulan las partes de un texto para darle un sentido global.,44.0,2025
SABER PRO - 2025,PROGRAMA_ACÁDEMICO,APRENDIZAJE_PRUEBA,903,1,2.0,ANDINA,7.0,CALDAS,322.0,MANIZALES,9101.0,UNIVERSIDAD DE CALDAS,9101.0,UNIVERSIDAD DE CALDAS-MANIZALES,8.0,CIENCIAS AGROPECUARIAS ,,,4176.0,MEDICINA VETERINARIA Y ZOOTECNIA,RAZONAMIENTO CUANTITATIVO,1.0,,,,,,,,,,Valida procedimientos y  estrategias matemáticas utilizadas para dar solución a problemas.,39.0,2025
SABER PRO - 2025,PROGRAMA_ACÁDEMICO,APRENDIZAJE_PRUEBA,1023,1,2.0,ANDINA,7.0,CALDAS,322.0,MANIZALES,9101.0,UNIVERSIDAD DE CALDAS,9101.0,UNIVERSIDAD DE CALDAS-MANIZALES,14.0,MEDICINA,,,2313.0,MEDICINA,LECTURA CRÍTICA,1.0,,,,,,,,,,Reflexiona a partir de un texto y evalúa su contenido.,33.0,2025
SABER PRO - 2025,PROGRAMA_ACÁDEMICO,APRENDIZAJE_PRUEBA,448,1,2.0,ANDINA,7.0,CALDAS,322.0,MANIZALES,9101.0,UNIVERSIDAD DE CALDAS,9101.0,UNIVERSIDAD DE CALDAS-MANIZALES,14.0,MEDICINA,,,2313.0,MEDICINA,ATENCIÓN EN SALUD,34.0,,,,,,,,,,"Integra el proceso de sistematización de la información, relacionada con la salud del individuo, la familia y la comunidad en la priorización de acciones. ",36.0,2025
SABER PRO - 2025,PROGRAMA_ACÁDEMICO,APRENDIZAJE_PRUEBA,1848,1,2.0,ANDINA,7.0,CALDAS,322.0,MANIZALES,9101.0,UNIVERSIDAD DE CALDAS,9101.0,UNIVERSIDAD DE CALDAS-MANIZALES,14.0,MEDICINA,,,2313.0,MEDICINA,FUNDAMENTACIÓN EN DIAGNÓSTICO Y TRATAMIENTO MÉDICOS,34.0,,,,,,,,,,"Determina la situación de salud o enfermedad de niños, jóvenes y adultos (hombres y mujeres), a partir de casos clínicos de común ocurrencia en la práctica de los médicos generales.",45.0,2025
SABER PRO - 2025,PROGRAMA_ACÁDEMICO,APRENDIZAJE_PRUEBA,264,1,2.0,ANDINA,7.0,CALDAS,322.0,MANIZALES,9101.0,UNIVERSIDAD DE CALDAS,9101.0,UNIVERSIDAD DE CALDAS-MANIZALES,8.0,CIENCIAS AGROPECUARIAS ,,,4176.0,MEDICINA VETERINARIA Y ZOOTECNIA,COMPETENCIAS CIUDADANAS,1.0,,,,,,,,,,Conoce la organización del Estado de acuerdo con la Constitución.,39.0,2025
SABER PRO - 2025,PROGRAMA_ACÁDEMICO,APRENDIZAJE_PRUEBA,705,1,2.0,ANDINA,7.0,CALDAS,322.0,MANIZALES,9101.0,UNIVERSIDAD DE CALDAS,9101.0,UNIVERSIDAD DE CALDAS-MANIZALES,14.0,MEDICINA,,,2313.0,MEDICINA,LECTURA CRÍTICA,1.0,,,,,,,,,,Identifica y entiende los contenidos locales que conforman un texto. ,17.0,2025
SABER PRO - 2025,PROGRAMA_ACÁDEMICO,APRENDIZAJE_PRUEBA,204,1,2.0,ANDINA,7.0,CALDAS,322.0,MANIZALES,9102.0,UNIVERSIDAD DE MANIZALES,9102.0,UNIVERSIDAD DE MANIZALES-MANIZALES,14.0,MEDICINA,,,3145.0,MEDICINA,COMPETENCIAS CIUDADANAS,1.0,,,,,,,,,,Comprende qué es la Constitución Política de Colombia y sus principios fundamentales.,40.0,2025
SABER PRO - 2025,PROGRAMA_ACÁDEMICO,APRENDIZAJE_PRUEBA,172,1,2.0,ANDINA,7.0,CALDAS,322.0,MANIZALES,9102.0,UNIVERSIDAD DE MANIZALES,9102.0,UNIVERSIDAD DE MANIZALES-MANIZALES,14.0,MEDICINA,,,3145.0,MEDICINA,COMPETENCIAS CIUDADANAS,1.0,,,,,,,,,,Conoce los derechos y deberes que la Constitución consagra.,37.0,2025
SABER PRO - 2025,PROGRAMA_ACÁDEMICO,APRENDIZAJE_PRUEBA,716,1,2.0,ANDINA,7.0,CALDAS,322.0,MANIZALES,9102.0,UNIVERSIDAD DE MANIZALES,9102.0,UNIVERSIDAD DE MANIZALES-MANIZALES,14.0,MEDICINA,,,3145.0,MEDICINA,RAZONAMIENTO CUANTITATIVO,1.0,,,,,,,,,,Valida procedimientos y  estrategias matemáticas utilizadas para dar solución a problemas.,37.0,2025
SABER PRO - 2025,PROGRAMA_ACÁDEMICO,APRENDIZAJE_PRUEBA,408,1,2.0,ANDINA,7.0,CALDAS,322.0,MANIZALES,9102.0,UNIVERSIDAD DE MANIZALES,9102.0,UNIVERSIDAD DE MANIZALES-MANIZALES,14.0,MEDICINA,,,3145.0,MEDICINA,COMPETENCIAS CIUDADANAS,1.0,,,,,,,,,,Analiza y evalúa la pertinencia y solidez de enunciados-discursos.,39.0,2025
SABER PRO - 2025,PROGRAMA_ACÁDEMICO,APRENDIZAJE_PRUEBA,303,1,2.0,ANDINA,7.0,CALDAS,322.0,MANIZALES,9102.0,UNIVERSIDAD DE MANIZALES,9102.0,UNIVERSIDAD DE MANIZALES-MANIZALES,14.0,MEDICINA,,,3145.0,MEDICINA,COMPETENCIAS CIUDADANAS,1.0,,,,,,,,,,Reconoce la existencia de diferentes perspectivas en situaciones en donde interactúan diferentes partes.,30.0,2025
SABER PRO - 2025,PROGRAMA_ACÁDEMICO,APRENDIZAJE_PRUEBA,663,1,2.0,ANDINA,7.0,CALDAS,322.0,MANIZALES,9102.0,UNIVERSIDAD DE MANIZALES,9102.0,UNIVERSIDAD DE MANIZALES-MANIZALES,14.0,MEDICINA,,,3145.0,MEDICINA,RAZONAMIENTO CUANTITATIVO,1.0,,,,,,,,,,Comprende y transforma la información cuantitativa y esquemática presentada en distintos formatos ,24.0,2025
SABER PRO - 2025,PROGRAMA_ACÁDEMICO,APRENDIZAJE_PRUEBA,204,1,2.0,ANDINA,7.0,CALDAS,322.0,MANIZALES,9102.0,UNIVERSIDAD DE MANIZALES,9102.0,UNIVERSIDAD DE MANIZALES-MANIZALES,14.0,MEDICINA,,,3145.0,MEDICINA,COMPETENCIAS CIUDADANAS,1.0,,,,,,,,,,Conoce la organización del Estado de acuerdo con la Constitución.,36.0,2025
SABER PRO - 2025,PROGRAMA_ACÁDEMICO,APRENDIZAJE_PRUEBA,408,1,2.0,ANDINA,7.0,CALDAS,322.0,MANIZALES,9102.0,UNIVERSIDAD DE MANIZALES,9102.0,UNIVERSIDAD DE MANIZALES-MANIZALES,14.0,MEDICINA,,,3145.0,MEDICINA,COMPETENCIAS CIUDADANAS,1.0,,,,,,,,,,Comprende que los problemas y sus soluciones involucran distintas dimensiones y reconoce relaciones entre estas. ,34.0,2025
SABER PRO - 2025,PROGRAMA_ACÁDEMICO,APRENDIZAJE_PRUEBA,718,1,2.0,ANDINA,7.0,CALDAS,322.0,MANIZALES,9102.0,UNIVERSIDAD DE MANIZALES,9102.0,UNIVERSIDAD DE MANIZALES-MANIZALES,14.0,MEDICINA,,,3145.0,MEDICINA,LECTURA CRÍTICA,1.0,,,,,,,,,,Reflexiona a partir de un texto y evalúa su contenido.,35.0,2025
SABER PRO - 2025,PROGRAMA_ACÁDEMICO,APRENDIZAJE_PRUEBA,816,1,2.0,ANDINA,7.0,CALDAS,322.0,MANIZALES,9102.0,UNIVERSIDAD DE MANIZALES,9102.0,UNIVERSIDAD DE MANIZALES-MANIZALES,14.0,MEDICINA,,,3145.0,MEDICINA,LECTURA CRÍTICA,1.0,,,,,,,,,,Comprende cómo se articulan las partes de un texto para darle un sentido global.,36.0,2025
SABER PRO - 2025,PROGRAMA_ACÁDEMICO,APRENDIZAJE_PRUEBA,506,1,2.0,ANDINA,7.0,CALDAS,322.0,MANIZALES,9102.0,UNIVERSIDAD DE MANIZALES,9102.0,UNIVERSIDAD DE MANIZALES-MANIZALES,14.0,MEDICINA,,,3145.0,MEDICINA,LECTURA CRÍTICA,1.0,,,,,,,,,,Identifica y entiende los contenidos locales que conforman un texto. ,18.0,2025
SABER PRO - 2025,PROGRAMA_ACÁDEMICO,APRENDIZAJE_PRUEBA,309,1,2.0,ANDINA,7.0,CALDAS,322.0,MANIZALES,9102.0,UNIVERSIDAD DE MANIZALES,9102.0,UNIVERSIDAD DE MANIZALES-MANIZALES,14.0,MEDICINA,,,3145.0,MEDICINA,COMPETENCIAS CIUDADANAS,1.0,,,,,,,,,,Analiza las diferentes perspectivas presentes en situaciones en donde interactúan diferentes partes.,39.0,2025
SABER PRO - 2025,PROGRAMA_ACÁDEMICO,APRENDIZAJE_PRUEBA,661,1,2.0,ANDINA,7.0,CALDAS,322.0,MANIZALES,9102.0,UNIVERSIDAD DE MANIZALES,9102.0,UNIVERSIDAD DE MANIZALES-MANIZALES,14.0,MEDICINA,,,3145.0,MEDICINA,RAZONAMIENTO CUANTITATIVO,1.0,,,,,,,,,,"Frente a un problema que involucre información cuantitativa, plantea e implementa estrategias que lleven a soluciones adecuadas.",45.0,2025
SABER PRO - 2025,PROGRAMA_ACÁDEMICO,APRENDIZAJE_PRUEBA,1620,1,2.0,ANDINA,12.0,CUNDINAMARCA,477.0,CHÍA,9120.0,UNIVERSIDAD DE LA SABANA,9120.0,UNIVERSIDAD DE LA SABANA-CHIA,14.0,MEDICINA,,,1444.0,MEDICINA,RAZONAMIENTO CUANTITATIVO,1.0,,,,,,,,,,"Frente a un problema que involucre información cuantitativa, plantea e implementa estrategias que lleven a soluciones adecuadas.",37.0,2025
SABER PRO - 2025,PROGRAMA_ACÁDEMICO,APRENDIZAJE_PRUEBA,1673,1,2.0,ANDINA,12.0,CUNDINAMARCA,477.0,CHÍA,9120.0,UNIVERSIDAD DE LA SABANA,9120.0,UNIVERSIDAD DE LA SABANA-CHIA,14.0,MEDICINA,,,1444.0,MEDICINA,RAZONAMIENTO CUANTITATIVO,1.0,,,,,,,,,,Comprende y transforma la información cuantitativa y esquemática presentada en distintos formatos ,21.0,2025
SABER PRO - 2025,PROGRAMA_ACÁDEMICO,APRENDIZAJE_PRUEBA,2343,1,2.0,ANDINA,12.0,CUNDINAMARCA,477.0,CHÍA,9120.0,UNIVERSIDAD DE LA SABANA,9120.0,UNIVERSIDAD DE LA SABANA-CHIA,14.0,MEDICINA,,,1444.0,MEDICINA,FUNDAMENTACIÓN EN DIAGNÓSTICO Y TRATAMIENTO MÉDICOS,34.0,,,,,,,,,,"Determina la situación de salud o enfermedad de niños, jóvenes y adultos (hombres y mujeres), a partir de casos clínicos de común ocurrencia en la práctica de los médicos generales.",42.0,2025
SABER PRO - 2025,PROGRAMA_ACÁDEMICO,APRENDIZAJE_PRUEBA,1807,1,2.0,ANDINA,12.0,CUNDINAMARCA,477.0,CHÍA,9120.0,UNIVERSIDAD DE LA SABANA,9120.0,UNIVERSIDAD DE LA SABANA-CHIA,14.0,MEDICINA,,,1444.0,MEDICINA,RAZONAMIENTO CUANTITATIVO,1.0,,,,,,,,,,Valida procedimientos y  estrategias matemáticas utilizadas para dar solución a problemas.,31.0,2025
SABER PRO - 2025,PROGRAMA_ACÁDEMICO,APRENDIZAJE_PRUEBA,1704,1,2.0,ANDINA,12.0,CUNDINAMARCA,477.0,CHÍA,9120.0,UNIVERSIDAD DE LA SABANA,9120.0,UNIVERSIDAD DE LA SABANA-CHIA,14.0,MEDICINA,,,1444.0,MEDICINA,PROMOCIÓN DE LA SALUD Y PREVENCIÓN DE LA ENFERMEDAD,34.0,,,,,,,,,,"Integra los conceptos básicos de prevención de la enfermedad, que le permita la priorización de las acciones  por seguir  de  acuerdo con las condiciones de salud de las poblaciones.",29.0,2025
SABER PRO - 2025,PROGRAMA_ACÁDEMICO,APRENDIZAJE_PRUEBA,568,1,2.0,ANDINA,12.0,CUNDINAMARCA,477.0,CHÍA,9120.0,UNIVERSIDAD DE LA SABANA,9120.0,UNIVERSIDAD DE LA SABANA-CHIA,14.0,MEDICINA,,,1444.0,MEDICINA,ATENCIÓN EN SALUD,34.0,,,,,,,,,,"Reconoce la política y la normatividad nacional y los acuerdos internacionales suscritos por el Estado colombiano, relacionados con salud pública y los aplica en situaciones concretas que afectan la salud del individuo, la familia y la comunidad.",29.0,2025
SABER PRO - 2025,PROGRAMA_ACÁDEMICO,APRENDIZAJE_PRUEBA,852,1,2.0,ANDINA,12.0,CUNDINAMARCA,477.0,CHÍA,9120.0,UNIVERSIDAD DE LA SABANA,9120.0,UNIVERSIDAD DE LA SABANA-CHIA,14.0,MEDICINA,,,1444.0,MEDICINA,ATENCIÓN EN SALUD,34.0,,,,,,,,,,"Propone acciones de diagnóstico, ejecución y evaluación en el marco de políticas y lineamientos en salud vigentes.",34.0,2025
SABER PRO - 2025,PROGRAMA_ACÁDEMICO,APRENDIZAJE_PRUEBA,852,1,2.0,ANDINA,12.0,CUNDINAMARCA,477.0,CHÍA,9120.0,UNIVERSIDAD DE LA SABANA,9120.0,UNIVERSIDAD DE LA SABANA-CHIA,14.0,MEDICINA,,,1444.0,MEDICINA,ATENCIÓN EN SALUD,34.0,,,,,,,,,,"Analiza los determinantes personales, sociales, económicos y ambientales que influyen en el estado de salud del individuo, la familia y la comunidad, para la priorización de acciones a seguir.",33.0,2025
SABER PRO - 2025,PROGRAMA_ACÁDEMICO,APRENDIZAJE_PRUEBA,1258,1,2.0,ANDINA,12.0,CUNDINAMARCA,477.0,CHÍA,9120.0,UNIVERSIDAD DE LA SABANA,9120.0,UNIVERSIDAD DE LA SABANA-CHIA,14.0,MEDICINA,,,1444.0,MEDICINA,LECTURA CRÍTICA,1.0,,,,,,,,,,Identifica y entiende los contenidos locales que conforman un texto. ,15.0,2025
SABER PRO - 2025,PROGRAMA_ACÁDEMICO,APRENDIZAJE_PRUEBA,510,1,2.0,ANDINA,12.0,CUNDINAMARCA,477.0,CHÍA,9120.0,UNIVERSIDAD DE LA SABANA,9120.0,UNIVERSIDAD DE LA SABANA-CHIA,14.0,MEDICINA,,,1444.0,MEDICINA,COMPETENCIAS CIUDADANAS,1.0,,,,,,,,,,Conoce la organización del Estado de acuerdo con la Constitución.,24.0,2025
SABER PRO - 2025,PROGRAMA_ACÁDEMICO,APRENDIZAJE_PRUEBA,1020,1,2.0,ANDINA,12.0,CUNDINAMARCA,477.0,CHÍA,9120.0,UNIVERSIDAD DE LA SABANA,9120.0,UNIVERSIDAD DE LA SABANA-CHIA,14.0,MEDICINA,,,1444.0,MEDICINA,COMPETENCIAS CIUDADANAS,1.0,,,,,,,,,,Comprende que los problemas y sus soluciones involucran distintas dimensiones y reconoce relaciones entre estas. ,27.0,2025
SABER PRO - 2025,PROGRAMA_ACÁDEMICO,APRENDIZAJE_PRUEBA,1020,1,2.0,ANDINA,12.0,CUNDINAMARCA,477.0,CHÍA,9120.0,UNIVERSIDAD DE LA SABANA,9120.0,UNIVERSIDAD DE LA SABANA-CHIA,14.0,MEDICINA,,,1444.0,MEDICINA,COMPETENCIAS CIUDADANAS,1.0,,,,,,,,,,Analiza y evalúa la pertinencia y solidez de enunciados-discursos.,27.0,2025
SABER PRO - 2025,PROGRAMA_ACÁDEMICO,APRENDIZAJE_PRUEBA,2040,1,2.0,ANDINA,12.0,CUNDINAMARCA,477.0,CHÍA,9120.0,UNIVERSIDAD DE LA SABANA,9120.0,UNIVERSIDAD DE LA SABANA-CHIA,14.0,MEDICINA,,,1444.0,MEDICINA,LECTURA CRÍTICA,1.0,,,,,,,,,,Comprende cómo se articulan las partes de un texto para darle un sentido global.,29.0,2025
SABER PRO - 2025,PROGRAMA_ACÁDEMICO,APRENDIZAJE_PRUEBA,710,1,2.0,ANDINA,12.0,CUNDINAMARCA,477.0,CHÍA,9120.0,UNIVERSIDAD DE LA SABANA,9120.0,UNIVERSIDAD DE LA SABANA-CHIA,14.0,MEDICINA,,,1444.0,MEDICINA,PROMOCIÓN DE LA SALUD Y PREVENCIÓN DE LA ENFERMEDAD,34.0,,,,,,,,,,"Integra los conceptos básicos de promoción de la salud que le permiten priorizar acciones por seguir, de acuerdo con las condiciones de salud de las poblaciones.",40.0,2025
SABER PRO - 2025,PROGRAMA_ACÁDEMICO,APRENDIZAJE_PRUEBA,510,1,2.0,ANDINA,12.0,CUNDINAMARCA,477.0,CHÍA,9120.0,UNIVERSIDAD DE LA SABANA,9120.0,UNIVERSIDAD DE LA SABANA-CHIA,14.0,MEDICINA,,,1444.0,MEDICINA,COMPETENCIAS CIUDADANAS,1.0,,,,,,,,,,Comprende qué es la Constitución Política de Colombia y sus principios fundamentales.,28.0,2025
SABER PRO - 2025,PROGRAMA_ACÁDEMICO,APRENDIZAJE_PRUEBA,1802,1,2.0,ANDINA,12.0,CUNDINAMARCA,477.0,CHÍA,9120.0,UNIVERSIDAD DE LA SABANA,9120.0,UNIVERSIDAD DE LA SABANA-CHIA,14.0,MEDICINA,,,1444.0,MEDICINA,LECTURA CRÍTICA,1.0,,,,,,,,,,Reflexiona a partir de un texto y evalúa su contenido.,27.0,2025
SABER PRO - 2025,PROGRAMA_ACÁDEMICO,APRENDIZAJE_PRUEBA,568,1,2.0,ANDINA,12.0,CUNDINAMARCA,477.0,CHÍA,9120.0,UNIVERSIDAD DE LA SABANA,9120.0,UNIVERSIDAD DE LA SABANA-CHIA,14.0,MEDICINA,,,1444.0,MEDICINA,ATENCIÓN EN SALUD,34.0,,,,,,,,,,"Integra el proceso de sistematización de la información, relacionada con la salud del individuo, la familia y la comunidad en la priorización de acciones. ",23.0,2025
SABER PRO - 2025,PROGRAMA_ACÁDEMICO,APRENDIZAJE_PRUEBA,1633,1,2.0,ANDINA,12.0,CUNDINAMARCA,477.0,CHÍA,9120.0,UNIVERSIDAD DE LA SABANA,9120.0,UNIVERSIDAD DE LA SABANA-CHIA,14.0,MEDICINA,,,1444.0,MEDICINA,FUNDAMENTACIÓN EN DIAGNÓSTICO Y TRATAMIENTO MÉDICOS,34.0,,,,,,,,,,"Propone un plan de tratamiento de acuerdo con la situación del paciente, a partir de casos clínicos de común ocurrencia en la práctica de los médicos generales.",46.0,2025
SABER PRO - 2025,PROGRAMA_ACÁDEMICO,APRENDIZAJE_PRUEBA,462,1,2.0,ANDINA,12.0,CUNDINAMARCA,477.0,CHÍA,9120.0,UNIVERSIDAD DE LA SABANA,9120.0,UNIVERSIDAD DE LA SABANA-CHIA,14.0,MEDICINA,,,1444.0,MEDICINA,COMPETENCIAS CIUDADANAS,1.0,,,,,,,,,,Conoce los derechos y deberes que la Constitución consagra.,27.0,2025
SABER PRO - 2025,PROGRAMA_ACÁDEMICO,APRENDIZAJE_PRUEBA,739,1,2.0,ANDINA,12.0,CUNDINAMARCA,477.0,CHÍA,9120.0,UNIVERSIDAD DE LA SABANA,9120.0,UNIVERSIDAD DE LA SABANA-CHIA,14.0,MEDICINA,,,1444.0,MEDICINA,COMPETENCIAS CIUDADANAS,1.0,,,,,,,,,,Reconoce la existencia de diferentes perspectivas en situaciones en donde interactúan diferentes partes.,22.0,2025
SABER PRO - 2025,PROGRAMA_ACÁDEMICO,APRENDIZAJE_PRUEBA,791,1,2.0,ANDINA,12.0,CUNDINAMARCA,477.0,CHÍA,9120.0,UNIVERSIDAD DE LA SABANA,9120.0,UNIVERSIDAD DE LA SABANA-CHIA,14.0,MEDICINA,,,1444.0,MEDICINA,COMPETENCIAS CIUDADANAS,1.0,,,,,,,,,,Analiza las diferentes perspectivas presentes en situaciones en donde interactúan diferentes partes.,28.0,2025
SABER PRO - 2025,PROGRAMA_ACÁDEMICO,APRENDIZAJE_PRUEBA,708,1,2.0,ANDINA,14.0,HUILA,609.0,NEIVA,9133.0,UNIVERSIDAD SURCOLOMBIANA,9133.0,UNIVERSIDAD SURCOLOMBIANA-NEIVA,14.0,MEDICINA,,,1887.0,MEDICINA,RAZONAMIENTO CUANTITATIVO,1.0,,,,,,,,,,Valida procedimientos y  estrategias matemáticas utilizadas para dar solución a problemas.,32.0,2025
SABER PRO - 2025,PROGRAMA_ACÁDEMICO,APRENDIZAJE_PRUEBA,720,1,2.0,ANDINA,14.0,HUILA,609.0,NEIVA,9133.0,UNIVERSIDAD SURCOLOMBIANA,9133.0,UNIVERSIDAD SURCOLOMBIANA-NEIVA,14.0,MEDICINA,,,1887.0,MEDICINA,PROMOCIÓN DE LA SALUD Y PREVENCIÓN DE LA ENFERMEDAD,34.0,,,,,,,,,,"Integra los conceptos básicos de prevención de la enfermedad, que le permita la priorización de las acciones  por seguir  de  acuerdo con las condiciones de salud de las poblaciones.",38.0,2025
SABER PRO - 2025,PROGRAMA_ACÁDEMICO,APRENDIZAJE_PRUEBA,240,1,2.0,ANDINA,14.0,HUILA,609.0,NEIVA,9133.0,UNIVERSIDAD SURCOLOMBIANA,9133.0,UNIVERSIDAD SURCOLOMBIANA-NEIVA,14.0,MEDICINA,,,1887.0,MEDICINA,ATENCIÓN EN SALUD,34.0,,,,,,,,,,"Reconoce la política y la normatividad nacional y los acuerdos internacionales suscritos por el Estado colombiano, relacionados con salud pública y los aplica en situaciones concretas que afectan la salud del individuo, la familia y la comunidad.",42.0,2025
SABER PRO - 2025,PROGRAMA_ACÁDEMICO,APRENDIZAJE_PRUEBA,656,1,2.0,ANDINA,14.0,HUILA,609.0,NEIVA,9133.0,UNIVERSIDAD SURCOLOMBIANA,9133.0,UNIVERSIDAD SURCOLOMBIANA-NEIVA,14.0,MEDICINA,,,1887.0,MEDICINA,RAZONAMIENTO CUANTITATIVO,1.0,,,,,,,,,,Comprende y transforma la información cuantitativa y esquemática presentada en distintos formatos ,24.0,2025
SABER PRO - 2025,PROGRAMA_ACÁDEMICO,APRENDIZAJE_PRUEBA,302,1,2.0,ANDINA,14.0,HUILA,609.0,NEIVA,9133.0,UNIVERSIDAD SURCOLOMBIANA,9133.0,UNIVERSIDAD SURCOLOMBIANA-NEIVA,14.0,MEDICINA,,,1887.0,MEDICINA,COMPETENCIAS CIUDADANAS,1.0,,,,,,,,,,Analiza las diferentes perspectivas presentes en situaciones en donde interactúan diferentes partes.,37.0,2025
SABER PRO - 2025,PROGRAMA_ACÁDEMICO,APRENDIZAJE_PRUEBA,487,1,2.0,ANDINA,14.0,HUILA,609.0,NEIVA,9133.0,UNIVERSIDAD SURCOLOMBIANA,9133.0,UNIVERSIDAD SURCOLOMBIANA-NEIVA,14.0,MEDICINA,,,1887.0,MEDICINA,LECTURA CRÍTICA,1.0,,,,,,,,,,Identifica y entiende los contenidos locales que conforman un texto. ,22.0,2025
SABER PRO - 2025,PROGRAMA_ACÁDEMICO,APRENDIZAJE_PRUEBA,201,1,2.0,ANDINA,14.0,HUILA,609.0,NEIVA,9133.0,UNIVERSIDAD SURCOLOMBIANA,9133.0,UNIVERSIDAD SURCOLOMBIANA-NEIVA,14.0,MEDICINA,,,1887.0,MEDICINA,COMPETENCIAS CIUDADANAS,1.0,,,,,,,,,,Conoce la organización del Estado de acuerdo con la Constitución.,30.0,2025
SABER PRO - 2025,PROGRAMA_ACÁDEMICO,APRENDIZAJE_PRUEBA,360,1,2.0,ANDINA,14.0,HUILA,609.0,NEIVA,9133.0,UNIVERSIDAD SURCOLOMBIANA,9133.0,UNIVERSIDAD SURCOLOMBIANA-NEIVA,14.0,MEDICINA,,,1887.0,MEDICINA,ATENCIÓN EN SALUD,34.0,,,,,,,,,,"Propone acciones de diagnóstico, ejecución y evaluación en el marco de políticas y lineamientos en salud vigentes.",42.0,2025
SABER PRO - 2025,PROGRAMA_ACÁDEMICO,APRENDIZAJE_PRUEBA,240,1,2.0,ANDINA,14.0,HUILA,609.0,NEIVA,9133.0,UNIVERSIDAD SURCOLOMBIANA,9133.0,UNIVERSIDAD SURCOLOMBIANA-NEIVA,14.0,MEDICINA,,,1887.0,MEDICINA,ATENCIÓN EN SALUD,34.0,,,,,,,,,,"Integra el proceso de sistematización de la información, relacionada con la salud del individuo, la familia y la comunidad en la priorización de acciones. ",39.0,2025
SABER PRO - 2025,PROGRAMA_ACÁDEMICO,APRENDIZAJE_PRUEBA,360,1,2.0,ANDINA,14.0,HUILA,609.0,NEIVA,9133.0,UNIVERSIDAD SURCOLOMBIANA,9133.0,UNIVERSIDAD SURCOLOMBIANA-NEIVA,14.0,MEDICINA,,,1887.0,MEDICINA,ATENCIÓN EN SALUD,34.0,,,,,,,,,,"Analiza los determinantes personales, sociales, económicos y ambientales que influyen en el estado de salud del individuo, la familia y la comunidad, para la priorización de acciones a seguir.",38.0,2025
SABER PRO - 2025,PROGRAMA_ACÁDEMICO,APRENDIZAJE_PRUEBA,990,1,2.0,ANDINA,14.0,HUILA,609.0,NEIVA,9133.0,UNIVERSIDAD SURCOLOMBIANA,9133.0,UNIVERSIDAD SURCOLOMBIANA-NEIVA,14.0,MEDICINA,,,1887.0,MEDICINA,FUNDAMENTACIÓN EN DIAGNÓSTICO Y TRATAMIENTO MÉDICOS,34.0,,,,,,,,,,"Determina la situación de salud o enfermedad de niños, jóvenes y adultos (hombres y mujeres), a partir de casos clínicos de común ocurrencia en la práctica de los médicos generales.",48.0,2025
SABER PRO - 2025,PROGRAMA_ACÁDEMICO,APRENDIZAJE_PRUEBA,646,1,2.0,ANDINA,14.0,HUILA,609.0,NEIVA,9133.0,UNIVERSIDAD SURCOLOMBIANA,9133.0,UNIVERSIDAD SURCOLOMBIANA-NEIVA,14.0,MEDICINA,,,1887.0,MEDICINA,RAZONAMIENTO CUANTITATIVO,1.0,,,,,,,,,,"Frente a un problema que involucre información cuantitativa, plantea e implementa estrategias que lleven a soluciones adecuadas.",43.0,2025
SABER PRO - 2025,PROGRAMA_ACÁDEMICO,APRENDIZAJE_PRUEBA,402,1,2.0,ANDINA,14.0,HUILA,609.0,NEIVA,9133.0,UNIVERSIDAD SURCOLOMBIANA,9133.0,UNIVERSIDAD SURCOLOMBIANA-NEIVA,14.0,MEDICINA,,,1887.0,MEDICINA,COMPETENCIAS CIUDADANAS,1.0,,,,,,,,,,Comprende que los problemas y sus soluciones involucran distintas dimensiones y reconoce relaciones entre estas. ,34.0,2025
SABER PRO - 2025,PROGRAMA_ACÁDEMICO,APRENDIZAJE_PRUEBA,402,1,2.0,ANDINA,14.0,HUILA,609.0,NEIVA,9133.0,UNIVERSIDAD SURCOLOMBIANA,9133.0,UNIVERSIDAD SURCOLOMBIANA-NEIVA,14.0,MEDICINA,,,1887.0,MEDICINA,COMPETENCIAS CIUDADANAS,1.0,,,,,,,,,,Analiza y evalúa la pertinencia y solidez de enunciados-discursos.,34.0,2025
SABER PRO - 2025,PROGRAMA_ACÁDEMICO,APRENDIZAJE_PRUEBA,300,1,2.0,ANDINA,14.0,HUILA,609.0,NEIVA,9133.0,UNIVERSIDAD SURCOLOMBIANA,9133.0,UNIVERSIDAD SURCOLOMBIANA-NEIVA,14.0,MEDICINA,,,1887.0,MEDICINA,PROMOCIÓN DE LA SALUD Y PREVENCIÓN DE LA ENFERMEDAD,34.0,,,,,,,,,,"Integra los conceptos básicos de promoción de la salud que le permiten priorizar acciones por seguir, de acuerdo con las condiciones de salud de las poblaciones.",47.0,2025
SABER PRO - 2025,PROGRAMA_ACÁDEMICO,APRENDIZAJE_PRUEBA,201,1,2.0,ANDINA,14.0,HUILA,609.0,NEIVA,9133.0,UNIVERSIDAD SURCOLOMBIANA,9133.0,UNIVERSIDAD SURCOLOMBIANA-NEIVA,14.0,MEDICINA,,,1887.0,MEDICINA,COMPETENCIAS CIUDADANAS,1.0,,,,,,,,,,Comprende qué es la Constitución Política de Colombia y sus principios fundamentales.,36.0,2025
SABER PRO - 2025,PROGRAMA_ACÁDEMICO,APRENDIZAJE_PRUEBA,690,1,2.0,ANDINA,14.0,HUILA,609.0,NEIVA,9133.0,UNIVERSIDAD SURCOLOMBIANA,9133.0,UNIVERSIDAD SURCOLOMBIANA-NEIVA,14.0,MEDICINA,,,1887.0,MEDICINA,FUNDAMENTACIÓN EN DIAGNÓSTICO Y TRATAMIENTO MÉDICOS,34.0,,,,,,,,,,"Propone un plan de tratamiento de acuerdo con la situación del paciente, a partir de casos clínicos de común ocurrencia en la práctica de los médicos generales.",60.0,2025
SABER PRO - 2025,PROGRAMA_ACÁDEMICO,APRENDIZAJE_PRUEBA,719,1,2.0,ANDINA,14.0,HUILA,609.0,NEIVA,9133.0,UNIVERSIDAD SURCOLOMBIANA,9133.0,UNIVERSIDAD SURCOLOMBIANA-NEIVA,14.0,MEDICINA,,,1887.0,MEDICINA,LECTURA CRÍTICA,1.0,,,,,,,,,,Reflexiona a partir de un texto y evalúa su contenido.,34.0,2025
SABER PRO - 2025,PROGRAMA_ACÁDEMICO,APRENDIZAJE_PRUEBA,804,1,2.0,ANDINA,14.0,HUILA,609.0,NEIVA,9133.0,UNIVERSIDAD SURCOLOMBIANA,9133.0,UNIVERSIDAD SURCOLOMBIANA-NEIVA,14.0,MEDICINA,,,1887.0,MEDICINA,LECTURA CRÍTICA,1.0,,,,,,,,,,Comprende cómo se articulan las partes de un texto para darle un sentido global.,35.0,2025
SABER PRO - 2025,PROGRAMA_ACÁDEMICO,APRENDIZAJE_PRUEBA,181,1,2.0,ANDINA,14.0,HUILA,609.0,NEIVA,9133.0,UNIVERSIDAD SURCOLOMBIANA,9133.0,UNIVERSIDAD SURCOLOMBIANA-NEIVA,14.0,MEDICINA,,,1887.0,MEDICINA,COMPETENCIAS CIUDADANAS,1.0,,,,,,,,,,Conoce los derechos y deberes que la Constitución consagra.,28.0,2025
SABER PRO - 2025,PROGRAMA_ACÁDEMICO,APRENDIZAJE_PRUEBA,301,1,2.0,ANDINA,14.0,HUILA,609.0,NEIVA,9133.0,UNIVERSIDAD SURCOLOMBIANA,9133.0,UNIVERSIDAD SURCOLOMBIANA-NEIVA,14.0,MEDICINA,,,1887.0,MEDICINA,COMPETENCIAS CIUDADANAS,1.0,,,,,,,,,,Reconoce la existencia de diferentes perspectivas en situaciones en donde interactúan diferentes partes.,32.0,2025
SABER PRO - 2025,PROGRAMA_ACÁDEMICO,APRENDIZAJE_PRUEBA,864,1,2.0,ANDINA,14.0,HUILA,609.0,NEIVA,19502.0,FUNDACION UNIVERSITARIA NAVARRA - UNINAVARRA,19502.0,FUNDACION UNIVERSITARIA NAVARRA - UNINAVARRA-NEIVA,14.0,MEDICINA,,,8009.0,MEDICINA,PROMOCIÓN DE LA SALUD Y PREVENCIÓN DE LA ENFERMEDAD,34.0,,,,,,,,,,"Integra los conceptos básicos de prevención de la enfermedad, que le permita la priorización de las acciones  por seguir  de  acuerdo con las condiciones de salud de las poblaciones.",45.0,2025
SABER PRO - 2025,PROGRAMA_ACÁDEMICO,APRENDIZAJE_PRUEBA,819,1,2.0,ANDINA,14.0,HUILA,609.0,NEIVA,19502.0,FUNDACION UNIVERSITARIA NAVARRA - UNINAVARRA,19502.0,FUNDACION UNIVERSITARIA NAVARRA - UNINAVARRA-NEIVA,14.0,MEDICINA,,,8009.0,MEDICINA,LECTURA CRÍTICA,1.0,,,,,,,,,,Reflexiona a partir de un texto y evalúa su contenido.,47.0,2025
SABER PRO - 2025,PROGRAMA_ACÁDEMICO,APRENDIZAJE_PRUEBA,924,1,2.0,ANDINA,14.0,HUILA,609.0,NEIVA,19502.0,FUNDACION UNIVERSITARIA NAVARRA - UNINAVARRA,19502.0,FUNDACION UNIVERSITARIA NAVARRA - UNINAVARRA-NEIVA,14.0,MEDICINA,,,8009.0,MEDICINA,LECTURA CRÍTICA,1.0,,,,,,,,,,Comprende cómo se articulan las partes de un texto para darle un sentido global.,51.0,2025
SABER PRO - 2025,PROGRAMA_ACÁDEMICO,APRENDIZAJE_PRUEBA,1188,1,2.0,ANDINA,14.0,HUILA,609.0,NEIVA,19502.0,FUNDACION UNIVERSITARIA NAVARRA - UNINAVARRA,19502.0,FUNDACION UNIVERSITARIA NAVARRA - UNINAVARRA-NEIVA,14.0,MEDICINA,,,8009.0,MEDICINA,FUNDAMENTACIÓN EN DIAGNÓSTICO Y TRATAMIENTO MÉDICOS,34.0,,,,,,,,,,"Determina la situación de salud o enfermedad de niños, jóvenes y adultos (hombres y mujeres), a partir de casos clínicos de común ocurrencia en la práctica de los médicos generales.",58.0,2025
SABER PRO - 2025,PROGRAMA_ACÁDEMICO,APRENDIZAJE_PRUEBA,231,1,2.0,ANDINA,14.0,HUILA,609.0,NEIVA,19502.0,FUNDACION UNIVERSITARIA NAVARRA - UNINAVARRA,19502.0,FUNDACION UNIVERSITARIA NAVARRA - UNINAVARRA-NEIVA,14.0,MEDICINA,,,8009.0,MEDICINA,COMPETENCIAS CIUDADANAS,1.0,,,,,,,,,,Comprende qué es la Constitución Política de Colombia y sus principios fundamentales.,55.0,2025
SABER PRO - 2025,PROGRAMA_ACÁDEMICO,APRENDIZAJE_PRUEBA,288,1,2.0,ANDINA,14.0,HUILA,609.0,NEIVA,19502.0,FUNDACION UNIVERSITARIA NAVARRA - UNINAVARRA,19502.0,FUNDACION UNIVERSITARIA NAVARRA - UNINAVARRA-NEIVA,14.0,MEDICINA,,,8009.0,MEDICINA,ATENCIÓN EN SALUD,34.0,,,,,,,,,,"Integra el proceso de sistematización de la información, relacionada con la salud del individuo, la familia y la comunidad en la priorización de acciones. ",55.0,2025
SABER PRO - 2025,PROGRAMA_ACÁDEMICO,APRENDIZAJE_PRUEBA,335,1,2.0,ANDINA,14.0,HUILA,609.0,NEIVA,19502.0,FUNDACION UNIVERSITARIA NAVARRA - UNINAVARRA,19502.0,FUNDACION UNIVERSITARIA NAVARRA - UNINAVARRA-NEIVA,14.0,MEDICINA,,,8009.0,MEDICINA,COMPETENCIAS CIUDADANAS,1.0,,,,,,,,,,Reconoce la existencia de diferentes perspectivas en situaciones en donde interactúan diferentes partes.,46.0,2025
SABER PRO - 2025,PROGRAMA_ACÁDEMICO,APRENDIZAJE_PRUEBA,205,1,2.0,ANDINA,14.0,HUILA,609.0,NEIVA,19502.0,FUNDACION UNIVERSITARIA NAVARRA - UNINAVARRA,19502.0,FUNDACION UNIVERSITARIA NAVARRA - UNINAVARRA-NEIVA,14.0,MEDICINA,,,8009.0,MEDICINA,COMPETENCIAS CIUDADANAS,1.0,,,,,,,,,,Conoce los derechos y deberes que la Constitución consagra.,46.0,2025
SABER PRO - 2025,PROGRAMA_ACÁDEMICO,APRENDIZAJE_PRUEBA,764,1,2.0,ANDINA,14.0,HUILA,609.0,NEIVA,19502.0,FUNDACION UNIVERSITARIA NAVARRA - UNINAVARRA,19502.0,FUNDACION UNIVERSITARIA NAVARRA - UNINAVARRA-NEIVA,14.0,MEDICINA,,,8009.0,MEDICINA,RAZONAMIENTO CUANTITATIVO,1.0,,,,,,,,,,Comprende y transforma la información cuantitativa y esquemática presentada en distintos formatos ,39.0,2025
SABER PRO - 2025,PROGRAMA_ACÁDEMICO,APRENDIZAJE_PRUEBA,358,1,2.0,ANDINA,14.0,HUILA,609.0,NEIVA,19502.0,FUNDACION UNIVERSITARIA NAVARRA - UNINAVARRA,19502.0,FUNDACION UNIVERSITARIA NAVARRA - UNINAVARRA-NEIVA,14.0,MEDICINA,,,8009.0,MEDICINA,COMPETENCIAS CIUDADANAS,1.0,,,,,,,,,,Analiza las diferentes perspectivas presentes en situaciones en donde interactúan diferentes partes.,54.0,2025
SABER PRO - 2025,PROGRAMA_ACÁDEMICO,APRENDIZAJE_PRUEBA,360,1,2.0,ANDINA,14.0,HUILA,609.0,NEIVA,19502.0,FUNDACION UNIVERSITARIA NAVARRA - UNINAVARRA,19502.0,FUNDACION UNIVERSITARIA NAVARRA - UNINAVARRA-NEIVA,14.0,MEDICINA,,,8009.0,MEDICINA,PROMOCIÓN DE LA SALUD Y PREVENCIÓN DE LA ENFERMEDAD,34.0,,,,,,,,,,"Integra los conceptos básicos de promoción de la salud que le permiten priorizar acciones por seguir, de acuerdo con las condiciones de salud de las poblaciones.",59.0,2025
SABER PRO - 2025,PROGRAMA_ACÁDEMICO,APRENDIZAJE_PRUEBA,724,1,2.0,ANDINA,14.0,HUILA,609.0,NEIVA,19502.0,FUNDACION UNIVERSITARIA NAVARRA - UNINAVARRA,19502.0,FUNDACION UNIVERSITARIA NAVARRA - UNINAVARRA-NEIVA,14.0,MEDICINA,,,8009.0,MEDICINA,RAZONAMIENTO CUANTITATIVO,1.0,,,,,,,,,,"Frente a un problema que involucre información cuantitativa, plantea e implementa estrategias que lleven a soluciones adecuadas.",53.0,2025
SABER PRO - 2025,PROGRAMA_ACÁDEMICO,APRENDIZAJE_PRUEBA,288,1,2.0,ANDINA,14.0,HUILA,609.0,NEIVA,19502.0,FUNDACION UNIVERSITARIA NAVARRA - UNINAVARRA,19502.0,FUNDACION UNIVERSITARIA NAVARRA - UNINAVARRA-NEIVA,14.0,MEDICINA,,,8009.0,MEDICINA,ATENCIÓN EN SALUD,34.0,,,,,,,,,,"Reconoce la política y la normatividad nacional y los acuerdos internacionales suscritos por el Estado colombiano, relacionados con salud pública y los aplica en situaciones concretas que afectan la salud del individuo, la familia y la comunidad.",51.0,2025
SABER PRO - 2025,PROGRAMA_ACÁDEMICO,APRENDIZAJE_PRUEBA,567,1,2.0,ANDINA,14.0,HUILA,609.0,NEIVA,19502.0,FUNDACION UNIVERSITARIA NAVARRA - UNINAVARRA,19502.0,FUNDACION UNIVERSITARIA NAVARRA - UNINAVARRA-NEIVA,14.0,MEDICINA,,,8009.0,MEDICINA,LECTURA CRÍTICA,1.0,,,,,,,,,,Identifica y entiende los contenidos locales que conforman un texto. ,34.0,2025
SABER PRO - 2025,PROGRAMA_ACÁDEMICO,APRENDIZAJE_PRUEBA,432,1,2.0,ANDINA,14.0,HUILA,609.0,NEIVA,19502.0,FUNDACION UNIVERSITARIA NAVARRA - UNINAVARRA,19502.0,FUNDACION UNIVERSITARIA NAVARRA - UNINAVARRA-NEIVA,14.0,MEDICINA,,,8009.0,MEDICINA,ATENCIÓN EN SALUD,34.0,,,,,,,,,,"Analiza los determinantes personales, sociales, económicos y ambientales que influyen en el estado de salud del individuo, la familia y la comunidad, para la priorización de acciones a seguir.",55.0,2025
SABER PRO - 2025,PROGRAMA_ACÁDEMICO,APRENDIZAJE_PRUEBA,432,1,2.0,ANDINA,14.0,HUILA,609.0,NEIVA,19502.0,FUNDACION UNIVERSITARIA NAVARRA - UNINAVARRA,19502.0,FUNDACION UNIVERSITARIA NAVARRA - UNINAVARRA-NEIVA,14.0,MEDICINA,,,8009.0,MEDICINA,ATENCIÓN EN SALUD,34.0,,,,,,,,,,"Propone acciones de diagnóstico, ejecución y evaluación en el marco de políticas y lineamientos en salud vigentes.",56.0,2025
SABER PRO - 2025,PROGRAMA_ACÁDEMICO,APRENDIZAJE_PRUEBA,822,1,2.0,ANDINA,14.0,HUILA,609.0,NEIVA,19502.0,FUNDACION UNIVERSITARIA NAVARRA - UNINAVARRA,19502.0,FUNDACION UNIVERSITARIA NAVARRA - UNINAVARRA-NEIVA,14.0,MEDICINA,,,8009.0,MEDICINA,RAZONAMIENTO CUANTITATIVO,1.0,,,,,,,,,,Valida procedimientos y  estrategias matemáticas utilizadas para dar solución a problemas.,51.0,2025
SABER PRO - 2025,PROGRAMA_ACÁDEMICO,APRENDIZAJE_PRUEBA,462,1,2.0,ANDINA,14.0,HUILA,609.0,NEIVA,19502.0,FUNDACION UNIVERSITARIA NAVARRA - UNINAVARRA,19502.0,FUNDACION UNIVERSITARIA NAVARRA - UNINAVARRA-NEIVA,14.0,MEDICINA,,,8009.0,MEDICINA,COMPETENCIAS CIUDADANAS,1.0,,,,,,,,,,Comprende que los problemas y sus soluciones involucran distintas dimensiones y reconoce relaciones entre estas. ,47.0,2025
SABER PRO - 2025,PROGRAMA_ACÁDEMICO,APRENDIZAJE_PRUEBA,462,1,2.0,ANDINA,14.0,HUILA,609.0,NEIVA,19502.0,FUNDACION UNIVERSITARIA NAVARRA - UNINAVARRA,19502.0,FUNDACION UNIVERSITARIA NAVARRA - UNINAVARRA-NEIVA,14.0,MEDICINA,,,8009.0,MEDICINA,COMPETENCIAS CIUDADANAS,1.0,,,,,,,,,,Analiza y evalúa la pertinencia y solidez de enunciados-discursos.,45.0,2025
SABER PRO - 2025,PROGRAMA_ACÁDEMICO,APRENDIZAJE_PRUEBA,828,1,2.0,ANDINA,14.0,HUILA,609.0,NEIVA,19502.0,FUNDACION UNIVERSITARIA NAVARRA - UNINAVARRA,19502.0,FUNDACION UNIVERSITARIA NAVARRA - UNINAVARRA-NEIVA,14.0,MEDICINA,,,8009.0,MEDICINA,FUNDAMENTACIÓN EN DIAGNÓSTICO Y TRATAMIENTO MÉDICOS,34.0,,,,,,,,,,"Propone un plan de tratamiento de acuerdo con la situación del paciente, a partir de casos clínicos de común ocurrencia en la práctica de los médicos generales.",70.0,2025
SABER PRO - 2025,PROGRAMA_ACÁDEMICO,APRENDIZAJE_PRUEBA,231,1,2.0,ANDINA,14.0,HUILA,609.0,NEIVA,19502.0,FUNDACION UNIVERSITARIA NAVARRA - UNINAVARRA,19502.0,FUNDACION UNIVERSITARIA NAVARRA - UNINAVARRA-NEIVA,14.0,MEDICINA,,,8009.0,MEDICINA,COMPETENCIAS CIUDADANAS,1.0,,,,,,,,,,Conoce la organización del Estado de acuerdo con la Constitución.,39.0,2025
SABER PRO - 2025,PROGRAMA_ACÁDEMICO,APRENDIZAJE_PRUEBA,732,1,2.0,ANDINA,16.0,MAGDALENA,661.0,SANTA MARTA,9065.0,UNIVERSIDAD COOPERATIVA DE COLOMBIA,9137.0,UNIVERSIDAD COOPERATIVA DE COLOMBIA-SANTA MARTA,14.0,MEDICINA,,,571.0,MEDICINA,COMPETENCIAS CIUDADANAS,1.0,,,,,,,,,,Comprende que los problemas y sus soluciones involucran distintas dimensiones y reconoce relaciones entre estas. ,40.0,2025
SABER PRO - 2025,PROGRAMA_ACÁDEMICO,APRENDIZAJE_PRUEBA,1416,1,2.0,ANDINA,16.0,MAGDALENA,661.0,SANTA MARTA,9065.0,UNIVERSIDAD COOPERATIVA DE COLOMBIA,9137.0,UNIVERSIDAD COOPERATIVA DE COLOMBIA-SANTA MARTA,14.0,MEDICINA,,,571.0,MEDICINA,ATENCIÓN EN SALUD,34.0,,,,,,,,,,"Propone acciones de diagnóstico, ejecución y evaluación en el marco de políticas y lineamientos en salud vigentes.",55.0,2025
SABER PRO - 2025,PROGRAMA_ACÁDEMICO,APRENDIZAJE_PRUEBA,642,1,2.0,ANDINA,16.0,MAGDALENA,661.0,SANTA MARTA,9065.0,UNIVERSIDAD COOPERATIVA DE COLOMBIA,9137.0,UNIVERSIDAD COOPERATIVA DE COLOMBIA-SANTA MARTA,14.0,MEDICINA,,,6517.0,MEDICINA,COMPETENCIAS CIUDADANAS,1.0,,,,,,,,,,Analiza y evalúa la pertinencia y solidez de enunciados-discursos.,41.0,2025
SABER PRO - 2025,PROGRAMA_ACÁDEMICO,APRENDIZAJE_PRUEBA,348,1,2.0,ANDINA,16.0,MAGDALENA,661.0,SANTA MARTA,9065.0,UNIVERSIDAD COOPERATIVA DE COLOMBIA,9137.0,UNIVERSIDAD COOPERATIVA DE COLOMBIA-SANTA MARTA,14.0,MEDICINA,,,4281.0,MEDICINA,COMPETENCIAS CIUDADANAS,1.0,,,,,,,,,,Conoce la organización del Estado de acuerdo con la Constitución.,29.0,2025
SABER PRO - 2025,PROGRAMA_ACÁDEMICO,APRENDIZAJE_PRUEBA,1252,1,2.0,ANDINA,16.0,MAGDALENA,661.0,SANTA MARTA,9065.0,UNIVERSIDAD COOPERATIVA DE COLOMBIA,9137.0,UNIVERSIDAD COOPERATIVA DE COLOMBIA-SANTA MARTA,14.0,MEDICINA,,,4281.0,MEDICINA,RAZONAMIENTO CUANTITATIVO,1.0,,,,,,,,,,Valida procedimientos y  estrategias matemáticas utilizadas para dar solución a problemas.,53.0,2025
SABER PRO - 2025,PROGRAMA_ACÁDEMICO,APRENDIZAJE_PRUEBA,642,1,2.0,ANDINA,16.0,MAGDALENA,661.0,SANTA MARTA,9065.0,UNIVERSIDAD COOPERATIVA DE COLOMBIA,9137.0,UNIVERSIDAD COOPERATIVA DE COLOMBIA-SANTA MARTA,14.0,MEDICINA,,,6517.0,MEDICINA,COMPETENCIAS CIUDADANAS,1.0,,,,,,,,,,Comprende que los problemas y sus soluciones involucran distintas dimensiones y reconoce relaciones entre estas. ,43.0,2025
SABER PRO - 2025,PROGRAMA_ACÁDEMICO,APRENDIZAJE_PRUEBA,432,1,2.0,ANDINA,16.0,MAGDALENA,661.0,SANTA MARTA,9065.0,UNIVERSIDAD COOPERATIVA DE COLOMBIA,9137.0,UNIVERSIDAD COOPERATIVA DE COLOMBIA-SANTA MARTA,14.0,MEDICINA,,,6517.0,MEDICINA,ATENCIÓN EN SALUD,34.0,,,,,,,,,,"Reconoce la política y la normatividad nacional y los acuerdos internacionales suscritos por el Estado colombiano, relacionados con salud pública y los aplica en situaciones concretas que afectan la salud del individuo, la familia y la comunidad.",42.0,2025
SABER PRO - 2025,PROGRAMA_ACÁDEMICO,APRENDIZAJE_PRUEBA,2784,1,2.0,ANDINA,16.0,MAGDALENA,661.0,SANTA MARTA,9065.0,UNIVERSIDAD COOPERATIVA DE COLOMBIA,9137.0,UNIVERSIDAD COOPERATIVA DE COLOMBIA-SANTA MARTA,14.0,MEDICINA,,,4281.0,MEDICINA,PROMOCIÓN DE LA SALUD Y PREVENCIÓN DE LA ENFERMEDAD,34.0,,,,,,,,,,"Integra los conceptos básicos de prevención de la enfermedad, que le permita la priorización de las acciones  por seguir  de  acuerdo con las condiciones de salud de las poblaciones.",40.0,2025
SABER PRO - 2025,PROGRAMA_ACÁDEMICO,APRENDIZAJE_PRUEBA,3894,1,2.0,ANDINA,16.0,MAGDALENA,661.0,SANTA MARTA,9065.0,UNIVERSIDAD COOPERATIVA DE COLOMBIA,9137.0,UNIVERSIDAD COOPERATIVA DE COLOMBIA-SANTA MARTA,14.0,MEDICINA,,,571.0,MEDICINA,FUNDAMENTACIÓN EN DIAGNÓSTICO Y TRATAMIENTO MÉDICOS,34.0,,,,,,,,,,"Determina la situación de salud o enfermedad de niños, jóvenes y adultos (hombres y mujeres), a partir de casos clínicos de común ocurrencia en la práctica de los médicos generales.",56.0,2025
SABER PRO - 2025,PROGRAMA_ACÁDEMICO,APRENDIZAJE_PRUEBA,944,1,2.0,ANDINA,16.0,MAGDALENA,661.0,SANTA MARTA,9065.0,UNIVERSIDAD COOPERATIVA DE COLOMBIA,9137.0,UNIVERSIDAD COOPERATIVA DE COLOMBIA-SANTA MARTA,14.0,MEDICINA,,,571.0,MEDICINA,ATENCIÓN EN SALUD,34.0,,,,,,,,,,"Reconoce la política y la normatividad nacional y los acuerdos internacionales suscritos por el Estado colombiano, relacionados con salud pública y los aplica en situaciones concretas que afectan la salud del individuo, la familia y la comunidad.",44.0,2025
SABER PRO - 2025,PROGRAMA_ACÁDEMICO,APRENDIZAJE_PRUEBA,1464,1,2.0,ANDINA,16.0,MAGDALENA,661.0,SANTA MARTA,9065.0,UNIVERSIDAD COOPERATIVA DE COLOMBIA,9137.0,UNIVERSIDAD COOPERATIVA DE COLOMBIA-SANTA MARTA,14.0,MEDICINA,,,571.0,MEDICINA,LECTURA CRÍTICA,1.0,,,,,,,,,,Comprende cómo se articulan las partes de un texto para darle un sentido global.,46.0,2025
SABER PRO - 2025,PROGRAMA_ACÁDEMICO,APRENDIZAJE_PRUEBA,1068,1,2.0,ANDINA,16.0,MAGDALENA,661.0,SANTA MARTA,9065.0,UNIVERSIDAD COOPERATIVA DE COLOMBIA,9137.0,UNIVERSIDAD COOPERATIVA DE COLOMBIA-SANTA MARTA,14.0,MEDICINA,,,4281.0,MEDICINA,RAZONAMIENTO CUANTITATIVO,1.0,,,,,,,,,,"Frente a un problema que involucre información cuantitativa, plantea e implementa estrategias que lleven a soluciones adecuadas.",58.0,2025
SABER PRO - 2025,PROGRAMA_ACÁDEMICO,APRENDIZAJE_PRUEBA,321,1,2.0,ANDINA,16.0,MAGDALENA,661.0,SANTA MARTA,9065.0,UNIVERSIDAD COOPERATIVA DE COLOMBIA,9137.0,UNIVERSIDAD COOPERATIVA DE COLOMBIA-SANTA MARTA,14.0,MEDICINA,,,6517.0,MEDICINA,COMPETENCIAS CIUDADANAS,1.0,,,,,,,,,,Comprende qué es la Constitución Política de Colombia y sus principios fundamentales.,44.0,2025
SABER PRO - 2025,PROGRAMA_ACÁDEMICO,APRENDIZAJE_PRUEBA,1054,1,2.0,ANDINA,16.0,MAGDALENA,661.0,SANTA MARTA,9065.0,UNIVERSIDAD COOPERATIVA DE COLOMBIA,9137.0,UNIVERSIDAD COOPERATIVA DE COLOMBIA-SANTA MARTA,14.0,MEDICINA,,,6517.0,MEDICINA,RAZONAMIENTO CUANTITATIVO,1.0,,,,,,,,,,Comprende y transforma la información cuantitativa y esquemática presentada en distintos formatos ,32.0,2025
SABER PRO - 2025,PROGRAMA_ACÁDEMICO,APRENDIZAJE_PRUEBA,786,1,2.0,ANDINA,16.0,MAGDALENA,661.0,SANTA MARTA,9065.0,UNIVERSIDAD COOPERATIVA DE COLOMBIA,9137.0,UNIVERSIDAD COOPERATIVA DE COLOMBIA-SANTA MARTA,14.0,MEDICINA,,,6517.0,MEDICINA,LECTURA CRÍTICA,1.0,,,,,,,,,,Identifica y entiende los contenidos locales que conforman un texto. ,27.0,2025
SABER PRO - 2025,PROGRAMA_ACÁDEMICO,APRENDIZAJE_PRUEBA,648,1,2.0,ANDINA,16.0,MAGDALENA,661.0,SANTA MARTA,9065.0,UNIVERSIDAD COOPERATIVA DE COLOMBIA,9137.0,UNIVERSIDAD COOPERATIVA DE COLOMBIA-SANTA MARTA,14.0,MEDICINA,,,6517.0,MEDICINA,ATENCIÓN EN SALUD,34.0,,,,,,,,,,"Analiza los determinantes personales, sociales, económicos y ambientales que influyen en el estado de salud del individuo, la familia y la comunidad, para la priorización de acciones a seguir.",45.0,2025
SABER PRO - 2025,PROGRAMA_ACÁDEMICO,APRENDIZAJE_PRUEBA,1252,1,2.0,ANDINA,16.0,MAGDALENA,661.0,SANTA MARTA,9065.0,UNIVERSIDAD COOPERATIVA DE COLOMBIA,9137.0,UNIVERSIDAD COOPERATIVA DE COLOMBIA-SANTA MARTA,14.0,MEDICINA,,,4281.0,MEDICINA,LECTURA CRÍTICA,1.0,,,,,,,,,,Reflexiona a partir de un texto y evalúa su contenido.,44.0,2025
SABER PRO - 2025,PROGRAMA_ACÁDEMICO,APRENDIZAJE_PRUEBA,540,1,2.0,ANDINA,16.0,MAGDALENA,661.0,SANTA MARTA,9065.0,UNIVERSIDAD COOPERATIVA DE COLOMBIA,9137.0,UNIVERSIDAD COOPERATIVA DE COLOMBIA-SANTA MARTA,14.0,MEDICINA,,,6517.0,MEDICINA,PROMOCIÓN DE LA SALUD Y PREVENCIÓN DE LA ENFERMEDAD,34.0,,,,,,,,,,"Integra los conceptos básicos de promoción de la salud que le permiten priorizar acciones por seguir, de acuerdo con las condiciones de salud de las poblaciones.",49.0,2025
SABER PRO - 2025,PROGRAMA_ACÁDEMICO,APRENDIZAJE_PRUEBA,278,1,2.0,ANDINA,16.0,MAGDALENA,661.0,SANTA MARTA,9065.0,UNIVERSIDAD COOPERATIVA DE COLOMBIA,9137.0,UNIVERSIDAD COOPERATIVA DE COLOMBIA-SANTA MARTA,14.0,MEDICINA,,,571.0,MEDICINA,COMPETENCIAS CIUDADANAS,1.0,,,,,,,,,,Conoce los derechos y deberes que la Constitución consagra.,40.0,2025
SABER PRO - 2025,PROGRAMA_ACÁDEMICO,APRENDIZAJE_PRUEBA,2832,1,2.0,ANDINA,16.0,MAGDALENA,661.0,SANTA MARTA,9065.0,UNIVERSIDAD COOPERATIVA DE COLOMBIA,9137.0,UNIVERSIDAD COOPERATIVA DE COLOMBIA-SANTA MARTA,14.0,MEDICINA,,,571.0,MEDICINA,PROMOCIÓN DE LA SALUD Y PREVENCIÓN DE LA ENFERMEDAD,34.0,,,,,,,,,,"Integra los conceptos básicos de prevención de la enfermedad, que le permita la priorización de las acciones  por seguir  de  acuerdo con las condiciones de salud de las poblaciones.",43.0,2025
SABER PRO - 2025,PROGRAMA_ACÁDEMICO,APRENDIZAJE_PRUEBA,1022,1,2.0,ANDINA,16.0,MAGDALENA,661.0,SANTA MARTA,9065.0,UNIVERSIDAD COOPERATIVA DE COLOMBIA,9137.0,UNIVERSIDAD COOPERATIVA DE COLOMBIA-SANTA MARTA,14.0,MEDICINA,,,6517.0,MEDICINA,RAZONAMIENTO CUANTITATIVO,1.0,,,,,,,,,,"Frente a un problema que involucre información cuantitativa, plantea e implementa estrategias que lleven a soluciones adecuadas.",53.0,2025
SABER PRO - 2025,PROGRAMA_ACÁDEMICO,APRENDIZAJE_PRUEBA,648,1,2.0,ANDINA,16.0,MAGDALENA,661.0,SANTA MARTA,9065.0,UNIVERSIDAD COOPERATIVA DE COLOMBIA,9137.0,UNIVERSIDAD COOPERATIVA DE COLOMBIA-SANTA MARTA,14.0,MEDICINA,,,6517.0,MEDICINA,ATENCIÓN EN SALUD,34.0,,,,,,,,,,"Propone acciones de diagnóstico, ejecución y evaluación en el marco de políticas y lineamientos en salud vigentes.",47.0,2025
SABER PRO - 2025,PROGRAMA_ACÁDEMICO,APRENDIZAJE_PRUEBA,1782,1,2.0,ANDINA,16.0,MAGDALENA,661.0,SANTA MARTA,9065.0,UNIVERSIDAD COOPERATIVA DE COLOMBIA,9137.0,UNIVERSIDAD COOPERATIVA DE COLOMBIA-SANTA MARTA,14.0,MEDICINA,,,6517.0,MEDICINA,FUNDAMENTACIÓN EN DIAGNÓSTICO Y TRATAMIENTO MÉDICOS,34.0,,,,,,,,,,"Determina la situación de salud o enfermedad de niños, jóvenes y adultos (hombres y mujeres), a partir de casos clínicos de común ocurrencia en la práctica de los médicos generales.",53.0,2025
SABER PRO - 2025,PROGRAMA_ACÁDEMICO,APRENDIZAJE_PRUEBA,517,1,2.0,ANDINA,16.0,MAGDALENA,661.0,SANTA MARTA,9065.0,UNIVERSIDAD COOPERATIVA DE COLOMBIA,9137.0,UNIVERSIDAD COOPERATIVA DE COLOMBIA-SANTA MARTA,14.0,MEDICINA,,,571.0,MEDICINA,COMPETENCIAS CIUDADANAS,1.0,,,,,,,,,,Reconoce la existencia de diferentes perspectivas en situaciones en donde interactúan diferentes partes.,43.0,2025
SABER PRO - 2025,PROGRAMA_ACÁDEMICO,APRENDIZAJE_PRUEBA,366,1,2.0,ANDINA,16.0,MAGDALENA,661.0,SANTA MARTA,9065.0,UNIVERSIDAD COOPERATIVA DE COLOMBIA,9137.0,UNIVERSIDAD COOPERATIVA DE COLOMBIA-SANTA MARTA,14.0,MEDICINA,,,571.0,MEDICINA,COMPETENCIAS CIUDADANAS,1.0,,,,,,,,,,Conoce la organización del Estado de acuerdo con la Constitución.,36.0,2025
SABER PRO - 2025,PROGRAMA_ACÁDEMICO,APRENDIZAJE_PRUEBA,1284,1,2.0,ANDINA,16.0,MAGDALENA,661.0,SANTA MARTA,9065.0,UNIVERSIDAD COOPERATIVA DE COLOMBIA,9137.0,UNIVERSIDAD COOPERATIVA DE COLOMBIA-SANTA MARTA,14.0,MEDICINA,,,6517.0,MEDICINA,LECTURA CRÍTICA,1.0,,,,,,,,,,Comprende cómo se articulan las partes de un texto para darle un sentido global.,45.0,2025
SABER PRO - 2025,PROGRAMA_ACÁDEMICO,APRENDIZAJE_PRUEBA,1160,1,2.0,ANDINA,16.0,MAGDALENA,661.0,SANTA MARTA,9065.0,UNIVERSIDAD COOPERATIVA DE COLOMBIA,9137.0,UNIVERSIDAD COOPERATIVA DE COLOMBIA-SANTA MARTA,14.0,MEDICINA,,,4281.0,MEDICINA,PROMOCIÓN DE LA SALUD Y PREVENCIÓN DE LA ENFERMEDAD,34.0,,,,,,,,,,"Integra los conceptos básicos de promoción de la salud que le permiten priorizar acciones por seguir, de acuerdo con las condiciones de salud de las poblaciones.",50.0,2025
SABER PRO - 2025,PROGRAMA_ACÁDEMICO,APRENDIZAJE_PRUEBA,928,1,2.0,ANDINA,16.0,MAGDALENA,661.0,SANTA MARTA,9065.0,UNIVERSIDAD COOPERATIVA DE COLOMBIA,9137.0,UNIVERSIDAD COOPERATIVA DE COLOMBIA-SANTA MARTA,14.0,MEDICINA,,,4281.0,MEDICINA,ATENCIÓN EN SALUD,34.0,,,,,,,,,,"Integra el proceso de sistematización de la información, relacionada con la salud del individuo, la familia y la comunidad en la priorización de acciones. ",50.0,2025
SABER PRO - 2025,PROGRAMA_ACÁDEMICO,APRENDIZAJE_PRUEBA,1314,1,2.0,ANDINA,16.0,MAGDALENA,661.0,SANTA MARTA,9065.0,UNIVERSIDAD COOPERATIVA DE COLOMBIA,9137.0,UNIVERSIDAD COOPERATIVA DE COLOMBIA-SANTA MARTA,14.0,MEDICINA,,,571.0,MEDICINA,RAZONAMIENTO CUANTITATIVO,1.0,,,,,,,,,,Valida procedimientos y  estrategias matemáticas utilizadas para dar solución a problemas.,54.0,2025
SABER PRO - 2025,PROGRAMA_ACÁDEMICO,APRENDIZAJE_PRUEBA,488,1,2.0,ANDINA,16.0,MAGDALENA,661.0,SANTA MARTA,9065.0,UNIVERSIDAD COOPERATIVA DE COLOMBIA,9137.0,UNIVERSIDAD COOPERATIVA DE COLOMBIA-SANTA MARTA,14.0,MEDICINA,,,4281.0,MEDICINA,COMPETENCIAS CIUDADANAS,1.0,,,,,,,,,,Reconoce la existencia de diferentes perspectivas en situaciones en donde interactúan diferentes partes.,42.0,2025
SABER PRO - 2025,PROGRAMA_ACÁDEMICO,APRENDIZAJE_PRUEBA,928,1,2.0,ANDINA,16.0,MAGDALENA,661.0,SANTA MARTA,9065.0,UNIVERSIDAD COOPERATIVA DE COLOMBIA,9137.0,UNIVERSIDAD COOPERATIVA DE COLOMBIA-SANTA MARTA,14.0,MEDICINA,,,4281.0,MEDICINA,ATENCIÓN EN SALUD,34.0,,,,,,,,,,"Reconoce la política y la normatividad nacional y los acuerdos internacionales suscritos por el Estado colombiano, relacionados con salud pública y los aplica en situaciones concretas que afectan la salud del individuo, la familia y la comunidad.",44.0,2025
SABER PRO - 2025,PROGRAMA_ACÁDEMICO,APRENDIZAJE_PRUEBA,1416,1,2.0,ANDINA,16.0,MAGDALENA,661.0,SANTA MARTA,9065.0,UNIVERSIDAD COOPERATIVA DE COLOMBIA,9137.0,UNIVERSIDAD COOPERATIVA DE COLOMBIA-SANTA MARTA,14.0,MEDICINA,,,571.0,MEDICINA,ATENCIÓN EN SALUD,34.0,,,,,,,,,,"Analiza los determinantes personales, sociales, económicos y ambientales que influyen en el estado de salud del individuo, la familia y la comunidad, para la priorización de acciones a seguir.",51.0,2025
SABER PRO - 2025,PROGRAMA_ACÁDEMICO,APRENDIZAJE_PRUEBA,581,1,2.0,ANDINA,16.0,MAGDALENA,661.0,SANTA MARTA,9065.0,UNIVERSIDAD COOPERATIVA DE COLOMBIA,9137.0,UNIVERSIDAD COOPERATIVA DE COLOMBIA-SANTA MARTA,14.0,MEDICINA,,,571.0,MEDICINA,COMPETENCIAS CIUDADANAS,1.0,,,,,,,,,,Analiza las diferentes perspectivas presentes en situaciones en donde interactúan diferentes partes.,57.0,2025
SABER PRO - 2025,PROGRAMA_ACÁDEMICO,APRENDIZAJE_PRUEBA,696,1,2.0,ANDINA,16.0,MAGDALENA,661.0,SANTA MARTA,9065.0,UNIVERSIDAD COOPERATIVA DE COLOMBIA,9137.0,UNIVERSIDAD COOPERATIVA DE COLOMBIA-SANTA MARTA,14.0,MEDICINA,,,4281.0,MEDICINA,COMPETENCIAS CIUDADANAS,1.0,,,,,,,,,,Analiza y evalúa la pertinencia y solidez de enunciados-discursos.,49.0,2025
SABER PRO - 2025,PROGRAMA_ACÁDEMICO,APRENDIZAJE_PRUEBA,1392,1,2.0,ANDINA,16.0,MAGDALENA,661.0,SANTA MARTA,9065.0,UNIVERSIDAD COOPERATIVA DE COLOMBIA,9137.0,UNIVERSIDAD COOPERATIVA DE COLOMBIA-SANTA MARTA,14.0,MEDICINA,,,4281.0,MEDICINA,ATENCIÓN EN SALUD,34.0,,,,,,,,,,"Analiza los determinantes personales, sociales, económicos y ambientales que influyen en el estado de salud del individuo, la familia y la comunidad, para la priorización de acciones a seguir.",49.0,2025
SABER PRO - 2025,PROGRAMA_ACÁDEMICO,APRENDIZAJE_PRUEBA,1296,1,2.0,ANDINA,16.0,MAGDALENA,661.0,SANTA MARTA,9065.0,UNIVERSIDAD COOPERATIVA DE COLOMBIA,9137.0,UNIVERSIDAD COOPERATIVA DE COLOMBIA-SANTA MARTA,14.0,MEDICINA,,,6517.0,MEDICINA,PROMOCIÓN DE LA SALUD Y PREVENCIÓN DE LA ENFERMEDAD,34.0,,,,,,,,,,"Integra los conceptos básicos de prevención de la enfermedad, que le permita la priorización de las acciones  por seguir  de  acuerdo con las condiciones de salud de las poblaciones.",39.0,2025
SABER PRO - 2025,PROGRAMA_ACÁDEMICO,APRENDIZAJE_PRUEBA,1134,1,2.0,ANDINA,16.0,MAGDALENA,661.0,SANTA MARTA,9065.0,UNIVERSIDAD COOPERATIVA DE COLOMBIA,9137.0,UNIVERSIDAD COOPERATIVA DE COLOMBIA-SANTA MARTA,14.0,MEDICINA,,,6517.0,MEDICINA,RAZONAMIENTO CUANTITATIVO,1.0,,,,,,,,,,Valida procedimientos y  estrategias matemáticas utilizadas para dar solución a problemas.,46.0,2025
SABER PRO - 2025,PROGRAMA_ACÁDEMICO,APRENDIZAJE_PRUEBA,2668,1,2.0,ANDINA,16.0,MAGDALENA,661.0,SANTA MARTA,9065.0,UNIVERSIDAD COOPERATIVA DE COLOMBIA,9137.0,UNIVERSIDAD COOPERATIVA DE COLOMBIA-SANTA MARTA,14.0,MEDICINA,,,4281.0,MEDICINA,FUNDAMENTACIÓN EN DIAGNÓSTICO Y TRATAMIENTO MÉDICOS,34.0,,,,,,,,,,"Propone un plan de tratamiento de acuerdo con la situación del paciente, a partir de casos clínicos de común ocurrencia en la práctica de los médicos generales.",66.0,2025
SABER PRO - 2025,PROGRAMA_ACÁDEMICO,APRENDIZAJE_PRUEBA,269,1,2.0,ANDINA,16.0,MAGDALENA,661.0,SANTA MARTA,9065.0,UNIVERSIDAD COOPERATIVA DE COLOMBIA,9137.0,UNIVERSIDAD COOPERATIVA DE COLOMBIA-SANTA MARTA,14.0,MEDICINA,,,4281.0,MEDICINA,COMPETENCIAS CIUDADANAS,1.0,,,,,,,,,,Conoce los derechos y deberes que la Constitución consagra.,42.0,2025
SABER PRO - 2025,PROGRAMA_ACÁDEMICO,APRENDIZAJE_PRUEBA,468,1,2.0,ANDINA,16.0,MAGDALENA,661.0,SANTA MARTA,9065.0,UNIVERSIDAD COOPERATIVA DE COLOMBIA,9137.0,UNIVERSIDAD COOPERATIVA DE COLOMBIA-SANTA MARTA,14.0,MEDICINA,,,6517.0,MEDICINA,COMPETENCIAS CIUDADANAS,1.0,,,,,,,,,,Reconoce la existencia de diferentes perspectivas en situaciones en donde interactúan diferentes partes.,46.0,2025
SABER PRO - 2025,PROGRAMA_ACÁDEMICO,APRENDIZAJE_PRUEBA,1127,1,2.0,ANDINA,16.0,MAGDALENA,661.0,SANTA MARTA,9065.0,UNIVERSIDAD COOPERATIVA DE COLOMBIA,9137.0,UNIVERSIDAD COOPERATIVA DE COLOMBIA-SANTA MARTA,14.0,MEDICINA,,,571.0,MEDICINA,RAZONAMIENTO CUANTITATIVO,1.0,,,,,,,,,,"Frente a un problema que involucre información cuantitativa, plantea e implementa estrategias que lleven a soluciones adecuadas.",57.0,2025
SABER PRO - 2025,PROGRAMA_ACÁDEMICO,APRENDIZAJE_PRUEBA,1392,1,2.0,ANDINA,16.0,MAGDALENA,661.0,SANTA MARTA,9065.0,UNIVERSIDAD COOPERATIVA DE COLOMBIA,9137.0,UNIVERSIDAD COOPERATIVA DE COLOMBIA-SANTA MARTA,14.0,MEDICINA,,,4281.0,MEDICINA,ATENCIÓN EN SALUD,34.0,,,,,,,,,,"Propone acciones de diagnóstico, ejecución y evaluación en el marco de políticas y lineamientos en salud vigentes.",47.0,2025
SABER PRO - 2025,PROGRAMA_ACÁDEMICO,APRENDIZAJE_PRUEBA,3828,1,2.0,ANDINA,16.0,MAGDALENA,661.0,SANTA MARTA,9065.0,UNIVERSIDAD COOPERATIVA DE COLOMBIA,9137.0,UNIVERSIDAD COOPERATIVA DE COLOMBIA-SANTA MARTA,14.0,MEDICINA,,,4281.0,MEDICINA,FUNDAMENTACIÓN EN DIAGNÓSTICO Y TRATAMIENTO MÉDICOS,34.0,,,,,,,,,,"Determina la situación de salud o enfermedad de niños, jóvenes y adultos (hombres y mujeres), a partir de casos clínicos de común ocurrencia en la práctica de los médicos generales.",55.0,2025
SABER PRO - 2025,PROGRAMA_ACÁDEMICO,APRENDIZAJE_PRUEBA,432,1,2.0,ANDINA,16.0,MAGDALENA,661.0,SANTA MARTA,9065.0,UNIVERSIDAD COOPERATIVA DE COLOMBIA,9137.0,UNIVERSIDAD COOPERATIVA DE COLOMBIA-SANTA MARTA,14.0,MEDICINA,,,6517.0,MEDICINA,ATENCIÓN EN SALUD,34.0,,,,,,,,,,"Integra el proceso de sistematización de la información, relacionada con la salud del individuo, la familia y la comunidad en la priorización de acciones. ",56.0,2025
SABER PRO - 2025,PROGRAMA_ACÁDEMICO,APRENDIZAJE_PRUEBA,348,1,2.0,ANDINA,16.0,MAGDALENA,661.0,SANTA MARTA,9065.0,UNIVERSIDAD COOPERATIVA DE COLOMBIA,9137.0,UNIVERSIDAD COOPERATIVA DE COLOMBIA-SANTA MARTA,14.0,MEDICINA,,,4281.0,MEDICINA,COMPETENCIAS CIUDADANAS,1.0,,,,,,,,,,Comprende qué es la Constitución Política de Colombia y sus principios fundamentales.,51.0,2025
SABER PRO - 2025,PROGRAMA_ACÁDEMICO,APRENDIZAJE_PRUEBA,944,1,2.0,ANDINA,16.0,MAGDALENA,661.0,SANTA MARTA,9065.0,UNIVERSIDAD COOPERATIVA DE COLOMBIA,9137.0,UNIVERSIDAD COOPERATIVA DE COLOMBIA-SANTA MARTA,14.0,MEDICINA,,,571.0,MEDICINA,ATENCIÓN EN SALUD,34.0,,,,,,,,,,"Integra el proceso de sistematización de la información, relacionada con la salud del individuo, la familia y la comunidad en la priorización de acciones. ",50.0,2025
SABER PRO - 2025,PROGRAMA_ACÁDEMICO,APRENDIZAJE_PRUEBA,732,1,2.0,ANDINA,16.0,MAGDALENA,661.0,SANTA MARTA,9065.0,UNIVERSIDAD COOPERATIVA DE COLOMBIA,9137.0,UNIVERSIDAD COOPERATIVA DE COLOMBIA-SANTA MARTA,14.0,MEDICINA,,,571.0,MEDICINA,COMPETENCIAS CIUDADANAS,1.0,,,,,,,,,,Analiza y evalúa la pertinencia y solidez de enunciados-discursos.,50.0,2025
SABER PRO - 2025,PROGRAMA_ACÁDEMICO,APRENDIZAJE_PRUEBA,1160,1,2.0,ANDINA,16.0,MAGDALENA,661.0,SANTA MARTA,9065.0,UNIVERSIDAD COOPERATIVA DE COLOMBIA,9137.0,UNIVERSIDAD COOPERATIVA DE COLOMBIA-SANTA MARTA,14.0,MEDICINA,,,4281.0,MEDICINA,RAZONAMIENTO CUANTITATIVO,1.0,,,,,,,,,,Comprende y transforma la información cuantitativa y esquemática presentada en distintos formatos ,38.0,2025
SABER PRO - 2025,PROGRAMA_ACÁDEMICO,APRENDIZAJE_PRUEBA,277,1,2.0,ANDINA,16.0,MAGDALENA,661.0,SANTA MARTA,9065.0,UNIVERSIDAD COOPERATIVA DE COLOMBIA,9137.0,UNIVERSIDAD COOPERATIVA DE COLOMBIA-SANTA MARTA,14.0,MEDICINA,,,6517.0,MEDICINA,COMPETENCIAS CIUDADANAS,1.0,,,,,,,,,,Conoce los derechos y deberes que la Constitución consagra.,38.0,2025
SABER PRO - 2025,PROGRAMA_ACÁDEMICO,APRENDIZAJE_PRUEBA,836,1,2.0,ANDINA,16.0,MAGDALENA,661.0,SANTA MARTA,9065.0,UNIVERSIDAD COOPERATIVA DE COLOMBIA,9137.0,UNIVERSIDAD COOPERATIVA DE COLOMBIA-SANTA MARTA,14.0,MEDICINA,,,4281.0,MEDICINA,LECTURA CRÍTICA,1.0,,,,,,,,,,Identifica y entiende los contenidos locales que conforman un texto. ,22.0,2025
SABER PRO - 2025,PROGRAMA_ACÁDEMICO,APRENDIZAJE_PRUEBA,2714,1,2.0,ANDINA,16.0,MAGDALENA,661.0,SANTA MARTA,9065.0,UNIVERSIDAD COOPERATIVA DE COLOMBIA,9137.0,UNIVERSIDAD COOPERATIVA DE COLOMBIA-SANTA MARTA,14.0,MEDICINA,,,571.0,MEDICINA,FUNDAMENTACIÓN EN DIAGNÓSTICO Y TRATAMIENTO MÉDICOS,34.0,,,,,,,,,,"Propone un plan de tratamiento de acuerdo con la situación del paciente, a partir de casos clínicos de común ocurrencia en la práctica de los médicos generales.",64.0,2025
SABER PRO - 2025,PROGRAMA_ACÁDEMICO,APRENDIZAJE_PRUEBA,1180,1,2.0,ANDINA,16.0,MAGDALENA,661.0,SANTA MARTA,9065.0,UNIVERSIDAD COOPERATIVA DE COLOMBIA,9137.0,UNIVERSIDAD COOPERATIVA DE COLOMBIA-SANTA MARTA,14.0,MEDICINA,,,571.0,MEDICINA,PROMOCIÓN DE LA SALUD Y PREVENCIÓN DE LA ENFERMEDAD,34.0,,,,,,,,,,"Integra los conceptos básicos de promoción de la salud que le permiten priorizar acciones por seguir, de acuerdo con las condiciones de salud de las poblaciones.",53.0,2025
SABER PRO - 2025,PROGRAMA_ACÁDEMICO,APRENDIZAJE_PRUEBA,366,1,2.0,ANDINA,16.0,MAGDALENA,661.0,SANTA MARTA,9065.0,UNIVERSIDAD COOPERATIVA DE COLOMBIA,9137.0,UNIVERSIDAD COOPERATIVA DE COLOMBIA-SANTA MARTA,14.0,MEDICINA,,,571.0,MEDICINA,COMPETENCIAS CIUDADANAS,1.0,,,,,,,,,,Comprende qué es la Constitución Política de Colombia y sus principios fundamentales.,48.0,2025
SABER PRO - 2025,PROGRAMA_ACÁDEMICO,APRENDIZAJE_PRUEBA,696,1,2.0,ANDINA,16.0,MAGDALENA,661.0,SANTA MARTA,9065.0,UNIVERSIDAD COOPERATIVA DE COLOMBIA,9137.0,UNIVERSIDAD COOPERATIVA DE COLOMBIA-SANTA MARTA,14.0,MEDICINA,,,4281.0,MEDICINA,COMPETENCIAS CIUDADANAS,1.0,,,,,,,,,,Comprende que los problemas y sus soluciones involucran distintas dimensiones y reconoce relaciones entre estas. ,40.0,2025
SABER PRO - 2025,PROGRAMA_ACÁDEMICO,APRENDIZAJE_PRUEBA,1392,1,2.0,ANDINA,16.0,MAGDALENA,661.0,SANTA MARTA,9065.0,UNIVERSIDAD COOPERATIVA DE COLOMBIA,9137.0,UNIVERSIDAD COOPERATIVA DE COLOMBIA-SANTA MARTA,14.0,MEDICINA,,,4281.0,MEDICINA,LECTURA CRÍTICA,1.0,,,,,,,,,,Comprende cómo se articulan las partes de un texto para darle un sentido global.,43.0,2025
SABER PRO - 2025,PROGRAMA_ACÁDEMICO,APRENDIZAJE_PRUEBA,1219,1,2.0,ANDINA,16.0,MAGDALENA,661.0,SANTA MARTA,9065.0,UNIVERSIDAD COOPERATIVA DE COLOMBIA,9137.0,UNIVERSIDAD COOPERATIVA DE COLOMBIA-SANTA MARTA,14.0,MEDICINA,,,571.0,MEDICINA,RAZONAMIENTO CUANTITATIVO,1.0,,,,,,,,,,Comprende y transforma la información cuantitativa y esquemática presentada en distintos formatos ,39.0,2025
SABER PRO - 2025,PROGRAMA_ACÁDEMICO,APRENDIZAJE_PRUEBA,881,1,2.0,ANDINA,16.0,MAGDALENA,661.0,SANTA MARTA,9065.0,UNIVERSIDAD COOPERATIVA DE COLOMBIA,9137.0,UNIVERSIDAD COOPERATIVA DE COLOMBIA-SANTA MARTA,14.0,MEDICINA,,,571.0,MEDICINA,LECTURA CRÍTICA,1.0,,,,,,,,,,Identifica y entiende los contenidos locales que conforman un texto. ,27.0,2025
SABER PRO - 2025,PROGRAMA_ACÁDEMICO,APRENDIZAJE_PRUEBA,321,1,2.0,ANDINA,16.0,MAGDALENA,661.0,SANTA MARTA,9065.0,UNIVERSIDAD COOPERATIVA DE COLOMBIA,9137.0,UNIVERSIDAD COOPERATIVA DE COLOMBIA-SANTA MARTA,14.0,MEDICINA,,,6517.0,MEDICINA,COMPETENCIAS CIUDADANAS,1.0,,,,,,,,,,Conoce la organización del Estado de acuerdo con la Constitución.,42.0,2025
SABER PRO - 2025,PROGRAMA_ACÁDEMICO,APRENDIZAJE_PRUEBA,495,1,2.0,ANDINA,16.0,MAGDALENA,661.0,SANTA MARTA,9065.0,UNIVERSIDAD COOPERATIVA DE COLOMBIA,9137.0,UNIVERSIDAD COOPERATIVA DE COLOMBIA-SANTA MARTA,14.0,MEDICINA,,,6517.0,MEDICINA,COMPETENCIAS CIUDADANAS,1.0,,,,,,,,,,Analiza las diferentes perspectivas presentes en situaciones en donde interactúan diferentes partes.,46.0,2025
SABER PRO - 2025,PROGRAMA_ACÁDEMICO,APRENDIZAJE_PRUEBA,1315,1,2.0,ANDINA,16.0,MAGDALENA,661.0,SANTA MARTA,9065.0,UNIVERSIDAD COOPERATIVA DE COLOMBIA,9137.0,UNIVERSIDAD COOPERATIVA DE COLOMBIA-SANTA MARTA,14.0,MEDICINA,,,571.0,MEDICINA,LECTURA CRÍTICA,1.0,,,,,,,,,,Reflexiona a partir de un texto y evalúa su contenido.,47.0,2025
SABER PRO - 2025,PROGRAMA_ACÁDEMICO,APRENDIZAJE_PRUEBA,1242,1,2.0,ANDINA,16.0,MAGDALENA,661.0,SANTA MARTA,9065.0,UNIVERSIDAD COOPERATIVA DE COLOMBIA,9137.0,UNIVERSIDAD COOPERATIVA DE COLOMBIA-SANTA MARTA,14.0,MEDICINA,,,6517.0,MEDICINA,FUNDAMENTACIÓN EN DIAGNÓSTICO Y TRATAMIENTO MÉDICOS,34.0,,,,,,,,,,"Propone un plan de tratamiento de acuerdo con la situación del paciente, a partir de casos clínicos de común ocurrencia en la práctica de los médicos generales.",62.0,2025
SABER PRO - 2025,PROGRAMA_ACÁDEMICO,APRENDIZAJE_PRUEBA,1140,1,2.0,ANDINA,16.0,MAGDALENA,661.0,SANTA MARTA,9065.0,UNIVERSIDAD COOPERATIVA DE COLOMBIA,9137.0,UNIVERSIDAD COOPERATIVA DE COLOMBIA-SANTA MARTA,14.0,MEDICINA,,,6517.0,MEDICINA,LECTURA CRÍTICA,1.0,,,,,,,,,,Reflexiona a partir de un texto y evalúa su contenido.,42.0,2025
SABER PRO - 2025,PROGRAMA_ACÁDEMICO,APRENDIZAJE_PRUEBA,556,1,2.0,ANDINA,16.0,MAGDALENA,661.0,SANTA MARTA,9065.0,UNIVERSIDAD COOPERATIVA DE COLOMBIA,9137.0,UNIVERSIDAD COOPERATIVA DE COLOMBIA-SANTA MARTA,14.0,MEDICINA,,,4281.0,MEDICINA,COMPETENCIAS CIUDADANAS,1.0,,,,,,,,,,Analiza las diferentes perspectivas presentes en situaciones en donde interactúan diferentes partes.,50.0,2025
SABER PRO - 2025,PROGRAMA_ACÁDEMICO,APRENDIZAJE_PRUEBA,509,1,2.0,ANDINA,19.0,NORTE SANTANDER,809.0,PAMPLONA,9155.0,UNIVERSIDAD DE PAMPLONA,9155.0,UNIVERSIDAD DE PAMPLONA-PAMPLONA,8.0,CIENCIAS AGROPECUARIAS ,,,4193.0,MEDICINA VETERINARIA,RAZONAMIENTO CUANTITATIVO,1.0,,,,,,,,,,"Frente a un problema que involucre información cuantitativa, plantea e implementa estrategias que lleven a soluciones adecuadas.",59.0,2025
SABER PRO - 2025,PROGRAMA_ACÁDEMICO,APRENDIZAJE_PRUEBA,156,1,2.0,ANDINA,19.0,NORTE SANTANDER,809.0,PAMPLONA,9155.0,UNIVERSIDAD DE PAMPLONA,9155.0,UNIVERSIDAD DE PAMPLONA-PAMPLONA,8.0,CIENCIAS AGROPECUARIAS ,,,4193.0,MEDICINA VETERINARIA,COMPETENCIAS CIUDADANAS,1.0,,,,,,,,,,Conoce la organización del Estado de acuerdo con la Constitución.,50.0,2025
SABER PRO - 2025,PROGRAMA_ACÁDEMICO,APRENDIZAJE_PRUEBA,1387,1,2.0,ANDINA,19.0,NORTE SANTANDER,809.0,PAMPLONA,9155.0,UNIVERSIDAD DE PAMPLONA,9155.0,UNIVERSIDAD DE PAMPLONA-PAMPLONA,14.0,MEDICINA,,,5845.0,MEDICINA,LECTURA CRÍTICA,1.0,,,,,,,,,,Reflexiona a partir de un texto y evalúa su contenido.,37.0,2025
SABER PRO - 2025,PROGRAMA_ACÁDEMICO,APRENDIZAJE_PRUEBA,509,1,2.0,ANDINA,19.0,NORTE SANTANDER,809.0,PAMPLONA,9155.0,UNIVERSIDAD DE PAMPLONA,9155.0,UNIVERSIDAD DE PAMPLONA-PAMPLONA,8.0,CIENCIAS AGROPECUARIAS ,,,4193.0,MEDICINA VETERINARIA,RAZONAMIENTO CUANTITATIVO,1.0,,,,,,,,,,Comprende y transforma la información cuantitativa y esquemática presentada en distintos formatos ,41.0,2025
SABER PRO - 2025,PROGRAMA_ACÁDEMICO,APRENDIZAJE_PRUEBA,312,1,2.0,ANDINA,19.0,NORTE SANTANDER,809.0,PAMPLONA,9155.0,UNIVERSIDAD DE PAMPLONA,9155.0,UNIVERSIDAD DE PAMPLONA-PAMPLONA,8.0,CIENCIAS AGROPECUARIAS ,,,4193.0,MEDICINA VETERINARIA,COMPETENCIAS CIUDADANAS,1.0,,,,,,,,,,Comprende que los problemas y sus soluciones involucran distintas dimensiones y reconoce relaciones entre estas. ,53.0,2025
SABER PRO - 2025,PROGRAMA_ACÁDEMICO,APRENDIZAJE_PRUEBA,792,1,2.0,ANDINA,19.0,NORTE SANTANDER,809.0,PAMPLONA,9155.0,UNIVERSIDAD DE PAMPLONA,9155.0,UNIVERSIDAD DE PAMPLONA-PAMPLONA,14.0,MEDICINA,,,5845.0,MEDICINA,COMPETENCIAS CIUDADANAS,1.0,,,,,,,,,,Comprende que los problemas y sus soluciones involucran distintas dimensiones y reconoce relaciones entre estas. ,35.0,2025
SABER PRO - 2025,PROGRAMA_ACÁDEMICO,APRENDIZAJE_PRUEBA,546,1,2.0,ANDINA,19.0,NORTE SANTANDER,809.0,PAMPLONA,9155.0,UNIVERSIDAD DE PAMPLONA,9155.0,UNIVERSIDAD DE PAMPLONA-PAMPLONA,8.0,CIENCIAS AGROPECUARIAS ,,,4193.0,MEDICINA VETERINARIA,LECTURA CRÍTICA,1.0,,,,,,,,,,Reflexiona a partir de un texto y evalúa su contenido.,46.0,2025
SABER PRO - 2025,PROGRAMA_ACÁDEMICO,APRENDIZAJE_PRUEBA,1584,1,2.0,ANDINA,19.0,NORTE SANTANDER,809.0,PAMPLONA,9155.0,UNIVERSIDAD DE PAMPLONA,9155.0,UNIVERSIDAD DE PAMPLONA-PAMPLONA,14.0,MEDICINA,,,5845.0,MEDICINA,LECTURA CRÍTICA,1.0,,,,,,,,,,Comprende cómo se articulan las partes de un texto para darle un sentido global.,38.0,2025
SABER PRO - 2025,PROGRAMA_ACÁDEMICO,APRENDIZAJE_PRUEBA,1301,1,2.0,ANDINA,19.0,NORTE SANTANDER,809.0,PAMPLONA,9155.0,UNIVERSIDAD DE PAMPLONA,9155.0,UNIVERSIDAD DE PAMPLONA-PAMPLONA,14.0,MEDICINA,,,5845.0,MEDICINA,RAZONAMIENTO CUANTITATIVO,1.0,,,,,,,,,,Comprende y transforma la información cuantitativa y esquemática presentada en distintos formatos ,26.0,2025
SABER PRO - 2025,PROGRAMA_ACÁDEMICO,APRENDIZAJE_PRUEBA,989,1,2.0,ANDINA,19.0,NORTE SANTANDER,809.0,PAMPLONA,9155.0,UNIVERSIDAD DE PAMPLONA,9155.0,UNIVERSIDAD DE PAMPLONA-PAMPLONA,14.0,MEDICINA,,,5845.0,MEDICINA,LECTURA CRÍTICA,1.0,,,,,,,,,,Identifica y entiende los contenidos locales que conforman un texto. ,23.0,2025
SABER PRO - 2025,PROGRAMA_ACÁDEMICO,APRENDIZAJE_PRUEBA,238,1,2.0,ANDINA,19.0,NORTE SANTANDER,809.0,PAMPLONA,9155.0,UNIVERSIDAD DE PAMPLONA,9155.0,UNIVERSIDAD DE PAMPLONA-PAMPLONA,8.0,CIENCIAS AGROPECUARIAS ,,,4193.0,MEDICINA VETERINARIA,COMPETENCIAS CIUDADANAS,1.0,,,,,,,,,,Analiza las diferentes perspectivas presentes en situaciones en donde interactúan diferentes partes.,61.0,2025
SABER PRO - 2025,PROGRAMA_ACÁDEMICO,APRENDIZAJE_PRUEBA,396,1,2.0,ANDINA,19.0,NORTE SANTANDER,809.0,PAMPLONA,9155.0,UNIVERSIDAD DE PAMPLONA,9155.0,UNIVERSIDAD DE PAMPLONA-PAMPLONA,14.0,MEDICINA,,,5845.0,MEDICINA,COMPETENCIAS CIUDADANAS,1.0,,,,,,,,,,Conoce la organización del Estado de acuerdo con la Constitución.,33.0,2025
SABER PRO - 2025,PROGRAMA_ACÁDEMICO,APRENDIZAJE_PRUEBA,156,1,2.0,ANDINA,19.0,NORTE SANTANDER,809.0,PAMPLONA,9155.0,UNIVERSIDAD DE PAMPLONA,9155.0,UNIVERSIDAD DE PAMPLONA-PAMPLONA,8.0,CIENCIAS AGROPECUARIAS ,,,4193.0,MEDICINA VETERINARIA,COMPETENCIAS CIUDADANAS,1.0,,,,,,,,,,Comprende qué es la Constitución Política de Colombia y sus principios fundamentales.,57.0,2025
SABER PRO - 2025,PROGRAMA_ACÁDEMICO,APRENDIZAJE_PRUEBA,624,1,2.0,ANDINA,19.0,NORTE SANTANDER,809.0,PAMPLONA,9155.0,UNIVERSIDAD DE PAMPLONA,9155.0,UNIVERSIDAD DE PAMPLONA-PAMPLONA,8.0,CIENCIAS AGROPECUARIAS ,,,4193.0,MEDICINA VETERINARIA,LECTURA CRÍTICA,1.0,,,,,,,,,,Comprende cómo se articulan las partes de un texto para darle un sentido global.,49.0,2025
SABER PRO - 2025,PROGRAMA_ACÁDEMICO,APRENDIZAJE_PRUEBA,1262,1,2.0,ANDINA,19.0,NORTE SANTANDER,809.0,PAMPLONA,9155.0,UNIVERSIDAD DE PAMPLONA,9155.0,UNIVERSIDAD DE PAMPLONA-PAMPLONA,14.0,MEDICINA,,,5845.0,MEDICINA,RAZONAMIENTO CUANTITATIVO,1.0,,,,,,,,,,"Frente a un problema que involucre información cuantitativa, plantea e implementa estrategias que lleven a soluciones adecuadas.",41.0,2025
SABER PRO - 2025,PROGRAMA_ACÁDEMICO,APRENDIZAJE_PRUEBA,230,1,2.0,ANDINA,19.0,NORTE SANTANDER,809.0,PAMPLONA,9155.0,UNIVERSIDAD DE PAMPLONA,9155.0,UNIVERSIDAD DE PAMPLONA-PAMPLONA,8.0,CIENCIAS AGROPECUARIAS ,,,4193.0,MEDICINA VETERINARIA,COMPETENCIAS CIUDADANAS,1.0,,,,,,,,,,Reconoce la existencia de diferentes perspectivas en situaciones en donde interactúan diferentes partes.,51.0,2025
SABER PRO - 2025,PROGRAMA_ACÁDEMICO,APRENDIZAJE_PRUEBA,1397,1,2.0,ANDINA,19.0,NORTE SANTANDER,809.0,PAMPLONA,9155.0,UNIVERSIDAD DE PAMPLONA,9155.0,UNIVERSIDAD DE PAMPLONA-PAMPLONA,14.0,MEDICINA,,,5845.0,MEDICINA,RAZONAMIENTO CUANTITATIVO,1.0,,,,,,,,,,Valida procedimientos y  estrategias matemáticas utilizadas para dar solución a problemas.,38.0,2025
SABER PRO - 2025,PROGRAMA_ACÁDEMICO,APRENDIZAJE_PRUEBA,390,1,2.0,ANDINA,19.0,NORTE SANTANDER,809.0,PAMPLONA,9155.0,UNIVERSIDAD DE PAMPLONA,9155.0,UNIVERSIDAD DE PAMPLONA-PAMPLONA,8.0,CIENCIAS AGROPECUARIAS ,,,4193.0,MEDICINA VETERINARIA,LECTURA CRÍTICA,1.0,,,,,,,,,,Identifica y entiende los contenidos locales que conforman un texto. ,34.0,2025
SABER PRO - 2025,PROGRAMA_ACÁDEMICO,APRENDIZAJE_PRUEBA,584,1,2.0,ANDINA,19.0,NORTE SANTANDER,809.0,PAMPLONA,9155.0,UNIVERSIDAD DE PAMPLONA,9155.0,UNIVERSIDAD DE PAMPLONA-PAMPLONA,14.0,MEDICINA,,,5845.0,MEDICINA,COMPETENCIAS CIUDADANAS,1.0,,,,,,,,,,Reconoce la existencia de diferentes perspectivas en situaciones en donde interactúan diferentes partes.,33.0,2025
SABER PRO - 2025,PROGRAMA_ACÁDEMICO,APRENDIZAJE_PRUEBA,312,1,2.0,ANDINA,19.0,NORTE SANTANDER,809.0,PAMPLONA,9155.0,UNIVERSIDAD DE PAMPLONA,9155.0,UNIVERSIDAD DE PAMPLONA-PAMPLONA,8.0,CIENCIAS AGROPECUARIAS ,,,4193.0,MEDICINA VETERINARIA,COMPETENCIAS CIUDADANAS,1.0,,,,,,,,,,Analiza y evalúa la pertinencia y solidez de enunciados-discursos.,54.0,2025
SABER PRO - 2025,PROGRAMA_ACÁDEMICO,APRENDIZAJE_PRUEBA,138,1,2.0,ANDINA,19.0,NORTE SANTANDER,809.0,PAMPLONA,9155.0,UNIVERSIDAD DE PAMPLONA,9155.0,UNIVERSIDAD DE PAMPLONA-PAMPLONA,8.0,CIENCIAS AGROPECUARIAS ,,,4193.0,MEDICINA VETERINARIA,COMPETENCIAS CIUDADANAS,1.0,,,,,,,,,,Conoce los derechos y deberes que la Constitución consagra.,41.0,2025
SABER PRO - 2025,PROGRAMA_ACÁDEMICO,APRENDIZAJE_PRUEBA,792,1,2.0,ANDINA,19.0,NORTE SANTANDER,809.0,PAMPLONA,9155.0,UNIVERSIDAD DE PAMPLONA,9155.0,UNIVERSIDAD DE PAMPLONA-PAMPLONA,14.0,MEDICINA,,,5845.0,MEDICINA,COMPETENCIAS CIUDADANAS,1.0,,,,,,,,,,Analiza y evalúa la pertinencia y solidez de enunciados-discursos.,32.0,2025
SABER PRO - 2025,PROGRAMA_ACÁDEMICO,APRENDIZAJE_PRUEBA,359,1,2.0,ANDINA,19.0,NORTE SANTANDER,809.0,PAMPLONA,9155.0,UNIVERSIDAD DE PAMPLONA,9155.0,UNIVERSIDAD DE PAMPLONA-PAMPLONA,14.0,MEDICINA,,,5845.0,MEDICINA,COMPETENCIAS CIUDADANAS,1.0,,,,,,,,,,Conoce los derechos y deberes que la Constitución consagra.,36.0,2025
SABER PRO - 2025,PROGRAMA_ACÁDEMICO,APRENDIZAJE_PRUEBA,542,1,2.0,ANDINA,19.0,NORTE SANTANDER,809.0,PAMPLONA,9155.0,UNIVERSIDAD DE PAMPLONA,9155.0,UNIVERSIDAD DE PAMPLONA-PAMPLONA,8.0,CIENCIAS AGROPECUARIAS ,,,4193.0,MEDICINA VETERINARIA,RAZONAMIENTO CUANTITATIVO,1.0,,,,,,,,,,Valida procedimientos y  estrategias matemáticas utilizadas para dar solución a problemas.,54.0,2025
SABER PRO - 2025,PROGRAMA_ACÁDEMICO,APRENDIZAJE_PRUEBA,396,1,2.0,ANDINA,19.0,NORTE SANTANDER,809.0,PAMPLONA,9155.0,UNIVERSIDAD DE PAMPLONA,9155.0,UNIVERSIDAD DE PAMPLONA-PAMPLONA,14.0,MEDICINA,,,5845.0,MEDICINA,COMPETENCIAS CIUDADANAS,1.0,,,,,,,,,,Comprende qué es la Constitución Política de Colombia y sus principios fundamentales.,40.0,2025
SABER PRO - 2025,PROGRAMA_ACÁDEMICO,APRENDIZAJE_PRUEBA,604,1,2.0,ANDINA,19.0,NORTE SANTANDER,809.0,PAMPLONA,9155.0,UNIVERSIDAD DE PAMPLONA,9155.0,UNIVERSIDAD DE PAMPLONA-PAMPLONA,14.0,MEDICINA,,,5845.0,MEDICINA,COMPETENCIAS CIUDADANAS,1.0,,,,,,,,,,Analiza las diferentes perspectivas presentes en situaciones en donde interactúan diferentes partes.,40.0,2025
SABER PRO - 2025,PROGRAMA_ACÁDEMICO,APRENDIZAJE_PRUEBA,206,1,2.0,ANDINA,20.0,QUINDIO,824.0,ARMENIA,9156.0,CORPORACION UNIVERSITARIA EMPRESARIAL ALEXANDER VON HUMBOLDT,9156.0,CORPORACION UNIVERSITARIA EMPRESARIAL ALEXANDER VON HUMBOLDT - C.U.E.-ARMENIA,14.0,MEDICINA,,,8999.0,MEDICINA,COMPETENCIAS CIUDADANAS,1.0,,,,,,,,,,Conoce los derechos y deberes que la Constitución consagra.,39.0,2025
SABER PRO - 2025,PROGRAMA_ACÁDEMICO,APRENDIZAJE_PRUEBA,817,1,2.0,ANDINA,20.0,QUINDIO,824.0,ARMENIA,9156.0,CORPORACION UNIVERSITARIA EMPRESARIAL ALEXANDER VON HUMBOLDT,9156.0,CORPORACION UNIVERSITARIA EMPRESARIAL ALEXANDER VON HUMBOLDT - C.U.E.-ARMENIA,14.0,MEDICINA,,,8999.0,MEDICINA,LECTURA CRÍTICA,1.0,,,,,,,,,,Reflexiona a partir de un texto y evalúa su contenido.,40.0,2025
SABER PRO - 2025,PROGRAMA_ACÁDEMICO,APRENDIZAJE_PRUEBA,744,1,2.0,ANDINA,20.0,QUINDIO,824.0,ARMENIA,9156.0,CORPORACION UNIVERSITARIA EMPRESARIAL ALEXANDER VON HUMBOLDT,9156.0,CORPORACION UNIVERSITARIA EMPRESARIAL ALEXANDER VON HUMBOLDT - C.U.E.-ARMENIA,14.0,MEDICINA,,,8999.0,MEDICINA,RAZONAMIENTO CUANTITATIVO,1.0,,,,,,,,,,"Frente a un problema que involucre información cuantitativa, plantea e implementa estrategias que lleven a soluciones adecuadas.",58.0,2025
SABER PRO - 2025,PROGRAMA_ACÁDEMICO,APRENDIZAJE_PRUEBA,812,1,2.0,ANDINA,20.0,QUINDIO,824.0,ARMENIA,9156.0,CORPORACION UNIVERSITARIA EMPRESARIAL ALEXANDER VON HUMBOLDT,9156.0,CORPORACION UNIVERSITARIA EMPRESARIAL ALEXANDER VON HUMBOLDT - C.U.E.-ARMENIA,14.0,MEDICINA,,,8999.0,MEDICINA,RAZONAMIENTO CUANTITATIVO,1.0,,,,,,,,,,Valida procedimientos y  estrategias matemáticas utilizadas para dar solución a problemas.,53.0,2025
SABER PRO - 2025,PROGRAMA_ACÁDEMICO,APRENDIZAJE_PRUEBA,754,1,2.0,ANDINA,20.0,QUINDIO,824.0,ARMENIA,9156.0,CORPORACION UNIVERSITARIA EMPRESARIAL ALEXANDER VON HUMBOLDT,9156.0,CORPORACION UNIVERSITARIA EMPRESARIAL ALEXANDER VON HUMBOLDT - C.U.E.-ARMENIA,14.0,MEDICINA,,,8999.0,MEDICINA,RAZONAMIENTO CUANTITATIVO,1.0,,,,,,,,,,Comprende y transforma la información cuantitativa y esquemática presentada en distintos formatos ,37.0,2025
SABER PRO - 2025,PROGRAMA_ACÁDEMICO,APRENDIZAJE_PRUEBA,792,1,2.0,ANDINA,20.0,QUINDIO,824.0,ARMENIA,9156.0,CORPORACION UNIVERSITARIA EMPRESARIAL ALEXANDER VON HUMBOLDT,9156.0,CORPORACION UNIVERSITARIA EMPRESARIAL ALEXANDER VON HUMBOLDT - C.U.E.-ARMENIA,14.0,MEDICINA,,,8999.0,MEDICINA,PROMOCIÓN DE LA SALUD Y PREVENCIÓN DE LA ENFERMEDAD,34.0,,,,,,,,,,"Integra los conceptos básicos de prevención de la enfermedad, que le permita la priorización de las acciones  por seguir  de  acuerdo con las condiciones de salud de las poblaciones.",37.0,2025
SABER PRO - 2025,PROGRAMA_ACÁDEMICO,APRENDIZAJE_PRUEBA,396,1,2.0,ANDINA,20.0,QUINDIO,824.0,ARMENIA,9156.0,CORPORACION UNIVERSITARIA EMPRESARIAL ALEXANDER VON HUMBOLDT,9156.0,CORPORACION UNIVERSITARIA EMPRESARIAL ALEXANDER VON HUMBOLDT - C.U.E.-ARMENIA,14.0,MEDICINA,,,8999.0,MEDICINA,ATENCIÓN EN SALUD,34.0,,,,,,,,,,"Propone acciones de diagnóstico, ejecución y evaluación en el marco de políticas y lineamientos en salud vigentes.",46.0,2025
SABER PRO - 2025,PROGRAMA_ACÁDEMICO,APRENDIZAJE_PRUEBA,462,1,2.0,ANDINA,20.0,QUINDIO,824.0,ARMENIA,9156.0,CORPORACION UNIVERSITARIA EMPRESARIAL ALEXANDER VON HUMBOLDT,9156.0,CORPORACION UNIVERSITARIA EMPRESARIAL ALEXANDER VON HUMBOLDT - C.U.E.-ARMENIA,14.0,MEDICINA,,,8999.0,MEDICINA,COMPETENCIAS CIUDADANAS,1.0,,,,,,,,,,Comprende que los problemas y sus soluciones involucran distintas dimensiones y reconoce relaciones entre estas. ,41.0,2025
SABER PRO - 2025,PROGRAMA_ACÁDEMICO,APRENDIZAJE_PRUEBA,924,1,2.0,ANDINA,20.0,QUINDIO,824.0,ARMENIA,9156.0,CORPORACION UNIVERSITARIA EMPRESARIAL ALEXANDER VON HUMBOLDT,9156.0,CORPORACION UNIVERSITARIA EMPRESARIAL ALEXANDER VON HUMBOLDT - C.U.E.-ARMENIA,14.0,MEDICINA,,,8999.0,MEDICINA,LECTURA CRÍTICA,1.0,,,,,,,,,,Comprende cómo se articulan las partes de un texto para darle un sentido global.,44.0,2025
SABER PRO - 2025,PROGRAMA_ACÁDEMICO,APRENDIZAJE_PRUEBA,396,1,2.0,ANDINA,20.0,QUINDIO,824.0,ARMENIA,9156.0,CORPORACION UNIVERSITARIA EMPRESARIAL ALEXANDER VON HUMBOLDT,9156.0,CORPORACION UNIVERSITARIA EMPRESARIAL ALEXANDER VON HUMBOLDT - C.U.E.-ARMENIA,14.0,MEDICINA,,,8999.0,MEDICINA,ATENCIÓN EN SALUD,34.0,,,,,,,,,,"Analiza los determinantes personales, sociales, económicos y ambientales que influyen en el estado de salud del individuo, la familia y la comunidad, para la priorización de acciones a seguir.",47.0,2025
SABER PRO - 2025,PROGRAMA_ACÁDEMICO,APRENDIZAJE_PRUEBA,462,1,2.0,ANDINA,20.0,QUINDIO,824.0,ARMENIA,9156.0,CORPORACION UNIVERSITARIA EMPRESARIAL ALEXANDER VON HUMBOLDT,9156.0,CORPORACION UNIVERSITARIA EMPRESARIAL ALEXANDER VON HUMBOLDT - C.U.E.-ARMENIA,14.0,MEDICINA,,,8999.0,MEDICINA,COMPETENCIAS CIUDADANAS,1.0,,,,,,,,,,Analiza y evalúa la pertinencia y solidez de enunciados-discursos.,41.0,2025
SABER PRO - 2025,PROGRAMA_ACÁDEMICO,APRENDIZAJE_PRUEBA,264,1,2.0,ANDINA,20.0,QUINDIO,824.0,ARMENIA,9156.0,CORPORACION UNIVERSITARIA EMPRESARIAL ALEXANDER VON HUMBOLDT,9156.0,CORPORACION UNIVERSITARIA EMPRESARIAL ALEXANDER VON HUMBOLDT - C.U.E.-ARMENIA,14.0,MEDICINA,,,8999.0,MEDICINA,ATENCIÓN EN SALUD,34.0,,,,,,,,,,"Integra el proceso de sistematización de la información, relacionada con la salud del individuo, la familia y la comunidad en la priorización de acciones. ",51.0,2025
SABER PRO - 2025,PROGRAMA_ACÁDEMICO,APRENDIZAJE_PRUEBA,231,1,2.0,ANDINA,20.0,QUINDIO,824.0,ARMENIA,9156.0,CORPORACION UNIVERSITARIA EMPRESARIAL ALEXANDER VON HUMBOLDT,9156.0,CORPORACION UNIVERSITARIA EMPRESARIAL ALEXANDER VON HUMBOLDT - C.U.E.-ARMENIA,14.0,MEDICINA,,,8999.0,MEDICINA,COMPETENCIAS CIUDADANAS,1.0,,,,,,,,,,Comprende qué es la Constitución Política de Colombia y sus principios fundamentales.,46.0,2025
SABER PRO - 2025,PROGRAMA_ACÁDEMICO,APRENDIZAJE_PRUEBA,264,1,2.0,ANDINA,20.0,QUINDIO,824.0,ARMENIA,9156.0,CORPORACION UNIVERSITARIA EMPRESARIAL ALEXANDER VON HUMBOLDT,9156.0,CORPORACION UNIVERSITARIA EMPRESARIAL ALEXANDER VON HUMBOLDT - C.U.E.-ARMENIA,14.0,MEDICINA,,,8999.0,MEDICINA,ATENCIÓN EN SALUD,34.0,,,,,,,,,,"Reconoce la política y la normatividad nacional y los acuerdos internacionales suscritos por el Estado colombiano, relacionados con salud pública y los aplica en situaciones concretas que afectan la salud del individuo, la familia y la comunidad.",49.0,2025
SABER PRO - 2025,PROGRAMA_ACÁDEMICO,APRENDIZAJE_PRUEBA,330,1,2.0,ANDINA,20.0,QUINDIO,824.0,ARMENIA,9156.0,CORPORACION UNIVERSITARIA EMPRESARIAL ALEXANDER VON HUMBOLDT,9156.0,CORPORACION UNIVERSITARIA EMPRESARIAL ALEXANDER VON HUMBOLDT - C.U.E.-ARMENIA,14.0,MEDICINA,,,8999.0,MEDICINA,PROMOCIÓN DE LA SALUD Y PREVENCIÓN DE LA ENFERMEDAD,34.0,,,,,,,,,,"Integra los conceptos básicos de promoción de la salud que le permiten priorizar acciones por seguir, de acuerdo con las condiciones de salud de las poblaciones.",52.0,2025
SABER PRO - 2025,PROGRAMA_ACÁDEMICO,APRENDIZAJE_PRUEBA,347,1,2.0,ANDINA,20.0,QUINDIO,824.0,ARMENIA,9156.0,CORPORACION UNIVERSITARIA EMPRESARIAL ALEXANDER VON HUMBOLDT,9156.0,CORPORACION UNIVERSITARIA EMPRESARIAL ALEXANDER VON HUMBOLDT - C.U.E.-ARMENIA,14.0,MEDICINA,,,8999.0,MEDICINA,COMPETENCIAS CIUDADANAS,1.0,,,,,,,,,,Analiza las diferentes perspectivas presentes en situaciones en donde interactúan diferentes partes.,48.0,2025
SABER PRO - 2025,PROGRAMA_ACÁDEMICO,APRENDIZAJE_PRUEBA,1089,1,2.0,ANDINA,20.0,QUINDIO,824.0,ARMENIA,9156.0,CORPORACION UNIVERSITARIA EMPRESARIAL ALEXANDER VON HUMBOLDT,9156.0,CORPORACION UNIVERSITARIA EMPRESARIAL ALEXANDER VON HUMBOLDT - C.U.E.-ARMENIA,14.0,MEDICINA,,,8999.0,MEDICINA,FUNDAMENTACIÓN EN DIAGNÓSTICO Y TRATAMIENTO MÉDICOS,34.0,,,,,,,,,,"Determina la situación de salud o enfermedad de niños, jóvenes y adultos (hombres y mujeres), a partir de casos clínicos de común ocurrencia en la práctica de los médicos generales.",53.0,2025
SABER PRO - 2025,PROGRAMA_ACÁDEMICO,APRENDIZAJE_PRUEBA,231,1,2.0,ANDINA,20.0,QUINDIO,824.0,ARMENIA,9156.0,CORPORACION UNIVERSITARIA EMPRESARIAL ALEXANDER VON HUMBOLDT,9156.0,CORPORACION UNIVERSITARIA EMPRESARIAL ALEXANDER VON HUMBOLDT - C.U.E.-ARMENIA,14.0,MEDICINA,,,8999.0,MEDICINA,COMPETENCIAS CIUDADANAS,1.0,,,,,,,,,,Conoce la organización del Estado de acuerdo con la Constitución.,37.0,2025
SABER PRO - 2025,PROGRAMA_ACÁDEMICO,APRENDIZAJE_PRUEBA,569,1,2.0,ANDINA,20.0,QUINDIO,824.0,ARMENIA,9156.0,CORPORACION UNIVERSITARIA EMPRESARIAL ALEXANDER VON HUMBOLDT,9156.0,CORPORACION UNIVERSITARIA EMPRESARIAL ALEXANDER VON HUMBOLDT - C.U.E.-ARMENIA,14.0,MEDICINA,,,8999.0,MEDICINA,LECTURA CRÍTICA,1.0,,,,,,,,,,Identifica y entiende los contenidos locales que conforman un texto. ,24.0,2025
SABER PRO - 2025,PROGRAMA_ACÁDEMICO,APRENDIZAJE_PRUEBA,759,1,2.0,ANDINA,20.0,QUINDIO,824.0,ARMENIA,9156.0,CORPORACION UNIVERSITARIA EMPRESARIAL ALEXANDER VON HUMBOLDT,9156.0,CORPORACION UNIVERSITARIA EMPRESARIAL ALEXANDER VON HUMBOLDT - C.U.E.-ARMENIA,14.0,MEDICINA,,,8999.0,MEDICINA,FUNDAMENTACIÓN EN DIAGNÓSTICO Y TRATAMIENTO MÉDICOS,34.0,,,,,,,,,,"Propone un plan de tratamiento de acuerdo con la situación del paciente, a partir de casos clínicos de común ocurrencia en la práctica de los médicos generales.",56.0,2025
SABER PRO - 2025,PROGRAMA_ACÁDEMICO,APRENDIZAJE_PRUEBA,346,1,2.0,ANDINA,20.0,QUINDIO,824.0,ARMENIA,9156.0,CORPORACION UNIVERSITARIA EMPRESARIAL ALEXANDER VON HUMBOLDT,9156.0,CORPORACION UNIVERSITARIA EMPRESARIAL ALEXANDER VON HUMBOLDT - C.U.E.-ARMENIA,14.0,MEDICINA,,,8999.0,MEDICINA,COMPETENCIAS CIUDADANAS,1.0,,,,,,,,,,Reconoce la existencia de diferentes perspectivas en situaciones en donde interactúan diferentes partes.,35.0,2025
SABER PRO - 2025,PROGRAMA_ACÁDEMICO,APRENDIZAJE_PRUEBA,90,1,2.0,ANDINA,20.0,QUINDIO,824.0,ARMENIA,9158.0,UNIVERSIDAD DEL QUINDIO,9158.0,UNIVERSIDAD DEL QUINDIO-ARMENIA,14.0,MEDICINA,,,1890.0,MEDICINA,COMPETENCIAS CIUDADANAS,1.0,,,,,,,,,,Conoce la organización del Estado de acuerdo con la Constitución.,22.0,2025
SABER PRO - 2025,PROGRAMA_ACÁDEMICO,APRENDIZAJE_PRUEBA,324,1,2.0,ANDINA,20.0,QUINDIO,824.0,ARMENIA,9158.0,UNIVERSIDAD DEL QUINDIO,9158.0,UNIVERSIDAD DEL QUINDIO-ARMENIA,14.0,MEDICINA,,,1890.0,MEDICINA,ATENCIÓN EN SALUD,34.0,,,,,,,,,,"Propone acciones de diagnóstico, ejecución y evaluación en el marco de políticas y lineamientos en salud vigentes.",33.0,2025
SABER PRO - 2025,PROGRAMA_ACÁDEMICO,APRENDIZAJE_PRUEBA,891,1,2.0,ANDINA,20.0,QUINDIO,824.0,ARMENIA,9158.0,UNIVERSIDAD DEL QUINDIO,9158.0,UNIVERSIDAD DEL QUINDIO-ARMENIA,14.0,MEDICINA,,,1890.0,MEDICINA,FUNDAMENTACIÓN EN DIAGNÓSTICO Y TRATAMIENTO MÉDICOS,34.0,,,,,,,,,,"Determina la situación de salud o enfermedad de niños, jóvenes y adultos (hombres y mujeres), a partir de casos clínicos de común ocurrencia en la práctica de los médicos generales.",41.0,2025
SABER PRO - 2025,PROGRAMA_ACÁDEMICO,APRENDIZAJE_PRUEBA,299,1,2.0,ANDINA,20.0,QUINDIO,824.0,ARMENIA,9158.0,UNIVERSIDAD DEL QUINDIO,9158.0,UNIVERSIDAD DEL QUINDIO-ARMENIA,14.0,MEDICINA,,,1890.0,MEDICINA,RAZONAMIENTO CUANTITATIVO,1.0,,,,,,,,,,Comprende y transforma la información cuantitativa y esquemática presentada en distintos formatos ,20.0,2025
SABER PRO - 2025,PROGRAMA_ACÁDEMICO,APRENDIZAJE_PRUEBA,68,1,2.0,ANDINA,20.0,QUINDIO,824.0,ARMENIA,9158.0,UNIVERSIDAD DEL QUINDIO,9158.0,UNIVERSIDAD DEL QUINDIO-ARMENIA,14.0,MEDICINA,,,1890.0,MEDICINA,COMPETENCIAS CIUDADANAS,1.0,,,,,,,,,,Conoce los derechos y deberes que la Constitución consagra.,24.0,2025
SABER PRO - 2025,PROGRAMA_ACÁDEMICO,APRENDIZAJE_PRUEBA,621,1,2.0,ANDINA,20.0,QUINDIO,824.0,ARMENIA,9158.0,UNIVERSIDAD DEL QUINDIO,9158.0,UNIVERSIDAD DEL QUINDIO-ARMENIA,14.0,MEDICINA,,,1890.0,MEDICINA,FUNDAMENTACIÓN EN DIAGNÓSTICO Y TRATAMIENTO MÉDICOS,34.0,,,,,,,,,,"Propone un plan de tratamiento de acuerdo con la situación del paciente, a partir de casos clínicos de común ocurrencia en la práctica de los médicos generales.",45.0,2025
SABER PRO - 2025,PROGRAMA_ACÁDEMICO,APRENDIZAJE_PRUEBA,128,1,2.0,ANDINA,20.0,QUINDIO,824.0,ARMENIA,9158.0,UNIVERSIDAD DEL QUINDIO,9158.0,UNIVERSIDAD DEL QUINDIO-ARMENIA,14.0,MEDICINA,,,1890.0,MEDICINA,COMPETENCIAS CIUDADANAS,1.0,,,,,,,,,,Reconoce la existencia de diferentes perspectivas en situaciones en donde interactúan diferentes partes.,24.0,2025
SABER PRO - 2025,PROGRAMA_ACÁDEMICO,APRENDIZAJE_PRUEBA,218,1,2.0,ANDINA,20.0,QUINDIO,824.0,ARMENIA,9158.0,UNIVERSIDAD DEL QUINDIO,9158.0,UNIVERSIDAD DEL QUINDIO-ARMENIA,14.0,MEDICINA,,,1890.0,MEDICINA,LECTURA CRÍTICA,1.0,,,,,,,,,,Identifica y entiende los contenidos locales que conforman un texto. ,13.0,2025
SABER PRO - 2025,PROGRAMA_ACÁDEMICO,APRENDIZAJE_PRUEBA,180,1,2.0,ANDINA,20.0,QUINDIO,824.0,ARMENIA,9158.0,UNIVERSIDAD DEL QUINDIO,9158.0,UNIVERSIDAD DEL QUINDIO-ARMENIA,14.0,MEDICINA,,,1890.0,MEDICINA,COMPETENCIAS CIUDADANAS,1.0,,,,,,,,,,Analiza y evalúa la pertinencia y solidez de enunciados-discursos.,29.0,2025
SABER PRO - 2025,PROGRAMA_ACÁDEMICO,APRENDIZAJE_PRUEBA,180,1,2.0,ANDINA,20.0,QUINDIO,824.0,ARMENIA,9158.0,UNIVERSIDAD DEL QUINDIO,9158.0,UNIVERSIDAD DEL QUINDIO-ARMENIA,14.0,MEDICINA,,,1890.0,MEDICINA,COMPETENCIAS CIUDADANAS,1.0,,,,,,,,,,Comprende que los problemas y sus soluciones involucran distintas dimensiones y reconoce relaciones entre estas. ,18.0,2025
SABER PRO - 2025,PROGRAMA_ACÁDEMICO,APRENDIZAJE_PRUEBA,322,1,2.0,ANDINA,20.0,QUINDIO,824.0,ARMENIA,9158.0,UNIVERSIDAD DEL QUINDIO,9158.0,UNIVERSIDAD DEL QUINDIO-ARMENIA,14.0,MEDICINA,,,1890.0,MEDICINA,LECTURA CRÍTICA,1.0,,,,,,,,,,Reflexiona a partir de un texto y evalúa su contenido.,31.0,2025
SABER PRO - 2025,PROGRAMA_ACÁDEMICO,APRENDIZAJE_PRUEBA,280,1,2.0,ANDINA,20.0,QUINDIO,824.0,ARMENIA,9158.0,UNIVERSIDAD DEL QUINDIO,9158.0,UNIVERSIDAD DEL QUINDIO-ARMENIA,14.0,MEDICINA,,,1890.0,MEDICINA,RAZONAMIENTO CUANTITATIVO,1.0,,,,,,,,,,"Frente a un problema que involucre información cuantitativa, plantea e implementa estrategias que lleven a soluciones adecuadas.",40.0,2025
SABER PRO - 2025,PROGRAMA_ACÁDEMICO,APRENDIZAJE_PRUEBA,270,1,2.0,ANDINA,20.0,QUINDIO,824.0,ARMENIA,9158.0,UNIVERSIDAD DEL QUINDIO,9158.0,UNIVERSIDAD DEL QUINDIO-ARMENIA,14.0,MEDICINA,,,1890.0,MEDICINA,PROMOCIÓN DE LA SALUD Y PREVENCIÓN DE LA ENFERMEDAD,34.0,,,,,,,,,,"Integra los conceptos básicos de promoción de la salud que le permiten priorizar acciones por seguir, de acuerdo con las condiciones de salud de las poblaciones.",37.0,2025
SABER PRO - 2025,PROGRAMA_ACÁDEMICO,APRENDIZAJE_PRUEBA,90,1,2.0,ANDINA,20.0,QUINDIO,824.0,ARMENIA,9158.0,UNIVERSIDAD DEL QUINDIO,9158.0,UNIVERSIDAD DEL QUINDIO-ARMENIA,14.0,MEDICINA,,,1890.0,MEDICINA,COMPETENCIAS CIUDADANAS,1.0,,,,,,,,,,Comprende qué es la Constitución Política de Colombia y sus principios fundamentales.,20.0,2025
SABER PRO - 2025,PROGRAMA_ACÁDEMICO,APRENDIZAJE_PRUEBA,648,1,2.0,ANDINA,20.0,QUINDIO,824.0,ARMENIA,9158.0,UNIVERSIDAD DEL QUINDIO,9158.0,UNIVERSIDAD DEL QUINDIO-ARMENIA,14.0,MEDICINA,,,1890.0,MEDICINA,PROMOCIÓN DE LA SALUD Y PREVENCIÓN DE LA ENFERMEDAD,34.0,,,,,,,,,,"Integra los conceptos básicos de prevención de la enfermedad, que le permita la priorización de las acciones  por seguir  de  acuerdo con las condiciones de salud de las poblaciones.",27.0,2025
SABER PRO - 2025,PROGRAMA_ACÁDEMICO,APRENDIZAJE_PRUEBA,216,1,2.0,ANDINA,20.0,QUINDIO,824.0,ARMENIA,9158.0,UNIVERSIDAD DEL QUINDIO,9158.0,UNIVERSIDAD DEL QUINDIO-ARMENIA,14.0,MEDICINA,,,1890.0,MEDICINA,ATENCIÓN EN SALUD,34.0,,,,,,,,,,"Integra el proceso de sistematización de la información, relacionada con la salud del individuo, la familia y la comunidad en la priorización de acciones. ",30.0,2025
SABER PRO - 2025,PROGRAMA_ACÁDEMICO,APRENDIZAJE_PRUEBA,216,1,2.0,ANDINA,20.0,QUINDIO,824.0,ARMENIA,9158.0,UNIVERSIDAD DEL QUINDIO,9158.0,UNIVERSIDAD DEL QUINDIO-ARMENIA,14.0,MEDICINA,,,1890.0,MEDICINA,ATENCIÓN EN SALUD,34.0,,,,,,,,,,"Reconoce la política y la normatividad nacional y los acuerdos internacionales suscritos por el Estado colombiano, relacionados con salud pública y los aplica en situaciones concretas que afectan la salud del individuo, la familia y la comunidad.",30.0,2025
SABER PRO - 2025,PROGRAMA_ACÁDEMICO,APRENDIZAJE_PRUEBA,360,1,2.0,ANDINA,20.0,QUINDIO,824.0,ARMENIA,9158.0,UNIVERSIDAD DEL QUINDIO,9158.0,UNIVERSIDAD DEL QUINDIO-ARMENIA,14.0,MEDICINA,,,1890.0,MEDICINA,LECTURA CRÍTICA,1.0,,,,,,,,,,Comprende cómo se articulan las partes de un texto para darle un sentido global.,27.0,2025
SABER PRO - 2025,PROGRAMA_ACÁDEMICO,APRENDIZAJE_PRUEBA,324,1,2.0,ANDINA,20.0,QUINDIO,824.0,ARMENIA,9158.0,UNIVERSIDAD DEL QUINDIO,9158.0,UNIVERSIDAD DEL QUINDIO-ARMENIA,14.0,MEDICINA,,,1890.0,MEDICINA,ATENCIÓN EN SALUD,34.0,,,,,,,,,,"Analiza los determinantes personales, sociales, económicos y ambientales que influyen en el estado de salud del individuo, la familia y la comunidad, para la priorización de acciones a seguir.",33.0,2025
SABER PRO - 2025,PROGRAMA_ACÁDEMICO,APRENDIZAJE_PRUEBA,321,1,2.0,ANDINA,20.0,QUINDIO,824.0,ARMENIA,9158.0,UNIVERSIDAD DEL QUINDIO,9158.0,UNIVERSIDAD DEL QUINDIO-ARMENIA,14.0,MEDICINA,,,1890.0,MEDICINA,RAZONAMIENTO CUANTITATIVO,1.0,,,,,,,,,,Valida procedimientos y  estrategias matemáticas utilizadas para dar solución a problemas.,29.0,2025
SABER PRO - 2025,PROGRAMA_ACÁDEMICO,APRENDIZAJE_PRUEBA,142,1,2.0,ANDINA,20.0,QUINDIO,824.0,ARMENIA,9158.0,UNIVERSIDAD DEL QUINDIO,9158.0,UNIVERSIDAD DEL QUINDIO-ARMENIA,14.0,MEDICINA,,,1890.0,MEDICINA,COMPETENCIAS CIUDADANAS,1.0,,,,,,,,,,Analiza las diferentes perspectivas presentes en situaciones en donde interactúan diferentes partes.,31.0,2025
SABER PRO - 2025,PROGRAMA_ACÁDEMICO,APRENDIZAJE_PRUEBA,507,1,2.0,ANDINA,21.0,RISARALDA,836.0,PEREIRA,9166.0,UNIVERSIDAD TECNOLOGICA DE PEREIRA,9166.0,UNIVERSIDAD TECNOLOGICA DE PEREIRA - ITP-PEREIRA,14.0,MEDICINA,,,1021.0,MEDICINA,COMPETENCIAS CIUDADANAS,1.0,,,,,,,,,,Reconoce la existencia de diferentes perspectivas en situaciones en donde interactúan diferentes partes.,30.0,2025
SABER PRO - 2025,PROGRAMA_ACÁDEMICO,APRENDIZAJE_PRUEBA,530,1,2.0,ANDINA,21.0,RISARALDA,836.0,PEREIRA,9166.0,UNIVERSIDAD TECNOLOGICA DE PEREIRA,9166.0,UNIVERSIDAD TECNOLOGICA DE PEREIRA - ITP-PEREIRA,14.0,MEDICINA,,,1021.0,MEDICINA,PROMOCIÓN DE LA SALUD Y PREVENCIÓN DE LA ENFERMEDAD,34.0,,,,,,,,,,"Integra los conceptos básicos de promoción de la salud que le permiten priorizar acciones por seguir, de acuerdo con las condiciones de salud de las poblaciones.",38.0,2025
SABER PRO - 2025,PROGRAMA_ACÁDEMICO,APRENDIZAJE_PRUEBA,281,1,2.0,ANDINA,21.0,RISARALDA,836.0,PEREIRA,9166.0,UNIVERSIDAD TECNOLOGICA DE PEREIRA,9166.0,UNIVERSIDAD TECNOLOGICA DE PEREIRA - ITP-PEREIRA,8.0,CIENCIAS AGROPECUARIAS ,,,7087.0,MEDICINA VETERINARIA Y ZOOTECNIA,COMPETENCIAS CIUDADANAS,1.0,,,,,,,,,,Analiza las diferentes perspectivas presentes en situaciones en donde interactúan diferentes partes.,49.0,2025
SABER PRO - 2025,PROGRAMA_ACÁDEMICO,APRENDIZAJE_PRUEBA,378,1,2.0,ANDINA,21.0,RISARALDA,836.0,PEREIRA,9166.0,UNIVERSIDAD TECNOLOGICA DE PEREIRA,9166.0,UNIVERSIDAD TECNOLOGICA DE PEREIRA - ITP-PEREIRA,8.0,CIENCIAS AGROPECUARIAS ,,,7087.0,MEDICINA VETERINARIA Y ZOOTECNIA,COMPETENCIAS CIUDADANAS,1.0,,,,,,,,,,Analiza y evalúa la pertinencia y solidez de enunciados-discursos.,42.0,2025
SABER PRO - 2025,PROGRAMA_ACÁDEMICO,APRENDIZAJE_PRUEBA,189,1,2.0,ANDINA,21.0,RISARALDA,836.0,PEREIRA,9166.0,UNIVERSIDAD TECNOLOGICA DE PEREIRA,9166.0,UNIVERSIDAD TECNOLOGICA DE PEREIRA - ITP-PEREIRA,8.0,CIENCIAS AGROPECUARIAS ,,,7087.0,MEDICINA VETERINARIA Y ZOOTECNIA,COMPETENCIAS CIUDADANAS,1.0,,,,,,,,,,Comprende qué es la Constitución Política de Colombia y sus principios fundamentales.,51.0,2025
SABER PRO - 2025,PROGRAMA_ACÁDEMICO,APRENDIZAJE_PRUEBA,174,1,2.0,ANDINA,21.0,RISARALDA,836.0,PEREIRA,9166.0,UNIVERSIDAD TECNOLOGICA DE PEREIRA,9166.0,UNIVERSIDAD TECNOLOGICA DE PEREIRA - ITP-PEREIRA,8.0,CIENCIAS AGROPECUARIAS ,,,7087.0,MEDICINA VETERINARIA Y ZOOTECNIA,COMPETENCIAS CIUDADANAS,1.0,,,,,,,,,,Conoce los derechos y deberes que la Constitución consagra.,47.0,2025
SABER PRO - 2025,PROGRAMA_ACÁDEMICO,APRENDIZAJE_PRUEBA,232,1,2.0,ANDINA,21.0,RISARALDA,836.0,PEREIRA,9166.0,UNIVERSIDAD TECNOLOGICA DE PEREIRA,9166.0,UNIVERSIDAD TECNOLOGICA DE PEREIRA - ITP-PEREIRA,8.0,CIENCIAS AGROPECUARIAS ,,,7087.0,MEDICINA VETERINARIA Y ZOOTECNIA,PRODUCCIÓN PECUARIA,34.0,,,,,,,,,,"Comprender los efectos de los factores ecofisiológicos sobre los diferentes elementos constitutivos de los sistemas integrados de producción animal, en forma aislada, conjunta y en interacción.",50.0,2025
SABER PRO - 2025,PROGRAMA_ACÁDEMICO,APRENDIZAJE_PRUEBA,116,1,2.0,ANDINA,21.0,RISARALDA,836.0,PEREIRA,9166.0,UNIVERSIDAD TECNOLOGICA DE PEREIRA,9166.0,UNIVERSIDAD TECNOLOGICA DE PEREIRA - ITP-PEREIRA,8.0,CIENCIAS AGROPECUARIAS ,,,7087.0,MEDICINA VETERINARIA Y ZOOTECNIA,PRODUCCIÓN PECUARIA,34.0,,,,,,,,,,"Entender los sistemas de producción pecuaria locales en los contextos socio-económicos globales, y regionales para su proyección en un ambiente de gestión tecnológica como base para el desarrollo de la sociedad",45.0,2025
SABER PRO - 2025,PROGRAMA_ACÁDEMICO,APRENDIZAJE_PRUEBA,87,1,2.0,ANDINA,21.0,RISARALDA,836.0,PEREIRA,9166.0,UNIVERSIDAD TECNOLOGICA DE PEREIRA,9166.0,UNIVERSIDAD TECNOLOGICA DE PEREIRA - ITP-PEREIRA,8.0,CIENCIAS AGROPECUARIAS ,,,7087.0,MEDICINA VETERINARIA Y ZOOTECNIA,PRODUCCIÓN PECUARIA,34.0,,,,,,,,,,"Comprender  los aspectos  y condiciones administrativas y socio económicas de los sistemas de producción animal, para el análisis, diseño,  formulación y aplicación de propuestas de gestión de la tecnología, mediante el análisis de los factores internos y externos de la empresa pecuaria para generar viabilidad técnica, administrativa y financiera. ",39.0,2025
SABER PRO - 2025,PROGRAMA_ACÁDEMICO,APRENDIZAJE_PRUEBA,636,1,2.0,ANDINA,21.0,RISARALDA,836.0,PEREIRA,9166.0,UNIVERSIDAD TECNOLOGICA DE PEREIRA,9166.0,UNIVERSIDAD TECNOLOGICA DE PEREIRA - ITP-PEREIRA,14.0,MEDICINA,,,1021.0,MEDICINA,ATENCIÓN EN SALUD,34.0,,,,,,,,,,"Analiza los determinantes personales, sociales, económicos y ambientales que influyen en el estado de salud del individuo, la familia y la comunidad, para la priorización de acciones a seguir.",29.0,2025
SABER PRO - 2025,PROGRAMA_ACÁDEMICO,APRENDIZAJE_PRUEBA,607,1,2.0,ANDINA,21.0,RISARALDA,836.0,PEREIRA,9166.0,UNIVERSIDAD TECNOLOGICA DE PEREIRA,9166.0,UNIVERSIDAD TECNOLOGICA DE PEREIRA - ITP-PEREIRA,8.0,CIENCIAS AGROPECUARIAS ,,,7087.0,MEDICINA VETERINARIA Y ZOOTECNIA,RAZONAMIENTO CUANTITATIVO,1.0,,,,,,,,,,Comprende y transforma la información cuantitativa y esquemática presentada en distintos formatos ,35.0,2025
SABER PRO - 2025,PROGRAMA_ACÁDEMICO,APRENDIZAJE_PRUEBA,1146,1,2.0,ANDINA,21.0,RISARALDA,836.0,PEREIRA,9166.0,UNIVERSIDAD TECNOLOGICA DE PEREIRA,9166.0,UNIVERSIDAD TECNOLOGICA DE PEREIRA - ITP-PEREIRA,14.0,MEDICINA,,,1021.0,MEDICINA,RAZONAMIENTO CUANTITATIVO,1.0,,,,,,,,,,Comprende y transforma la información cuantitativa y esquemática presentada en distintos formatos ,22.0,2025
SABER PRO - 2025,PROGRAMA_ACÁDEMICO,APRENDIZAJE_PRUEBA,348,1,2.0,ANDINA,21.0,RISARALDA,836.0,PEREIRA,9166.0,UNIVERSIDAD TECNOLOGICA DE PEREIRA,9166.0,UNIVERSIDAD TECNOLOGICA DE PEREIRA - ITP-PEREIRA,14.0,MEDICINA,,,1021.0,MEDICINA,COMPETENCIAS CIUDADANAS,1.0,,,,,,,,,,Conoce la organización del Estado de acuerdo con la Constitución.,31.0,2025
SABER PRO - 2025,PROGRAMA_ACÁDEMICO,APRENDIZAJE_PRUEBA,537,1,2.0,ANDINA,21.0,RISARALDA,836.0,PEREIRA,9166.0,UNIVERSIDAD TECNOLOGICA DE PEREIRA,9166.0,UNIVERSIDAD TECNOLOGICA DE PEREIRA - ITP-PEREIRA,14.0,MEDICINA,,,1021.0,MEDICINA,COMPETENCIAS CIUDADANAS,1.0,,,,,,,,,,Analiza las diferentes perspectivas presentes en situaciones en donde interactúan diferentes partes.,34.0,2025
SABER PRO - 2025,PROGRAMA_ACÁDEMICO,APRENDIZAJE_PRUEBA,424,1,2.0,ANDINA,21.0,RISARALDA,836.0,PEREIRA,9166.0,UNIVERSIDAD TECNOLOGICA DE PEREIRA,9166.0,UNIVERSIDAD TECNOLOGICA DE PEREIRA - ITP-PEREIRA,14.0,MEDICINA,,,1021.0,MEDICINA,ATENCIÓN EN SALUD,34.0,,,,,,,,,,"Integra el proceso de sistematización de la información, relacionada con la salud del individuo, la familia y la comunidad en la priorización de acciones. ",32.0,2025
SABER PRO - 2025,PROGRAMA_ACÁDEMICO,APRENDIZAJE_PRUEBA,696,1,2.0,ANDINA,21.0,RISARALDA,836.0,PEREIRA,9166.0,UNIVERSIDAD TECNOLOGICA DE PEREIRA,9166.0,UNIVERSIDAD TECNOLOGICA DE PEREIRA - ITP-PEREIRA,14.0,MEDICINA,,,1021.0,MEDICINA,COMPETENCIAS CIUDADANAS,1.0,,,,,,,,,,Analiza y evalúa la pertinencia y solidez de enunciados-discursos.,32.0,2025
SABER PRO - 2025,PROGRAMA_ACÁDEMICO,APRENDIZAJE_PRUEBA,145,1,2.0,ANDINA,21.0,RISARALDA,836.0,PEREIRA,9166.0,UNIVERSIDAD TECNOLOGICA DE PEREIRA,9166.0,UNIVERSIDAD TECNOLOGICA DE PEREIRA - ITP-PEREIRA,8.0,CIENCIAS AGROPECUARIAS ,,,7087.0,MEDICINA VETERINARIA Y ZOOTECNIA,PRODUCCIÓN PECUARIA,34.0,,,,,,,,,,Conocer los principios de la nutrición y la alimentación para las diferentes especies de interés zootécnico y comprender y desarrollar sistemas de alimentación en contexto con la particularidad de los nichos productivos.,54.0,2025
SABER PRO - 2025,PROGRAMA_ACÁDEMICO,APRENDIZAJE_PRUEBA,1233,1,2.0,ANDINA,21.0,RISARALDA,836.0,PEREIRA,9166.0,UNIVERSIDAD TECNOLOGICA DE PEREIRA,9166.0,UNIVERSIDAD TECNOLOGICA DE PEREIRA - ITP-PEREIRA,14.0,MEDICINA,,,1021.0,MEDICINA,RAZONAMIENTO CUANTITATIVO,1.0,,,,,,,,,,Valida procedimientos y  estrategias matemáticas utilizadas para dar solución a problemas.,36.0,2025
SABER PRO - 2025,PROGRAMA_ACÁDEMICO,APRENDIZAJE_PRUEBA,307,1,2.0,ANDINA,21.0,RISARALDA,836.0,PEREIRA,9166.0,UNIVERSIDAD TECNOLOGICA DE PEREIRA,9166.0,UNIVERSIDAD TECNOLOGICA DE PEREIRA - ITP-PEREIRA,14.0,MEDICINA,,,1021.0,MEDICINA,COMPETENCIAS CIUDADANAS,1.0,,,,,,,,,,Conoce los derechos y deberes que la Constitución consagra.,34.0,2025
SABER PRO - 2025,PROGRAMA_ACÁDEMICO,APRENDIZAJE_PRUEBA,348,1,2.0,ANDINA,21.0,RISARALDA,836.0,PEREIRA,9166.0,UNIVERSIDAD TECNOLOGICA DE PEREIRA,9166.0,UNIVERSIDAD TECNOLOGICA DE PEREIRA - ITP-PEREIRA,14.0,MEDICINA,,,1021.0,MEDICINA,COMPETENCIAS CIUDADANAS,1.0,,,,,,,,,,Comprende qué es la Constitución Política de Colombia y sus principios fundamentales.,40.0,2025
SABER PRO - 2025,PROGRAMA_ACÁDEMICO,APRENDIZAJE_PRUEBA,860,1,2.0,ANDINA,21.0,RISARALDA,836.0,PEREIRA,9166.0,UNIVERSIDAD TECNOLOGICA DE PEREIRA,9166.0,UNIVERSIDAD TECNOLOGICA DE PEREIRA - ITP-PEREIRA,14.0,MEDICINA,,,1021.0,MEDICINA,LECTURA CRÍTICA,1.0,,,,,,,,,,Identifica y entiende los contenidos locales que conforman un texto. ,19.0,2025
SABER PRO - 2025,PROGRAMA_ACÁDEMICO,APRENDIZAJE_PRUEBA,649,1,2.0,ANDINA,21.0,RISARALDA,836.0,PEREIRA,9166.0,UNIVERSIDAD TECNOLOGICA DE PEREIRA,9166.0,UNIVERSIDAD TECNOLOGICA DE PEREIRA - ITP-PEREIRA,8.0,CIENCIAS AGROPECUARIAS ,,,7087.0,MEDICINA VETERINARIA Y ZOOTECNIA,LECTURA CRÍTICA,1.0,,,,,,,,,,Reflexiona a partir de un texto y evalúa su contenido.,40.0,2025
SABER PRO - 2025,PROGRAMA_ACÁDEMICO,APRENDIZAJE_PRUEBA,485,1,2.0,ANDINA,21.0,RISARALDA,836.0,PEREIRA,9166.0,UNIVERSIDAD TECNOLOGICA DE PEREIRA,9166.0,UNIVERSIDAD TECNOLOGICA DE PEREIRA - ITP-PEREIRA,8.0,CIENCIAS AGROPECUARIAS ,,,7087.0,MEDICINA VETERINARIA Y ZOOTECNIA,LECTURA CRÍTICA,1.0,,,,,,,,,,Identifica y entiende los contenidos locales que conforman un texto. ,29.0,2025
SABER PRO - 2025,PROGRAMA_ACÁDEMICO,APRENDIZAJE_PRUEBA,232,1,2.0,ANDINA,21.0,RISARALDA,836.0,PEREIRA,9166.0,UNIVERSIDAD TECNOLOGICA DE PEREIRA,9166.0,UNIVERSIDAD TECNOLOGICA DE PEREIRA - ITP-PEREIRA,8.0,CIENCIAS AGROPECUARIAS ,,,7087.0,MEDICINA VETERINARIA Y ZOOTECNIA,PRODUCCIÓN PECUARIA,34.0,,,,,,,,,,"Diseñar, implementar y/o validar los sistemas de producción pecuaria para lograr productos de calidad, inocuos y trazables, provenientes de animales en condiciones de bienestar. ",48.0,2025
SABER PRO - 2025,PROGRAMA_ACÁDEMICO,APRENDIZAJE_PRUEBA,635,1,2.0,ANDINA,21.0,RISARALDA,836.0,PEREIRA,9166.0,UNIVERSIDAD TECNOLOGICA DE PEREIRA,9166.0,UNIVERSIDAD TECNOLOGICA DE PEREIRA - ITP-PEREIRA,8.0,CIENCIAS AGROPECUARIAS ,,,7087.0,MEDICINA VETERINARIA Y ZOOTECNIA,RAZONAMIENTO CUANTITATIVO,1.0,,,,,,,,,,"Frente a un problema que involucre información cuantitativa, plantea e implementa estrategias que lleven a soluciones adecuadas.",54.0,2025
SABER PRO - 2025,PROGRAMA_ACÁDEMICO,APRENDIZAJE_PRUEBA,286,1,2.0,ANDINA,21.0,RISARALDA,836.0,PEREIRA,9166.0,UNIVERSIDAD TECNOLOGICA DE PEREIRA,9166.0,UNIVERSIDAD TECNOLOGICA DE PEREIRA - ITP-PEREIRA,8.0,CIENCIAS AGROPECUARIAS ,,,7087.0,MEDICINA VETERINARIA Y ZOOTECNIA,COMPETENCIAS CIUDADANAS,1.0,,,,,,,,,,Reconoce la existencia de diferentes perspectivas en situaciones en donde interactúan diferentes partes.,47.0,2025
SABER PRO - 2025,PROGRAMA_ACÁDEMICO,APRENDIZAJE_PRUEBA,756,1,2.0,ANDINA,21.0,RISARALDA,836.0,PEREIRA,9166.0,UNIVERSIDAD TECNOLOGICA DE PEREIRA,9166.0,UNIVERSIDAD TECNOLOGICA DE PEREIRA - ITP-PEREIRA,8.0,CIENCIAS AGROPECUARIAS ,,,7087.0,MEDICINA VETERINARIA Y ZOOTECNIA,LECTURA CRÍTICA,1.0,,,,,,,,,,Comprende cómo se articulan las partes de un texto para darle un sentido global.,43.0,2025
SABER PRO - 2025,PROGRAMA_ACÁDEMICO,APRENDIZAJE_PRUEBA,1392,1,2.0,ANDINA,21.0,RISARALDA,836.0,PEREIRA,9166.0,UNIVERSIDAD TECNOLOGICA DE PEREIRA,9166.0,UNIVERSIDAD TECNOLOGICA DE PEREIRA - ITP-PEREIRA,14.0,MEDICINA,,,1021.0,MEDICINA,LECTURA CRÍTICA,1.0,,,,,,,,,,Comprende cómo se articulan las partes de un texto para darle un sentido global.,34.0,2025
SABER PRO - 2025,PROGRAMA_ACÁDEMICO,APRENDIZAJE_PRUEBA,1228,1,2.0,ANDINA,21.0,RISARALDA,836.0,PEREIRA,9166.0,UNIVERSIDAD TECNOLOGICA DE PEREIRA,9166.0,UNIVERSIDAD TECNOLOGICA DE PEREIRA - ITP-PEREIRA,14.0,MEDICINA,,,1021.0,MEDICINA,LECTURA CRÍTICA,1.0,,,,,,,,,,Reflexiona a partir de un texto y evalúa su contenido.,29.0,2025
SABER PRO - 2025,PROGRAMA_ACÁDEMICO,APRENDIZAJE_PRUEBA,1749,1,2.0,ANDINA,21.0,RISARALDA,836.0,PEREIRA,9166.0,UNIVERSIDAD TECNOLOGICA DE PEREIRA,9166.0,UNIVERSIDAD TECNOLOGICA DE PEREIRA - ITP-PEREIRA,14.0,MEDICINA,,,1021.0,MEDICINA,FUNDAMENTACIÓN EN DIAGNÓSTICO Y TRATAMIENTO MÉDICOS,34.0,,,,,,,,,,"Determina la situación de salud o enfermedad de niños, jóvenes y adultos (hombres y mujeres), a partir de casos clínicos de común ocurrencia en la práctica de los médicos generales.",42.0,2025
SABER PRO - 2025,PROGRAMA_ACÁDEMICO,APRENDIZAJE_PRUEBA,636,1,2.0,ANDINA,21.0,RISARALDA,836.0,PEREIRA,9166.0,UNIVERSIDAD TECNOLOGICA DE PEREIRA,9166.0,UNIVERSIDAD TECNOLOGICA DE PEREIRA - ITP-PEREIRA,14.0,MEDICINA,,,1021.0,MEDICINA,ATENCIÓN EN SALUD,34.0,,,,,,,,,,"Propone acciones de diagnóstico, ejecución y evaluación en el marco de políticas y lineamientos en salud vigentes.",36.0,2025
SABER PRO - 2025,PROGRAMA_ACÁDEMICO,APRENDIZAJE_PRUEBA,378,1,2.0,ANDINA,21.0,RISARALDA,836.0,PEREIRA,9166.0,UNIVERSIDAD TECNOLOGICA DE PEREIRA,9166.0,UNIVERSIDAD TECNOLOGICA DE PEREIRA - ITP-PEREIRA,8.0,CIENCIAS AGROPECUARIAS ,,,7087.0,MEDICINA VETERINARIA Y ZOOTECNIA,COMPETENCIAS CIUDADANAS,1.0,,,,,,,,,,Comprende que los problemas y sus soluciones involucran distintas dimensiones y reconoce relaciones entre estas. ,46.0,2025
SABER PRO - 2025,PROGRAMA_ACÁDEMICO,APRENDIZAJE_PRUEBA,232,1,2.0,ANDINA,21.0,RISARALDA,836.0,PEREIRA,9166.0,UNIVERSIDAD TECNOLOGICA DE PEREIRA,9166.0,UNIVERSIDAD TECNOLOGICA DE PEREIRA - ITP-PEREIRA,8.0,CIENCIAS AGROPECUARIAS ,,,7087.0,MEDICINA VETERINARIA Y ZOOTECNIA,PRODUCCIÓN PECUARIA,34.0,,,,,,,,,,Comprender los principios genéticos y reproductivos para el  mejoramiento animal y la estructuración de los ciclos productivos.  ,53.0,2025
SABER PRO - 2025,PROGRAMA_ACÁDEMICO,APRENDIZAJE_PRUEBA,424,1,2.0,ANDINA,21.0,RISARALDA,836.0,PEREIRA,9166.0,UNIVERSIDAD TECNOLOGICA DE PEREIRA,9166.0,UNIVERSIDAD TECNOLOGICA DE PEREIRA - ITP-PEREIRA,14.0,MEDICINA,,,1021.0,MEDICINA,ATENCIÓN EN SALUD,34.0,,,,,,,,,,"Reconoce la política y la normatividad nacional y los acuerdos internacionales suscritos por el Estado colombiano, relacionados con salud pública y los aplica en situaciones concretas que afectan la salud del individuo, la familia y la comunidad.",27.0,2025
SABER PRO - 2025,PROGRAMA_ACÁDEMICO,APRENDIZAJE_PRUEBA,1101,1,2.0,ANDINA,21.0,RISARALDA,836.0,PEREIRA,9166.0,UNIVERSIDAD TECNOLOGICA DE PEREIRA,9166.0,UNIVERSIDAD TECNOLOGICA DE PEREIRA - ITP-PEREIRA,14.0,MEDICINA,,,1021.0,MEDICINA,RAZONAMIENTO CUANTITATIVO,1.0,,,,,,,,,,"Frente a un problema que involucre información cuantitativa, plantea e implementa estrategias que lleven a soluciones adecuadas.",37.0,2025
SABER PRO - 2025,PROGRAMA_ACÁDEMICO,APRENDIZAJE_PRUEBA,696,1,2.0,ANDINA,21.0,RISARALDA,836.0,PEREIRA,9166.0,UNIVERSIDAD TECNOLOGICA DE PEREIRA,9166.0,UNIVERSIDAD TECNOLOGICA DE PEREIRA - ITP-PEREIRA,14.0,MEDICINA,,,1021.0,MEDICINA,COMPETENCIAS CIUDADANAS,1.0,,,,,,,,,,Comprende que los problemas y sus soluciones involucran distintas dimensiones y reconoce relaciones entre estas. ,32.0,2025
SABER PRO - 2025,PROGRAMA_ACÁDEMICO,APRENDIZAJE_PRUEBA,648,1,2.0,ANDINA,21.0,RISARALDA,836.0,PEREIRA,9166.0,UNIVERSIDAD TECNOLOGICA DE PEREIRA,9166.0,UNIVERSIDAD TECNOLOGICA DE PEREIRA - ITP-PEREIRA,8.0,CIENCIAS AGROPECUARIAS ,,,7087.0,MEDICINA VETERINARIA Y ZOOTECNIA,RAZONAMIENTO CUANTITATIVO,1.0,,,,,,,,,,Valida procedimientos y  estrategias matemáticas utilizadas para dar solución a problemas.,48.0,2025
SABER PRO - 2025,PROGRAMA_ACÁDEMICO,APRENDIZAJE_PRUEBA,1219,1,2.0,ANDINA,21.0,RISARALDA,836.0,PEREIRA,9166.0,UNIVERSIDAD TECNOLOGICA DE PEREIRA,9166.0,UNIVERSIDAD TECNOLOGICA DE PEREIRA - ITP-PEREIRA,14.0,MEDICINA,,,1021.0,MEDICINA,FUNDAMENTACIÓN EN DIAGNÓSTICO Y TRATAMIENTO MÉDICOS,34.0,,,,,,,,,,"Propone un plan de tratamiento de acuerdo con la situación del paciente, a partir de casos clínicos de común ocurrencia en la práctica de los médicos generales.",44.0,2025
SABER PRO - 2025,PROGRAMA_ACÁDEMICO,APRENDIZAJE_PRUEBA,189,1,2.0,ANDINA,21.0,RISARALDA,836.0,PEREIRA,9166.0,UNIVERSIDAD TECNOLOGICA DE PEREIRA,9166.0,UNIVERSIDAD TECNOLOGICA DE PEREIRA - ITP-PEREIRA,8.0,CIENCIAS AGROPECUARIAS ,,,7087.0,MEDICINA VETERINARIA Y ZOOTECNIA,COMPETENCIAS CIUDADANAS,1.0,,,,,,,,,,Conoce la organización del Estado de acuerdo con la Constitución.,40.0,2025
SABER PRO - 2025,PROGRAMA_ACÁDEMICO,APRENDIZAJE_PRUEBA,1272,1,2.0,ANDINA,21.0,RISARALDA,836.0,PEREIRA,9166.0,UNIVERSIDAD TECNOLOGICA DE PEREIRA,9166.0,UNIVERSIDAD TECNOLOGICA DE PEREIRA - ITP-PEREIRA,14.0,MEDICINA,,,1021.0,MEDICINA,PROMOCIÓN DE LA SALUD Y PREVENCIÓN DE LA ENFERMEDAD,34.0,,,,,,,,,,"Integra los conceptos básicos de prevención de la enfermedad, que le permita la priorización de las acciones  por seguir  de  acuerdo con las condiciones de salud de las poblaciones.",31.0,2025
SABER PRO - 2025,PROGRAMA_ACÁDEMICO,APRENDIZAJE_PRUEBA,919,1,2.0,ANDINA,22.0,SANTANDER,850.0,BUCARAMANGA,9065.0,UNIVERSIDAD COOPERATIVA DE COLOMBIA,9170.0,UNIVERSIDAD COOPERATIVA DE COLOMBIA-BUCARAMANGA,8.0,CIENCIAS AGROPECUARIAS ,,,5136.0,MEDICINA VETERINARIA Y ZOOTECNIA,LECTURA CRÍTICA,1.0,,,,,,,,,,Identifica y entiende los contenidos locales que conforman un texto. ,34.0,2025
SABER PRO - 2025,PROGRAMA_ACÁDEMICO,APRENDIZAJE_PRUEBA,1200,1,2.0,ANDINA,22.0,SANTANDER,850.0,BUCARAMANGA,9065.0,UNIVERSIDAD COOPERATIVA DE COLOMBIA,9170.0,UNIVERSIDAD COOPERATIVA DE COLOMBIA-BUCARAMANGA,8.0,CIENCIAS AGROPECUARIAS ,,,5136.0,MEDICINA VETERINARIA Y ZOOTECNIA,RAZONAMIENTO CUANTITATIVO,1.0,,,,,,,,,,"Frente a un problema que involucre información cuantitativa, plantea e implementa estrategias que lleven a soluciones adecuadas.",55.0,2025
SABER PRO - 2025,PROGRAMA_ACÁDEMICO,APRENDIZAJE_PRUEBA,720,1,2.0,ANDINA,22.0,SANTANDER,850.0,BUCARAMANGA,9065.0,UNIVERSIDAD COOPERATIVA DE COLOMBIA,9170.0,UNIVERSIDAD COOPERATIVA DE COLOMBIA-BUCARAMANGA,8.0,CIENCIAS AGROPECUARIAS ,,,5136.0,MEDICINA VETERINARIA Y ZOOTECNIA,COMPETENCIAS CIUDADANAS,1.0,,,,,,,,,,Comprende que los problemas y sus soluciones involucran distintas dimensiones y reconoce relaciones entre estas. ,52.0,2025
SABER PRO - 2025,PROGRAMA_ACÁDEMICO,APRENDIZAJE_PRUEBA,288,1,2.0,ANDINA,22.0,SANTANDER,850.0,BUCARAMANGA,9065.0,UNIVERSIDAD COOPERATIVA DE COLOMBIA,9170.0,UNIVERSIDAD COOPERATIVA DE COLOMBIA-BUCARAMANGA,8.0,CIENCIAS AGROPECUARIAS ,,,5136.0,MEDICINA VETERINARIA Y ZOOTECNIA,PRODUCCIÓN PECUARIA,34.0,,,,,,,,,,Comprender los principios genéticos y reproductivos para el  mejoramiento animal y la estructuración de los ciclos productivos.  ,59.0,2025
SABER PRO - 2025,PROGRAMA_ACÁDEMICO,APRENDIZAJE_PRUEBA,180,1,2.0,ANDINA,22.0,SANTANDER,850.0,BUCARAMANGA,9065.0,UNIVERSIDAD COOPERATIVA DE COLOMBIA,9170.0,UNIVERSIDAD COOPERATIVA DE COLOMBIA-BUCARAMANGA,8.0,CIENCIAS AGROPECUARIAS ,,,5136.0,MEDICINA VETERINARIA Y ZOOTECNIA,PRODUCCIÓN PECUARIA,34.0,,,,,,,,,,Conocer los principios de la nutrición y la alimentación para las diferentes especies de interés zootécnico y comprender y desarrollar sistemas de alimentación en contexto con la particularidad de los nichos productivos.,57.0,2025
SABER PRO - 2025,PROGRAMA_ACÁDEMICO,APRENDIZAJE_PRUEBA,720,1,2.0,ANDINA,22.0,SANTANDER,850.0,BUCARAMANGA,9065.0,UNIVERSIDAD COOPERATIVA DE COLOMBIA,9170.0,UNIVERSIDAD COOPERATIVA DE COLOMBIA-BUCARAMANGA,8.0,CIENCIAS AGROPECUARIAS ,,,5136.0,MEDICINA VETERINARIA Y ZOOTECNIA,COMPETENCIAS CIUDADANAS,1.0,,,,,,,,,,Analiza y evalúa la pertinencia y solidez de enunciados-discursos.,52.0,2025
SABER PRO - 2025,PROGRAMA_ACÁDEMICO,APRENDIZAJE_PRUEBA,1241,1,2.0,ANDINA,22.0,SANTANDER,850.0,BUCARAMANGA,9065.0,UNIVERSIDAD COOPERATIVA DE COLOMBIA,9170.0,UNIVERSIDAD COOPERATIVA DE COLOMBIA-BUCARAMANGA,8.0,CIENCIAS AGROPECUARIAS ,,,5136.0,MEDICINA VETERINARIA Y ZOOTECNIA,LECTURA CRÍTICA,1.0,,,,,,,,,,Reflexiona a partir de un texto y evalúa su contenido.,48.0,2025
SABER PRO - 2025,PROGRAMA_ACÁDEMICO,APRENDIZAJE_PRUEBA,1238,1,2.0,ANDINA,22.0,SANTANDER,850.0,BUCARAMANGA,9065.0,UNIVERSIDAD COOPERATIVA DE COLOMBIA,9170.0,UNIVERSIDAD COOPERATIVA DE COLOMBIA-BUCARAMANGA,8.0,CIENCIAS AGROPECUARIAS ,,,5136.0,MEDICINA VETERINARIA Y ZOOTECNIA,RAZONAMIENTO CUANTITATIVO,1.0,,,,,,,,,,Valida procedimientos y  estrategias matemáticas utilizadas para dar solución a problemas.,51.0,2025
SABER PRO - 2025,PROGRAMA_ACÁDEMICO,APRENDIZAJE_PRUEBA,144,1,2.0,ANDINA,22.0,SANTANDER,850.0,BUCARAMANGA,9065.0,UNIVERSIDAD COOPERATIVA DE COLOMBIA,9170.0,UNIVERSIDAD COOPERATIVA DE COLOMBIA-BUCARAMANGA,8.0,CIENCIAS AGROPECUARIAS ,,,5136.0,MEDICINA VETERINARIA Y ZOOTECNIA,PRODUCCIÓN PECUARIA,34.0,,,,,,,,,,"Entender los sistemas de producción pecuaria locales en los contextos socio-económicos globales, y regionales para su proyección en un ambiente de gestión tecnológica como base para el desarrollo de la sociedad",52.0,2025
SABER PRO - 2025,PROGRAMA_ACÁDEMICO,APRENDIZAJE_PRUEBA,108,1,2.0,ANDINA,22.0,SANTANDER,850.0,BUCARAMANGA,9065.0,UNIVERSIDAD COOPERATIVA DE COLOMBIA,9170.0,UNIVERSIDAD COOPERATIVA DE COLOMBIA-BUCARAMANGA,8.0,CIENCIAS AGROPECUARIAS ,,,5136.0,MEDICINA VETERINARIA Y ZOOTECNIA,PRODUCCIÓN PECUARIA,34.0,,,,,,,,,,"Comprender  los aspectos  y condiciones administrativas y socio económicas de los sistemas de producción animal, para el análisis, diseño,  formulación y aplicación de propuestas de gestión de la tecnología, mediante el análisis de los factores internos y externos de la empresa pecuaria para generar viabilidad técnica, administrativa y financiera. ",47.0,2025
SABER PRO - 2025,PROGRAMA_ACÁDEMICO,APRENDIZAJE_PRUEBA,343,1,2.0,ANDINA,22.0,SANTANDER,850.0,BUCARAMANGA,9065.0,UNIVERSIDAD COOPERATIVA DE COLOMBIA,9170.0,UNIVERSIDAD COOPERATIVA DE COLOMBIA-BUCARAMANGA,8.0,CIENCIAS AGROPECUARIAS ,,,5136.0,MEDICINA VETERINARIA Y ZOOTECNIA,COMPETENCIAS CIUDADANAS,1.0,,,,,,,,,,Conoce los derechos y deberes que la Constitución consagra.,52.0,2025
SABER PRO - 2025,PROGRAMA_ACÁDEMICO,APRENDIZAJE_PRUEBA,288,1,2.0,ANDINA,22.0,SANTANDER,850.0,BUCARAMANGA,9065.0,UNIVERSIDAD COOPERATIVA DE COLOMBIA,9170.0,UNIVERSIDAD COOPERATIVA DE COLOMBIA-BUCARAMANGA,8.0,CIENCIAS AGROPECUARIAS ,,,5136.0,MEDICINA VETERINARIA Y ZOOTECNIA,PRODUCCIÓN PECUARIA,34.0,,,,,,,,,,"Diseñar, implementar y/o validar los sistemas de producción pecuaria para lograr productos de calidad, inocuos y trazables, provenientes de animales en condiciones de bienestar. ",61.0,2025
SABER PRO - 2025,PROGRAMA_ACÁDEMICO,APRENDIZAJE_PRUEBA,538,1,2.0,ANDINA,22.0,SANTANDER,850.0,BUCARAMANGA,9065.0,UNIVERSIDAD COOPERATIVA DE COLOMBIA,9170.0,UNIVERSIDAD COOPERATIVA DE COLOMBIA-BUCARAMANGA,8.0,CIENCIAS AGROPECUARIAS ,,,5136.0,MEDICINA VETERINARIA Y ZOOTECNIA,COMPETENCIAS CIUDADANAS,1.0,,,,,,,,,,Reconoce la existencia de diferentes perspectivas en situaciones en donde interactúan diferentes partes.,50.0,2025
SABER PRO - 2025,PROGRAMA_ACÁDEMICO,APRENDIZAJE_PRUEBA,360,1,2.0,ANDINA,22.0,SANTANDER,850.0,BUCARAMANGA,9065.0,UNIVERSIDAD COOPERATIVA DE COLOMBIA,9170.0,UNIVERSIDAD COOPERATIVA DE COLOMBIA-BUCARAMANGA,8.0,CIENCIAS AGROPECUARIAS ,,,5136.0,MEDICINA VETERINARIA Y ZOOTECNIA,COMPETENCIAS CIUDADANAS,1.0,,,,,,,,,,Comprende qué es la Constitución Política de Colombia y sus principios fundamentales.,64.0,2025
SABER PRO - 2025,PROGRAMA_ACÁDEMICO,APRENDIZAJE_PRUEBA,288,1,2.0,ANDINA,22.0,SANTANDER,850.0,BUCARAMANGA,9065.0,UNIVERSIDAD COOPERATIVA DE COLOMBIA,9170.0,UNIVERSIDAD COOPERATIVA DE COLOMBIA-BUCARAMANGA,8.0,CIENCIAS AGROPECUARIAS ,,,5136.0,MEDICINA VETERINARIA Y ZOOTECNIA,PRODUCCIÓN PECUARIA,34.0,,,,,,,,,,"Comprender los efectos de los factores ecofisiológicos sobre los diferentes elementos constitutivos de los sistemas integrados de producción animal, en forma aislada, conjunta y en interacción.",53.0,2025
SABER PRO - 2025,PROGRAMA_ACÁDEMICO,APRENDIZAJE_PRUEBA,360,1,2.0,ANDINA,22.0,SANTANDER,850.0,BUCARAMANGA,9065.0,UNIVERSIDAD COOPERATIVA DE COLOMBIA,9170.0,UNIVERSIDAD COOPERATIVA DE COLOMBIA-BUCARAMANGA,8.0,CIENCIAS AGROPECUARIAS ,,,5136.0,MEDICINA VETERINARIA Y ZOOTECNIA,COMPETENCIAS CIUDADANAS,1.0,,,,,,,,,,Conoce la organización del Estado de acuerdo con la Constitución.,51.0,2025
SABER PRO - 2025,PROGRAMA_ACÁDEMICO,APRENDIZAJE_PRUEBA,1162,1,2.0,ANDINA,22.0,SANTANDER,850.0,BUCARAMANGA,9065.0,UNIVERSIDAD COOPERATIVA DE COLOMBIA,9170.0,UNIVERSIDAD COOPERATIVA DE COLOMBIA-BUCARAMANGA,8.0,CIENCIAS AGROPECUARIAS ,,,5136.0,MEDICINA VETERINARIA Y ZOOTECNIA,RAZONAMIENTO CUANTITATIVO,1.0,,,,,,,,,,Comprende y transforma la información cuantitativa y esquemática presentada en distintos formatos ,38.0,2025
SABER PRO - 2025,PROGRAMA_ACÁDEMICO,APRENDIZAJE_PRUEBA,542,1,2.0,ANDINA,22.0,SANTANDER,850.0,BUCARAMANGA,9065.0,UNIVERSIDAD COOPERATIVA DE COLOMBIA,9170.0,UNIVERSIDAD COOPERATIVA DE COLOMBIA-BUCARAMANGA,8.0,CIENCIAS AGROPECUARIAS ,,,5136.0,MEDICINA VETERINARIA Y ZOOTECNIA,COMPETENCIAS CIUDADANAS,1.0,,,,,,,,,,Analiza las diferentes perspectivas presentes en situaciones en donde interactúan diferentes partes.,57.0,2025
SABER PRO - 2025,PROGRAMA_ACÁDEMICO,APRENDIZAJE_PRUEBA,1440,1,2.0,ANDINA,22.0,SANTANDER,850.0,BUCARAMANGA,9065.0,UNIVERSIDAD COOPERATIVA DE COLOMBIA,9170.0,UNIVERSIDAD COOPERATIVA DE COLOMBIA-BUCARAMANGA,8.0,CIENCIAS AGROPECUARIAS ,,,5136.0,MEDICINA VETERINARIA Y ZOOTECNIA,LECTURA CRÍTICA,1.0,,,,,,,,,,Comprende cómo se articulan las partes de un texto para darle un sentido global.,51.0,2025
SABER PRO - 2025,PROGRAMA_ACÁDEMICO,APRENDIZAJE_PRUEBA,237,1,2.0,ANDINA,22.0,SANTANDER,850.0,BUCARAMANGA,9174.0,UNIVERSIDAD INDUSTRIAL DE SANTANDER,9174.0,UNIVERSIDAD INDUSTRIAL DE SANTANDER-BUCARAMANGA,14.0,MEDICINA,,,6056.0,MEDICINA,COMPETENCIAS CIUDADANAS,1.0,,,,,,,,,,Comprende qué es la Constitución Política de Colombia y sus principios fundamentales.,24.0,2025
SABER PRO - 2025,PROGRAMA_ACÁDEMICO,APRENDIZAJE_PRUEBA,348,1,2.0,ANDINA,22.0,SANTANDER,850.0,BUCARAMANGA,9174.0,UNIVERSIDAD INDUSTRIAL DE SANTANDER,9174.0,UNIVERSIDAD INDUSTRIAL DE SANTANDER-BUCARAMANGA,14.0,MEDICINA,,,6056.0,MEDICINA,COMPETENCIAS CIUDADANAS,1.0,,,,,,,,,,Analiza las diferentes perspectivas presentes en situaciones en donde interactúan diferentes partes.,16.0,2025
SABER PRO - 2025,PROGRAMA_ACÁDEMICO,APRENDIZAJE_PRUEBA,840,1,2.0,ANDINA,22.0,SANTANDER,850.0,BUCARAMANGA,9174.0,UNIVERSIDAD INDUSTRIAL DE SANTANDER,9174.0,UNIVERSIDAD INDUSTRIAL DE SANTANDER-BUCARAMANGA,14.0,MEDICINA,,,6056.0,MEDICINA,LECTURA CRÍTICA,1.0,,,,,,,,,,Reflexiona a partir de un texto y evalúa su contenido.,22.0,2025
SABER PRO - 2025,PROGRAMA_ACÁDEMICO,APRENDIZAJE_PRUEBA,237,1,2.0,ANDINA,22.0,SANTANDER,850.0,BUCARAMANGA,9174.0,UNIVERSIDAD INDUSTRIAL DE SANTANDER,9174.0,UNIVERSIDAD INDUSTRIAL DE SANTANDER-BUCARAMANGA,14.0,MEDICINA,,,6056.0,MEDICINA,COMPETENCIAS CIUDADANAS,1.0,,,,,,,,,,Conoce la organización del Estado de acuerdo con la Constitución.,15.0,2025
SABER PRO - 2025,PROGRAMA_ACÁDEMICO,APRENDIZAJE_PRUEBA,582,1,2.0,ANDINA,22.0,SANTANDER,850.0,BUCARAMANGA,9174.0,UNIVERSIDAD INDUSTRIAL DE SANTANDER,9174.0,UNIVERSIDAD INDUSTRIAL DE SANTANDER-BUCARAMANGA,14.0,MEDICINA,,,6056.0,MEDICINA,LECTURA CRÍTICA,1.0,,,,,,,,,,Identifica y entiende los contenidos locales que conforman un texto. ,12.0,2025
SABER PRO - 2025,PROGRAMA_ACÁDEMICO,APRENDIZAJE_PRUEBA,474,1,2.0,ANDINA,22.0,SANTANDER,850.0,BUCARAMANGA,9174.0,UNIVERSIDAD INDUSTRIAL DE SANTANDER,9174.0,UNIVERSIDAD INDUSTRIAL DE SANTANDER-BUCARAMANGA,14.0,MEDICINA,,,6056.0,MEDICINA,COMPETENCIAS CIUDADANAS,1.0,,,,,,,,,,Analiza y evalúa la pertinencia y solidez de enunciados-discursos.,16.0,2025
SABER PRO - 2025,PROGRAMA_ACÁDEMICO,APRENDIZAJE_PRUEBA,218,1,2.0,ANDINA,22.0,SANTANDER,850.0,BUCARAMANGA,9174.0,UNIVERSIDAD INDUSTRIAL DE SANTANDER,9174.0,UNIVERSIDAD INDUSTRIAL DE SANTANDER-BUCARAMANGA,14.0,MEDICINA,,,6056.0,MEDICINA,COMPETENCIAS CIUDADANAS,1.0,,,,,,,,,,Conoce los derechos y deberes que la Constitución consagra.,15.0,2025
SABER PRO - 2025,PROGRAMA_ACÁDEMICO,APRENDIZAJE_PRUEBA,474,1,2.0,ANDINA,22.0,SANTANDER,850.0,BUCARAMANGA,9174.0,UNIVERSIDAD INDUSTRIAL DE SANTANDER,9174.0,UNIVERSIDAD INDUSTRIAL DE SANTANDER-BUCARAMANGA,14.0,MEDICINA,,,6056.0,MEDICINA,COMPETENCIAS CIUDADANAS,1.0,,,,,,,,,,Comprende que los problemas y sus soluciones involucran distintas dimensiones y reconoce relaciones entre estas. ,19.0,2025
SABER PRO - 2025,PROGRAMA_ACÁDEMICO,APRENDIZAJE_PRUEBA,363,1,2.0,ANDINA,22.0,SANTANDER,850.0,BUCARAMANGA,9174.0,UNIVERSIDAD INDUSTRIAL DE SANTANDER,9174.0,UNIVERSIDAD INDUSTRIAL DE SANTANDER-BUCARAMANGA,14.0,MEDICINA,,,6056.0,MEDICINA,COMPETENCIAS CIUDADANAS,1.0,,,,,,,,,,Reconoce la existencia de diferentes perspectivas en situaciones en donde interactúan diferentes partes.,19.0,2025
SABER PRO - 2025,PROGRAMA_ACÁDEMICO,APRENDIZAJE_PRUEBA,948,1,2.0,ANDINA,22.0,SANTANDER,850.0,BUCARAMANGA,9174.0,UNIVERSIDAD INDUSTRIAL DE SANTANDER,9174.0,UNIVERSIDAD INDUSTRIAL DE SANTANDER-BUCARAMANGA,14.0,MEDICINA,,,6056.0,MEDICINA,LECTURA CRÍTICA,1.0,,,,,,,,,,Comprende cómo se articulan las partes de un texto para darle un sentido global.,22.0,2025
SABER PRO - 2025,PROGRAMA_ACÁDEMICO,APRENDIZAJE_PRUEBA,829,1,2.0,ANDINA,22.0,SANTANDER,850.0,BUCARAMANGA,9174.0,UNIVERSIDAD INDUSTRIAL DE SANTANDER,9174.0,UNIVERSIDAD INDUSTRIAL DE SANTANDER-BUCARAMANGA,14.0,MEDICINA,,,6056.0,MEDICINA,RAZONAMIENTO CUANTITATIVO,1.0,,,,,,,,,,Valida procedimientos y  estrategias matemáticas utilizadas para dar solución a problemas.,21.0,2025
SABER PRO - 2025,PROGRAMA_ACÁDEMICO,APRENDIZAJE_PRUEBA,774,1,2.0,ANDINA,22.0,SANTANDER,850.0,BUCARAMANGA,9174.0,UNIVERSIDAD INDUSTRIAL DE SANTANDER,9174.0,UNIVERSIDAD INDUSTRIAL DE SANTANDER-BUCARAMANGA,14.0,MEDICINA,,,6056.0,MEDICINA,RAZONAMIENTO CUANTITATIVO,1.0,,,,,,,,,,"Frente a un problema que involucre información cuantitativa, plantea e implementa estrategias que lleven a soluciones adecuadas.",26.0,2025
SABER PRO - 2025,PROGRAMA_ACÁDEMICO,APRENDIZAJE_PRUEBA,767,1,2.0,ANDINA,22.0,SANTANDER,850.0,BUCARAMANGA,9174.0,UNIVERSIDAD INDUSTRIAL DE SANTANDER,9174.0,UNIVERSIDAD INDUSTRIAL DE SANTANDER-BUCARAMANGA,14.0,MEDICINA,,,6056.0,MEDICINA,RAZONAMIENTO CUANTITATIVO,1.0,,,,,,,,,,Comprende y transforma la información cuantitativa y esquemática presentada en distintos formatos ,12.0,2025
SABER PRO - 2025,PROGRAMA_ACÁDEMICO,APRENDIZAJE_PRUEBA,411,1,2.0,ANDINA,22.0,SANTANDER,850.0,BUCARAMANGA,9177.0,UNIVERSIDAD DE SANTANDER,9177.0,UNIVERSIDAD DE SANTANDER - UDES-BUCARAMANGA,14.0,MEDICINA,,,5659.0,MEDICINA,COMPETENCIAS CIUDADANAS,1.0,,,,,,,,,,Reconoce la existencia de diferentes perspectivas en situaciones en donde interactúan diferentes partes.,41.0,2025
SABER PRO - 2025,PROGRAMA_ACÁDEMICO,APRENDIZAJE_PRUEBA,440,1,2.0,ANDINA,22.0,SANTANDER,850.0,BUCARAMANGA,9177.0,UNIVERSIDAD DE SANTANDER,9177.0,UNIVERSIDAD DE SANTANDER - UDES-BUCARAMANGA,14.0,MEDICINA,,,8139.0,MEDICINA,RAZONAMIENTO CUANTITATIVO,1.0,,,,,,,,,,"Frente a un problema que involucre información cuantitativa, plantea e implementa estrategias que lleven a soluciones adecuadas.",50.0,2025
SABER PRO - 2025,PROGRAMA_ACÁDEMICO,APRENDIZAJE_PRUEBA,537,1,2.0,ANDINA,22.0,SANTANDER,850.0,BUCARAMANGA,9177.0,UNIVERSIDAD DE SANTANDER,9177.0,UNIVERSIDAD DE SANTANDER - UDES-BUCARAMANGA,8.0,CIENCIAS AGROPECUARIAS ,,,7046.0,MEDICINA VETERINARIA,RAZONAMIENTO CUANTITATIVO,1.0,,,,,,,,,,Valida procedimientos y  estrategias matemáticas utilizadas para dar solución a problemas.,46.0,2025
SABER PRO - 2025,PROGRAMA_ACÁDEMICO,APRENDIZAJE_PRUEBA,1632,1,2.0,ANDINA,22.0,SANTANDER,850.0,BUCARAMANGA,9177.0,UNIVERSIDAD DE SANTANDER,9177.0,UNIVERSIDAD DE SANTANDER - UDES-BUCARAMANGA,14.0,MEDICINA,,,5659.0,MEDICINA,PROMOCIÓN DE LA SALUD Y PREVENCIÓN DE LA ENFERMEDAD,34.0,,,,,,,,,,"Integra los conceptos básicos de prevención de la enfermedad, que le permita la priorización de las acciones  por seguir  de  acuerdo con las condiciones de salud de las poblaciones.",38.0,2025
SABER PRO - 2025,PROGRAMA_ACÁDEMICO,APRENDIZAJE_PRUEBA,386,1,2.0,ANDINA,22.0,SANTANDER,850.0,BUCARAMANGA,9177.0,UNIVERSIDAD DE SANTANDER,9177.0,UNIVERSIDAD DE SANTANDER - UDES-BUCARAMANGA,81.0,GRUPO REFERENCIA NACIONAL UNIVERSITARIO,,,20804.0,MEDICINA,RAZONAMIENTO CUANTITATIVO,1.0,,,,,,,,,,Comprende y transforma la información cuantitativa y esquemática presentada en distintos formatos ,42.0,2025
SABER PRO - 2025,PROGRAMA_ACÁDEMICO,APRENDIZAJE_PRUEBA,117,1,2.0,ANDINA,22.0,SANTANDER,850.0,BUCARAMANGA,9177.0,UNIVERSIDAD DE SANTANDER,9177.0,UNIVERSIDAD DE SANTANDER - UDES-BUCARAMANGA,81.0,GRUPO REFERENCIA NACIONAL UNIVERSITARIO,,,20804.0,MEDICINA,COMPETENCIAS CIUDADANAS,1.0,,,,,,,,,,Conoce la organización del Estado de acuerdo con la Constitución.,39.0,2025
SABER PRO - 2025,PROGRAMA_ACÁDEMICO,APRENDIZAJE_PRUEBA,182,1,2.0,ANDINA,22.0,SANTANDER,850.0,BUCARAMANGA,9177.0,UNIVERSIDAD DE SANTANDER,9177.0,UNIVERSIDAD DE SANTANDER - UDES-BUCARAMANGA,81.0,GRUPO REFERENCIA NACIONAL UNIVERSITARIO,,,20804.0,MEDICINA,COMPETENCIAS CIUDADANAS,1.0,,,,,,,,,,Analiza las diferentes perspectivas presentes en situaciones en donde interactúan diferentes partes.,51.0,2025
SABER PRO - 2025,PROGRAMA_ACÁDEMICO,APRENDIZAJE_PRUEBA,2244,1,2.0,ANDINA,22.0,SANTANDER,850.0,BUCARAMANGA,9177.0,UNIVERSIDAD DE SANTANDER,9177.0,UNIVERSIDAD DE SANTANDER - UDES-BUCARAMANGA,14.0,MEDICINA,,,5659.0,MEDICINA,FUNDAMENTACIÓN EN DIAGNÓSTICO Y TRATAMIENTO MÉDICOS,34.0,,,,,,,,,,"Determina la situación de salud o enfermedad de niños, jóvenes y adultos (hombres y mujeres), a partir de casos clínicos de común ocurrencia en la práctica de los médicos generales.",53.0,2025
SABER PRO - 2025,PROGRAMA_ACÁDEMICO,APRENDIZAJE_PRUEBA,382,1,2.0,ANDINA,22.0,SANTANDER,850.0,BUCARAMANGA,9177.0,UNIVERSIDAD DE SANTANDER,9177.0,UNIVERSIDAD DE SANTANDER - UDES-BUCARAMANGA,8.0,CIENCIAS AGROPECUARIAS ,,,7046.0,MEDICINA VETERINARIA,LECTURA CRÍTICA,1.0,,,,,,,,,,Identifica y entiende los contenidos locales que conforman un texto. ,25.0,2025
SABER PRO - 2025,PROGRAMA_ACÁDEMICO,APRENDIZAJE_PRUEBA,502,1,2.0,ANDINA,22.0,SANTANDER,850.0,BUCARAMANGA,9177.0,UNIVERSIDAD DE SANTANDER,9177.0,UNIVERSIDAD DE SANTANDER - UDES-BUCARAMANGA,8.0,CIENCIAS AGROPECUARIAS ,,,7046.0,MEDICINA VETERINARIA,RAZONAMIENTO CUANTITATIVO,1.0,,,,,,,,,,"Frente a un problema que involucre información cuantitativa, plantea e implementa estrategias que lleven a soluciones adecuadas.",53.0,2025
SABER PRO - 2025,PROGRAMA_ACÁDEMICO,APRENDIZAJE_PRUEBA,153,1,2.0,ANDINA,22.0,SANTANDER,850.0,BUCARAMANGA,9177.0,UNIVERSIDAD DE SANTANDER,9177.0,UNIVERSIDAD DE SANTANDER - UDES-BUCARAMANGA,8.0,CIENCIAS AGROPECUARIAS ,,,7046.0,MEDICINA VETERINARIA,COMPETENCIAS CIUDADANAS,1.0,,,,,,,,,,Comprende qué es la Constitución Política de Colombia y sus principios fundamentales.,49.0,2025
SABER PRO - 2025,PROGRAMA_ACÁDEMICO,APRENDIZAJE_PRUEBA,306,1,2.0,ANDINA,22.0,SANTANDER,850.0,BUCARAMANGA,9177.0,UNIVERSIDAD DE SANTANDER,9177.0,UNIVERSIDAD DE SANTANDER - UDES-BUCARAMANGA,8.0,CIENCIAS AGROPECUARIAS ,,,7046.0,MEDICINA VETERINARIA,COMPETENCIAS CIUDADANAS,1.0,,,,,,,,,,Comprende que los problemas y sus soluciones involucran distintas dimensiones y reconoce relaciones entre estas. ,38.0,2025
SABER PRO - 2025,PROGRAMA_ACÁDEMICO,APRENDIZAJE_PRUEBA,488,1,2.0,ANDINA,22.0,SANTANDER,850.0,BUCARAMANGA,9177.0,UNIVERSIDAD DE SANTANDER,9177.0,UNIVERSIDAD DE SANTANDER - UDES-BUCARAMANGA,14.0,MEDICINA,,,8139.0,MEDICINA,RAZONAMIENTO CUANTITATIVO,1.0,,,,,,,,,,Valida procedimientos y  estrategias matemáticas utilizadas para dar solución a problemas.,49.0,2025
SABER PRO - 2025,PROGRAMA_ACÁDEMICO,APRENDIZAJE_PRUEBA,552,1,2.0,ANDINA,22.0,SANTANDER,850.0,BUCARAMANGA,9177.0,UNIVERSIDAD DE SANTANDER,9177.0,UNIVERSIDAD DE SANTANDER - UDES-BUCARAMANGA,14.0,MEDICINA,,,8139.0,MEDICINA,LECTURA CRÍTICA,1.0,,,,,,,,,,Comprende cómo se articulan las partes de un texto para darle un sentido global.,46.0,2025
SABER PRO - 2025,PROGRAMA_ACÁDEMICO,APRENDIZAJE_PRUEBA,1009,1,2.0,ANDINA,22.0,SANTANDER,850.0,BUCARAMANGA,9177.0,UNIVERSIDAD DE SANTANDER,9177.0,UNIVERSIDAD DE SANTANDER - UDES-BUCARAMANGA,14.0,MEDICINA,,,5659.0,MEDICINA,RAZONAMIENTO CUANTITATIVO,1.0,,,,,,,,,,Valida procedimientos y  estrategias matemáticas utilizadas para dar solución a problemas.,46.0,2025
SABER PRO - 2025,PROGRAMA_ACÁDEMICO,APRENDIZAJE_PRUEBA,570,1,2.0,ANDINA,22.0,SANTANDER,850.0,BUCARAMANGA,9177.0,UNIVERSIDAD DE SANTANDER,9177.0,UNIVERSIDAD DE SANTANDER - UDES-BUCARAMANGA,14.0,MEDICINA,,,5659.0,MEDICINA,COMPETENCIAS CIUDADANAS,1.0,,,,,,,,,,Analiza y evalúa la pertinencia y solidez de enunciados-discursos.,41.0,2025
SABER PRO - 2025,PROGRAMA_ACÁDEMICO,APRENDIZAJE_PRUEBA,444,1,2.0,ANDINA,22.0,SANTANDER,850.0,BUCARAMANGA,9177.0,UNIVERSIDAD DE SANTANDER,9177.0,UNIVERSIDAD DE SANTANDER - UDES-BUCARAMANGA,14.0,MEDICINA,,,5659.0,MEDICINA,COMPETENCIAS CIUDADANAS,1.0,,,,,,,,,,Analiza las diferentes perspectivas presentes en situaciones en donde interactúan diferentes partes.,47.0,2025
SABER PRO - 2025,PROGRAMA_ACÁDEMICO,APRENDIZAJE_PRUEBA,229,1,2.0,ANDINA,22.0,SANTANDER,850.0,BUCARAMANGA,9177.0,UNIVERSIDAD DE SANTANDER,9177.0,UNIVERSIDAD DE SANTANDER - UDES-BUCARAMANGA,8.0,CIENCIAS AGROPECUARIAS ,,,7046.0,MEDICINA VETERINARIA,COMPETENCIAS CIUDADANAS,1.0,,,,,,,,,,Analiza las diferentes perspectivas presentes en situaciones en donde interactúan diferentes partes.,43.0,2025
SABER PRO - 2025,PROGRAMA_ACÁDEMICO,APRENDIZAJE_PRUEBA,117,1,2.0,ANDINA,22.0,SANTANDER,850.0,BUCARAMANGA,9177.0,UNIVERSIDAD DE SANTANDER,9177.0,UNIVERSIDAD DE SANTANDER - UDES-BUCARAMANGA,81.0,GRUPO REFERENCIA NACIONAL UNIVERSITARIO,,,20804.0,MEDICINA,COMPETENCIAS CIUDADANAS,1.0,,,,,,,,,,Comprende qué es la Constitución Política de Colombia y sus principios fundamentales.,41.0,2025
SABER PRO - 2025,PROGRAMA_ACÁDEMICO,APRENDIZAJE_PRUEBA,1140,1,2.0,ANDINA,22.0,SANTANDER,850.0,BUCARAMANGA,9177.0,UNIVERSIDAD DE SANTANDER,9177.0,UNIVERSIDAD DE SANTANDER - UDES-BUCARAMANGA,14.0,MEDICINA,,,5659.0,MEDICINA,LECTURA CRÍTICA,1.0,,,,,,,,,,Comprende cómo se articulan las partes de un texto para darle un sentido global.,41.0,2025
SABER PRO - 2025,PROGRAMA_ACÁDEMICO,APRENDIZAJE_PRUEBA,570,1,2.0,ANDINA,22.0,SANTANDER,850.0,BUCARAMANGA,9177.0,UNIVERSIDAD DE SANTANDER,9177.0,UNIVERSIDAD DE SANTANDER - UDES-BUCARAMANGA,14.0,MEDICINA,,,5659.0,MEDICINA,COMPETENCIAS CIUDADANAS,1.0,,,,,,,,,,Comprende que los problemas y sus soluciones involucran distintas dimensiones y reconoce relaciones entre estas. ,36.0,2025
SABER PRO - 2025,PROGRAMA_ACÁDEMICO,APRENDIZAJE_PRUEBA,285,1,2.0,ANDINA,22.0,SANTANDER,850.0,BUCARAMANGA,9177.0,UNIVERSIDAD DE SANTANDER,9177.0,UNIVERSIDAD DE SANTANDER - UDES-BUCARAMANGA,14.0,MEDICINA,,,5659.0,MEDICINA,COMPETENCIAS CIUDADANAS,1.0,,,,,,,,,,Comprende qué es la Constitución Política de Colombia y sus principios fundamentales.,45.0,2025
SABER PRO - 2025,PROGRAMA_ACÁDEMICO,APRENDIZAJE_PRUEBA,129,1,2.0,ANDINA,22.0,SANTANDER,850.0,BUCARAMANGA,9177.0,UNIVERSIDAD DE SANTANDER,9177.0,UNIVERSIDAD DE SANTANDER - UDES-BUCARAMANGA,8.0,CIENCIAS AGROPECUARIAS ,,,7046.0,MEDICINA VETERINARIA,COMPETENCIAS CIUDADANAS,1.0,,,,,,,,,,Conoce los derechos y deberes que la Constitución consagra.,39.0,2025
SABER PRO - 2025,PROGRAMA_ACÁDEMICO,APRENDIZAJE_PRUEBA,945,1,2.0,ANDINA,22.0,SANTANDER,850.0,BUCARAMANGA,9177.0,UNIVERSIDAD DE SANTANDER,9177.0,UNIVERSIDAD DE SANTANDER - UDES-BUCARAMANGA,14.0,MEDICINA,,,5659.0,MEDICINA,RAZONAMIENTO CUANTITATIVO,1.0,,,,,,,,,,Comprende y transforma la información cuantitativa y esquemática presentada en distintos formatos ,30.0,2025
SABER PRO - 2025,PROGRAMA_ACÁDEMICO,APRENDIZAJE_PRUEBA,701,1,2.0,ANDINA,22.0,SANTANDER,850.0,BUCARAMANGA,9177.0,UNIVERSIDAD DE SANTANDER,9177.0,UNIVERSIDAD DE SANTANDER - UDES-BUCARAMANGA,14.0,MEDICINA,,,5659.0,MEDICINA,LECTURA CRÍTICA,1.0,,,,,,,,,,Identifica y entiende los contenidos locales que conforman un texto. ,19.0,2025
SABER PRO - 2025,PROGRAMA_ACÁDEMICO,APRENDIZAJE_PRUEBA,157,1,2.0,ANDINA,22.0,SANTANDER,850.0,BUCARAMANGA,9177.0,UNIVERSIDAD DE SANTANDER,9177.0,UNIVERSIDAD DE SANTANDER - UDES-BUCARAMANGA,8.0,CIENCIAS AGROPECUARIAS ,,,7441.0,MEDICINA VETERINARIA Y ZOOTECNIA,RAZONAMIENTO CUANTITATIVO,1.0,,,,,,,,,,"Frente a un problema que involucre información cuantitativa, plantea e implementa estrategias que lleven a soluciones adecuadas.",53.0,2025
SABER PRO - 2025,PROGRAMA_ACÁDEMICO,APRENDIZAJE_PRUEBA,184,1,2.0,ANDINA,22.0,SANTANDER,850.0,BUCARAMANGA,9177.0,UNIVERSIDAD DE SANTANDER,9177.0,UNIVERSIDAD DE SANTANDER - UDES-BUCARAMANGA,81.0,GRUPO REFERENCIA NACIONAL UNIVERSITARIO,,,20804.0,MEDICINA,ATENCIÓN EN SALUD,34.0,,,,,,,,,,"Reconoce la política y la normatividad nacional y los acuerdos internacionales suscritos por el Estado colombiano, relacionados con salud pública y los aplica en situaciones concretas que afectan la salud del individuo, la familia y la comunidad.",51.0,2025
SABER PRO - 2025,PROGRAMA_ACÁDEMICO,APRENDIZAJE_PRUEBA,896,1,2.0,ANDINA,22.0,SANTANDER,850.0,BUCARAMANGA,9177.0,UNIVERSIDAD DE SANTANDER,9177.0,UNIVERSIDAD DE SANTANDER - UDES-BUCARAMANGA,14.0,MEDICINA,,,5659.0,MEDICINA,RAZONAMIENTO CUANTITATIVO,1.0,,,,,,,,,,"Frente a un problema que involucre información cuantitativa, plantea e implementa estrategias que lleven a soluciones adecuadas.",50.0,2025
SABER PRO - 2025,PROGRAMA_ACÁDEMICO,APRENDIZAJE_PRUEBA,1564,1,2.0,ANDINA,22.0,SANTANDER,850.0,BUCARAMANGA,9177.0,UNIVERSIDAD DE SANTANDER,9177.0,UNIVERSIDAD DE SANTANDER - UDES-BUCARAMANGA,14.0,MEDICINA,,,5659.0,MEDICINA,FUNDAMENTACIÓN EN DIAGNÓSTICO Y TRATAMIENTO MÉDICOS,34.0,,,,,,,,,,"Propone un plan de tratamiento de acuerdo con la situación del paciente, a partir de casos clínicos de común ocurrencia en la práctica de los médicos generales.",59.0,2025
SABER PRO - 2025,PROGRAMA_ACÁDEMICO,APRENDIZAJE_PRUEBA,452,1,2.0,ANDINA,22.0,SANTANDER,850.0,BUCARAMANGA,9177.0,UNIVERSIDAD DE SANTANDER,9177.0,UNIVERSIDAD DE SANTANDER - UDES-BUCARAMANGA,14.0,MEDICINA,,,8139.0,MEDICINA,RAZONAMIENTO CUANTITATIVO,1.0,,,,,,,,,,Comprende y transforma la información cuantitativa y esquemática presentada en distintos formatos ,33.0,2025
SABER PRO - 2025,PROGRAMA_ACÁDEMICO,APRENDIZAJE_PRUEBA,276,1,2.0,ANDINA,22.0,SANTANDER,850.0,BUCARAMANGA,9177.0,UNIVERSIDAD DE SANTANDER,9177.0,UNIVERSIDAD DE SANTANDER - UDES-BUCARAMANGA,14.0,MEDICINA,,,8139.0,MEDICINA,COMPETENCIAS CIUDADANAS,1.0,,,,,,,,,,Analiza y evalúa la pertinencia y solidez de enunciados-discursos.,44.0,2025
SABER PRO - 2025,PROGRAMA_ACÁDEMICO,APRENDIZAJE_PRUEBA,138,1,2.0,ANDINA,22.0,SANTANDER,850.0,BUCARAMANGA,9177.0,UNIVERSIDAD DE SANTANDER,9177.0,UNIVERSIDAD DE SANTANDER - UDES-BUCARAMANGA,14.0,MEDICINA,,,8139.0,MEDICINA,COMPETENCIAS CIUDADANAS,1.0,,,,,,,,,,Conoce la organización del Estado de acuerdo con la Constitución.,38.0,2025
SABER PRO - 2025,PROGRAMA_ACÁDEMICO,APRENDIZAJE_PRUEBA,76,1,2.0,ANDINA,22.0,SANTANDER,850.0,BUCARAMANGA,9177.0,UNIVERSIDAD DE SANTANDER,9177.0,UNIVERSIDAD DE SANTANDER - UDES-BUCARAMANGA,8.0,CIENCIAS AGROPECUARIAS ,,,7441.0,MEDICINA VETERINARIA Y ZOOTECNIA,COMPETENCIAS CIUDADANAS,1.0,,,,,,,,,,Analiza las diferentes perspectivas presentes en situaciones en donde interactúan diferentes partes.,59.0,2025
SABER PRO - 2025,PROGRAMA_ACÁDEMICO,APRENDIZAJE_PRUEBA,230,1,2.0,ANDINA,22.0,SANTANDER,850.0,BUCARAMANGA,9177.0,UNIVERSIDAD DE SANTANDER,9177.0,UNIVERSIDAD DE SANTANDER - UDES-BUCARAMANGA,8.0,CIENCIAS AGROPECUARIAS ,,,7046.0,MEDICINA VETERINARIA,COMPETENCIAS CIUDADANAS,1.0,,,,,,,,,,Reconoce la existencia de diferentes perspectivas en situaciones en donde interactúan diferentes partes.,40.0,2025
SABER PRO - 2025,PROGRAMA_ACÁDEMICO,APRENDIZAJE_PRUEBA,122,1,2.0,ANDINA,22.0,SANTANDER,850.0,BUCARAMANGA,9177.0,UNIVERSIDAD DE SANTANDER,9177.0,UNIVERSIDAD DE SANTANDER - UDES-BUCARAMANGA,14.0,MEDICINA,,,8139.0,MEDICINA,COMPETENCIAS CIUDADANAS,1.0,,,,,,,,,,Conoce los derechos y deberes que la Constitución consagra.,45.0,2025
SABER PRO - 2025,PROGRAMA_ACÁDEMICO,APRENDIZAJE_PRUEBA,203,1,2.0,ANDINA,22.0,SANTANDER,850.0,BUCARAMANGA,9177.0,UNIVERSIDAD DE SANTANDER,9177.0,UNIVERSIDAD DE SANTANDER - UDES-BUCARAMANGA,14.0,MEDICINA,,,8139.0,MEDICINA,COMPETENCIAS CIUDADANAS,1.0,,,,,,,,,,Reconoce la existencia de diferentes perspectivas en situaciones en donde interactúan diferentes partes.,40.0,2025
SABER PRO - 2025,PROGRAMA_ACÁDEMICO,APRENDIZAJE_PRUEBA,276,1,2.0,ANDINA,22.0,SANTANDER,850.0,BUCARAMANGA,9177.0,UNIVERSIDAD DE SANTANDER,9177.0,UNIVERSIDAD DE SANTANDER - UDES-BUCARAMANGA,81.0,GRUPO REFERENCIA NACIONAL UNIVERSITARIO,,,20804.0,MEDICINA,ATENCIÓN EN SALUD,34.0,,,,,,,,,,"Analiza los determinantes personales, sociales, económicos y ambientales que influyen en el estado de salud del individuo, la familia y la comunidad, para la priorización de acciones a seguir.",46.0,2025
SABER PRO - 2025,PROGRAMA_ACÁDEMICO,APRENDIZAJE_PRUEBA,759,1,2.0,ANDINA,22.0,SANTANDER,850.0,BUCARAMANGA,9177.0,UNIVERSIDAD DE SANTANDER,9177.0,UNIVERSIDAD DE SANTANDER - UDES-BUCARAMANGA,81.0,GRUPO REFERENCIA NACIONAL UNIVERSITARIO,,,20804.0,MEDICINA,FUNDAMENTACIÓN EN DIAGNÓSTICO Y TRATAMIENTO MÉDICOS,34.0,,,,,,,,,,"Determina la situación de salud o enfermedad de niños, jóvenes y adultos (hombres y mujeres), a partir de casos clínicos de común ocurrencia en la práctica de los médicos generales.",62.0,2025
SABER PRO - 2025,PROGRAMA_ACÁDEMICO,APRENDIZAJE_PRUEBA,415,1,2.0,ANDINA,22.0,SANTANDER,850.0,BUCARAMANGA,9177.0,UNIVERSIDAD DE SANTANDER,9177.0,UNIVERSIDAD DE SANTANDER - UDES-BUCARAMANGA,81.0,GRUPO REFERENCIA NACIONAL UNIVERSITARIO,,,20804.0,MEDICINA,RAZONAMIENTO CUANTITATIVO,1.0,,,,,,,,,,Valida procedimientos y  estrategias matemáticas utilizadas para dar solución a problemas.,53.0,2025
SABER PRO - 2025,PROGRAMA_ACÁDEMICO,APRENDIZAJE_PRUEBA,1009,1,2.0,ANDINA,22.0,SANTANDER,850.0,BUCARAMANGA,9177.0,UNIVERSIDAD DE SANTANDER,9177.0,UNIVERSIDAD DE SANTANDER - UDES-BUCARAMANGA,14.0,MEDICINA,,,5659.0,MEDICINA,LECTURA CRÍTICA,1.0,,,,,,,,,,Reflexiona a partir de un texto y evalúa su contenido.,36.0,2025
SABER PRO - 2025,PROGRAMA_ACÁDEMICO,APRENDIZAJE_PRUEBA,816,1,2.0,ANDINA,22.0,SANTANDER,850.0,BUCARAMANGA,9177.0,UNIVERSIDAD DE SANTANDER,9177.0,UNIVERSIDAD DE SANTANDER - UDES-BUCARAMANGA,14.0,MEDICINA,,,5659.0,MEDICINA,ATENCIÓN EN SALUD,34.0,,,,,,,,,,"Propone acciones de diagnóstico, ejecución y evaluación en el marco de políticas y lineamientos en salud vigentes.",52.0,2025
SABER PRO - 2025,PROGRAMA_ACÁDEMICO,APRENDIZAJE_PRUEBA,612,1,2.0,ANDINA,22.0,SANTANDER,850.0,BUCARAMANGA,9177.0,UNIVERSIDAD DE SANTANDER,9177.0,UNIVERSIDAD DE SANTANDER - UDES-BUCARAMANGA,8.0,CIENCIAS AGROPECUARIAS ,,,7046.0,MEDICINA VETERINARIA,LECTURA CRÍTICA,1.0,,,,,,,,,,Comprende cómo se articulan las partes de un texto para darle un sentido global.,46.0,2025
SABER PRO - 2025,PROGRAMA_ACÁDEMICO,APRENDIZAJE_PRUEBA,536,1,2.0,ANDINA,22.0,SANTANDER,850.0,BUCARAMANGA,9177.0,UNIVERSIDAD DE SANTANDER,9177.0,UNIVERSIDAD DE SANTANDER - UDES-BUCARAMANGA,8.0,CIENCIAS AGROPECUARIAS ,,,7046.0,MEDICINA VETERINARIA,LECTURA CRÍTICA,1.0,,,,,,,,,,Reflexiona a partir de un texto y evalúa su contenido.,41.0,2025
SABER PRO - 2025,PROGRAMA_ACÁDEMICO,APRENDIZAJE_PRUEBA,234,1,2.0,ANDINA,22.0,SANTANDER,850.0,BUCARAMANGA,9177.0,UNIVERSIDAD DE SANTANDER,9177.0,UNIVERSIDAD DE SANTANDER - UDES-BUCARAMANGA,81.0,GRUPO REFERENCIA NACIONAL UNIVERSITARIO,,,20804.0,MEDICINA,COMPETENCIAS CIUDADANAS,1.0,,,,,,,,,,Comprende que los problemas y sus soluciones involucran distintas dimensiones y reconoce relaciones entre estas. ,49.0,2025
SABER PRO - 2025,PROGRAMA_ACÁDEMICO,APRENDIZAJE_PRUEBA,230,1,2.0,ANDINA,22.0,SANTANDER,850.0,BUCARAMANGA,9177.0,UNIVERSIDAD DE SANTANDER,9177.0,UNIVERSIDAD DE SANTANDER - UDES-BUCARAMANGA,81.0,GRUPO REFERENCIA NACIONAL UNIVERSITARIO,,,20804.0,MEDICINA,PROMOCIÓN DE LA SALUD Y PREVENCIÓN DE LA ENFERMEDAD,34.0,,,,,,,,,,"Integra los conceptos básicos de promoción de la salud que le permiten priorizar acciones por seguir, de acuerdo con las condiciones de salud de las poblaciones.",52.0,2025
SABER PRO - 2025,PROGRAMA_ACÁDEMICO,APRENDIZAJE_PRUEBA,276,1,2.0,ANDINA,22.0,SANTANDER,850.0,BUCARAMANGA,9177.0,UNIVERSIDAD DE SANTANDER,9177.0,UNIVERSIDAD DE SANTANDER - UDES-BUCARAMANGA,81.0,GRUPO REFERENCIA NACIONAL UNIVERSITARIO,,,20804.0,MEDICINA,ATENCIÓN EN SALUD,34.0,,,,,,,,,,"Propone acciones de diagnóstico, ejecución y evaluación en el marco de políticas y lineamientos en salud vigentes.",53.0,2025
SABER PRO - 2025,PROGRAMA_ACÁDEMICO,APRENDIZAJE_PRUEBA,529,1,2.0,ANDINA,22.0,SANTANDER,850.0,BUCARAMANGA,9177.0,UNIVERSIDAD DE SANTANDER,9177.0,UNIVERSIDAD DE SANTANDER - UDES-BUCARAMANGA,81.0,GRUPO REFERENCIA NACIONAL UNIVERSITARIO,,,20804.0,MEDICINA,FUNDAMENTACIÓN EN DIAGNÓSTICO Y TRATAMIENTO MÉDICOS,34.0,,,,,,,,,,"Propone un plan de tratamiento de acuerdo con la situación del paciente, a partir de casos clínicos de común ocurrencia en la práctica de los médicos generales.",65.0,2025
SABER PRO - 2025,PROGRAMA_ACÁDEMICO,APRENDIZAJE_PRUEBA,167,1,2.0,ANDINA,22.0,SANTANDER,850.0,BUCARAMANGA,9177.0,UNIVERSIDAD DE SANTANDER,9177.0,UNIVERSIDAD DE SANTANDER - UDES-BUCARAMANGA,8.0,CIENCIAS AGROPECUARIAS ,,,7441.0,MEDICINA VETERINARIA Y ZOOTECNIA,RAZONAMIENTO CUANTITATIVO,1.0,,,,,,,,,,Valida procedimientos y  estrategias matemáticas utilizadas para dar solución a problemas.,60.0,2025
SABER PRO - 2025,PROGRAMA_ACÁDEMICO,APRENDIZAJE_PRUEBA,124,1,2.0,ANDINA,22.0,SANTANDER,850.0,BUCARAMANGA,9177.0,UNIVERSIDAD DE SANTANDER,9177.0,UNIVERSIDAD DE SANTANDER - UDES-BUCARAMANGA,8.0,CIENCIAS AGROPECUARIAS ,,,7441.0,MEDICINA VETERINARIA Y ZOOTECNIA,LECTURA CRÍTICA,1.0,,,,,,,,,,Identifica y entiende los contenidos locales que conforman un texto. ,27.0,2025
SABER PRO - 2025,PROGRAMA_ACÁDEMICO,APRENDIZAJE_PRUEBA,101,1,2.0,ANDINA,22.0,SANTANDER,850.0,BUCARAMANGA,9177.0,UNIVERSIDAD DE SANTANDER,9177.0,UNIVERSIDAD DE SANTANDER - UDES-BUCARAMANGA,81.0,GRUPO REFERENCIA NACIONAL UNIVERSITARIO,,,20804.0,MEDICINA,COMPETENCIAS CIUDADANAS,1.0,,,,,,,,,,Conoce los derechos y deberes que la Constitución consagra.,45.0,2025
SABER PRO - 2025,PROGRAMA_ACÁDEMICO,APRENDIZAJE_PRUEBA,482,1,2.0,ANDINA,22.0,SANTANDER,850.0,BUCARAMANGA,9177.0,UNIVERSIDAD DE SANTANDER,9177.0,UNIVERSIDAD DE SANTANDER - UDES-BUCARAMANGA,14.0,MEDICINA,,,8139.0,MEDICINA,LECTURA CRÍTICA,1.0,,,,,,,,,,Reflexiona a partir de un texto y evalúa su contenido.,39.0,2025
SABER PRO - 2025,PROGRAMA_ACÁDEMICO,APRENDIZAJE_PRUEBA,96,1,2.0,ANDINA,22.0,SANTANDER,850.0,BUCARAMANGA,9177.0,UNIVERSIDAD DE SANTANDER,9177.0,UNIVERSIDAD DE SANTANDER - UDES-BUCARAMANGA,8.0,CIENCIAS AGROPECUARIAS ,,,7441.0,MEDICINA VETERINARIA Y ZOOTECNIA,COMPETENCIAS CIUDADANAS,1.0,,,,,,,,,,Analiza y evalúa la pertinencia y solidez de enunciados-discursos.,38.0,2025
SABER PRO - 2025,PROGRAMA_ACÁDEMICO,APRENDIZAJE_PRUEBA,48,1,2.0,ANDINA,22.0,SANTANDER,850.0,BUCARAMANGA,9177.0,UNIVERSIDAD DE SANTANDER,9177.0,UNIVERSIDAD DE SANTANDER - UDES-BUCARAMANGA,8.0,CIENCIAS AGROPECUARIAS ,,,7441.0,MEDICINA VETERINARIA Y ZOOTECNIA,COMPETENCIAS CIUDADANAS,1.0,,,,,,,,,,Conoce los derechos y deberes que la Constitución consagra.,56.0,2025
SABER PRO - 2025,PROGRAMA_ACÁDEMICO,APRENDIZAJE_PRUEBA,164,1,2.0,ANDINA,22.0,SANTANDER,850.0,BUCARAMANGA,9177.0,UNIVERSIDAD DE SANTANDER,9177.0,UNIVERSIDAD DE SANTANDER - UDES-BUCARAMANGA,8.0,CIENCIAS AGROPECUARIAS ,,,7441.0,MEDICINA VETERINARIA Y ZOOTECNIA,LECTURA CRÍTICA,1.0,,,,,,,,,,Reflexiona a partir de un texto y evalúa su contenido.,47.0,2025
SABER PRO - 2025,PROGRAMA_ACÁDEMICO,APRENDIZAJE_PRUEBA,169,1,2.0,ANDINA,22.0,SANTANDER,850.0,BUCARAMANGA,9177.0,UNIVERSIDAD DE SANTANDER,9177.0,UNIVERSIDAD DE SANTANDER - UDES-BUCARAMANGA,81.0,GRUPO REFERENCIA NACIONAL UNIVERSITARIO,,,20804.0,MEDICINA,COMPETENCIAS CIUDADANAS,1.0,,,,,,,,,,Reconoce la existencia de diferentes perspectivas en situaciones en donde interactúan diferentes partes.,49.0,2025
SABER PRO - 2025,PROGRAMA_ACÁDEMICO,APRENDIZAJE_PRUEBA,68,1,2.0,ANDINA,22.0,SANTANDER,850.0,BUCARAMANGA,9177.0,UNIVERSIDAD DE SANTANDER,9177.0,UNIVERSIDAD DE SANTANDER - UDES-BUCARAMANGA,8.0,CIENCIAS AGROPECUARIAS ,,,7441.0,MEDICINA VETERINARIA Y ZOOTECNIA,COMPETENCIAS CIUDADANAS,1.0,,,,,,,,,,Reconoce la existencia de diferentes perspectivas en situaciones en donde interactúan diferentes partes.,62.0,2025
SABER PRO - 2025,PROGRAMA_ACÁDEMICO,APRENDIZAJE_PRUEBA,288,1,2.0,ANDINA,22.0,SANTANDER,850.0,BUCARAMANGA,9177.0,UNIVERSIDAD DE SANTANDER,9177.0,UNIVERSIDAD DE SANTANDER - UDES-BUCARAMANGA,81.0,GRUPO REFERENCIA NACIONAL UNIVERSITARIO,,,20804.0,MEDICINA,LECTURA CRÍTICA,1.0,,,,,,,,,,Identifica y entiende los contenidos locales que conforman un texto. ,24.0,2025
SABER PRO - 2025,PROGRAMA_ACÁDEMICO,APRENDIZAJE_PRUEBA,369,1,2.0,ANDINA,22.0,SANTANDER,850.0,BUCARAMANGA,9177.0,UNIVERSIDAD DE SANTANDER,9177.0,UNIVERSIDAD DE SANTANDER - UDES-BUCARAMANGA,81.0,GRUPO REFERENCIA NACIONAL UNIVERSITARIO,,,20804.0,MEDICINA,RAZONAMIENTO CUANTITATIVO,1.0,,,,,,,,,,"Frente a un problema que involucre información cuantitativa, plantea e implementa estrategias que lleven a soluciones adecuadas.",56.0,2025
SABER PRO - 2025,PROGRAMA_ACÁDEMICO,APRENDIZAJE_PRUEBA,816,1,2.0,ANDINA,22.0,SANTANDER,850.0,BUCARAMANGA,9177.0,UNIVERSIDAD DE SANTANDER,9177.0,UNIVERSIDAD DE SANTANDER - UDES-BUCARAMANGA,14.0,MEDICINA,,,5659.0,MEDICINA,ATENCIÓN EN SALUD,34.0,,,,,,,,,,"Analiza los determinantes personales, sociales, económicos y ambientales que influyen en el estado de salud del individuo, la familia y la comunidad, para la priorización de acciones a seguir.",47.0,2025
SABER PRO - 2025,PROGRAMA_ACÁDEMICO,APRENDIZAJE_PRUEBA,156,1,2.0,ANDINA,22.0,SANTANDER,850.0,BUCARAMANGA,9177.0,UNIVERSIDAD DE SANTANDER,9177.0,UNIVERSIDAD DE SANTANDER - UDES-BUCARAMANGA,8.0,CIENCIAS AGROPECUARIAS ,,,7441.0,MEDICINA VETERINARIA Y ZOOTECNIA,RAZONAMIENTO CUANTITATIVO,1.0,,,,,,,,,,Comprende y transforma la información cuantitativa y esquemática presentada en distintos formatos ,49.0,2025
SABER PRO - 2025,PROGRAMA_ACÁDEMICO,APRENDIZAJE_PRUEBA,306,1,2.0,ANDINA,22.0,SANTANDER,850.0,BUCARAMANGA,9177.0,UNIVERSIDAD DE SANTANDER,9177.0,UNIVERSIDAD DE SANTANDER - UDES-BUCARAMANGA,8.0,CIENCIAS AGROPECUARIAS ,,,7046.0,MEDICINA VETERINARIA,COMPETENCIAS CIUDADANAS,1.0,,,,,,,,,,Analiza y evalúa la pertinencia y solidez de enunciados-discursos.,44.0,2025
SABER PRO - 2025,PROGRAMA_ACÁDEMICO,APRENDIZAJE_PRUEBA,468,1,2.0,ANDINA,22.0,SANTANDER,850.0,BUCARAMANGA,9177.0,UNIVERSIDAD DE SANTANDER,9177.0,UNIVERSIDAD DE SANTANDER - UDES-BUCARAMANGA,81.0,GRUPO REFERENCIA NACIONAL UNIVERSITARIO,,,20804.0,MEDICINA,LECTURA CRÍTICA,1.0,,,,,,,,,,Comprende cómo se articulan las partes de un texto para darle un sentido global.,45.0,2025
SABER PRO - 2025,PROGRAMA_ACÁDEMICO,APRENDIZAJE_PRUEBA,414,1,2.0,ANDINA,22.0,SANTANDER,850.0,BUCARAMANGA,9177.0,UNIVERSIDAD DE SANTANDER,9177.0,UNIVERSIDAD DE SANTANDER - UDES-BUCARAMANGA,81.0,GRUPO REFERENCIA NACIONAL UNIVERSITARIO,,,20804.0,MEDICINA,LECTURA CRÍTICA,1.0,,,,,,,,,,Reflexiona a partir de un texto y evalúa su contenido.,43.0,2025
SABER PRO - 2025,PROGRAMA_ACÁDEMICO,APRENDIZAJE_PRUEBA,552,1,2.0,ANDINA,22.0,SANTANDER,850.0,BUCARAMANGA,9177.0,UNIVERSIDAD DE SANTANDER,9177.0,UNIVERSIDAD DE SANTANDER - UDES-BUCARAMANGA,81.0,GRUPO REFERENCIA NACIONAL UNIVERSITARIO,,,20804.0,MEDICINA,PROMOCIÓN DE LA SALUD Y PREVENCIÓN DE LA ENFERMEDAD,34.0,,,,,,,,,,"Integra los conceptos básicos de prevención de la enfermedad, que le permita la priorización de las acciones  por seguir  de  acuerdo con las condiciones de salud de las poblaciones.",41.0,2025
SABER PRO - 2025,PROGRAMA_ACÁDEMICO,APRENDIZAJE_PRUEBA,138,1,2.0,ANDINA,22.0,SANTANDER,850.0,BUCARAMANGA,9177.0,UNIVERSIDAD DE SANTANDER,9177.0,UNIVERSIDAD DE SANTANDER - UDES-BUCARAMANGA,14.0,MEDICINA,,,8139.0,MEDICINA,COMPETENCIAS CIUDADANAS,1.0,,,,,,,,,,Comprende qué es la Constitución Política de Colombia y sus principios fundamentales.,38.0,2025
SABER PRO - 2025,PROGRAMA_ACÁDEMICO,APRENDIZAJE_PRUEBA,211,1,2.0,ANDINA,22.0,SANTANDER,850.0,BUCARAMANGA,9177.0,UNIVERSIDAD DE SANTANDER,9177.0,UNIVERSIDAD DE SANTANDER - UDES-BUCARAMANGA,14.0,MEDICINA,,,8139.0,MEDICINA,COMPETENCIAS CIUDADANAS,1.0,,,,,,,,,,Analiza las diferentes perspectivas presentes en situaciones en donde interactúan diferentes partes.,47.0,2025
SABER PRO - 2025,PROGRAMA_ACÁDEMICO,APRENDIZAJE_PRUEBA,285,1,2.0,ANDINA,22.0,SANTANDER,850.0,BUCARAMANGA,9177.0,UNIVERSIDAD DE SANTANDER,9177.0,UNIVERSIDAD DE SANTANDER - UDES-BUCARAMANGA,14.0,MEDICINA,,,5659.0,MEDICINA,COMPETENCIAS CIUDADANAS,1.0,,,,,,,,,,Conoce la organización del Estado de acuerdo con la Constitución.,37.0,2025
SABER PRO - 2025,PROGRAMA_ACÁDEMICO,APRENDIZAJE_PRUEBA,544,1,2.0,ANDINA,22.0,SANTANDER,850.0,BUCARAMANGA,9177.0,UNIVERSIDAD DE SANTANDER,9177.0,UNIVERSIDAD DE SANTANDER - UDES-BUCARAMANGA,14.0,MEDICINA,,,5659.0,MEDICINA,ATENCIÓN EN SALUD,34.0,,,,,,,,,,"Integra el proceso de sistematización de la información, relacionada con la salud del individuo, la familia y la comunidad en la priorización de acciones. ",51.0,2025
SABER PRO - 2025,PROGRAMA_ACÁDEMICO,APRENDIZAJE_PRUEBA,234,1,2.0,ANDINA,22.0,SANTANDER,850.0,BUCARAMANGA,9177.0,UNIVERSIDAD DE SANTANDER,9177.0,UNIVERSIDAD DE SANTANDER - UDES-BUCARAMANGA,81.0,GRUPO REFERENCIA NACIONAL UNIVERSITARIO,,,20804.0,MEDICINA,COMPETENCIAS CIUDADANAS,1.0,,,,,,,,,,Analiza y evalúa la pertinencia y solidez de enunciados-discursos.,47.0,2025
SABER PRO - 2025,PROGRAMA_ACÁDEMICO,APRENDIZAJE_PRUEBA,680,1,2.0,ANDINA,22.0,SANTANDER,850.0,BUCARAMANGA,9177.0,UNIVERSIDAD DE SANTANDER,9177.0,UNIVERSIDAD DE SANTANDER - UDES-BUCARAMANGA,14.0,MEDICINA,,,5659.0,MEDICINA,PROMOCIÓN DE LA SALUD Y PREVENCIÓN DE LA ENFERMEDAD,34.0,,,,,,,,,,"Integra los conceptos básicos de promoción de la salud que le permiten priorizar acciones por seguir, de acuerdo con las condiciones de salud de las poblaciones.",49.0,2025
SABER PRO - 2025,PROGRAMA_ACÁDEMICO,APRENDIZAJE_PRUEBA,346,1,2.0,ANDINA,22.0,SANTANDER,850.0,BUCARAMANGA,9177.0,UNIVERSIDAD DE SANTANDER,9177.0,UNIVERSIDAD DE SANTANDER - UDES-BUCARAMANGA,14.0,MEDICINA,,,8139.0,MEDICINA,LECTURA CRÍTICA,1.0,,,,,,,,,,Identifica y entiende los contenidos locales que conforman un texto. ,23.0,2025
SABER PRO - 2025,PROGRAMA_ACÁDEMICO,APRENDIZAJE_PRUEBA,48,1,2.0,ANDINA,22.0,SANTANDER,850.0,BUCARAMANGA,9177.0,UNIVERSIDAD DE SANTANDER,9177.0,UNIVERSIDAD DE SANTANDER - UDES-BUCARAMANGA,8.0,CIENCIAS AGROPECUARIAS ,,,7441.0,MEDICINA VETERINARIA Y ZOOTECNIA,COMPETENCIAS CIUDADANAS,1.0,,,,,,,,,,Conoce la organización del Estado de acuerdo con la Constitución.,38.0,2025
SABER PRO - 2025,PROGRAMA_ACÁDEMICO,APRENDIZAJE_PRUEBA,184,1,2.0,ANDINA,22.0,SANTANDER,850.0,BUCARAMANGA,9177.0,UNIVERSIDAD DE SANTANDER,9177.0,UNIVERSIDAD DE SANTANDER - UDES-BUCARAMANGA,81.0,GRUPO REFERENCIA NACIONAL UNIVERSITARIO,,,20804.0,MEDICINA,ATENCIÓN EN SALUD,34.0,,,,,,,,,,"Integra el proceso de sistematización de la información, relacionada con la salud del individuo, la familia y la comunidad en la priorización de acciones. ",51.0,2025
SABER PRO - 2025,PROGRAMA_ACÁDEMICO,APRENDIZAJE_PRUEBA,491,1,2.0,ANDINA,22.0,SANTANDER,850.0,BUCARAMANGA,9177.0,UNIVERSIDAD DE SANTANDER,9177.0,UNIVERSIDAD DE SANTANDER - UDES-BUCARAMANGA,8.0,CIENCIAS AGROPECUARIAS ,,,7046.0,MEDICINA VETERINARIA,RAZONAMIENTO CUANTITATIVO,1.0,,,,,,,,,,Comprende y transforma la información cuantitativa y esquemática presentada en distintos formatos ,38.0,2025
SABER PRO - 2025,PROGRAMA_ACÁDEMICO,APRENDIZAJE_PRUEBA,153,1,2.0,ANDINA,22.0,SANTANDER,850.0,BUCARAMANGA,9177.0,UNIVERSIDAD DE SANTANDER,9177.0,UNIVERSIDAD DE SANTANDER - UDES-BUCARAMANGA,8.0,CIENCIAS AGROPECUARIAS ,,,7046.0,MEDICINA VETERINARIA,COMPETENCIAS CIUDADANAS,1.0,,,,,,,,,,Conoce la organización del Estado de acuerdo con la Constitución.,38.0,2025
SABER PRO - 2025,PROGRAMA_ACÁDEMICO,APRENDIZAJE_PRUEBA,276,1,2.0,ANDINA,22.0,SANTANDER,850.0,BUCARAMANGA,9177.0,UNIVERSIDAD DE SANTANDER,9177.0,UNIVERSIDAD DE SANTANDER - UDES-BUCARAMANGA,14.0,MEDICINA,,,8139.0,MEDICINA,COMPETENCIAS CIUDADANAS,1.0,,,,,,,,,,Comprende que los problemas y sus soluciones involucran distintas dimensiones y reconoce relaciones entre estas. ,42.0,2025
SABER PRO - 2025,PROGRAMA_ACÁDEMICO,APRENDIZAJE_PRUEBA,48,1,2.0,ANDINA,22.0,SANTANDER,850.0,BUCARAMANGA,9177.0,UNIVERSIDAD DE SANTANDER,9177.0,UNIVERSIDAD DE SANTANDER - UDES-BUCARAMANGA,8.0,CIENCIAS AGROPECUARIAS ,,,7441.0,MEDICINA VETERINARIA Y ZOOTECNIA,COMPETENCIAS CIUDADANAS,1.0,,,,,,,,,,Comprende qué es la Constitución Política de Colombia y sus principios fundamentales.,58.0,2025
SABER PRO - 2025,PROGRAMA_ACÁDEMICO,APRENDIZAJE_PRUEBA,96,1,2.0,ANDINA,22.0,SANTANDER,850.0,BUCARAMANGA,9177.0,UNIVERSIDAD DE SANTANDER,9177.0,UNIVERSIDAD DE SANTANDER - UDES-BUCARAMANGA,8.0,CIENCIAS AGROPECUARIAS ,,,7441.0,MEDICINA VETERINARIA Y ZOOTECNIA,COMPETENCIAS CIUDADANAS,1.0,,,,,,,,,,Comprende que los problemas y sus soluciones involucran distintas dimensiones y reconoce relaciones entre estas. ,66.0,2025
SABER PRO - 2025,PROGRAMA_ACÁDEMICO,APRENDIZAJE_PRUEBA,192,1,2.0,ANDINA,22.0,SANTANDER,850.0,BUCARAMANGA,9177.0,UNIVERSIDAD DE SANTANDER,9177.0,UNIVERSIDAD DE SANTANDER - UDES-BUCARAMANGA,8.0,CIENCIAS AGROPECUARIAS ,,,7441.0,MEDICINA VETERINARIA Y ZOOTECNIA,LECTURA CRÍTICA,1.0,,,,,,,,,,Comprende cómo se articulan las partes de un texto para darle un sentido global.,57.0,2025
SABER PRO - 2025,PROGRAMA_ACÁDEMICO,APRENDIZAJE_PRUEBA,230,1,2.0,ANDINA,22.0,SANTANDER,850.0,BUCARAMANGA,9177.0,UNIVERSIDAD DE SANTANDER,9177.0,UNIVERSIDAD DE SANTANDER - UDES-BUCARAMANGA,14.0,MEDICINA,,,5659.0,MEDICINA,COMPETENCIAS CIUDADANAS,1.0,,,,,,,,,,Conoce los derechos y deberes que la Constitución consagra.,37.0,2025
SABER PRO - 2025,PROGRAMA_ACÁDEMICO,APRENDIZAJE_PRUEBA,544,1,2.0,ANDINA,22.0,SANTANDER,850.0,BUCARAMANGA,9177.0,UNIVERSIDAD DE SANTANDER,9177.0,UNIVERSIDAD DE SANTANDER - UDES-BUCARAMANGA,14.0,MEDICINA,,,5659.0,MEDICINA,ATENCIÓN EN SALUD,34.0,,,,,,,,,,"Reconoce la política y la normatividad nacional y los acuerdos internacionales suscritos por el Estado colombiano, relacionados con salud pública y los aplica en situaciones concretas que afectan la salud del individuo, la familia y la comunidad.",43.0,2025
SABER PRO - 2025,PROGRAMA_ACÁDEMICO,APRENDIZAJE_PRUEBA,622,1,2.0,ANDINA,22.0,SANTANDER,850.0,BUCARAMANGA,9179.0,UNIVERSIDAD AUTONOMA DE BUCARAMANGA-UNAB-,9179.0,UNIVERSIDAD AUTONOMA DE BUCARAMANGA-UNAB-BUCARAMANGA,14.0,MEDICINA,,,6515.0,MEDICINA,COMPETENCIAS CIUDADANAS,1.0,,,,,,,,,,Analiza las diferentes perspectivas presentes en situaciones en donde interactúan diferentes partes.,36.0,2025
SABER PRO - 2025,PROGRAMA_ACÁDEMICO,APRENDIZAJE_PRUEBA,3013,1,2.0,ANDINA,22.0,SANTANDER,850.0,BUCARAMANGA,9179.0,UNIVERSIDAD AUTONOMA DE BUCARAMANGA-UNAB-,9179.0,UNIVERSIDAD AUTONOMA DE BUCARAMANGA-UNAB-BUCARAMANGA,14.0,MEDICINA,,,6515.0,MEDICINA,FUNDAMENTACIÓN EN DIAGNÓSTICO Y TRATAMIENTO MÉDICOS,34.0,,,,,,,,,,"Propone un plan de tratamiento de acuerdo con la situación del paciente, a partir de casos clínicos de común ocurrencia en la práctica de los médicos generales.",47.0,2025
SABER PRO - 2025,PROGRAMA_ACÁDEMICO,APRENDIZAJE_PRUEBA,1572,1,2.0,ANDINA,22.0,SANTANDER,850.0,BUCARAMANGA,9179.0,UNIVERSIDAD AUTONOMA DE BUCARAMANGA-UNAB-,9179.0,UNIVERSIDAD AUTONOMA DE BUCARAMANGA-UNAB-BUCARAMANGA,14.0,MEDICINA,,,6515.0,MEDICINA,ATENCIÓN EN SALUD,34.0,,,,,,,,,,"Analiza los determinantes personales, sociales, económicos y ambientales que influyen en el estado de salud del individuo, la familia y la comunidad, para la priorización de acciones a seguir.",38.0,2025
SABER PRO - 2025,PROGRAMA_ACÁDEMICO,APRENDIZAJE_PRUEBA,297,1,2.0,ANDINA,22.0,SANTANDER,850.0,BUCARAMANGA,9179.0,UNIVERSIDAD AUTONOMA DE BUCARAMANGA-UNAB-,9179.0,UNIVERSIDAD AUTONOMA DE BUCARAMANGA-UNAB-BUCARAMANGA,14.0,MEDICINA,,,6515.0,MEDICINA,COMPETENCIAS CIUDADANAS,1.0,,,,,,,,,,Conoce los derechos y deberes que la Constitución consagra.,32.0,2025
SABER PRO - 2025,PROGRAMA_ACÁDEMICO,APRENDIZAJE_PRUEBA,1310,1,2.0,ANDINA,22.0,SANTANDER,850.0,BUCARAMANGA,9179.0,UNIVERSIDAD AUTONOMA DE BUCARAMANGA-UNAB-,9179.0,UNIVERSIDAD AUTONOMA DE BUCARAMANGA-UNAB-BUCARAMANGA,14.0,MEDICINA,,,6515.0,MEDICINA,PROMOCIÓN DE LA SALUD Y PREVENCIÓN DE LA ENFERMEDAD,34.0,,,,,,,,,,"Integra los conceptos básicos de promoción de la salud que le permiten priorizar acciones por seguir, de acuerdo con las condiciones de salud de las poblaciones.",39.0,2025
SABER PRO - 2025,PROGRAMA_ACÁDEMICO,APRENDIZAJE_PRUEBA,393,1,2.0,ANDINA,22.0,SANTANDER,850.0,BUCARAMANGA,9179.0,UNIVERSIDAD AUTONOMA DE BUCARAMANGA-UNAB-,9179.0,UNIVERSIDAD AUTONOMA DE BUCARAMANGA-UNAB-BUCARAMANGA,14.0,MEDICINA,,,6515.0,MEDICINA,COMPETENCIAS CIUDADANAS,1.0,,,,,,,,,,Comprende qué es la Constitución Política de Colombia y sus principios fundamentales.,40.0,2025
SABER PRO - 2025,PROGRAMA_ACÁDEMICO,APRENDIZAJE_PRUEBA,1048,1,2.0,ANDINA,22.0,SANTANDER,850.0,BUCARAMANGA,9179.0,UNIVERSIDAD AUTONOMA DE BUCARAMANGA-UNAB-,9179.0,UNIVERSIDAD AUTONOMA DE BUCARAMANGA-UNAB-BUCARAMANGA,14.0,MEDICINA,,,6515.0,MEDICINA,ATENCIÓN EN SALUD,34.0,,,,,,,,,,"Integra el proceso de sistematización de la información, relacionada con la salud del individuo, la familia y la comunidad en la priorización de acciones. ",31.0,2025
SABER PRO - 2025,PROGRAMA_ACÁDEMICO,APRENDIZAJE_PRUEBA,1572,1,2.0,ANDINA,22.0,SANTANDER,850.0,BUCARAMANGA,9179.0,UNIVERSIDAD AUTONOMA DE BUCARAMANGA-UNAB-,9179.0,UNIVERSIDAD AUTONOMA DE BUCARAMANGA-UNAB-BUCARAMANGA,14.0,MEDICINA,,,6515.0,MEDICINA,ATENCIÓN EN SALUD,34.0,,,,,,,,,,"Propone acciones de diagnóstico, ejecución y evaluación en el marco de políticas y lineamientos en salud vigentes.",40.0,2025
SABER PRO - 2025,PROGRAMA_ACÁDEMICO,APRENDIZAJE_PRUEBA,786,1,2.0,ANDINA,22.0,SANTANDER,850.0,BUCARAMANGA,9179.0,UNIVERSIDAD AUTONOMA DE BUCARAMANGA-UNAB-,9179.0,UNIVERSIDAD AUTONOMA DE BUCARAMANGA-UNAB-BUCARAMANGA,14.0,MEDICINA,,,6515.0,MEDICINA,COMPETENCIAS CIUDADANAS,1.0,,,,,,,,,,Comprende que los problemas y sus soluciones involucran distintas dimensiones y reconoce relaciones entre estas. ,29.0,2025
SABER PRO - 2025,PROGRAMA_ACÁDEMICO,APRENDIZAJE_PRUEBA,1408,1,2.0,ANDINA,22.0,SANTANDER,850.0,BUCARAMANGA,9179.0,UNIVERSIDAD AUTONOMA DE BUCARAMANGA-UNAB-,9179.0,UNIVERSIDAD AUTONOMA DE BUCARAMANGA-UNAB-BUCARAMANGA,14.0,MEDICINA,,,6515.0,MEDICINA,RAZONAMIENTO CUANTITATIVO,1.0,,,,,,,,,,Valida procedimientos y  estrategias matemáticas utilizadas para dar solución a problemas.,38.0,2025
SABER PRO - 2025,PROGRAMA_ACÁDEMICO,APRENDIZAJE_PRUEBA,950,1,2.0,ANDINA,22.0,SANTANDER,850.0,BUCARAMANGA,9179.0,UNIVERSIDAD AUTONOMA DE BUCARAMANGA-UNAB-,9179.0,UNIVERSIDAD AUTONOMA DE BUCARAMANGA-UNAB-BUCARAMANGA,14.0,MEDICINA,,,6515.0,MEDICINA,LECTURA CRÍTICA,1.0,,,,,,,,,,Identifica y entiende los contenidos locales que conforman un texto. ,14.0,2025
SABER PRO - 2025,PROGRAMA_ACÁDEMICO,APRENDIZAJE_PRUEBA,1408,1,2.0,ANDINA,22.0,SANTANDER,850.0,BUCARAMANGA,9179.0,UNIVERSIDAD AUTONOMA DE BUCARAMANGA-UNAB-,9179.0,UNIVERSIDAD AUTONOMA DE BUCARAMANGA-UNAB-BUCARAMANGA,14.0,MEDICINA,,,6515.0,MEDICINA,LECTURA CRÍTICA,1.0,,,,,,,,,,Reflexiona a partir de un texto y evalúa su contenido.,34.0,2025
SABER PRO - 2025,PROGRAMA_ACÁDEMICO,APRENDIZAJE_PRUEBA,1048,1,2.0,ANDINA,22.0,SANTANDER,850.0,BUCARAMANGA,9179.0,UNIVERSIDAD AUTONOMA DE BUCARAMANGA-UNAB-,9179.0,UNIVERSIDAD AUTONOMA DE BUCARAMANGA-UNAB-BUCARAMANGA,14.0,MEDICINA,,,6515.0,MEDICINA,ATENCIÓN EN SALUD,34.0,,,,,,,,,,"Reconoce la política y la normatividad nacional y los acuerdos internacionales suscritos por el Estado colombiano, relacionados con salud pública y los aplica en situaciones concretas que afectan la salud del individuo, la familia y la comunidad.",31.0,2025
SABER PRO - 2025,PROGRAMA_ACÁDEMICO,APRENDIZAJE_PRUEBA,4323,1,2.0,ANDINA,22.0,SANTANDER,850.0,BUCARAMANGA,9179.0,UNIVERSIDAD AUTONOMA DE BUCARAMANGA-UNAB-,9179.0,UNIVERSIDAD AUTONOMA DE BUCARAMANGA-UNAB-BUCARAMANGA,14.0,MEDICINA,,,6515.0,MEDICINA,FUNDAMENTACIÓN EN DIAGNÓSTICO Y TRATAMIENTO MÉDICOS,34.0,,,,,,,,,,"Determina la situación de salud o enfermedad de niños, jóvenes y adultos (hombres y mujeres), a partir de casos clínicos de común ocurrencia en la práctica de los médicos generales.",45.0,2025
SABER PRO - 2025,PROGRAMA_ACÁDEMICO,APRENDIZAJE_PRUEBA,557,1,2.0,ANDINA,22.0,SANTANDER,850.0,BUCARAMANGA,9179.0,UNIVERSIDAD AUTONOMA DE BUCARAMANGA-UNAB-,9179.0,UNIVERSIDAD AUTONOMA DE BUCARAMANGA-UNAB-BUCARAMANGA,14.0,MEDICINA,,,6515.0,MEDICINA,COMPETENCIAS CIUDADANAS,1.0,,,,,,,,,,Reconoce la existencia de diferentes perspectivas en situaciones en donde interactúan diferentes partes.,32.0,2025
SABER PRO - 2025,PROGRAMA_ACÁDEMICO,APRENDIZAJE_PRUEBA,393,1,2.0,ANDINA,22.0,SANTANDER,850.0,BUCARAMANGA,9179.0,UNIVERSIDAD AUTONOMA DE BUCARAMANGA-UNAB-,9179.0,UNIVERSIDAD AUTONOMA DE BUCARAMANGA-UNAB-BUCARAMANGA,14.0,MEDICINA,,,6515.0,MEDICINA,COMPETENCIAS CIUDADANAS,1.0,,,,,,,,,,Conoce la organización del Estado de acuerdo con la Constitución.,23.0,2025
SABER PRO - 2025,PROGRAMA_ACÁDEMICO,APRENDIZAJE_PRUEBA,1212,1,2.0,ANDINA,22.0,SANTANDER,850.0,BUCARAMANGA,9179.0,UNIVERSIDAD AUTONOMA DE BUCARAMANGA-UNAB-,9179.0,UNIVERSIDAD AUTONOMA DE BUCARAMANGA-UNAB-BUCARAMANGA,14.0,MEDICINA,,,6515.0,MEDICINA,RAZONAMIENTO CUANTITATIVO,1.0,,,,,,,,,,"Frente a un problema que involucre información cuantitativa, plantea e implementa estrategias que lleven a soluciones adecuadas.",44.0,2025
SABER PRO - 2025,PROGRAMA_ACÁDEMICO,APRENDIZAJE_PRUEBA,1310,1,2.0,ANDINA,22.0,SANTANDER,850.0,BUCARAMANGA,9179.0,UNIVERSIDAD AUTONOMA DE BUCARAMANGA-UNAB-,9179.0,UNIVERSIDAD AUTONOMA DE BUCARAMANGA-UNAB-BUCARAMANGA,14.0,MEDICINA,,,6515.0,MEDICINA,RAZONAMIENTO CUANTITATIVO,1.0,,,,,,,,,,Comprende y transforma la información cuantitativa y esquemática presentada en distintos formatos ,27.0,2025
SABER PRO - 2025,PROGRAMA_ACÁDEMICO,APRENDIZAJE_PRUEBA,3144,1,2.0,ANDINA,22.0,SANTANDER,850.0,BUCARAMANGA,9179.0,UNIVERSIDAD AUTONOMA DE BUCARAMANGA-UNAB-,9179.0,UNIVERSIDAD AUTONOMA DE BUCARAMANGA-UNAB-BUCARAMANGA,14.0,MEDICINA,,,6515.0,MEDICINA,PROMOCIÓN DE LA SALUD Y PREVENCIÓN DE LA ENFERMEDAD,34.0,,,,,,,,,,"Integra los conceptos básicos de prevención de la enfermedad, que le permita la priorización de las acciones  por seguir  de  acuerdo con las condiciones de salud de las poblaciones.",31.0,2025
SABER PRO - 2025,PROGRAMA_ACÁDEMICO,APRENDIZAJE_PRUEBA,786,1,2.0,ANDINA,22.0,SANTANDER,850.0,BUCARAMANGA,9179.0,UNIVERSIDAD AUTONOMA DE BUCARAMANGA-UNAB-,9179.0,UNIVERSIDAD AUTONOMA DE BUCARAMANGA-UNAB-BUCARAMANGA,14.0,MEDICINA,,,6515.0,MEDICINA,COMPETENCIAS CIUDADANAS,1.0,,,,,,,,,,Analiza y evalúa la pertinencia y solidez de enunciados-discursos.,38.0,2025
SABER PRO - 2025,PROGRAMA_ACÁDEMICO,APRENDIZAJE_PRUEBA,1572,1,2.0,ANDINA,22.0,SANTANDER,850.0,BUCARAMANGA,9179.0,UNIVERSIDAD AUTONOMA DE BUCARAMANGA-UNAB-,9179.0,UNIVERSIDAD AUTONOMA DE BUCARAMANGA-UNAB-BUCARAMANGA,14.0,MEDICINA,,,6515.0,MEDICINA,LECTURA CRÍTICA,1.0,,,,,,,,,,Comprende cómo se articulan las partes de un texto para darle un sentido global.,30.0,2025
SABER PRO - 2025,PROGRAMA_ACÁDEMICO,APRENDIZAJE_PRUEBA,659,1,2.0,ANDINA,24.0,TOLIMA,963.0,IBAGUÉ,9194.0,UNIVERSIDAD DEL TOLIMA,9194.0,UNIVERSIDAD DEL TOLIMA-IBAGUE,14.0,MEDICINA,,,2316.0,MEDICINA,RAZONAMIENTO CUANTITATIVO,1.0,,,,,,,,,,"Frente a un problema que involucre información cuantitativa, plantea e implementa estrategias que lleven a soluciones adecuadas.",48.0,2025
SABER PRO - 2025,PROGRAMA_ACÁDEMICO,APRENDIZAJE_PRUEBA,222,1,2.0,ANDINA,24.0,TOLIMA,963.0,IBAGUÉ,9194.0,UNIVERSIDAD DEL TOLIMA,9194.0,UNIVERSIDAD DEL TOLIMA-IBAGUE,8.0,CIENCIAS AGROPECUARIAS ,,,4725.0,MEDICINA VETERINARIA Y ZOOTECNIA,COMPETENCIAS CIUDADANAS,1.0,,,,,,,,,,Reconoce la existencia de diferentes perspectivas en situaciones en donde interactúan diferentes partes.,41.0,2025
SABER PRO - 2025,PROGRAMA_ACÁDEMICO,APRENDIZAJE_PRUEBA,210,1,2.0,ANDINA,24.0,TOLIMA,963.0,IBAGUÉ,9194.0,UNIVERSIDAD DEL TOLIMA,9194.0,UNIVERSIDAD DEL TOLIMA-IBAGUE,8.0,CIENCIAS AGROPECUARIAS ,,,4725.0,MEDICINA VETERINARIA Y ZOOTECNIA,COMPETENCIAS CIUDADANAS,1.0,,,,,,,,,,Analiza las diferentes perspectivas presentes en situaciones en donde interactúan diferentes partes.,46.0,2025
SABER PRO - 2025,PROGRAMA_ACÁDEMICO,APRENDIZAJE_PRUEBA,204,1,2.0,ANDINA,24.0,TOLIMA,963.0,IBAGUÉ,9194.0,UNIVERSIDAD DEL TOLIMA,9194.0,UNIVERSIDAD DEL TOLIMA-IBAGUE,14.0,MEDICINA,,,2316.0,MEDICINA,COMPETENCIAS CIUDADANAS,1.0,,,,,,,,,,Conoce la organización del Estado de acuerdo con la Constitución.,33.0,2025
SABER PRO - 2025,PROGRAMA_ACÁDEMICO,APRENDIZAJE_PRUEBA,362,1,2.0,ANDINA,24.0,TOLIMA,963.0,IBAGUÉ,9194.0,UNIVERSIDAD DEL TOLIMA,9194.0,UNIVERSIDAD DEL TOLIMA-IBAGUE,8.0,CIENCIAS AGROPECUARIAS ,,,4725.0,MEDICINA VETERINARIA Y ZOOTECNIA,LECTURA CRÍTICA,1.0,,,,,,,,,,Identifica y entiende los contenidos locales que conforman un texto. ,19.0,2025
SABER PRO - 2025,PROGRAMA_ACÁDEMICO,APRENDIZAJE_PRUEBA,719,1,2.0,ANDINA,24.0,TOLIMA,963.0,IBAGUÉ,9194.0,UNIVERSIDAD DEL TOLIMA,9194.0,UNIVERSIDAD DEL TOLIMA-IBAGUE,14.0,MEDICINA,,,2316.0,MEDICINA,LECTURA CRÍTICA,1.0,,,,,,,,,,Reflexiona a partir de un texto y evalúa su contenido.,38.0,2025
SABER PRO - 2025,PROGRAMA_ACÁDEMICO,APRENDIZAJE_PRUEBA,576,1,2.0,ANDINA,24.0,TOLIMA,963.0,IBAGUÉ,9194.0,UNIVERSIDAD DEL TOLIMA,9194.0,UNIVERSIDAD DEL TOLIMA-IBAGUE,8.0,CIENCIAS AGROPECUARIAS ,,,4725.0,MEDICINA VETERINARIA Y ZOOTECNIA,LECTURA CRÍTICA,1.0,,,,,,,,,,Comprende cómo se articulan las partes de un texto para darle un sentido global.,39.0,2025
SABER PRO - 2025,PROGRAMA_ACÁDEMICO,APRENDIZAJE_PRUEBA,816,1,2.0,ANDINA,24.0,TOLIMA,963.0,IBAGUÉ,9194.0,UNIVERSIDAD DEL TOLIMA,9194.0,UNIVERSIDAD DEL TOLIMA-IBAGUE,14.0,MEDICINA,,,2316.0,MEDICINA,LECTURA CRÍTICA,1.0,,,,,,,,,,Comprende cómo se articulan las partes de un texto para darle un sentido global.,41.0,2025
SABER PRO - 2025,PROGRAMA_ACÁDEMICO,APRENDIZAJE_PRUEBA,204,1,2.0,ANDINA,24.0,TOLIMA,963.0,IBAGUÉ,9194.0,UNIVERSIDAD DEL TOLIMA,9194.0,UNIVERSIDAD DEL TOLIMA-IBAGUE,14.0,MEDICINA,,,2316.0,MEDICINA,COMPETENCIAS CIUDADANAS,1.0,,,,,,,,,,Comprende qué es la Constitución Política de Colombia y sus principios fundamentales.,43.0,2025
SABER PRO - 2025,PROGRAMA_ACÁDEMICO,APRENDIZAJE_PRUEBA,304,1,2.0,ANDINA,24.0,TOLIMA,963.0,IBAGUÉ,9194.0,UNIVERSIDAD DEL TOLIMA,9194.0,UNIVERSIDAD DEL TOLIMA-IBAGUE,14.0,MEDICINA,,,2316.0,MEDICINA,COMPETENCIAS CIUDADANAS,1.0,,,,,,,,,,Analiza las diferentes perspectivas presentes en situaciones en donde interactúan diferentes partes.,37.0,2025
SABER PRO - 2025,PROGRAMA_ACÁDEMICO,APRENDIZAJE_PRUEBA,176,1,2.0,ANDINA,24.0,TOLIMA,963.0,IBAGUÉ,9194.0,UNIVERSIDAD DEL TOLIMA,9194.0,UNIVERSIDAD DEL TOLIMA-IBAGUE,14.0,MEDICINA,,,2316.0,MEDICINA,COMPETENCIAS CIUDADANAS,1.0,,,,,,,,,,Conoce los derechos y deberes que la Constitución consagra.,32.0,2025
SABER PRO - 2025,PROGRAMA_ACÁDEMICO,APRENDIZAJE_PRUEBA,468,1,2.0,ANDINA,24.0,TOLIMA,963.0,IBAGUÉ,9194.0,UNIVERSIDAD DEL TOLIMA,9194.0,UNIVERSIDAD DEL TOLIMA-IBAGUE,8.0,CIENCIAS AGROPECUARIAS ,,,4725.0,MEDICINA VETERINARIA Y ZOOTECNIA,RAZONAMIENTO CUANTITATIVO,1.0,,,,,,,,,,"Frente a un problema que involucre información cuantitativa, plantea e implementa estrategias que lleven a soluciones adecuadas.",53.0,2025
SABER PRO - 2025,PROGRAMA_ACÁDEMICO,APRENDIZAJE_PRUEBA,502,1,2.0,ANDINA,24.0,TOLIMA,963.0,IBAGUÉ,9194.0,UNIVERSIDAD DEL TOLIMA,9194.0,UNIVERSIDAD DEL TOLIMA-IBAGUE,8.0,CIENCIAS AGROPECUARIAS ,,,4725.0,MEDICINA VETERINARIA Y ZOOTECNIA,LECTURA CRÍTICA,1.0,,,,,,,,,,Reflexiona a partir de un texto y evalúa su contenido.,35.0,2025
SABER PRO - 2025,PROGRAMA_ACÁDEMICO,APRENDIZAJE_PRUEBA,288,1,2.0,ANDINA,24.0,TOLIMA,963.0,IBAGUÉ,9194.0,UNIVERSIDAD DEL TOLIMA,9194.0,UNIVERSIDAD DEL TOLIMA-IBAGUE,8.0,CIENCIAS AGROPECUARIAS ,,,4725.0,MEDICINA VETERINARIA Y ZOOTECNIA,COMPETENCIAS CIUDADANAS,1.0,,,,,,,,,,Comprende que los problemas y sus soluciones involucran distintas dimensiones y reconoce relaciones entre estas. ,35.0,2025
SABER PRO - 2025,PROGRAMA_ACÁDEMICO,APRENDIZAJE_PRUEBA,308,1,2.0,ANDINA,24.0,TOLIMA,963.0,IBAGUÉ,9194.0,UNIVERSIDAD DEL TOLIMA,9194.0,UNIVERSIDAD DEL TOLIMA-IBAGUE,14.0,MEDICINA,,,2316.0,MEDICINA,COMPETENCIAS CIUDADANAS,1.0,,,,,,,,,,Reconoce la existencia de diferentes perspectivas en situaciones en donde interactúan diferentes partes.,34.0,2025
SABER PRO - 2025,PROGRAMA_ACÁDEMICO,APRENDIZAJE_PRUEBA,144,1,2.0,ANDINA,24.0,TOLIMA,963.0,IBAGUÉ,9194.0,UNIVERSIDAD DEL TOLIMA,9194.0,UNIVERSIDAD DEL TOLIMA-IBAGUE,8.0,CIENCIAS AGROPECUARIAS ,,,4725.0,MEDICINA VETERINARIA Y ZOOTECNIA,COMPETENCIAS CIUDADANAS,1.0,,,,,,,,,,Comprende qué es la Constitución Política de Colombia y sus principios fundamentales.,35.0,2025
SABER PRO - 2025,PROGRAMA_ACÁDEMICO,APRENDIZAJE_PRUEBA,144,1,2.0,ANDINA,24.0,TOLIMA,963.0,IBAGUÉ,9194.0,UNIVERSIDAD DEL TOLIMA,9194.0,UNIVERSIDAD DEL TOLIMA-IBAGUE,8.0,CIENCIAS AGROPECUARIAS ,,,4725.0,MEDICINA VETERINARIA Y ZOOTECNIA,COMPETENCIAS CIUDADANAS,1.0,,,,,,,,,,Conoce la organización del Estado de acuerdo con la Constitución.,40.0,2025
SABER PRO - 2025,PROGRAMA_ACÁDEMICO,APRENDIZAJE_PRUEBA,408,1,2.0,ANDINA,24.0,TOLIMA,963.0,IBAGUÉ,9194.0,UNIVERSIDAD DEL TOLIMA,9194.0,UNIVERSIDAD DEL TOLIMA-IBAGUE,14.0,MEDICINA,,,2316.0,MEDICINA,COMPETENCIAS CIUDADANAS,1.0,,,,,,,,,,Comprende que los problemas y sus soluciones involucran distintas dimensiones y reconoce relaciones entre estas. ,33.0,2025
SABER PRO - 2025,PROGRAMA_ACÁDEMICO,APRENDIZAJE_PRUEBA,502,1,2.0,ANDINA,24.0,TOLIMA,963.0,IBAGUÉ,9194.0,UNIVERSIDAD DEL TOLIMA,9194.0,UNIVERSIDAD DEL TOLIMA-IBAGUE,8.0,CIENCIAS AGROPECUARIAS ,,,4725.0,MEDICINA VETERINARIA Y ZOOTECNIA,RAZONAMIENTO CUANTITATIVO,1.0,,,,,,,,,,Valida procedimientos y  estrategias matemáticas utilizadas para dar solución a problemas.,41.0,2025
SABER PRO - 2025,PROGRAMA_ACÁDEMICO,APRENDIZAJE_PRUEBA,716,1,2.0,ANDINA,24.0,TOLIMA,963.0,IBAGUÉ,9194.0,UNIVERSIDAD DEL TOLIMA,9194.0,UNIVERSIDAD DEL TOLIMA-IBAGUE,14.0,MEDICINA,,,2316.0,MEDICINA,RAZONAMIENTO CUANTITATIVO,1.0,,,,,,,,,,Valida procedimientos y  estrategias matemáticas utilizadas para dar solución a problemas.,38.0,2025
SABER PRO - 2025,PROGRAMA_ACÁDEMICO,APRENDIZAJE_PRUEBA,408,1,2.0,ANDINA,24.0,TOLIMA,963.0,IBAGUÉ,9194.0,UNIVERSIDAD DEL TOLIMA,9194.0,UNIVERSIDAD DEL TOLIMA-IBAGUE,14.0,MEDICINA,,,2316.0,MEDICINA,COMPETENCIAS CIUDADANAS,1.0,,,,,,,,,,Analiza y evalúa la pertinencia y solidez de enunciados-discursos.,38.0,2025
SABER PRO - 2025,PROGRAMA_ACÁDEMICO,APRENDIZAJE_PRUEBA,105,1,2.0,ANDINA,24.0,TOLIMA,963.0,IBAGUÉ,9194.0,UNIVERSIDAD DEL TOLIMA,9194.0,UNIVERSIDAD DEL TOLIMA-IBAGUE,8.0,CIENCIAS AGROPECUARIAS ,,,4725.0,MEDICINA VETERINARIA Y ZOOTECNIA,COMPETENCIAS CIUDADANAS,1.0,,,,,,,,,,Conoce los derechos y deberes que la Constitución consagra.,33.0,2025
SABER PRO - 2025,PROGRAMA_ACÁDEMICO,APRENDIZAJE_PRUEBA,288,1,2.0,ANDINA,24.0,TOLIMA,963.0,IBAGUÉ,9194.0,UNIVERSIDAD DEL TOLIMA,9194.0,UNIVERSIDAD DEL TOLIMA-IBAGUE,8.0,CIENCIAS AGROPECUARIAS ,,,4725.0,MEDICINA VETERINARIA Y ZOOTECNIA,COMPETENCIAS CIUDADANAS,1.0,,,,,,,,,,Analiza y evalúa la pertinencia y solidez de enunciados-discursos.,48.0,2025
SABER PRO - 2025,PROGRAMA_ACÁDEMICO,APRENDIZAJE_PRUEBA,470,1,2.0,ANDINA,24.0,TOLIMA,963.0,IBAGUÉ,9194.0,UNIVERSIDAD DEL TOLIMA,9194.0,UNIVERSIDAD DEL TOLIMA-IBAGUE,8.0,CIENCIAS AGROPECUARIAS ,,,4725.0,MEDICINA VETERINARIA Y ZOOTECNIA,RAZONAMIENTO CUANTITATIVO,1.0,,,,,,,,,,Comprende y transforma la información cuantitativa y esquemática presentada en distintos formatos ,30.0,2025
SABER PRO - 2025,PROGRAMA_ACÁDEMICO,APRENDIZAJE_PRUEBA,505,1,2.0,ANDINA,24.0,TOLIMA,963.0,IBAGUÉ,9194.0,UNIVERSIDAD DEL TOLIMA,9194.0,UNIVERSIDAD DEL TOLIMA-IBAGUE,14.0,MEDICINA,,,2316.0,MEDICINA,LECTURA CRÍTICA,1.0,,,,,,,,,,Identifica y entiende los contenidos locales que conforman un texto. ,26.0,2025
SABER PRO - 2025,PROGRAMA_ACÁDEMICO,APRENDIZAJE_PRUEBA,665,1,2.0,ANDINA,24.0,TOLIMA,963.0,IBAGUÉ,9194.0,UNIVERSIDAD DEL TOLIMA,9194.0,UNIVERSIDAD DEL TOLIMA-IBAGUE,14.0,MEDICINA,,,2316.0,MEDICINA,RAZONAMIENTO CUANTITATIVO,1.0,,,,,,,,,,Comprende y transforma la información cuantitativa y esquemática presentada en distintos formatos ,30.0,2025
SABER PRO - 2025,PROGRAMA_ACÁDEMICO,APRENDIZAJE_PRUEBA,918,1,2.0,ANDINA,25.0,VALLE,1010.0,CALI,8985.0,UNIVERSIDAD LIBRE,9203.0,UNIVERSIDAD LIBRE-CALI,14.0,MEDICINA,,,2768.0,MEDICINA,COMPETENCIAS CIUDADANAS,1.0,,,,,,,,,,Analiza y evalúa la pertinencia y solidez de enunciados-discursos.,37.0,2025
SABER PRO - 2025,PROGRAMA_ACÁDEMICO,APRENDIZAJE_PRUEBA,1608,1,2.0,ANDINA,25.0,VALLE,1010.0,CALI,8985.0,UNIVERSIDAD LIBRE,9203.0,UNIVERSIDAD LIBRE-CALI,14.0,MEDICINA,,,2768.0,MEDICINA,RAZONAMIENTO CUANTITATIVO,1.0,,,,,,,,,,Valida procedimientos y  estrategias matemáticas utilizadas para dar solución a problemas.,41.0,2025
SABER PRO - 2025,PROGRAMA_ACÁDEMICO,APRENDIZAJE_PRUEBA,459,1,2.0,ANDINA,25.0,VALLE,1010.0,CALI,8985.0,UNIVERSIDAD LIBRE,9203.0,UNIVERSIDAD LIBRE-CALI,14.0,MEDICINA,,,2768.0,MEDICINA,COMPETENCIAS CIUDADANAS,1.0,,,,,,,,,,Conoce la organización del Estado de acuerdo con la Constitución.,31.0,2025
SABER PRO - 2025,PROGRAMA_ACÁDEMICO,APRENDIZAJE_PRUEBA,410,1,2.0,ANDINA,25.0,VALLE,1010.0,CALI,8985.0,UNIVERSIDAD LIBRE,9203.0,UNIVERSIDAD LIBRE-CALI,14.0,MEDICINA,,,2768.0,MEDICINA,COMPETENCIAS CIUDADANAS,1.0,,,,,,,,,,Conoce los derechos y deberes que la Constitución consagra.,38.0,2025
SABER PRO - 2025,PROGRAMA_ACÁDEMICO,APRENDIZAJE_PRUEBA,1492,1,2.0,ANDINA,25.0,VALLE,1010.0,CALI,8985.0,UNIVERSIDAD LIBRE,9203.0,UNIVERSIDAD LIBRE-CALI,14.0,MEDICINA,,,2768.0,MEDICINA,RAZONAMIENTO CUANTITATIVO,1.0,,,,,,,,,,Comprende y transforma la información cuantitativa y esquemática presentada en distintos formatos ,27.0,2025
SABER PRO - 2025,PROGRAMA_ACÁDEMICO,APRENDIZAJE_PRUEBA,1490,1,2.0,ANDINA,25.0,VALLE,1010.0,CALI,8985.0,UNIVERSIDAD LIBRE,9203.0,UNIVERSIDAD LIBRE-CALI,14.0,MEDICINA,,,2768.0,MEDICINA,RAZONAMIENTO CUANTITATIVO,1.0,,,,,,,,,,"Frente a un problema que involucre información cuantitativa, plantea e implementa estrategias que lleven a soluciones adecuadas.",49.0,2025
SABER PRO - 2025,PROGRAMA_ACÁDEMICO,APRENDIZAJE_PRUEBA,1836,1,2.0,ANDINA,25.0,VALLE,1010.0,CALI,8985.0,UNIVERSIDAD LIBRE,9203.0,UNIVERSIDAD LIBRE-CALI,14.0,MEDICINA,,,2768.0,MEDICINA,LECTURA CRÍTICA,1.0,,,,,,,,,,Comprende cómo se articulan las partes de un texto para darle un sentido global.,41.0,2025
SABER PRO - 2025,PROGRAMA_ACÁDEMICO,APRENDIZAJE_PRUEBA,918,1,2.0,ANDINA,25.0,VALLE,1010.0,CALI,8985.0,UNIVERSIDAD LIBRE,9203.0,UNIVERSIDAD LIBRE-CALI,14.0,MEDICINA,,,2768.0,MEDICINA,COMPETENCIAS CIUDADANAS,1.0,,,,,,,,,,Comprende que los problemas y sus soluciones involucran distintas dimensiones y reconoce relaciones entre estas. ,37.0,2025
SABER PRO - 2025,PROGRAMA_ACÁDEMICO,APRENDIZAJE_PRUEBA,1138,1,2.0,ANDINA,25.0,VALLE,1010.0,CALI,8985.0,UNIVERSIDAD LIBRE,9203.0,UNIVERSIDAD LIBRE-CALI,14.0,MEDICINA,,,2768.0,MEDICINA,LECTURA CRÍTICA,1.0,,,,,,,,,,Identifica y entiende los contenidos locales que conforman un texto. ,21.0,2025
SABER PRO - 2025,PROGRAMA_ACÁDEMICO,APRENDIZAJE_PRUEBA,685,1,2.0,ANDINA,25.0,VALLE,1010.0,CALI,8985.0,UNIVERSIDAD LIBRE,9203.0,UNIVERSIDAD LIBRE-CALI,14.0,MEDICINA,,,2768.0,MEDICINA,COMPETENCIAS CIUDADANAS,1.0,,,,,,,,,,Reconoce la existencia de diferentes perspectivas en situaciones en donde interactúan diferentes partes.,34.0,2025
SABER PRO - 2025,PROGRAMA_ACÁDEMICO,APRENDIZAJE_PRUEBA,692,1,2.0,ANDINA,25.0,VALLE,1010.0,CALI,8985.0,UNIVERSIDAD LIBRE,9203.0,UNIVERSIDAD LIBRE-CALI,14.0,MEDICINA,,,2768.0,MEDICINA,COMPETENCIAS CIUDADANAS,1.0,,,,,,,,,,Analiza las diferentes perspectivas presentes en situaciones en donde interactúan diferentes partes.,37.0,2025
SABER PRO - 2025,PROGRAMA_ACÁDEMICO,APRENDIZAJE_PRUEBA,1616,1,2.0,ANDINA,25.0,VALLE,1010.0,CALI,8985.0,UNIVERSIDAD LIBRE,9203.0,UNIVERSIDAD LIBRE-CALI,14.0,MEDICINA,,,2768.0,MEDICINA,LECTURA CRÍTICA,1.0,,,,,,,,,,Reflexiona a partir de un texto y evalúa su contenido.,37.0,2025
SABER PRO - 2025,PROGRAMA_ACÁDEMICO,APRENDIZAJE_PRUEBA,459,1,2.0,ANDINA,25.0,VALLE,1010.0,CALI,8985.0,UNIVERSIDAD LIBRE,9203.0,UNIVERSIDAD LIBRE-CALI,14.0,MEDICINA,,,2768.0,MEDICINA,COMPETENCIAS CIUDADANAS,1.0,,,,,,,,,,Comprende qué es la Constitución Política de Colombia y sus principios fundamentales.,43.0,2025
SABER PRO - 2025,PROGRAMA_ACÁDEMICO,APRENDIZAJE_PRUEBA,246,1,2.0,ANDINA,25.0,VALLE,1010.0,CALI,9006.0,PONTIFICIA UNIVERSIDAD JAVERIANA,9209.0,PONTIFICIA UNIVERSIDAD JAVERIANA-CALI,14.0,MEDICINA,,,4976.0,MEDICINA,COMPETENCIAS CIUDADANAS,1.0,,,,,,,,,,Conoce los derechos y deberes que la Constitución consagra.,35.0,2025
SABER PRO - 2025,PROGRAMA_ACÁDEMICO,APRENDIZAJE_PRUEBA,670,1,2.0,ANDINA,25.0,VALLE,1010.0,CALI,9006.0,PONTIFICIA UNIVERSIDAD JAVERIANA,9209.0,PONTIFICIA UNIVERSIDAD JAVERIANA-CALI,14.0,MEDICINA,,,4976.0,MEDICINA,LECTURA CRÍTICA,1.0,,,,,,,,,,Identifica y entiende los contenidos locales que conforman un texto. ,15.0,2025
SABER PRO - 2025,PROGRAMA_ACÁDEMICO,APRENDIZAJE_PRUEBA,1419,1,2.0,ANDINA,25.0,VALLE,1010.0,CALI,9006.0,PONTIFICIA UNIVERSIDAD JAVERIANA,9209.0,PONTIFICIA UNIVERSIDAD JAVERIANA-CALI,14.0,MEDICINA,,,4976.0,MEDICINA,FUNDAMENTACIÓN EN DIAGNÓSTICO Y TRATAMIENTO MÉDICOS,34.0,,,,,,,,,,"Determina la situación de salud o enfermedad de niños, jóvenes y adultos (hombres y mujeres), a partir de casos clínicos de común ocurrencia en la práctica de los médicos generales.",50.0,2025
SABER PRO - 2025,PROGRAMA_ACÁDEMICO,APRENDIZAJE_PRUEBA,1092,1,2.0,ANDINA,25.0,VALLE,1010.0,CALI,9006.0,PONTIFICIA UNIVERSIDAD JAVERIANA,9209.0,PONTIFICIA UNIVERSIDAD JAVERIANA-CALI,14.0,MEDICINA,,,4976.0,MEDICINA,LECTURA CRÍTICA,1.0,,,,,,,,,,Comprende cómo se articulan las partes de un texto para darle un sentido global.,33.0,2025
SABER PRO - 2025,PROGRAMA_ACÁDEMICO,APRENDIZAJE_PRUEBA,430,1,2.0,ANDINA,25.0,VALLE,1010.0,CALI,9006.0,PONTIFICIA UNIVERSIDAD JAVERIANA,9209.0,PONTIFICIA UNIVERSIDAD JAVERIANA-CALI,14.0,MEDICINA,,,4976.0,MEDICINA,PROMOCIÓN DE LA SALUD Y PREVENCIÓN DE LA ENFERMEDAD,34.0,,,,,,,,,,"Integra los conceptos básicos de promoción de la salud que le permiten priorizar acciones por seguir, de acuerdo con las condiciones de salud de las poblaciones.",44.0,2025
SABER PRO - 2025,PROGRAMA_ACÁDEMICO,APRENDIZAJE_PRUEBA,1032,1,2.0,ANDINA,25.0,VALLE,1010.0,CALI,9006.0,PONTIFICIA UNIVERSIDAD JAVERIANA,9209.0,PONTIFICIA UNIVERSIDAD JAVERIANA-CALI,14.0,MEDICINA,,,4976.0,MEDICINA,PROMOCIÓN DE LA SALUD Y PREVENCIÓN DE LA ENFERMEDAD,34.0,,,,,,,,,,"Integra los conceptos básicos de prevención de la enfermedad, que le permita la priorización de las acciones  por seguir  de  acuerdo con las condiciones de salud de las poblaciones.",37.0,2025
SABER PRO - 2025,PROGRAMA_ACÁDEMICO,APRENDIZAJE_PRUEBA,546,1,2.0,ANDINA,25.0,VALLE,1010.0,CALI,9006.0,PONTIFICIA UNIVERSIDAD JAVERIANA,9209.0,PONTIFICIA UNIVERSIDAD JAVERIANA-CALI,14.0,MEDICINA,,,4976.0,MEDICINA,COMPETENCIAS CIUDADANAS,1.0,,,,,,,,,,Analiza y evalúa la pertinencia y solidez de enunciados-discursos.,32.0,2025
SABER PRO - 2025,PROGRAMA_ACÁDEMICO,APRENDIZAJE_PRUEBA,395,1,2.0,ANDINA,25.0,VALLE,1010.0,CALI,9006.0,PONTIFICIA UNIVERSIDAD JAVERIANA,9209.0,PONTIFICIA UNIVERSIDAD JAVERIANA-CALI,14.0,MEDICINA,,,4976.0,MEDICINA,COMPETENCIAS CIUDADANAS,1.0,,,,,,,,,,Reconoce la existencia de diferentes perspectivas en situaciones en donde interactúan diferentes partes.,32.0,2025
SABER PRO - 2025,PROGRAMA_ACÁDEMICO,APRENDIZAJE_PRUEBA,897,1,2.0,ANDINA,25.0,VALLE,1010.0,CALI,9006.0,PONTIFICIA UNIVERSIDAD JAVERIANA,9209.0,PONTIFICIA UNIVERSIDAD JAVERIANA-CALI,14.0,MEDICINA,,,4976.0,MEDICINA,RAZONAMIENTO CUANTITATIVO,1.0,,,,,,,,,,Comprende y transforma la información cuantitativa y esquemática presentada en distintos formatos ,26.0,2025
SABER PRO - 2025,PROGRAMA_ACÁDEMICO,APRENDIZAJE_PRUEBA,516,1,2.0,ANDINA,25.0,VALLE,1010.0,CALI,9006.0,PONTIFICIA UNIVERSIDAD JAVERIANA,9209.0,PONTIFICIA UNIVERSIDAD JAVERIANA-CALI,14.0,MEDICINA,,,4976.0,MEDICINA,ATENCIÓN EN SALUD,34.0,,,,,,,,,,"Propone acciones de diagnóstico, ejecución y evaluación en el marco de políticas y lineamientos en salud vigentes.",38.0,2025
SABER PRO - 2025,PROGRAMA_ACÁDEMICO,APRENDIZAJE_PRUEBA,273,1,2.0,ANDINA,25.0,VALLE,1010.0,CALI,9006.0,PONTIFICIA UNIVERSIDAD JAVERIANA,9209.0,PONTIFICIA UNIVERSIDAD JAVERIANA-CALI,14.0,MEDICINA,,,4976.0,MEDICINA,COMPETENCIAS CIUDADANAS,1.0,,,,,,,,,,Conoce la organización del Estado de acuerdo con la Constitución.,32.0,2025
SABER PRO - 2025,PROGRAMA_ACÁDEMICO,APRENDIZAJE_PRUEBA,424,1,2.0,ANDINA,25.0,VALLE,1010.0,CALI,9006.0,PONTIFICIA UNIVERSIDAD JAVERIANA,9209.0,PONTIFICIA UNIVERSIDAD JAVERIANA-CALI,14.0,MEDICINA,,,4976.0,MEDICINA,COMPETENCIAS CIUDADANAS,1.0,,,,,,,,,,Analiza las diferentes perspectivas presentes en situaciones en donde interactúan diferentes partes.,31.0,2025
SABER PRO - 2025,PROGRAMA_ACÁDEMICO,APRENDIZAJE_PRUEBA,968,1,2.0,ANDINA,25.0,VALLE,1010.0,CALI,9006.0,PONTIFICIA UNIVERSIDAD JAVERIANA,9209.0,PONTIFICIA UNIVERSIDAD JAVERIANA-CALI,14.0,MEDICINA,,,4976.0,MEDICINA,LECTURA CRÍTICA,1.0,,,,,,,,,,Reflexiona a partir de un texto y evalúa su contenido.,30.0,2025
SABER PRO - 2025,PROGRAMA_ACÁDEMICO,APRENDIZAJE_PRUEBA,273,1,2.0,ANDINA,25.0,VALLE,1010.0,CALI,9006.0,PONTIFICIA UNIVERSIDAD JAVERIANA,9209.0,PONTIFICIA UNIVERSIDAD JAVERIANA-CALI,14.0,MEDICINA,,,4976.0,MEDICINA,COMPETENCIAS CIUDADANAS,1.0,,,,,,,,,,Comprende qué es la Constitución Política de Colombia y sus principios fundamentales.,39.0,2025
SABER PRO - 2025,PROGRAMA_ACÁDEMICO,APRENDIZAJE_PRUEBA,966,1,2.0,ANDINA,25.0,VALLE,1010.0,CALI,9006.0,PONTIFICIA UNIVERSIDAD JAVERIANA,9209.0,PONTIFICIA UNIVERSIDAD JAVERIANA-CALI,14.0,MEDICINA,,,4976.0,MEDICINA,RAZONAMIENTO CUANTITATIVO,1.0,,,,,,,,,,Valida procedimientos y  estrategias matemáticas utilizadas para dar solución a problemas.,36.0,2025
SABER PRO - 2025,PROGRAMA_ACÁDEMICO,APRENDIZAJE_PRUEBA,344,1,2.0,ANDINA,25.0,VALLE,1010.0,CALI,9006.0,PONTIFICIA UNIVERSIDAD JAVERIANA,9209.0,PONTIFICIA UNIVERSIDAD JAVERIANA-CALI,14.0,MEDICINA,,,4976.0,MEDICINA,ATENCIÓN EN SALUD,34.0,,,,,,,,,,"Reconoce la política y la normatividad nacional y los acuerdos internacionales suscritos por el Estado colombiano, relacionados con salud pública y los aplica en situaciones concretas que afectan la salud del individuo, la familia y la comunidad.",27.0,2025
SABER PRO - 2025,PROGRAMA_ACÁDEMICO,APRENDIZAJE_PRUEBA,344,1,2.0,ANDINA,25.0,VALLE,1010.0,CALI,9006.0,PONTIFICIA UNIVERSIDAD JAVERIANA,9209.0,PONTIFICIA UNIVERSIDAD JAVERIANA-CALI,14.0,MEDICINA,,,4976.0,MEDICINA,ATENCIÓN EN SALUD,34.0,,,,,,,,,,"Integra el proceso de sistematización de la información, relacionada con la salud del individuo, la familia y la comunidad en la priorización de acciones. ",32.0,2025
SABER PRO - 2025,PROGRAMA_ACÁDEMICO,APRENDIZAJE_PRUEBA,516,1,2.0,ANDINA,25.0,VALLE,1010.0,CALI,9006.0,PONTIFICIA UNIVERSIDAD JAVERIANA,9209.0,PONTIFICIA UNIVERSIDAD JAVERIANA-CALI,14.0,MEDICINA,,,4976.0,MEDICINA,ATENCIÓN EN SALUD,34.0,,,,,,,,,,"Analiza los determinantes personales, sociales, económicos y ambientales que influyen en el estado de salud del individuo, la familia y la comunidad, para la priorización de acciones a seguir.",41.0,2025
SABER PRO - 2025,PROGRAMA_ACÁDEMICO,APRENDIZAJE_PRUEBA,867,1,2.0,ANDINA,25.0,VALLE,1010.0,CALI,9006.0,PONTIFICIA UNIVERSIDAD JAVERIANA,9209.0,PONTIFICIA UNIVERSIDAD JAVERIANA-CALI,14.0,MEDICINA,,,4976.0,MEDICINA,RAZONAMIENTO CUANTITATIVO,1.0,,,,,,,,,,"Frente a un problema que involucre información cuantitativa, plantea e implementa estrategias que lleven a soluciones adecuadas.",45.0,2025
SABER PRO - 2025,PROGRAMA_ACÁDEMICO,APRENDIZAJE_PRUEBA,546,1,2.0,ANDINA,25.0,VALLE,1010.0,CALI,9006.0,PONTIFICIA UNIVERSIDAD JAVERIANA,9209.0,PONTIFICIA UNIVERSIDAD JAVERIANA-CALI,14.0,MEDICINA,,,4976.0,MEDICINA,COMPETENCIAS CIUDADANAS,1.0,,,,,,,,,,Comprende que los problemas y sus soluciones involucran distintas dimensiones y reconoce relaciones entre estas. ,30.0,2025
SABER PRO - 2025,PROGRAMA_ACÁDEMICO,APRENDIZAJE_PRUEBA,989,1,2.0,ANDINA,25.0,VALLE,1010.0,CALI,9006.0,PONTIFICIA UNIVERSIDAD JAVERIANA,9209.0,PONTIFICIA UNIVERSIDAD JAVERIANA-CALI,14.0,MEDICINA,,,4976.0,MEDICINA,FUNDAMENTACIÓN EN DIAGNÓSTICO Y TRATAMIENTO MÉDICOS,34.0,,,,,,,,,,"Propone un plan de tratamiento de acuerdo con la situación del paciente, a partir de casos clínicos de común ocurrencia en la práctica de los médicos generales.",56.0,2025
SABER PRO - 2025,PROGRAMA_ACÁDEMICO,APRENDIZAJE_PRUEBA,675,1,3.0,CARIBE,2.0,ATLANTICO,126.0,BARRANQUILLA,8939.0,UNIVERSIDAD SIMON BOLIVAR,8939.0,UNIVERSIDAD SIMON BOLIVAR-BARRANQUILLA,14.0,MEDICINA,,,4973.0,MEDICINA,COMPETENCIAS CIUDADANAS,1.0,,,,,,,,,,Conoce la organización del Estado de acuerdo con la Constitución.,37.0,2025
SABER PRO - 2025,PROGRAMA_ACÁDEMICO,APRENDIZAJE_PRUEBA,2371,1,3.0,CARIBE,2.0,ATLANTICO,126.0,BARRANQUILLA,8939.0,UNIVERSIDAD SIMON BOLIVAR,8939.0,UNIVERSIDAD SIMON BOLIVAR-BARRANQUILLA,14.0,MEDICINA,,,4973.0,MEDICINA,LECTURA CRÍTICA,1.0,,,,,,,,,,Reflexiona a partir de un texto y evalúa su contenido.,34.0,2025
SABER PRO - 2025,PROGRAMA_ACÁDEMICO,APRENDIZAJE_PRUEBA,600,1,3.0,CARIBE,2.0,ATLANTICO,126.0,BARRANQUILLA,8939.0,UNIVERSIDAD SIMON BOLIVAR,8939.0,UNIVERSIDAD SIMON BOLIVAR-BARRANQUILLA,14.0,MEDICINA,,,4973.0,MEDICINA,COMPETENCIAS CIUDADANAS,1.0,,,,,,,,,,Conoce los derechos y deberes que la Constitución consagra.,43.0,2025
SABER PRO - 2025,PROGRAMA_ACÁDEMICO,APRENDIZAJE_PRUEBA,2368,1,3.0,CARIBE,2.0,ATLANTICO,126.0,BARRANQUILLA,8939.0,UNIVERSIDAD SIMON BOLIVAR,8939.0,UNIVERSIDAD SIMON BOLIVAR-BARRANQUILLA,14.0,MEDICINA,,,4973.0,MEDICINA,RAZONAMIENTO CUANTITATIVO,1.0,,,,,,,,,,Valida procedimientos y  estrategias matemáticas utilizadas para dar solución a problemas.,46.0,2025
SABER PRO - 2025,PROGRAMA_ACÁDEMICO,APRENDIZAJE_PRUEBA,1679,1,3.0,CARIBE,2.0,ATLANTICO,126.0,BARRANQUILLA,8939.0,UNIVERSIDAD SIMON BOLIVAR,8939.0,UNIVERSIDAD SIMON BOLIVAR-BARRANQUILLA,14.0,MEDICINA,,,4973.0,MEDICINA,LECTURA CRÍTICA,1.0,,,,,,,,,,Identifica y entiende los contenidos locales que conforman un texto. ,21.0,2025
SABER PRO - 2025,PROGRAMA_ACÁDEMICO,APRENDIZAJE_PRUEBA,1350,1,3.0,CARIBE,2.0,ATLANTICO,126.0,BARRANQUILLA,8939.0,UNIVERSIDAD SIMON BOLIVAR,8939.0,UNIVERSIDAD SIMON BOLIVAR-BARRANQUILLA,14.0,MEDICINA,,,4973.0,MEDICINA,COMPETENCIAS CIUDADANAS,1.0,,,,,,,,,,Analiza y evalúa la pertinencia y solidez de enunciados-discursos.,37.0,2025
SABER PRO - 2025,PROGRAMA_ACÁDEMICO,APRENDIZAJE_PRUEBA,2196,1,3.0,CARIBE,2.0,ATLANTICO,126.0,BARRANQUILLA,8939.0,UNIVERSIDAD SIMON BOLIVAR,8939.0,UNIVERSIDAD SIMON BOLIVAR-BARRANQUILLA,14.0,MEDICINA,,,4973.0,MEDICINA,RAZONAMIENTO CUANTITATIVO,1.0,,,,,,,,,,"Frente a un problema que involucre información cuantitativa, plantea e implementa estrategias que lleven a soluciones adecuadas.",51.0,2025
SABER PRO - 2025,PROGRAMA_ACÁDEMICO,APRENDIZAJE_PRUEBA,1350,1,3.0,CARIBE,2.0,ATLANTICO,126.0,BARRANQUILLA,8939.0,UNIVERSIDAD SIMON BOLIVAR,8939.0,UNIVERSIDAD SIMON BOLIVAR-BARRANQUILLA,14.0,MEDICINA,,,4973.0,MEDICINA,COMPETENCIAS CIUDADANAS,1.0,,,,,,,,,,Comprende que los problemas y sus soluciones involucran distintas dimensiones y reconoce relaciones entre estas. ,36.0,2025
SABER PRO - 2025,PROGRAMA_ACÁDEMICO,APRENDIZAJE_PRUEBA,675,1,3.0,CARIBE,2.0,ATLANTICO,126.0,BARRANQUILLA,8939.0,UNIVERSIDAD SIMON BOLIVAR,8939.0,UNIVERSIDAD SIMON BOLIVAR-BARRANQUILLA,14.0,MEDICINA,,,4973.0,MEDICINA,COMPETENCIAS CIUDADANAS,1.0,,,,,,,,,,Comprende qué es la Constitución Política de Colombia y sus principios fundamentales.,45.0,2025
SABER PRO - 2025,PROGRAMA_ACÁDEMICO,APRENDIZAJE_PRUEBA,1005,1,3.0,CARIBE,2.0,ATLANTICO,126.0,BARRANQUILLA,8939.0,UNIVERSIDAD SIMON BOLIVAR,8939.0,UNIVERSIDAD SIMON BOLIVAR-BARRANQUILLA,14.0,MEDICINA,,,4973.0,MEDICINA,COMPETENCIAS CIUDADANAS,1.0,,,,,,,,,,Analiza las diferentes perspectivas presentes en situaciones en donde interactúan diferentes partes.,43.0,2025
SABER PRO - 2025,PROGRAMA_ACÁDEMICO,APRENDIZAJE_PRUEBA,2700,1,3.0,CARIBE,2.0,ATLANTICO,126.0,BARRANQUILLA,8939.0,UNIVERSIDAD SIMON BOLIVAR,8939.0,UNIVERSIDAD SIMON BOLIVAR-BARRANQUILLA,14.0,MEDICINA,,,4973.0,MEDICINA,LECTURA CRÍTICA,1.0,,,,,,,,,,Comprende cómo se articulan las partes de un texto para darle un sentido global.,41.0,2025
SABER PRO - 2025,PROGRAMA_ACÁDEMICO,APRENDIZAJE_PRUEBA,1020,1,3.0,CARIBE,2.0,ATLANTICO,126.0,BARRANQUILLA,8939.0,UNIVERSIDAD SIMON BOLIVAR,8939.0,UNIVERSIDAD SIMON BOLIVAR-BARRANQUILLA,14.0,MEDICINA,,,4973.0,MEDICINA,COMPETENCIAS CIUDADANAS,1.0,,,,,,,,,,Reconoce la existencia de diferentes perspectivas en situaciones en donde interactúan diferentes partes.,37.0,2025
SABER PRO - 2025,PROGRAMA_ACÁDEMICO,APRENDIZAJE_PRUEBA,2186,1,3.0,CARIBE,2.0,ATLANTICO,126.0,BARRANQUILLA,8939.0,UNIVERSIDAD SIMON BOLIVAR,8939.0,UNIVERSIDAD SIMON BOLIVAR-BARRANQUILLA,14.0,MEDICINA,,,4973.0,MEDICINA,RAZONAMIENTO CUANTITATIVO,1.0,,,,,,,,,,Comprende y transforma la información cuantitativa y esquemática presentada en distintos formatos ,34.0,2025
SABER PRO - 2025,PROGRAMA_ACÁDEMICO,APRENDIZAJE_PRUEBA,573,1,3.0,CARIBE,2.0,ATLANTICO,126.0,BARRANQUILLA,8941.0,FUNDACION UNIVERSIDAD DEL NORTE,8941.0,UNIVERSIDAD DEL NORTE-BARRANQUILLA,14.0,MEDICINA,,,6919.0,MEDICINA,COMPETENCIAS CIUDADANAS,1.0,,,,,,,,,,Conoce la organización del Estado de acuerdo con la Constitución.,22.0,2025
SABER PRO - 2025,PROGRAMA_ACÁDEMICO,APRENDIZAJE_PRUEBA,2292,1,3.0,CARIBE,2.0,ATLANTICO,126.0,BARRANQUILLA,8941.0,FUNDACION UNIVERSIDAD DEL NORTE,8941.0,UNIVERSIDAD DEL NORTE-BARRANQUILLA,14.0,MEDICINA,,,6919.0,MEDICINA,ATENCIÓN EN SALUD,34.0,,,,,,,,,,"Propone acciones de diagnóstico, ejecución y evaluación en el marco de políticas y lineamientos en salud vigentes.",35.0,2025
SABER PRO - 2025,PROGRAMA_ACÁDEMICO,APRENDIZAJE_PRUEBA,1146,1,3.0,CARIBE,2.0,ATLANTICO,126.0,BARRANQUILLA,8941.0,FUNDACION UNIVERSIDAD DEL NORTE,8941.0,UNIVERSIDAD DEL NORTE-BARRANQUILLA,14.0,MEDICINA,,,6919.0,MEDICINA,COMPETENCIAS CIUDADANAS,1.0,,,,,,,,,,Analiza y evalúa la pertinencia y solidez de enunciados-discursos.,32.0,2025
SABER PRO - 2025,PROGRAMA_ACÁDEMICO,APRENDIZAJE_PRUEBA,426,1,3.0,CARIBE,2.0,ATLANTICO,126.0,BARRANQUILLA,8941.0,FUNDACION UNIVERSIDAD DEL NORTE,8941.0,UNIVERSIDAD DEL NORTE-BARRANQUILLA,14.0,MEDICINA,,,6919.0,MEDICINA,COMPETENCIAS CIUDADANAS,1.0,,,,,,,,,,Conoce los derechos y deberes que la Constitución consagra.,27.0,2025
SABER PRO - 2025,PROGRAMA_ACÁDEMICO,APRENDIZAJE_PRUEBA,813,1,3.0,CARIBE,2.0,ATLANTICO,126.0,BARRANQUILLA,8941.0,FUNDACION UNIVERSIDAD DEL NORTE,8941.0,UNIVERSIDAD DEL NORTE-BARRANQUILLA,14.0,MEDICINA,,,6919.0,MEDICINA,COMPETENCIAS CIUDADANAS,1.0,,,,,,,,,,Reconoce la existencia de diferentes perspectivas en situaciones en donde interactúan diferentes partes.,26.0,2025
SABER PRO - 2025,PROGRAMA_ACÁDEMICO,APRENDIZAJE_PRUEBA,4393,1,3.0,CARIBE,2.0,ATLANTICO,126.0,BARRANQUILLA,8941.0,FUNDACION UNIVERSIDAD DEL NORTE,8941.0,UNIVERSIDAD DEL NORTE-BARRANQUILLA,14.0,MEDICINA,,,6919.0,MEDICINA,FUNDAMENTACIÓN EN DIAGNÓSTICO Y TRATAMIENTO MÉDICOS,34.0,,,,,,,,,,"Propone un plan de tratamiento de acuerdo con la situación del paciente, a partir de casos clínicos de común ocurrencia en la práctica de los médicos generales.",58.0,2025
SABER PRO - 2025,PROGRAMA_ACÁDEMICO,APRENDIZAJE_PRUEBA,573,1,3.0,CARIBE,2.0,ATLANTICO,126.0,BARRANQUILLA,8941.0,FUNDACION UNIVERSIDAD DEL NORTE,8941.0,UNIVERSIDAD DEL NORTE-BARRANQUILLA,14.0,MEDICINA,,,6919.0,MEDICINA,COMPETENCIAS CIUDADANAS,1.0,,,,,,,,,,Comprende qué es la Constitución Política de Colombia y sus principios fundamentales.,30.0,2025
SABER PRO - 2025,PROGRAMA_ACÁDEMICO,APRENDIZAJE_PRUEBA,906,1,3.0,CARIBE,2.0,ATLANTICO,126.0,BARRANQUILLA,8941.0,FUNDACION UNIVERSIDAD DEL NORTE,8941.0,UNIVERSIDAD DEL NORTE-BARRANQUILLA,14.0,MEDICINA,,,6919.0,MEDICINA,COMPETENCIAS CIUDADANAS,1.0,,,,,,,,,,Analiza las diferentes perspectivas presentes en situaciones en donde interactúan diferentes partes.,33.0,2025
SABER PRO - 2025,PROGRAMA_ACÁDEMICO,APRENDIZAJE_PRUEBA,1910,1,3.0,CARIBE,2.0,ATLANTICO,126.0,BARRANQUILLA,8941.0,FUNDACION UNIVERSIDAD DEL NORTE,8941.0,UNIVERSIDAD DEL NORTE-BARRANQUILLA,14.0,MEDICINA,,,6919.0,MEDICINA,PROMOCIÓN DE LA SALUD Y PREVENCIÓN DE LA ENFERMEDAD,34.0,,,,,,,,,,"Integra los conceptos básicos de promoción de la salud que le permiten priorizar acciones por seguir, de acuerdo con las condiciones de salud de las poblaciones.",38.0,2025
SABER PRO - 2025,PROGRAMA_ACÁDEMICO,APRENDIZAJE_PRUEBA,6303,1,3.0,CARIBE,2.0,ATLANTICO,126.0,BARRANQUILLA,8941.0,FUNDACION UNIVERSIDAD DEL NORTE,8941.0,UNIVERSIDAD DEL NORTE-BARRANQUILLA,14.0,MEDICINA,,,6919.0,MEDICINA,FUNDAMENTACIÓN EN DIAGNÓSTICO Y TRATAMIENTO MÉDICOS,34.0,,,,,,,,,,"Determina la situación de salud o enfermedad de niños, jóvenes y adultos (hombres y mujeres), a partir de casos clínicos de común ocurrencia en la práctica de los médicos generales.",47.0,2025
SABER PRO - 2025,PROGRAMA_ACÁDEMICO,APRENDIZAJE_PRUEBA,1910,1,3.0,CARIBE,2.0,ATLANTICO,126.0,BARRANQUILLA,8941.0,FUNDACION UNIVERSIDAD DEL NORTE,8941.0,UNIVERSIDAD DEL NORTE-BARRANQUILLA,14.0,MEDICINA,,,6919.0,MEDICINA,RAZONAMIENTO CUANTITATIVO,1.0,,,,,,,,,,Comprende y transforma la información cuantitativa y esquemática presentada en distintos formatos ,25.0,2025
SABER PRO - 2025,PROGRAMA_ACÁDEMICO,APRENDIZAJE_PRUEBA,1386,1,3.0,CARIBE,2.0,ATLANTICO,126.0,BARRANQUILLA,8941.0,FUNDACION UNIVERSIDAD DEL NORTE,8941.0,UNIVERSIDAD DEL NORTE-BARRANQUILLA,14.0,MEDICINA,,,6919.0,MEDICINA,LECTURA CRÍTICA,1.0,,,,,,,,,,Identifica y entiende los contenidos locales que conforman un texto. ,11.0,2025
SABER PRO - 2025,PROGRAMA_ACÁDEMICO,APRENDIZAJE_PRUEBA,2292,1,3.0,CARIBE,2.0,ATLANTICO,126.0,BARRANQUILLA,8941.0,FUNDACION UNIVERSIDAD DEL NORTE,8941.0,UNIVERSIDAD DEL NORTE-BARRANQUILLA,14.0,MEDICINA,,,6919.0,MEDICINA,LECTURA CRÍTICA,1.0,,,,,,,,,,Comprende cómo se articulan las partes de un texto para darle un sentido global.,29.0,2025
SABER PRO - 2025,PROGRAMA_ACÁDEMICO,APRENDIZAJE_PRUEBA,1146,1,3.0,CARIBE,2.0,ATLANTICO,126.0,BARRANQUILLA,8941.0,FUNDACION UNIVERSIDAD DEL NORTE,8941.0,UNIVERSIDAD DEL NORTE-BARRANQUILLA,14.0,MEDICINA,,,6919.0,MEDICINA,COMPETENCIAS CIUDADANAS,1.0,,,,,,,,,,Comprende que los problemas y sus soluciones involucran distintas dimensiones y reconoce relaciones entre estas. ,23.0,2025
SABER PRO - 2025,PROGRAMA_ACÁDEMICO,APRENDIZAJE_PRUEBA,2052,1,3.0,CARIBE,2.0,ATLANTICO,126.0,BARRANQUILLA,8941.0,FUNDACION UNIVERSIDAD DEL NORTE,8941.0,UNIVERSIDAD DEL NORTE-BARRANQUILLA,14.0,MEDICINA,,,6919.0,MEDICINA,LECTURA CRÍTICA,1.0,,,,,,,,,,Reflexiona a partir de un texto y evalúa su contenido.,28.0,2025
SABER PRO - 2025,PROGRAMA_ACÁDEMICO,APRENDIZAJE_PRUEBA,4584,1,3.0,CARIBE,2.0,ATLANTICO,126.0,BARRANQUILLA,8941.0,FUNDACION UNIVERSIDAD DEL NORTE,8941.0,UNIVERSIDAD DEL NORTE-BARRANQUILLA,14.0,MEDICINA,,,6919.0,MEDICINA,PROMOCIÓN DE LA SALUD Y PREVENCIÓN DE LA ENFERMEDAD,34.0,,,,,,,,,,"Integra los conceptos básicos de prevención de la enfermedad, que le permita la priorización de las acciones  por seguir  de  acuerdo con las condiciones de salud de las poblaciones.",33.0,2025
SABER PRO - 2025,PROGRAMA_ACÁDEMICO,APRENDIZAJE_PRUEBA,1528,1,3.0,CARIBE,2.0,ATLANTICO,126.0,BARRANQUILLA,8941.0,FUNDACION UNIVERSIDAD DEL NORTE,8941.0,UNIVERSIDAD DEL NORTE-BARRANQUILLA,14.0,MEDICINA,,,6919.0,MEDICINA,ATENCIÓN EN SALUD,34.0,,,,,,,,,,"Reconoce la política y la normatividad nacional y los acuerdos internacionales suscritos por el Estado colombiano, relacionados con salud pública y los aplica en situaciones concretas que afectan la salud del individuo, la familia y la comunidad.",28.0,2025
SABER PRO - 2025,PROGRAMA_ACÁDEMICO,APRENDIZAJE_PRUEBA,2052,1,3.0,CARIBE,2.0,ATLANTICO,126.0,BARRANQUILLA,8941.0,FUNDACION UNIVERSIDAD DEL NORTE,8941.0,UNIVERSIDAD DEL NORTE-BARRANQUILLA,14.0,MEDICINA,,,6919.0,MEDICINA,RAZONAMIENTO CUANTITATIVO,1.0,,,,,,,,,,Valida procedimientos y  estrategias matemáticas utilizadas para dar solución a problemas.,39.0,2025
SABER PRO - 2025,PROGRAMA_ACÁDEMICO,APRENDIZAJE_PRUEBA,1768,1,3.0,CARIBE,2.0,ATLANTICO,126.0,BARRANQUILLA,8941.0,FUNDACION UNIVERSIDAD DEL NORTE,8941.0,UNIVERSIDAD DEL NORTE-BARRANQUILLA,14.0,MEDICINA,,,6919.0,MEDICINA,RAZONAMIENTO CUANTITATIVO,1.0,,,,,,,,,,"Frente a un problema que involucre información cuantitativa, plantea e implementa estrategias que lleven a soluciones adecuadas.",43.0,2025
SABER PRO - 2025,PROGRAMA_ACÁDEMICO,APRENDIZAJE_PRUEBA,2292,1,3.0,CARIBE,2.0,ATLANTICO,126.0,BARRANQUILLA,8941.0,FUNDACION UNIVERSIDAD DEL NORTE,8941.0,UNIVERSIDAD DEL NORTE-BARRANQUILLA,14.0,MEDICINA,,,6919.0,MEDICINA,ATENCIÓN EN SALUD,34.0,,,,,,,,,,"Analiza los determinantes personales, sociales, económicos y ambientales que influyen en el estado de salud del individuo, la familia y la comunidad, para la priorización de acciones a seguir.",37.0,2025
SABER PRO - 2025,PROGRAMA_ACÁDEMICO,APRENDIZAJE_PRUEBA,1528,1,3.0,CARIBE,2.0,ATLANTICO,126.0,BARRANQUILLA,8941.0,FUNDACION UNIVERSIDAD DEL NORTE,8941.0,UNIVERSIDAD DEL NORTE-BARRANQUILLA,14.0,MEDICINA,,,6919.0,MEDICINA,ATENCIÓN EN SALUD,34.0,,,,,,,,,,"Integra el proceso de sistematización de la información, relacionada con la salud del individuo, la familia y la comunidad en la priorización de acciones. ",23.0,2025
SABER PRO - 2025,PROGRAMA_ACÁDEMICO,APRENDIZAJE_PRUEBA,997,1,3.0,CARIBE,2.0,ATLANTICO,126.0,BARRANQUILLA,8951.0,UNIVERSIDAD METROPOLITANA,8951.0,UNIVERSIDAD METROPOLITANA-BARRANQUILLA,14.0,MEDICINA,,,4788.0,MEDICINA,COMPETENCIAS CIUDADANAS,1.0,,,,,,,,,,Conoce los derechos y deberes que la Constitución consagra.,46.0,2025
SABER PRO - 2025,PROGRAMA_ACÁDEMICO,APRENDIZAJE_PRUEBA,2238,1,3.0,CARIBE,2.0,ATLANTICO,126.0,BARRANQUILLA,8951.0,UNIVERSIDAD METROPOLITANA,8951.0,UNIVERSIDAD METROPOLITANA-BARRANQUILLA,14.0,MEDICINA,,,4788.0,MEDICINA,COMPETENCIAS CIUDADANAS,1.0,,,,,,,,,,Analiza y evalúa la pertinencia y solidez de enunciados-discursos.,43.0,2025
SABER PRO - 2025,PROGRAMA_ACÁDEMICO,APRENDIZAJE_PRUEBA,5445,1,3.0,CARIBE,2.0,ATLANTICO,126.0,BARRANQUILLA,8951.0,UNIVERSIDAD METROPOLITANA,8951.0,UNIVERSIDAD METROPOLITANA-BARRANQUILLA,14.0,MEDICINA,,,4788.0,MEDICINA,FUNDAMENTACIÓN EN DIAGNÓSTICO Y TRATAMIENTO MÉDICOS,34.0,,,,,,,,,,"Determina la situación de salud o enfermedad de niños, jóvenes y adultos (hombres y mujeres), a partir de casos clínicos de común ocurrencia en la práctica de los médicos generales.",61.0,2025
SABER PRO - 2025,PROGRAMA_ACÁDEMICO,APRENDIZAJE_PRUEBA,4476,1,3.0,CARIBE,2.0,ATLANTICO,126.0,BARRANQUILLA,8951.0,UNIVERSIDAD METROPOLITANA,8951.0,UNIVERSIDAD METROPOLITANA-BARRANQUILLA,14.0,MEDICINA,,,4788.0,MEDICINA,LECTURA CRÍTICA,1.0,,,,,,,,,,Comprende cómo se articulan las partes de un texto para darle un sentido global.,48.0,2025
SABER PRO - 2025,PROGRAMA_ACÁDEMICO,APRENDIZAJE_PRUEBA,3960,1,3.0,CARIBE,2.0,ATLANTICO,126.0,BARRANQUILLA,8951.0,UNIVERSIDAD METROPOLITANA,8951.0,UNIVERSIDAD METROPOLITANA-BARRANQUILLA,14.0,MEDICINA,,,4788.0,MEDICINA,PROMOCIÓN DE LA SALUD Y PREVENCIÓN DE LA ENFERMEDAD,34.0,,,,,,,,,,"Integra los conceptos básicos de prevención de la enfermedad, que le permita la priorización de las acciones  por seguir  de  acuerdo con las condiciones de salud de las poblaciones.",47.0,2025
SABER PRO - 2025,PROGRAMA_ACÁDEMICO,APRENDIZAJE_PRUEBA,1320,1,3.0,CARIBE,2.0,ATLANTICO,126.0,BARRANQUILLA,8951.0,UNIVERSIDAD METROPOLITANA,8951.0,UNIVERSIDAD METROPOLITANA-BARRANQUILLA,14.0,MEDICINA,,,4788.0,MEDICINA,ATENCIÓN EN SALUD,34.0,,,,,,,,,,"Integra el proceso de sistematización de la información, relacionada con la salud del individuo, la familia y la comunidad en la priorización de acciones. ",53.0,2025
SABER PRO - 2025,PROGRAMA_ACÁDEMICO,APRENDIZAJE_PRUEBA,3964,1,3.0,CARIBE,2.0,ATLANTICO,126.0,BARRANQUILLA,8951.0,UNIVERSIDAD METROPOLITANA,8951.0,UNIVERSIDAD METROPOLITANA-BARRANQUILLA,14.0,MEDICINA,,,4788.0,MEDICINA,RAZONAMIENTO CUANTITATIVO,1.0,,,,,,,,,,Valida procedimientos y  estrategias matemáticas utilizadas para dar solución a problemas.,53.0,2025
SABER PRO - 2025,PROGRAMA_ACÁDEMICO,APRENDIZAJE_PRUEBA,1119,1,3.0,CARIBE,2.0,ATLANTICO,126.0,BARRANQUILLA,8951.0,UNIVERSIDAD METROPOLITANA,8951.0,UNIVERSIDAD METROPOLITANA-BARRANQUILLA,14.0,MEDICINA,,,4788.0,MEDICINA,COMPETENCIAS CIUDADANAS,1.0,,,,,,,,,,Conoce la organización del Estado de acuerdo con la Constitución.,41.0,2025
SABER PRO - 2025,PROGRAMA_ACÁDEMICO,APRENDIZAJE_PRUEBA,3559,1,3.0,CARIBE,2.0,ATLANTICO,126.0,BARRANQUILLA,8951.0,UNIVERSIDAD METROPOLITANA,8951.0,UNIVERSIDAD METROPOLITANA-BARRANQUILLA,14.0,MEDICINA,,,4788.0,MEDICINA,RAZONAMIENTO CUANTITATIVO,1.0,,,,,,,,,,"Frente a un problema que involucre información cuantitativa, plantea e implementa estrategias que lleven a soluciones adecuadas.",55.0,2025
SABER PRO - 2025,PROGRAMA_ACÁDEMICO,APRENDIZAJE_PRUEBA,1650,1,3.0,CARIBE,2.0,ATLANTICO,126.0,BARRANQUILLA,8951.0,UNIVERSIDAD METROPOLITANA,8951.0,UNIVERSIDAD METROPOLITANA-BARRANQUILLA,14.0,MEDICINA,,,4788.0,MEDICINA,PROMOCIÓN DE LA SALUD Y PREVENCIÓN DE LA ENFERMEDAD,34.0,,,,,,,,,,"Integra los conceptos básicos de promoción de la salud que le permiten priorizar acciones por seguir, de acuerdo con las condiciones de salud de las poblaciones.",54.0,2025
SABER PRO - 2025,PROGRAMA_ACÁDEMICO,APRENDIZAJE_PRUEBA,1719,1,3.0,CARIBE,2.0,ATLANTICO,126.0,BARRANQUILLA,8951.0,UNIVERSIDAD METROPOLITANA,8951.0,UNIVERSIDAD METROPOLITANA-BARRANQUILLA,14.0,MEDICINA,,,4788.0,MEDICINA,COMPETENCIAS CIUDADANAS,1.0,,,,,,,,,,Analiza las diferentes perspectivas presentes en situaciones en donde interactúan diferentes partes.,52.0,2025
SABER PRO - 2025,PROGRAMA_ACÁDEMICO,APRENDIZAJE_PRUEBA,3967,1,3.0,CARIBE,2.0,ATLANTICO,126.0,BARRANQUILLA,8951.0,UNIVERSIDAD METROPOLITANA,8951.0,UNIVERSIDAD METROPOLITANA-BARRANQUILLA,14.0,MEDICINA,,,4788.0,MEDICINA,LECTURA CRÍTICA,1.0,,,,,,,,,,Reflexiona a partir de un texto y evalúa su contenido.,44.0,2025
SABER PRO - 2025,PROGRAMA_ACÁDEMICO,APRENDIZAJE_PRUEBA,1638,1,3.0,CARIBE,2.0,ATLANTICO,126.0,BARRANQUILLA,8951.0,UNIVERSIDAD METROPOLITANA,8951.0,UNIVERSIDAD METROPOLITANA-BARRANQUILLA,14.0,MEDICINA,,,4788.0,MEDICINA,COMPETENCIAS CIUDADANAS,1.0,,,,,,,,,,Reconoce la existencia de diferentes perspectivas en situaciones en donde interactúan diferentes partes.,43.0,2025
SABER PRO - 2025,PROGRAMA_ACÁDEMICO,APRENDIZAJE_PRUEBA,2747,1,3.0,CARIBE,2.0,ATLANTICO,126.0,BARRANQUILLA,8951.0,UNIVERSIDAD METROPOLITANA,8951.0,UNIVERSIDAD METROPOLITANA-BARRANQUILLA,14.0,MEDICINA,,,4788.0,MEDICINA,LECTURA CRÍTICA,1.0,,,,,,,,,,Identifica y entiende los contenidos locales que conforman un texto. ,27.0,2025
SABER PRO - 2025,PROGRAMA_ACÁDEMICO,APRENDIZAJE_PRUEBA,2238,1,3.0,CARIBE,2.0,ATLANTICO,126.0,BARRANQUILLA,8951.0,UNIVERSIDAD METROPOLITANA,8951.0,UNIVERSIDAD METROPOLITANA-BARRANQUILLA,14.0,MEDICINA,,,4788.0,MEDICINA,COMPETENCIAS CIUDADANAS,1.0,,,,,,,,,,Comprende que los problemas y sus soluciones involucran distintas dimensiones y reconoce relaciones entre estas. ,46.0,2025
SABER PRO - 2025,PROGRAMA_ACÁDEMICO,APRENDIZAJE_PRUEBA,1119,1,3.0,CARIBE,2.0,ATLANTICO,126.0,BARRANQUILLA,8951.0,UNIVERSIDAD METROPOLITANA,8951.0,UNIVERSIDAD METROPOLITANA-BARRANQUILLA,14.0,MEDICINA,,,4788.0,MEDICINA,COMPETENCIAS CIUDADANAS,1.0,,,,,,,,,,Comprende qué es la Constitución Política de Colombia y sus principios fundamentales.,52.0,2025
SABER PRO - 2025,PROGRAMA_ACÁDEMICO,APRENDIZAJE_PRUEBA,1980,1,3.0,CARIBE,2.0,ATLANTICO,126.0,BARRANQUILLA,8951.0,UNIVERSIDAD METROPOLITANA,8951.0,UNIVERSIDAD METROPOLITANA-BARRANQUILLA,14.0,MEDICINA,,,4788.0,MEDICINA,ATENCIÓN EN SALUD,34.0,,,,,,,,,,"Analiza los determinantes personales, sociales, económicos y ambientales que influyen en el estado de salud del individuo, la familia y la comunidad, para la priorización de acciones a seguir.",51.0,2025
SABER PRO - 2025,PROGRAMA_ACÁDEMICO,APRENDIZAJE_PRUEBA,3795,1,3.0,CARIBE,2.0,ATLANTICO,126.0,BARRANQUILLA,8951.0,UNIVERSIDAD METROPOLITANA,8951.0,UNIVERSIDAD METROPOLITANA-BARRANQUILLA,14.0,MEDICINA,,,4788.0,MEDICINA,FUNDAMENTACIÓN EN DIAGNÓSTICO Y TRATAMIENTO MÉDICOS,34.0,,,,,,,,,,"Propone un plan de tratamiento de acuerdo con la situación del paciente, a partir de casos clínicos de común ocurrencia en la práctica de los médicos generales.",71.0,2025
SABER PRO - 2025,PROGRAMA_ACÁDEMICO,APRENDIZAJE_PRUEBA,3667,1,3.0,CARIBE,2.0,ATLANTICO,126.0,BARRANQUILLA,8951.0,UNIVERSIDAD METROPOLITANA,8951.0,UNIVERSIDAD METROPOLITANA-BARRANQUILLA,14.0,MEDICINA,,,4788.0,MEDICINA,RAZONAMIENTO CUANTITATIVO,1.0,,,,,,,,,,Comprende y transforma la información cuantitativa y esquemática presentada en distintos formatos ,39.0,2025
SABER PRO - 2025,PROGRAMA_ACÁDEMICO,APRENDIZAJE_PRUEBA,1980,1,3.0,CARIBE,2.0,ATLANTICO,126.0,BARRANQUILLA,8951.0,UNIVERSIDAD METROPOLITANA,8951.0,UNIVERSIDAD METROPOLITANA-BARRANQUILLA,14.0,MEDICINA,,,4788.0,MEDICINA,ATENCIÓN EN SALUD,34.0,,,,,,,,,,"Propone acciones de diagnóstico, ejecución y evaluación en el marco de políticas y lineamientos en salud vigentes.",57.0,2025
SABER PRO - 2025,PROGRAMA_ACÁDEMICO,APRENDIZAJE_PRUEBA,1320,1,3.0,CARIBE,2.0,ATLANTICO,126.0,BARRANQUILLA,8951.0,UNIVERSIDAD METROPOLITANA,8951.0,UNIVERSIDAD METROPOLITANA-BARRANQUILLA,14.0,MEDICINA,,,4788.0,MEDICINA,ATENCIÓN EN SALUD,34.0,,,,,,,,,,"Reconoce la política y la normatividad nacional y los acuerdos internacionales suscritos por el Estado colombiano, relacionados con salud pública y los aplica en situaciones concretas que afectan la salud del individuo, la familia y la comunidad.",46.0,2025
SABER PRO - 2025,PROGRAMA_ACÁDEMICO,APRENDIZAJE_PRUEBA,708,1,3.0,CARIBE,5.0,BOLIVAR,153.0,CARTAGENA DE INDIAS,9084.0,CORPORACION UNIVERSITARIA RAFAEL NUÑEZ,9084.0,CORPORACION UNIVERSITARIA RAFAEL NUÑEZ-CARTAGENA,14.0,MEDICINA,,,5661.0,MEDICINA,COMPETENCIAS CIUDADANAS,1.0,,,,,,,,,,Analiza las diferentes perspectivas presentes en situaciones en donde interactúan diferentes partes.,56.0,2025
SABER PRO - 2025,PROGRAMA_ACÁDEMICO,APRENDIZAJE_PRUEBA,3480,1,3.0,CARIBE,5.0,BOLIVAR,153.0,CARTAGENA DE INDIAS,9084.0,CORPORACION UNIVERSITARIA RAFAEL NUÑEZ,9084.0,CORPORACION UNIVERSITARIA RAFAEL NUÑEZ-CARTAGENA,14.0,MEDICINA,,,5661.0,MEDICINA,PROMOCIÓN DE LA SALUD Y PREVENCIÓN DE LA ENFERMEDAD,34.0,,,,,,,,,,"Integra los conceptos básicos de prevención de la enfermedad, que le permita la priorización de las acciones  por seguir  de  acuerdo con las condiciones de salud de las poblaciones.",46.0,2025
SABER PRO - 2025,PROGRAMA_ACÁDEMICO,APRENDIZAJE_PRUEBA,888,1,3.0,CARIBE,5.0,BOLIVAR,153.0,CARTAGENA DE INDIAS,9084.0,CORPORACION UNIVERSITARIA RAFAEL NUÑEZ,9084.0,CORPORACION UNIVERSITARIA RAFAEL NUÑEZ-CARTAGENA,14.0,MEDICINA,,,5661.0,MEDICINA,COMPETENCIAS CIUDADANAS,1.0,,,,,,,,,,Comprende que los problemas y sus soluciones involucran distintas dimensiones y reconoce relaciones entre estas. ,45.0,2025
SABER PRO - 2025,PROGRAMA_ACÁDEMICO,APRENDIZAJE_PRUEBA,3335,1,3.0,CARIBE,5.0,BOLIVAR,153.0,CARTAGENA DE INDIAS,9084.0,CORPORACION UNIVERSITARIA RAFAEL NUÑEZ,9084.0,CORPORACION UNIVERSITARIA RAFAEL NUÑEZ-CARTAGENA,14.0,MEDICINA,,,5661.0,MEDICINA,FUNDAMENTACIÓN EN DIAGNÓSTICO Y TRATAMIENTO MÉDICOS,34.0,,,,,,,,,,"Propone un plan de tratamiento de acuerdo con la situación del paciente, a partir de casos clínicos de común ocurrencia en la práctica de los médicos generales.",68.0,2025
SABER PRO - 2025,PROGRAMA_ACÁDEMICO,APRENDIZAJE_PRUEBA,1776,1,3.0,CARIBE,5.0,BOLIVAR,153.0,CARTAGENA DE INDIAS,9084.0,CORPORACION UNIVERSITARIA RAFAEL NUÑEZ,9084.0,CORPORACION UNIVERSITARIA RAFAEL NUÑEZ-CARTAGENA,14.0,MEDICINA,,,5661.0,MEDICINA,LECTURA CRÍTICA,1.0,,,,,,,,,,Comprende cómo se articulan las partes de un texto para darle un sentido global.,46.0,2025
SABER PRO - 2025,PROGRAMA_ACÁDEMICO,APRENDIZAJE_PRUEBA,1160,1,3.0,CARIBE,5.0,BOLIVAR,153.0,CARTAGENA DE INDIAS,9084.0,CORPORACION UNIVERSITARIA RAFAEL NUÑEZ,9084.0,CORPORACION UNIVERSITARIA RAFAEL NUÑEZ-CARTAGENA,14.0,MEDICINA,,,5661.0,MEDICINA,ATENCIÓN EN SALUD,34.0,,,,,,,,,,"Reconoce la política y la normatividad nacional y los acuerdos internacionales suscritos por el Estado colombiano, relacionados con salud pública y los aplica en situaciones concretas que afectan la salud del individuo, la familia y la comunidad.",47.0,2025
SABER PRO - 2025,PROGRAMA_ACÁDEMICO,APRENDIZAJE_PRUEBA,444,1,3.0,CARIBE,5.0,BOLIVAR,153.0,CARTAGENA DE INDIAS,9084.0,CORPORACION UNIVERSITARIA RAFAEL NUÑEZ,9084.0,CORPORACION UNIVERSITARIA RAFAEL NUÑEZ-CARTAGENA,14.0,MEDICINA,,,5661.0,MEDICINA,COMPETENCIAS CIUDADANAS,1.0,,,,,,,,,,Comprende qué es la Constitución Política de Colombia y sus principios fundamentales.,49.0,2025
SABER PRO - 2025,PROGRAMA_ACÁDEMICO,APRENDIZAJE_PRUEBA,1450,1,3.0,CARIBE,5.0,BOLIVAR,153.0,CARTAGENA DE INDIAS,9084.0,CORPORACION UNIVERSITARIA RAFAEL NUÑEZ,9084.0,CORPORACION UNIVERSITARIA RAFAEL NUÑEZ-CARTAGENA,14.0,MEDICINA,,,5661.0,MEDICINA,PROMOCIÓN DE LA SALUD Y PREVENCIÓN DE LA ENFERMEDAD,34.0,,,,,,,,,,"Integra los conceptos básicos de promoción de la salud que le permiten priorizar acciones por seguir, de acuerdo con las condiciones de salud de las poblaciones.",55.0,2025
SABER PRO - 2025,PROGRAMA_ACÁDEMICO,APRENDIZAJE_PRUEBA,1595,1,3.0,CARIBE,5.0,BOLIVAR,153.0,CARTAGENA DE INDIAS,9084.0,CORPORACION UNIVERSITARIA RAFAEL NUÑEZ,9084.0,CORPORACION UNIVERSITARIA RAFAEL NUÑEZ-CARTAGENA,14.0,MEDICINA,,,5661.0,MEDICINA,LECTURA CRÍTICA,1.0,,,,,,,,,,Reflexiona a partir de un texto y evalúa su contenido.,50.0,2025
SABER PRO - 2025,PROGRAMA_ACÁDEMICO,APRENDIZAJE_PRUEBA,1160,1,3.0,CARIBE,5.0,BOLIVAR,153.0,CARTAGENA DE INDIAS,9084.0,CORPORACION UNIVERSITARIA RAFAEL NUÑEZ,9084.0,CORPORACION UNIVERSITARIA RAFAEL NUÑEZ-CARTAGENA,14.0,MEDICINA,,,5661.0,MEDICINA,ATENCIÓN EN SALUD,34.0,,,,,,,,,,"Integra el proceso de sistematización de la información, relacionada con la salud del individuo, la familia y la comunidad en la priorización de acciones. ",60.0,2025
SABER PRO - 2025,PROGRAMA_ACÁDEMICO,APRENDIZAJE_PRUEBA,4785,1,3.0,CARIBE,5.0,BOLIVAR,153.0,CARTAGENA DE INDIAS,9084.0,CORPORACION UNIVERSITARIA RAFAEL NUÑEZ,9084.0,CORPORACION UNIVERSITARIA RAFAEL NUÑEZ-CARTAGENA,14.0,MEDICINA,,,5661.0,MEDICINA,FUNDAMENTACIÓN EN DIAGNÓSTICO Y TRATAMIENTO MÉDICOS,34.0,,,,,,,,,,"Determina la situación de salud o enfermedad de niños, jóvenes y adultos (hombres y mujeres), a partir de casos clínicos de común ocurrencia en la práctica de los médicos generales.",61.0,2025
SABER PRO - 2025,PROGRAMA_ACÁDEMICO,APRENDIZAJE_PRUEBA,888,1,3.0,CARIBE,5.0,BOLIVAR,153.0,CARTAGENA DE INDIAS,9084.0,CORPORACION UNIVERSITARIA RAFAEL NUÑEZ,9084.0,CORPORACION UNIVERSITARIA RAFAEL NUÑEZ-CARTAGENA,14.0,MEDICINA,,,5661.0,MEDICINA,COMPETENCIAS CIUDADANAS,1.0,,,,,,,,,,Analiza y evalúa la pertinencia y solidez de enunciados-discursos.,53.0,2025
SABER PRO - 2025,PROGRAMA_ACÁDEMICO,APRENDIZAJE_PRUEBA,444,1,3.0,CARIBE,5.0,BOLIVAR,153.0,CARTAGENA DE INDIAS,9084.0,CORPORACION UNIVERSITARIA RAFAEL NUÑEZ,9084.0,CORPORACION UNIVERSITARIA RAFAEL NUÑEZ-CARTAGENA,14.0,MEDICINA,,,5661.0,MEDICINA,COMPETENCIAS CIUDADANAS,1.0,,,,,,,,,,Conoce la organización del Estado de acuerdo con la Constitución.,37.0,2025
SABER PRO - 2025,PROGRAMA_ACÁDEMICO,APRENDIZAJE_PRUEBA,624,1,3.0,CARIBE,5.0,BOLIVAR,153.0,CARTAGENA DE INDIAS,9084.0,CORPORACION UNIVERSITARIA RAFAEL NUÑEZ,9084.0,CORPORACION UNIVERSITARIA RAFAEL NUÑEZ-CARTAGENA,14.0,MEDICINA,,,5661.0,MEDICINA,COMPETENCIAS CIUDADANAS,1.0,,,,,,,,,,Reconoce la existencia de diferentes perspectivas en situaciones en donde interactúan diferentes partes.,51.0,2025
SABER PRO - 2025,PROGRAMA_ACÁDEMICO,APRENDIZAJE_PRUEBA,1740,1,3.0,CARIBE,5.0,BOLIVAR,153.0,CARTAGENA DE INDIAS,9084.0,CORPORACION UNIVERSITARIA RAFAEL NUÑEZ,9084.0,CORPORACION UNIVERSITARIA RAFAEL NUÑEZ-CARTAGENA,14.0,MEDICINA,,,5661.0,MEDICINA,ATENCIÓN EN SALUD,34.0,,,,,,,,,,"Propone acciones de diagnóstico, ejecución y evaluación en el marco de políticas y lineamientos en salud vigentes.",51.0,2025
SABER PRO - 2025,PROGRAMA_ACÁDEMICO,APRENDIZAJE_PRUEBA,1366,1,3.0,CARIBE,5.0,BOLIVAR,153.0,CARTAGENA DE INDIAS,9084.0,CORPORACION UNIVERSITARIA RAFAEL NUÑEZ,9084.0,CORPORACION UNIVERSITARIA RAFAEL NUÑEZ-CARTAGENA,14.0,MEDICINA,,,5661.0,MEDICINA,RAZONAMIENTO CUANTITATIVO,1.0,,,,,,,,,,"Frente a un problema que involucre información cuantitativa, plantea e implementa estrategias que lleven a soluciones adecuadas.",59.0,2025
SABER PRO - 2025,PROGRAMA_ACÁDEMICO,APRENDIZAJE_PRUEBA,1479,1,3.0,CARIBE,5.0,BOLIVAR,153.0,CARTAGENA DE INDIAS,9084.0,CORPORACION UNIVERSITARIA RAFAEL NUÑEZ,9084.0,CORPORACION UNIVERSITARIA RAFAEL NUÑEZ-CARTAGENA,14.0,MEDICINA,,,5661.0,MEDICINA,RAZONAMIENTO CUANTITATIVO,1.0,,,,,,,,,,Comprende y transforma la información cuantitativa y esquemática presentada en distintos formatos ,41.0,2025
SABER PRO - 2025,PROGRAMA_ACÁDEMICO,APRENDIZAJE_PRUEBA,1740,1,3.0,CARIBE,5.0,BOLIVAR,153.0,CARTAGENA DE INDIAS,9084.0,CORPORACION UNIVERSITARIA RAFAEL NUÑEZ,9084.0,CORPORACION UNIVERSITARIA RAFAEL NUÑEZ-CARTAGENA,14.0,MEDICINA,,,5661.0,MEDICINA,ATENCIÓN EN SALUD,34.0,,,,,,,,,,"Analiza los determinantes personales, sociales, económicos y ambientales que influyen en el estado de salud del individuo, la familia y la comunidad, para la priorización de acciones a seguir.",53.0,2025
SABER PRO - 2025,PROGRAMA_ACÁDEMICO,APRENDIZAJE_PRUEBA,1069,1,3.0,CARIBE,5.0,BOLIVAR,153.0,CARTAGENA DE INDIAS,9084.0,CORPORACION UNIVERSITARIA RAFAEL NUÑEZ,9084.0,CORPORACION UNIVERSITARIA RAFAEL NUÑEZ-CARTAGENA,14.0,MEDICINA,,,5661.0,MEDICINA,LECTURA CRÍTICA,1.0,,,,,,,,,,Identifica y entiende los contenidos locales que conforman un texto. ,28.0,2025
SABER PRO - 2025,PROGRAMA_ACÁDEMICO,APRENDIZAJE_PRUEBA,1595,1,3.0,CARIBE,5.0,BOLIVAR,153.0,CARTAGENA DE INDIAS,9084.0,CORPORACION UNIVERSITARIA RAFAEL NUÑEZ,9084.0,CORPORACION UNIVERSITARIA RAFAEL NUÑEZ-CARTAGENA,14.0,MEDICINA,,,5661.0,MEDICINA,RAZONAMIENTO CUANTITATIVO,1.0,,,,,,,,,,Valida procedimientos y  estrategias matemáticas utilizadas para dar solución a problemas.,57.0,2025
SABER PRO - 2025,PROGRAMA_ACÁDEMICO,APRENDIZAJE_PRUEBA,337,1,3.0,CARIBE,5.0,BOLIVAR,153.0,CARTAGENA DE INDIAS,9084.0,CORPORACION UNIVERSITARIA RAFAEL NUÑEZ,9084.0,CORPORACION UNIVERSITARIA RAFAEL NUÑEZ-CARTAGENA,14.0,MEDICINA,,,5661.0,MEDICINA,COMPETENCIAS CIUDADANAS,1.0,,,,,,,,,,Conoce los derechos y deberes que la Constitución consagra.,47.0,2025
SABER PRO - 2025,PROGRAMA_ACÁDEMICO,APRENDIZAJE_PRUEBA,1115,1,3.0,CARIBE,5.0,BOLIVAR,153.0,CARTAGENA DE INDIAS,9086.0,UNIVERSIDAD DE CARTAGENA,9086.0,UNIVERSIDAD DE CARTAGENA-CARTAGENA,14.0,MEDICINA,,,1440.0,MEDICINA,RAZONAMIENTO CUANTITATIVO,1.0,,,,,,,,,,Comprende y transforma la información cuantitativa y esquemática presentada en distintos formatos ,22.0,2025
SABER PRO - 2025,PROGRAMA_ACÁDEMICO,APRENDIZAJE_PRUEBA,678,1,3.0,CARIBE,5.0,BOLIVAR,153.0,CARTAGENA DE INDIAS,9086.0,UNIVERSIDAD DE CARTAGENA,9086.0,UNIVERSIDAD DE CARTAGENA-CARTAGENA,14.0,MEDICINA,,,1440.0,MEDICINA,COMPETENCIAS CIUDADANAS,1.0,,,,,,,,,,Comprende que los problemas y sus soluciones involucran distintas dimensiones y reconoce relaciones entre estas. ,31.0,2025
SABER PRO - 2025,PROGRAMA_ACÁDEMICO,APRENDIZAJE_PRUEBA,1536,1,3.0,CARIBE,5.0,BOLIVAR,153.0,CARTAGENA DE INDIAS,9086.0,UNIVERSIDAD DE CARTAGENA,9086.0,UNIVERSIDAD DE CARTAGENA-CARTAGENA,14.0,MEDICINA,,,1440.0,MEDICINA,PROMOCIÓN DE LA SALUD Y PREVENCIÓN DE LA ENFERMEDAD,34.0,,,,,,,,,,"Integra los conceptos básicos de prevención de la enfermedad, que le permita la priorización de las acciones  por seguir  de  acuerdo con las condiciones de salud de las poblaciones.",31.0,2025
SABER PRO - 2025,PROGRAMA_ACÁDEMICO,APRENDIZAJE_PRUEBA,1191,1,3.0,CARIBE,5.0,BOLIVAR,153.0,CARTAGENA DE INDIAS,9086.0,UNIVERSIDAD DE CARTAGENA,9086.0,UNIVERSIDAD DE CARTAGENA-CARTAGENA,14.0,MEDICINA,,,1440.0,MEDICINA,RAZONAMIENTO CUANTITATIVO,1.0,,,,,,,,,,Valida procedimientos y  estrategias matemáticas utilizadas para dar solución a problemas.,34.0,2025
SABER PRO - 2025,PROGRAMA_ACÁDEMICO,APRENDIZAJE_PRUEBA,497,1,3.0,CARIBE,5.0,BOLIVAR,153.0,CARTAGENA DE INDIAS,9086.0,UNIVERSIDAD DE CARTAGENA,9086.0,UNIVERSIDAD DE CARTAGENA-CARTAGENA,14.0,MEDICINA,,,1440.0,MEDICINA,COMPETENCIAS CIUDADANAS,1.0,,,,,,,,,,Reconoce la existencia de diferentes perspectivas en situaciones en donde interactúan diferentes partes.,31.0,2025
SABER PRO - 2025,PROGRAMA_ACÁDEMICO,APRENDIZAJE_PRUEBA,1356,1,3.0,CARIBE,5.0,BOLIVAR,153.0,CARTAGENA DE INDIAS,9086.0,UNIVERSIDAD DE CARTAGENA,9086.0,UNIVERSIDAD DE CARTAGENA-CARTAGENA,14.0,MEDICINA,,,1440.0,MEDICINA,LECTURA CRÍTICA,1.0,,,,,,,,,,Comprende cómo se articulan las partes de un texto para darle un sentido global.,30.0,2025
SABER PRO - 2025,PROGRAMA_ACÁDEMICO,APRENDIZAJE_PRUEBA,837,1,3.0,CARIBE,5.0,BOLIVAR,153.0,CARTAGENA DE INDIAS,9086.0,UNIVERSIDAD DE CARTAGENA,9086.0,UNIVERSIDAD DE CARTAGENA-CARTAGENA,14.0,MEDICINA,,,1440.0,MEDICINA,LECTURA CRÍTICA,1.0,,,,,,,,,,Identifica y entiende los contenidos locales que conforman un texto. ,15.0,2025
SABER PRO - 2025,PROGRAMA_ACÁDEMICO,APRENDIZAJE_PRUEBA,640,1,3.0,CARIBE,5.0,BOLIVAR,153.0,CARTAGENA DE INDIAS,9086.0,UNIVERSIDAD DE CARTAGENA,9086.0,UNIVERSIDAD DE CARTAGENA-CARTAGENA,14.0,MEDICINA,,,1440.0,MEDICINA,PROMOCIÓN DE LA SALUD Y PREVENCIÓN DE LA ENFERMEDAD,34.0,,,,,,,,,,"Integra los conceptos básicos de promoción de la salud que le permiten priorizar acciones por seguir, de acuerdo con las condiciones de salud de las poblaciones.",39.0,2025
SABER PRO - 2025,PROGRAMA_ACÁDEMICO,APRENDIZAJE_PRUEBA,520,1,3.0,CARIBE,5.0,BOLIVAR,153.0,CARTAGENA DE INDIAS,9086.0,UNIVERSIDAD DE CARTAGENA,9086.0,UNIVERSIDAD DE CARTAGENA-CARTAGENA,14.0,MEDICINA,,,1440.0,MEDICINA,COMPETENCIAS CIUDADANAS,1.0,,,,,,,,,,Analiza las diferentes perspectivas presentes en situaciones en donde interactúan diferentes partes.,30.0,2025
SABER PRO - 2025,PROGRAMA_ACÁDEMICO,APRENDIZAJE_PRUEBA,678,1,3.0,CARIBE,5.0,BOLIVAR,153.0,CARTAGENA DE INDIAS,9086.0,UNIVERSIDAD DE CARTAGENA,9086.0,UNIVERSIDAD DE CARTAGENA-CARTAGENA,14.0,MEDICINA,,,1440.0,MEDICINA,COMPETENCIAS CIUDADANAS,1.0,,,,,,,,,,Analiza y evalúa la pertinencia y solidez de enunciados-discursos.,32.0,2025
SABER PRO - 2025,PROGRAMA_ACÁDEMICO,APRENDIZAJE_PRUEBA,768,1,3.0,CARIBE,5.0,BOLIVAR,153.0,CARTAGENA DE INDIAS,9086.0,UNIVERSIDAD DE CARTAGENA,9086.0,UNIVERSIDAD DE CARTAGENA-CARTAGENA,14.0,MEDICINA,,,1440.0,MEDICINA,ATENCIÓN EN SALUD,34.0,,,,,,,,,,"Propone acciones de diagnóstico, ejecución y evaluación en el marco de políticas y lineamientos en salud vigentes.",35.0,2025
SABER PRO - 2025,PROGRAMA_ACÁDEMICO,APRENDIZAJE_PRUEBA,1472,1,3.0,CARIBE,5.0,BOLIVAR,153.0,CARTAGENA DE INDIAS,9086.0,UNIVERSIDAD DE CARTAGENA,9086.0,UNIVERSIDAD DE CARTAGENA-CARTAGENA,14.0,MEDICINA,,,1440.0,MEDICINA,FUNDAMENTACIÓN EN DIAGNÓSTICO Y TRATAMIENTO MÉDICOS,34.0,,,,,,,,,,"Propone un plan de tratamiento de acuerdo con la situación del paciente, a partir de casos clínicos de común ocurrencia en la práctica de los médicos generales.",58.0,2025
SABER PRO - 2025,PROGRAMA_ACÁDEMICO,APRENDIZAJE_PRUEBA,512,1,3.0,CARIBE,5.0,BOLIVAR,153.0,CARTAGENA DE INDIAS,9086.0,UNIVERSIDAD DE CARTAGENA,9086.0,UNIVERSIDAD DE CARTAGENA-CARTAGENA,14.0,MEDICINA,,,1440.0,MEDICINA,ATENCIÓN EN SALUD,34.0,,,,,,,,,,"Reconoce la política y la normatividad nacional y los acuerdos internacionales suscritos por el Estado colombiano, relacionados con salud pública y los aplica en situaciones concretas que afectan la salud del individuo, la familia y la comunidad.",28.0,2025
SABER PRO - 2025,PROGRAMA_ACÁDEMICO,APRENDIZAJE_PRUEBA,768,1,3.0,CARIBE,5.0,BOLIVAR,153.0,CARTAGENA DE INDIAS,9086.0,UNIVERSIDAD DE CARTAGENA,9086.0,UNIVERSIDAD DE CARTAGENA-CARTAGENA,14.0,MEDICINA,,,1440.0,MEDICINA,ATENCIÓN EN SALUD,34.0,,,,,,,,,,"Analiza los determinantes personales, sociales, económicos y ambientales que influyen en el estado de salud del individuo, la familia y la comunidad, para la priorización de acciones a seguir.",40.0,2025
SABER PRO - 2025,PROGRAMA_ACÁDEMICO,APRENDIZAJE_PRUEBA,1084,1,3.0,CARIBE,5.0,BOLIVAR,153.0,CARTAGENA DE INDIAS,9086.0,UNIVERSIDAD DE CARTAGENA,9086.0,UNIVERSIDAD DE CARTAGENA-CARTAGENA,14.0,MEDICINA,,,1440.0,MEDICINA,RAZONAMIENTO CUANTITATIVO,1.0,,,,,,,,,,"Frente a un problema que involucre información cuantitativa, plantea e implementa estrategias que lleven a soluciones adecuadas.",38.0,2025
SABER PRO - 2025,PROGRAMA_ACÁDEMICO,APRENDIZAJE_PRUEBA,512,1,3.0,CARIBE,5.0,BOLIVAR,153.0,CARTAGENA DE INDIAS,9086.0,UNIVERSIDAD DE CARTAGENA,9086.0,UNIVERSIDAD DE CARTAGENA-CARTAGENA,14.0,MEDICINA,,,1440.0,MEDICINA,ATENCIÓN EN SALUD,34.0,,,,,,,,,,"Integra el proceso de sistematización de la información, relacionada con la salud del individuo, la familia y la comunidad en la priorización de acciones. ",28.0,2025
SABER PRO - 2025,PROGRAMA_ACÁDEMICO,APRENDIZAJE_PRUEBA,1197,1,3.0,CARIBE,5.0,BOLIVAR,153.0,CARTAGENA DE INDIAS,9086.0,UNIVERSIDAD DE CARTAGENA,9086.0,UNIVERSIDAD DE CARTAGENA-CARTAGENA,14.0,MEDICINA,,,1440.0,MEDICINA,LECTURA CRÍTICA,1.0,,,,,,,,,,Reflexiona a partir de un texto y evalúa su contenido.,28.0,2025
SABER PRO - 2025,PROGRAMA_ACÁDEMICO,APRENDIZAJE_PRUEBA,289,1,3.0,CARIBE,5.0,BOLIVAR,153.0,CARTAGENA DE INDIAS,9086.0,UNIVERSIDAD DE CARTAGENA,9086.0,UNIVERSIDAD DE CARTAGENA-CARTAGENA,14.0,MEDICINA,,,1440.0,MEDICINA,COMPETENCIAS CIUDADANAS,1.0,,,,,,,,,,Conoce los derechos y deberes que la Constitución consagra.,27.0,2025
SABER PRO - 2025,PROGRAMA_ACÁDEMICO,APRENDIZAJE_PRUEBA,339,1,3.0,CARIBE,5.0,BOLIVAR,153.0,CARTAGENA DE INDIAS,9086.0,UNIVERSIDAD DE CARTAGENA,9086.0,UNIVERSIDAD DE CARTAGENA-CARTAGENA,14.0,MEDICINA,,,1440.0,MEDICINA,COMPETENCIAS CIUDADANAS,1.0,,,,,,,,,,Comprende qué es la Constitución Política de Colombia y sus principios fundamentales.,32.0,2025
SABER PRO - 2025,PROGRAMA_ACÁDEMICO,APRENDIZAJE_PRUEBA,339,1,3.0,CARIBE,5.0,BOLIVAR,153.0,CARTAGENA DE INDIAS,9086.0,UNIVERSIDAD DE CARTAGENA,9086.0,UNIVERSIDAD DE CARTAGENA-CARTAGENA,14.0,MEDICINA,,,1440.0,MEDICINA,COMPETENCIAS CIUDADANAS,1.0,,,,,,,,,,Conoce la organización del Estado de acuerdo con la Constitución.,27.0,2025
SABER PRO - 2025,PROGRAMA_ACÁDEMICO,APRENDIZAJE_PRUEBA,2112,1,3.0,CARIBE,5.0,BOLIVAR,153.0,CARTAGENA DE INDIAS,9086.0,UNIVERSIDAD DE CARTAGENA,9086.0,UNIVERSIDAD DE CARTAGENA-CARTAGENA,14.0,MEDICINA,,,1440.0,MEDICINA,FUNDAMENTACIÓN EN DIAGNÓSTICO Y TRATAMIENTO MÉDICOS,34.0,,,,,,,,,,"Determina la situación de salud o enfermedad de niños, jóvenes y adultos (hombres y mujeres), a partir de casos clínicos de común ocurrencia en la práctica de los médicos generales.",52.0,2025
SABER PRO - 2025,PROGRAMA_ACÁDEMICO,APRENDIZAJE_PRUEBA,1551,1,3.0,CARIBE,5.0,BOLIVAR,153.0,CARTAGENA DE INDIAS,9117.0,UNIVERSIDAD DEL SINÚ ELIAS BECHARA ZAINUM - UNISINÚ-,9090.0,UNIVERSIDAD DEL SINÚ 'Elías Bechara Zainúm' - UNISINÚ-CARTAGENA,14.0,MEDICINA,,,306.0,MEDICINA,FUNDAMENTACIÓN EN DIAGNÓSTICO Y TRATAMIENTO MÉDICOS,34.0,,,,,,,,,,"Determina la situación de salud o enfermedad de niños, jóvenes y adultos (hombres y mujeres), a partir de casos clínicos de común ocurrencia en la práctica de los médicos generales.",62.0,2025
SABER PRO - 2025,PROGRAMA_ACÁDEMICO,APRENDIZAJE_PRUEBA,450,1,3.0,CARIBE,5.0,BOLIVAR,153.0,CARTAGENA DE INDIAS,9117.0,UNIVERSIDAD DEL SINÚ ELIAS BECHARA ZAINUM - UNISINÚ-,9090.0,UNIVERSIDAD DEL SINÚ 'Elías Bechara Zainúm' - UNISINÚ-CARTAGENA,14.0,MEDICINA,,,306.0,MEDICINA,COMPETENCIAS CIUDADANAS,1.0,,,,,,,,,,Comprende qué es la Constitución Política de Colombia y sus principios fundamentales.,58.0,2025
SABER PRO - 2025,PROGRAMA_ACÁDEMICO,APRENDIZAJE_PRUEBA,698,1,3.0,CARIBE,5.0,BOLIVAR,153.0,CARTAGENA DE INDIAS,9117.0,UNIVERSIDAD DEL SINÚ ELIAS BECHARA ZAINUM - UNISINÚ-,9090.0,UNIVERSIDAD DEL SINÚ 'Elías Bechara Zainúm' - UNISINÚ-CARTAGENA,14.0,MEDICINA,,,306.0,MEDICINA,COMPETENCIAS CIUDADANAS,1.0,,,,,,,,,,Analiza las diferentes perspectivas presentes en situaciones en donde interactúan diferentes partes.,50.0,2025
SABER PRO - 2025,PROGRAMA_ACÁDEMICO,APRENDIZAJE_PRUEBA,1800,1,3.0,CARIBE,5.0,BOLIVAR,153.0,CARTAGENA DE INDIAS,9117.0,UNIVERSIDAD DEL SINÚ ELIAS BECHARA ZAINUM - UNISINÚ-,9090.0,UNIVERSIDAD DEL SINÚ 'Elías Bechara Zainúm' - UNISINÚ-CARTAGENA,14.0,MEDICINA,,,306.0,MEDICINA,LECTURA CRÍTICA,1.0,,,,,,,,,,Comprende cómo se articulan las partes de un texto para darle un sentido global.,53.0,2025
SABER PRO - 2025,PROGRAMA_ACÁDEMICO,APRENDIZAJE_PRUEBA,564,1,3.0,CARIBE,5.0,BOLIVAR,153.0,CARTAGENA DE INDIAS,9117.0,UNIVERSIDAD DEL SINÚ ELIAS BECHARA ZAINUM - UNISINÚ-,9090.0,UNIVERSIDAD DEL SINÚ 'Elías Bechara Zainúm' - UNISINÚ-CARTAGENA,14.0,MEDICINA,,,306.0,MEDICINA,ATENCIÓN EN SALUD,34.0,,,,,,,,,,"Propone acciones de diagnóstico, ejecución y evaluación en el marco de políticas y lineamientos en salud vigentes.",60.0,2025
SABER PRO - 2025,PROGRAMA_ACÁDEMICO,APRENDIZAJE_PRUEBA,1589,1,3.0,CARIBE,5.0,BOLIVAR,153.0,CARTAGENA DE INDIAS,9117.0,UNIVERSIDAD DEL SINÚ ELIAS BECHARA ZAINUM - UNISINÚ-,9090.0,UNIVERSIDAD DEL SINÚ 'Elías Bechara Zainúm' - UNISINÚ-CARTAGENA,14.0,MEDICINA,,,306.0,MEDICINA,RAZONAMIENTO CUANTITATIVO,1.0,,,,,,,,,,Valida procedimientos y  estrategias matemáticas utilizadas para dar solución a problemas.,59.0,2025
SABER PRO - 2025,PROGRAMA_ACÁDEMICO,APRENDIZAJE_PRUEBA,1478,1,3.0,CARIBE,5.0,BOLIVAR,153.0,CARTAGENA DE INDIAS,9117.0,UNIVERSIDAD DEL SINÚ ELIAS BECHARA ZAINUM - UNISINÚ-,9090.0,UNIVERSIDAD DEL SINÚ 'Elías Bechara Zainúm' - UNISINÚ-CARTAGENA,14.0,MEDICINA,,,306.0,MEDICINA,RAZONAMIENTO CUANTITATIVO,1.0,,,,,,,,,,Comprende y transforma la información cuantitativa y esquemática presentada en distintos formatos ,43.0,2025
SABER PRO - 2025,PROGRAMA_ACÁDEMICO,APRENDIZAJE_PRUEBA,564,1,3.0,CARIBE,5.0,BOLIVAR,153.0,CARTAGENA DE INDIAS,9117.0,UNIVERSIDAD DEL SINÚ ELIAS BECHARA ZAINUM - UNISINÚ-,9090.0,UNIVERSIDAD DEL SINÚ 'Elías Bechara Zainúm' - UNISINÚ-CARTAGENA,14.0,MEDICINA,,,306.0,MEDICINA,ATENCIÓN EN SALUD,34.0,,,,,,,,,,"Analiza los determinantes personales, sociales, económicos y ambientales que influyen en el estado de salud del individuo, la familia y la comunidad, para la priorización de acciones a seguir.",55.0,2025
SABER PRO - 2025,PROGRAMA_ACÁDEMICO,APRENDIZAJE_PRUEBA,376,1,3.0,CARIBE,5.0,BOLIVAR,153.0,CARTAGENA DE INDIAS,9117.0,UNIVERSIDAD DEL SINÚ ELIAS BECHARA ZAINUM - UNISINÚ-,9090.0,UNIVERSIDAD DEL SINÚ 'Elías Bechara Zainúm' - UNISINÚ-CARTAGENA,14.0,MEDICINA,,,306.0,MEDICINA,ATENCIÓN EN SALUD,34.0,,,,,,,,,,"Integra el proceso de sistematización de la información, relacionada con la salud del individuo, la familia y la comunidad en la priorización de acciones. ",67.0,2025
SABER PRO - 2025,PROGRAMA_ACÁDEMICO,APRENDIZAJE_PRUEBA,900,1,3.0,CARIBE,5.0,BOLIVAR,153.0,CARTAGENA DE INDIAS,9117.0,UNIVERSIDAD DEL SINÚ ELIAS BECHARA ZAINUM - UNISINÚ-,9090.0,UNIVERSIDAD DEL SINÚ 'Elías Bechara Zainúm' - UNISINÚ-CARTAGENA,14.0,MEDICINA,,,306.0,MEDICINA,COMPETENCIAS CIUDADANAS,1.0,,,,,,,,,,Analiza y evalúa la pertinencia y solidez de enunciados-discursos.,47.0,2025
SABER PRO - 2025,PROGRAMA_ACÁDEMICO,APRENDIZAJE_PRUEBA,900,1,3.0,CARIBE,5.0,BOLIVAR,153.0,CARTAGENA DE INDIAS,9117.0,UNIVERSIDAD DEL SINÚ ELIAS BECHARA ZAINUM - UNISINÚ-,9090.0,UNIVERSIDAD DEL SINÚ 'Elías Bechara Zainúm' - UNISINÚ-CARTAGENA,14.0,MEDICINA,,,306.0,MEDICINA,COMPETENCIAS CIUDADANAS,1.0,,,,,,,,,,Comprende que los problemas y sus soluciones involucran distintas dimensiones y reconoce relaciones entre estas. ,50.0,2025
SABER PRO - 2025,PROGRAMA_ACÁDEMICO,APRENDIZAJE_PRUEBA,450,1,3.0,CARIBE,5.0,BOLIVAR,153.0,CARTAGENA DE INDIAS,9117.0,UNIVERSIDAD DEL SINÚ ELIAS BECHARA ZAINUM - UNISINÚ-,9090.0,UNIVERSIDAD DEL SINÚ 'Elías Bechara Zainúm' - UNISINÚ-CARTAGENA,14.0,MEDICINA,,,306.0,MEDICINA,COMPETENCIAS CIUDADANAS,1.0,,,,,,,,,,Conoce la organización del Estado de acuerdo con la Constitución.,46.0,2025
SABER PRO - 2025,PROGRAMA_ACÁDEMICO,APRENDIZAJE_PRUEBA,1433,1,3.0,CARIBE,5.0,BOLIVAR,153.0,CARTAGENA DE INDIAS,9117.0,UNIVERSIDAD DEL SINÚ ELIAS BECHARA ZAINUM - UNISINÚ-,9090.0,UNIVERSIDAD DEL SINÚ 'Elías Bechara Zainúm' - UNISINÚ-CARTAGENA,14.0,MEDICINA,,,306.0,MEDICINA,RAZONAMIENTO CUANTITATIVO,1.0,,,,,,,,,,"Frente a un problema que involucre información cuantitativa, plantea e implementa estrategias que lleven a soluciones adecuadas.",56.0,2025
SABER PRO - 2025,PROGRAMA_ACÁDEMICO,APRENDIZAJE_PRUEBA,1081,1,3.0,CARIBE,5.0,BOLIVAR,153.0,CARTAGENA DE INDIAS,9117.0,UNIVERSIDAD DEL SINÚ ELIAS BECHARA ZAINUM - UNISINÚ-,9090.0,UNIVERSIDAD DEL SINÚ 'Elías Bechara Zainúm' - UNISINÚ-CARTAGENA,14.0,MEDICINA,,,306.0,MEDICINA,FUNDAMENTACIÓN EN DIAGNÓSTICO Y TRATAMIENTO MÉDICOS,34.0,,,,,,,,,,"Propone un plan de tratamiento de acuerdo con la situación del paciente, a partir de casos clínicos de común ocurrencia en la práctica de los médicos generales.",70.0,2025
SABER PRO - 2025,PROGRAMA_ACÁDEMICO,APRENDIZAJE_PRUEBA,652,1,3.0,CARIBE,5.0,BOLIVAR,153.0,CARTAGENA DE INDIAS,9117.0,UNIVERSIDAD DEL SINÚ ELIAS BECHARA ZAINUM - UNISINÚ-,9090.0,UNIVERSIDAD DEL SINÚ 'Elías Bechara Zainúm' - UNISINÚ-CARTAGENA,14.0,MEDICINA,,,306.0,MEDICINA,COMPETENCIAS CIUDADANAS,1.0,,,,,,,,,,Reconoce la existencia de diferentes perspectivas en situaciones en donde interactúan diferentes partes.,47.0,2025
SABER PRO - 2025,PROGRAMA_ACÁDEMICO,APRENDIZAJE_PRUEBA,1577,1,3.0,CARIBE,5.0,BOLIVAR,153.0,CARTAGENA DE INDIAS,9117.0,UNIVERSIDAD DEL SINÚ ELIAS BECHARA ZAINUM - UNISINÚ-,9090.0,UNIVERSIDAD DEL SINÚ 'Elías Bechara Zainúm' - UNISINÚ-CARTAGENA,14.0,MEDICINA,,,306.0,MEDICINA,LECTURA CRÍTICA,1.0,,,,,,,,,,Reflexiona a partir de un texto y evalúa su contenido.,46.0,2025
SABER PRO - 2025,PROGRAMA_ACÁDEMICO,APRENDIZAJE_PRUEBA,1128,1,3.0,CARIBE,5.0,BOLIVAR,153.0,CARTAGENA DE INDIAS,9117.0,UNIVERSIDAD DEL SINÚ ELIAS BECHARA ZAINUM - UNISINÚ-,9090.0,UNIVERSIDAD DEL SINÚ 'Elías Bechara Zainúm' - UNISINÚ-CARTAGENA,14.0,MEDICINA,,,306.0,MEDICINA,PROMOCIÓN DE LA SALUD Y PREVENCIÓN DE LA ENFERMEDAD,34.0,,,,,,,,,,"Integra los conceptos básicos de prevención de la enfermedad, que le permita la priorización de las acciones  por seguir  de  acuerdo con las condiciones de salud de las poblaciones.",52.0,2025
SABER PRO - 2025,PROGRAMA_ACÁDEMICO,APRENDIZAJE_PRUEBA,470,1,3.0,CARIBE,5.0,BOLIVAR,153.0,CARTAGENA DE INDIAS,9117.0,UNIVERSIDAD DEL SINÚ ELIAS BECHARA ZAINUM - UNISINÚ-,9090.0,UNIVERSIDAD DEL SINÚ 'Elías Bechara Zainúm' - UNISINÚ-CARTAGENA,14.0,MEDICINA,,,306.0,MEDICINA,PROMOCIÓN DE LA SALUD Y PREVENCIÓN DE LA ENFERMEDAD,34.0,,,,,,,,,,"Integra los conceptos básicos de promoción de la salud que le permiten priorizar acciones por seguir, de acuerdo con las condiciones de salud de las poblaciones.",61.0,2025
SABER PRO - 2025,PROGRAMA_ACÁDEMICO,APRENDIZAJE_PRUEBA,376,1,3.0,CARIBE,5.0,BOLIVAR,153.0,CARTAGENA DE INDIAS,9117.0,UNIVERSIDAD DEL SINÚ ELIAS BECHARA ZAINUM - UNISINÚ-,9090.0,UNIVERSIDAD DEL SINÚ 'Elías Bechara Zainúm' - UNISINÚ-CARTAGENA,14.0,MEDICINA,,,306.0,MEDICINA,ATENCIÓN EN SALUD,34.0,,,,,,,,,,"Reconoce la política y la normatividad nacional y los acuerdos internacionales suscritos por el Estado colombiano, relacionados con salud pública y los aplica en situaciones concretas que afectan la salud del individuo, la familia y la comunidad.",54.0,2025
SABER PRO - 2025,PROGRAMA_ACÁDEMICO,APRENDIZAJE_PRUEBA,415,1,3.0,CARIBE,5.0,BOLIVAR,153.0,CARTAGENA DE INDIAS,9117.0,UNIVERSIDAD DEL SINÚ ELIAS BECHARA ZAINUM - UNISINÚ-,9090.0,UNIVERSIDAD DEL SINÚ 'Elías Bechara Zainúm' - UNISINÚ-CARTAGENA,14.0,MEDICINA,,,306.0,MEDICINA,COMPETENCIAS CIUDADANAS,1.0,,,,,,,,,,Conoce los derechos y deberes que la Constitución consagra.,51.0,2025
SABER PRO - 2025,PROGRAMA_ACÁDEMICO,APRENDIZAJE_PRUEBA,1123,1,3.0,CARIBE,5.0,BOLIVAR,153.0,CARTAGENA DE INDIAS,9117.0,UNIVERSIDAD DEL SINÚ ELIAS BECHARA ZAINUM - UNISINÚ-,9090.0,UNIVERSIDAD DEL SINÚ 'Elías Bechara Zainúm' - UNISINÚ-CARTAGENA,14.0,MEDICINA,,,306.0,MEDICINA,LECTURA CRÍTICA,1.0,,,,,,,,,,Identifica y entiende los contenidos locales que conforman un texto. ,29.0,2025
SABER PRO - 2025,PROGRAMA_ACÁDEMICO,APRENDIZAJE_PRUEBA,4044,1,3.0,CARIBE,11.0,CORDOBA,432.0,MONTERÍA,9117.0,UNIVERSIDAD DEL SINÚ ELIAS BECHARA ZAINUM - UNISINÚ-,9117.0,UNIVERSIDAD DEL SINÚ 'Elías Bechara Zainúm' - UNISINÚ-MONTERIA,14.0,MEDICINA,,,4989.0,MEDICINA,LECTURA CRÍTICA,1.0,,,,,,,,,,Comprende cómo se articulan las partes de un texto para darle un sentido global.,48.0,2025
SABER PRO - 2025,PROGRAMA_ACÁDEMICO,APRENDIZAJE_PRUEBA,1503,1,3.0,CARIBE,11.0,CORDOBA,432.0,MONTERÍA,9117.0,UNIVERSIDAD DEL SINÚ ELIAS BECHARA ZAINUM - UNISINÚ-,9117.0,UNIVERSIDAD DEL SINÚ 'Elías Bechara Zainúm' - UNISINÚ-MONTERIA,14.0,MEDICINA,,,4989.0,MEDICINA,COMPETENCIAS CIUDADANAS,1.0,,,,,,,,,,Analiza las diferentes perspectivas presentes en situaciones en donde interactúan diferentes partes.,53.0,2025
SABER PRO - 2025,PROGRAMA_ACÁDEMICO,APRENDIZAJE_PRUEBA,3281,1,3.0,CARIBE,11.0,CORDOBA,432.0,MONTERÍA,9117.0,UNIVERSIDAD DEL SINÚ ELIAS BECHARA ZAINUM - UNISINÚ-,9117.0,UNIVERSIDAD DEL SINÚ 'Elías Bechara Zainúm' - UNISINÚ-MONTERIA,14.0,MEDICINA,,,4989.0,MEDICINA,RAZONAMIENTO CUANTITATIVO,1.0,,,,,,,,,,Comprende y transforma la información cuantitativa y esquemática presentada en distintos formatos ,39.0,2025
SABER PRO - 2025,PROGRAMA_ACÁDEMICO,APRENDIZAJE_PRUEBA,3530,1,3.0,CARIBE,11.0,CORDOBA,432.0,MONTERÍA,9117.0,UNIVERSIDAD DEL SINÚ ELIAS BECHARA ZAINUM - UNISINÚ-,9117.0,UNIVERSIDAD DEL SINÚ 'Elías Bechara Zainúm' - UNISINÚ-MONTERIA,14.0,MEDICINA,,,4989.0,MEDICINA,LECTURA CRÍTICA,1.0,,,,,,,,,,Reflexiona a partir de un texto y evalúa su contenido.,44.0,2025
SABER PRO - 2025,PROGRAMA_ACÁDEMICO,APRENDIZAJE_PRUEBA,870,1,3.0,CARIBE,11.0,CORDOBA,432.0,MONTERÍA,9117.0,UNIVERSIDAD DEL SINÚ ELIAS BECHARA ZAINUM - UNISINÚ-,9117.0,UNIVERSIDAD DEL SINÚ 'Elías Bechara Zainúm' - UNISINÚ-MONTERIA,14.0,MEDICINA,,,4989.0,MEDICINA,COMPETENCIAS CIUDADANAS,1.0,,,,,,,,,,Conoce los derechos y deberes que la Constitución consagra.,49.0,2025
SABER PRO - 2025,PROGRAMA_ACÁDEMICO,APRENDIZAJE_PRUEBA,3294,1,3.0,CARIBE,11.0,CORDOBA,432.0,MONTERÍA,9117.0,UNIVERSIDAD DEL SINÚ ELIAS BECHARA ZAINUM - UNISINÚ-,9117.0,UNIVERSIDAD DEL SINÚ 'Elías Bechara Zainúm' - UNISINÚ-MONTERIA,14.0,MEDICINA,,,4989.0,MEDICINA,RAZONAMIENTO CUANTITATIVO,1.0,,,,,,,,,,"Frente a un problema que involucre información cuantitativa, plantea e implementa estrategias que lleven a soluciones adecuadas.",56.0,2025
SABER PRO - 2025,PROGRAMA_ACÁDEMICO,APRENDIZAJE_PRUEBA,2022,1,3.0,CARIBE,11.0,CORDOBA,432.0,MONTERÍA,9117.0,UNIVERSIDAD DEL SINÚ ELIAS BECHARA ZAINUM - UNISINÚ-,9117.0,UNIVERSIDAD DEL SINÚ 'Elías Bechara Zainúm' - UNISINÚ-MONTERIA,14.0,MEDICINA,,,4989.0,MEDICINA,COMPETENCIAS CIUDADANAS,1.0,,,,,,,,,,Analiza y evalúa la pertinencia y solidez de enunciados-discursos.,47.0,2025
SABER PRO - 2025,PROGRAMA_ACÁDEMICO,APRENDIZAJE_PRUEBA,2536,1,3.0,CARIBE,11.0,CORDOBA,432.0,MONTERÍA,9117.0,UNIVERSIDAD DEL SINÚ ELIAS BECHARA ZAINUM - UNISINÚ-,9117.0,UNIVERSIDAD DEL SINÚ 'Elías Bechara Zainúm' - UNISINÚ-MONTERIA,14.0,MEDICINA,,,4989.0,MEDICINA,LECTURA CRÍTICA,1.0,,,,,,,,,,Identifica y entiende los contenidos locales que conforman un texto. ,28.0,2025
SABER PRO - 2025,PROGRAMA_ACÁDEMICO,APRENDIZAJE_PRUEBA,2022,1,3.0,CARIBE,11.0,CORDOBA,432.0,MONTERÍA,9117.0,UNIVERSIDAD DEL SINÚ ELIAS BECHARA ZAINUM - UNISINÚ-,9117.0,UNIVERSIDAD DEL SINÚ 'Elías Bechara Zainúm' - UNISINÚ-MONTERIA,14.0,MEDICINA,,,4989.0,MEDICINA,COMPETENCIAS CIUDADANAS,1.0,,,,,,,,,,Comprende que los problemas y sus soluciones involucran distintas dimensiones y reconoce relaciones entre estas. ,48.0,2025
SABER PRO - 2025,PROGRAMA_ACÁDEMICO,APRENDIZAJE_PRUEBA,1530,1,3.0,CARIBE,11.0,CORDOBA,432.0,MONTERÍA,9117.0,UNIVERSIDAD DEL SINÚ ELIAS BECHARA ZAINUM - UNISINÚ-,9117.0,UNIVERSIDAD DEL SINÚ 'Elías Bechara Zainúm' - UNISINÚ-MONTERIA,14.0,MEDICINA,,,4989.0,MEDICINA,COMPETENCIAS CIUDADANAS,1.0,,,,,,,,,,Reconoce la existencia de diferentes perspectivas en situaciones en donde interactúan diferentes partes.,47.0,2025
SABER PRO - 2025,PROGRAMA_ACÁDEMICO,APRENDIZAJE_PRUEBA,1011,1,3.0,CARIBE,11.0,CORDOBA,432.0,MONTERÍA,9117.0,UNIVERSIDAD DEL SINÚ ELIAS BECHARA ZAINUM - UNISINÚ-,9117.0,UNIVERSIDAD DEL SINÚ 'Elías Bechara Zainúm' - UNISINÚ-MONTERIA,14.0,MEDICINA,,,4989.0,MEDICINA,COMPETENCIAS CIUDADANAS,1.0,,,,,,,,,,Conoce la organización del Estado de acuerdo con la Constitución.,44.0,2025
SABER PRO - 2025,PROGRAMA_ACÁDEMICO,APRENDIZAJE_PRUEBA,1011,1,3.0,CARIBE,11.0,CORDOBA,432.0,MONTERÍA,9117.0,UNIVERSIDAD DEL SINÚ ELIAS BECHARA ZAINUM - UNISINÚ-,9117.0,UNIVERSIDAD DEL SINÚ 'Elías Bechara Zainúm' - UNISINÚ-MONTERIA,14.0,MEDICINA,,,4989.0,MEDICINA,COMPETENCIAS CIUDADANAS,1.0,,,,,,,,,,Comprende qué es la Constitución Política de Colombia y sus principios fundamentales.,49.0,2025
SABER PRO - 2025,PROGRAMA_ACÁDEMICO,APRENDIZAJE_PRUEBA,3535,1,3.0,CARIBE,11.0,CORDOBA,432.0,MONTERÍA,9117.0,UNIVERSIDAD DEL SINÚ ELIAS BECHARA ZAINUM - UNISINÚ-,9117.0,UNIVERSIDAD DEL SINÚ 'Elías Bechara Zainúm' - UNISINÚ-MONTERIA,14.0,MEDICINA,,,4989.0,MEDICINA,RAZONAMIENTO CUANTITATIVO,1.0,,,,,,,,,,Valida procedimientos y  estrategias matemáticas utilizadas para dar solución a problemas.,54.0,2025
SABER PRO - 2025,PROGRAMA_ACÁDEMICO,APRENDIZAJE_PRUEBA,888,1,3.0,CARIBE,16.0,MAGDALENA,661.0,SANTA MARTA,9139.0,UNIVERSIDAD DEL MAGDALENA,9139.0,UNIVERSIDAD DEL MAGDALENA - UNIMAGDALENA-SANTA MARTA,14.0,MEDICINA,,,3150.0,MEDICINA,ATENCIÓN EN SALUD,34.0,,,,,,,,,,"Propone acciones de diagnóstico, ejecución y evaluación en el marco de políticas y lineamientos en salud vigentes.",38.0,2025
SABER PRO - 2025,PROGRAMA_ACÁDEMICO,APRENDIZAJE_PRUEBA,888,1,3.0,CARIBE,16.0,MAGDALENA,661.0,SANTA MARTA,9139.0,UNIVERSIDAD DEL MAGDALENA,9139.0,UNIVERSIDAD DEL MAGDALENA - UNIMAGDALENA-SANTA MARTA,14.0,MEDICINA,,,3150.0,MEDICINA,ATENCIÓN EN SALUD,34.0,,,,,,,,,,"Analiza los determinantes personales, sociales, económicos y ambientales que influyen en el estado de salud del individuo, la familia y la comunidad, para la priorización de acciones a seguir.",36.0,2025
SABER PRO - 2025,PROGRAMA_ACÁDEMICO,APRENDIZAJE_PRUEBA,790,1,3.0,CARIBE,16.0,MAGDALENA,661.0,SANTA MARTA,9139.0,UNIVERSIDAD DEL MAGDALENA,9139.0,UNIVERSIDAD DEL MAGDALENA - UNIMAGDALENA-SANTA MARTA,14.0,MEDICINA,,,3150.0,MEDICINA,RAZONAMIENTO CUANTITATIVO,1.0,,,,,,,,,,Valida procedimientos y  estrategias matemáticas utilizadas para dar solución a problemas.,40.0,2025
SABER PRO - 2025,PROGRAMA_ACÁDEMICO,APRENDIZAJE_PRUEBA,346,1,3.0,CARIBE,16.0,MAGDALENA,661.0,SANTA MARTA,9139.0,UNIVERSIDAD DEL MAGDALENA,9139.0,UNIVERSIDAD DEL MAGDALENA - UNIMAGDALENA-SANTA MARTA,14.0,MEDICINA,,,3150.0,MEDICINA,COMPETENCIAS CIUDADANAS,1.0,,,,,,,,,,Analiza las diferentes perspectivas presentes en situaciones en donde interactúan diferentes partes.,36.0,2025
SABER PRO - 2025,PROGRAMA_ACÁDEMICO,APRENDIZAJE_PRUEBA,690,1,3.0,CARIBE,16.0,MAGDALENA,661.0,SANTA MARTA,9139.0,UNIVERSIDAD DEL MAGDALENA,9139.0,UNIVERSIDAD DEL MAGDALENA - UNIMAGDALENA-SANTA MARTA,14.0,MEDICINA,,,3150.0,MEDICINA,RAZONAMIENTO CUANTITATIVO,1.0,,,,,,,,,,"Frente a un problema que involucre información cuantitativa, plantea e implementa estrategias que lleven a soluciones adecuadas.",44.0,2025
SABER PRO - 2025,PROGRAMA_ACÁDEMICO,APRENDIZAJE_PRUEBA,320,1,3.0,CARIBE,16.0,MAGDALENA,661.0,SANTA MARTA,9139.0,UNIVERSIDAD DEL MAGDALENA,9139.0,UNIVERSIDAD DEL MAGDALENA - UNIMAGDALENA-SANTA MARTA,14.0,MEDICINA,,,3150.0,MEDICINA,COMPETENCIAS CIUDADANAS,1.0,,,,,,,,,,Reconoce la existencia de diferentes perspectivas en situaciones en donde interactúan diferentes partes.,27.0,2025
SABER PRO - 2025,PROGRAMA_ACÁDEMICO,APRENDIZAJE_PRUEBA,444,1,3.0,CARIBE,16.0,MAGDALENA,661.0,SANTA MARTA,9139.0,UNIVERSIDAD DEL MAGDALENA,9139.0,UNIVERSIDAD DEL MAGDALENA - UNIMAGDALENA-SANTA MARTA,14.0,MEDICINA,,,3150.0,MEDICINA,COMPETENCIAS CIUDADANAS,1.0,,,,,,,,,,Analiza y evalúa la pertinencia y solidez de enunciados-discursos.,33.0,2025
SABER PRO - 2025,PROGRAMA_ACÁDEMICO,APRENDIZAJE_PRUEBA,542,1,3.0,CARIBE,16.0,MAGDALENA,661.0,SANTA MARTA,9139.0,UNIVERSIDAD DEL MAGDALENA,9139.0,UNIVERSIDAD DEL MAGDALENA - UNIMAGDALENA-SANTA MARTA,14.0,MEDICINA,,,3150.0,MEDICINA,LECTURA CRÍTICA,1.0,,,,,,,,,,Identifica y entiende los contenidos locales que conforman un texto. ,14.0,2025
SABER PRO - 2025,PROGRAMA_ACÁDEMICO,APRENDIZAJE_PRUEBA,790,1,3.0,CARIBE,16.0,MAGDALENA,661.0,SANTA MARTA,9139.0,UNIVERSIDAD DEL MAGDALENA,9139.0,UNIVERSIDAD DEL MAGDALENA - UNIMAGDALENA-SANTA MARTA,14.0,MEDICINA,,,3150.0,MEDICINA,LECTURA CRÍTICA,1.0,,,,,,,,,,Reflexiona a partir de un texto y evalúa su contenido.,32.0,2025
SABER PRO - 2025,PROGRAMA_ACÁDEMICO,APRENDIZAJE_PRUEBA,592,1,3.0,CARIBE,16.0,MAGDALENA,661.0,SANTA MARTA,9139.0,UNIVERSIDAD DEL MAGDALENA,9139.0,UNIVERSIDAD DEL MAGDALENA - UNIMAGDALENA-SANTA MARTA,14.0,MEDICINA,,,3150.0,MEDICINA,ATENCIÓN EN SALUD,34.0,,,,,,,,,,"Integra el proceso de sistematización de la información, relacionada con la salud del individuo, la familia y la comunidad en la priorización de acciones. ",38.0,2025
SABER PRO - 2025,PROGRAMA_ACÁDEMICO,APRENDIZAJE_PRUEBA,1776,1,3.0,CARIBE,16.0,MAGDALENA,661.0,SANTA MARTA,9139.0,UNIVERSIDAD DEL MAGDALENA,9139.0,UNIVERSIDAD DEL MAGDALENA - UNIMAGDALENA-SANTA MARTA,14.0,MEDICINA,,,3150.0,MEDICINA,PROMOCIÓN DE LA SALUD Y PREVENCIÓN DE LA ENFERMEDAD,34.0,,,,,,,,,,"Integra los conceptos básicos de prevención de la enfermedad, que le permita la priorización de las acciones  por seguir  de  acuerdo con las condiciones de salud de las poblaciones.",32.0,2025
SABER PRO - 2025,PROGRAMA_ACÁDEMICO,APRENDIZAJE_PRUEBA,1702,1,3.0,CARIBE,16.0,MAGDALENA,661.0,SANTA MARTA,9139.0,UNIVERSIDAD DEL MAGDALENA,9139.0,UNIVERSIDAD DEL MAGDALENA - UNIMAGDALENA-SANTA MARTA,14.0,MEDICINA,,,3150.0,MEDICINA,FUNDAMENTACIÓN EN DIAGNÓSTICO Y TRATAMIENTO MÉDICOS,34.0,,,,,,,,,,"Propone un plan de tratamiento de acuerdo con la situación del paciente, a partir de casos clínicos de común ocurrencia en la práctica de los médicos generales.",56.0,2025
SABER PRO - 2025,PROGRAMA_ACÁDEMICO,APRENDIZAJE_PRUEBA,740,1,3.0,CARIBE,16.0,MAGDALENA,661.0,SANTA MARTA,9139.0,UNIVERSIDAD DEL MAGDALENA,9139.0,UNIVERSIDAD DEL MAGDALENA - UNIMAGDALENA-SANTA MARTA,14.0,MEDICINA,,,3150.0,MEDICINA,RAZONAMIENTO CUANTITATIVO,1.0,,,,,,,,,,Comprende y transforma la información cuantitativa y esquemática presentada en distintos formatos ,25.0,2025
SABER PRO - 2025,PROGRAMA_ACÁDEMICO,APRENDIZAJE_PRUEBA,161,1,3.0,CARIBE,16.0,MAGDALENA,661.0,SANTA MARTA,9139.0,UNIVERSIDAD DEL MAGDALENA,9139.0,UNIVERSIDAD DEL MAGDALENA - UNIMAGDALENA-SANTA MARTA,14.0,MEDICINA,,,3150.0,MEDICINA,COMPETENCIAS CIUDADANAS,1.0,,,,,,,,,,Conoce los derechos y deberes que la Constitución consagra.,25.0,2025
SABER PRO - 2025,PROGRAMA_ACÁDEMICO,APRENDIZAJE_PRUEBA,740,1,3.0,CARIBE,16.0,MAGDALENA,661.0,SANTA MARTA,9139.0,UNIVERSIDAD DEL MAGDALENA,9139.0,UNIVERSIDAD DEL MAGDALENA - UNIMAGDALENA-SANTA MARTA,14.0,MEDICINA,,,3150.0,MEDICINA,PROMOCIÓN DE LA SALUD Y PREVENCIÓN DE LA ENFERMEDAD,34.0,,,,,,,,,,"Integra los conceptos básicos de promoción de la salud que le permiten priorizar acciones por seguir, de acuerdo con las condiciones de salud de las poblaciones.",37.0,2025
SABER PRO - 2025,PROGRAMA_ACÁDEMICO,APRENDIZAJE_PRUEBA,222,1,3.0,CARIBE,16.0,MAGDALENA,661.0,SANTA MARTA,9139.0,UNIVERSIDAD DEL MAGDALENA,9139.0,UNIVERSIDAD DEL MAGDALENA - UNIMAGDALENA-SANTA MARTA,14.0,MEDICINA,,,3150.0,MEDICINA,COMPETENCIAS CIUDADANAS,1.0,,,,,,,,,,Comprende qué es la Constitución Política de Colombia y sus principios fundamentales.,24.0,2025
SABER PRO - 2025,PROGRAMA_ACÁDEMICO,APRENDIZAJE_PRUEBA,444,1,3.0,CARIBE,16.0,MAGDALENA,661.0,SANTA MARTA,9139.0,UNIVERSIDAD DEL MAGDALENA,9139.0,UNIVERSIDAD DEL MAGDALENA - UNIMAGDALENA-SANTA MARTA,14.0,MEDICINA,,,3150.0,MEDICINA,COMPETENCIAS CIUDADANAS,1.0,,,,,,,,,,Comprende que los problemas y sus soluciones involucran distintas dimensiones y reconoce relaciones entre estas. ,25.0,2025
SABER PRO - 2025,PROGRAMA_ACÁDEMICO,APRENDIZAJE_PRUEBA,592,1,3.0,CARIBE,16.0,MAGDALENA,661.0,SANTA MARTA,9139.0,UNIVERSIDAD DEL MAGDALENA,9139.0,UNIVERSIDAD DEL MAGDALENA - UNIMAGDALENA-SANTA MARTA,14.0,MEDICINA,,,3150.0,MEDICINA,ATENCIÓN EN SALUD,34.0,,,,,,,,,,"Reconoce la política y la normatividad nacional y los acuerdos internacionales suscritos por el Estado colombiano, relacionados con salud pública y los aplica en situaciones concretas que afectan la salud del individuo, la familia y la comunidad.",32.0,2025
SABER PRO - 2025,PROGRAMA_ACÁDEMICO,APRENDIZAJE_PRUEBA,222,1,3.0,CARIBE,16.0,MAGDALENA,661.0,SANTA MARTA,9139.0,UNIVERSIDAD DEL MAGDALENA,9139.0,UNIVERSIDAD DEL MAGDALENA - UNIMAGDALENA-SANTA MARTA,14.0,MEDICINA,,,3150.0,MEDICINA,COMPETENCIAS CIUDADANAS,1.0,,,,,,,,,,Conoce la organización del Estado de acuerdo con la Constitución.,24.0,2025
SABER PRO - 2025,PROGRAMA_ACÁDEMICO,APRENDIZAJE_PRUEBA,888,1,3.0,CARIBE,16.0,MAGDALENA,661.0,SANTA MARTA,9139.0,UNIVERSIDAD DEL MAGDALENA,9139.0,UNIVERSIDAD DEL MAGDALENA - UNIMAGDALENA-SANTA MARTA,14.0,MEDICINA,,,3150.0,MEDICINA,LECTURA CRÍTICA,1.0,,,,,,,,,,Comprende cómo se articulan las partes de un texto para darle un sentido global.,33.0,2025
SABER PRO - 2025,PROGRAMA_ACÁDEMICO,APRENDIZAJE_PRUEBA,2442,1,3.0,CARIBE,16.0,MAGDALENA,661.0,SANTA MARTA,9139.0,UNIVERSIDAD DEL MAGDALENA,9139.0,UNIVERSIDAD DEL MAGDALENA - UNIMAGDALENA-SANTA MARTA,14.0,MEDICINA,,,3150.0,MEDICINA,FUNDAMENTACIÓN EN DIAGNÓSTICO Y TRATAMIENTO MÉDICOS,34.0,,,,,,,,,,"Determina la situación de salud o enfermedad de niños, jóvenes y adultos (hombres y mujeres), a partir de casos clínicos de común ocurrencia en la práctica de los médicos generales.",48.0,2025
SABER PRO - 2025,PROGRAMA_ACÁDEMICO,APRENDIZAJE_PRUEBA,105,1,3.0,CARIBE,23.0,SUCRE,937.0,SINCELEJO,9188.0,UNIVERSIDAD DE SUCRE,9188.0,UNIVERSIDAD DE SUCRE-SINCELEJO,14.0,MEDICINA,,,7099.0,MEDICINA,COMPETENCIAS CIUDADANAS,1.0,,,,,,,,,,Comprende qué es la Constitución Política de Colombia y sus principios fundamentales.,30.0,2025
SABER PRO - 2025,PROGRAMA_ACÁDEMICO,APRENDIZAJE_PRUEBA,280,1,3.0,CARIBE,23.0,SUCRE,937.0,SINCELEJO,9188.0,UNIVERSIDAD DE SUCRE,9188.0,UNIVERSIDAD DE SUCRE-SINCELEJO,14.0,MEDICINA,,,7099.0,MEDICINA,ATENCIÓN EN SALUD,34.0,,,,,,,,,,"Reconoce la política y la normatividad nacional y los acuerdos internacionales suscritos por el Estado colombiano, relacionados con salud pública y los aplica en situaciones concretas que afectan la salud del individuo, la familia y la comunidad.",30.0,2025
SABER PRO - 2025,PROGRAMA_ACÁDEMICO,APRENDIZAJE_PRUEBA,420,1,3.0,CARIBE,23.0,SUCRE,937.0,SINCELEJO,9188.0,UNIVERSIDAD DE SUCRE,9188.0,UNIVERSIDAD DE SUCRE-SINCELEJO,14.0,MEDICINA,,,7099.0,MEDICINA,LECTURA CRÍTICA,1.0,,,,,,,,,,Comprende cómo se articulan las partes de un texto para darle un sentido global.,27.0,2025
SABER PRO - 2025,PROGRAMA_ACÁDEMICO,APRENDIZAJE_PRUEBA,253,1,3.0,CARIBE,23.0,SUCRE,937.0,SINCELEJO,9188.0,UNIVERSIDAD DE SUCRE,9188.0,UNIVERSIDAD DE SUCRE-SINCELEJO,14.0,MEDICINA,,,7099.0,MEDICINA,LECTURA CRÍTICA,1.0,,,,,,,,,,Identifica y entiende los contenidos locales que conforman un texto. ,14.0,2025
SABER PRO - 2025,PROGRAMA_ACÁDEMICO,APRENDIZAJE_PRUEBA,210,1,3.0,CARIBE,23.0,SUCRE,937.0,SINCELEJO,9188.0,UNIVERSIDAD DE SUCRE,9188.0,UNIVERSIDAD DE SUCRE-SINCELEJO,14.0,MEDICINA,,,7099.0,MEDICINA,COMPETENCIAS CIUDADANAS,1.0,,,,,,,,,,Analiza y evalúa la pertinencia y solidez de enunciados-discursos.,36.0,2025
SABER PRO - 2025,PROGRAMA_ACÁDEMICO,APRENDIZAJE_PRUEBA,350,1,3.0,CARIBE,23.0,SUCRE,937.0,SINCELEJO,9188.0,UNIVERSIDAD DE SUCRE,9188.0,UNIVERSIDAD DE SUCRE-SINCELEJO,14.0,MEDICINA,,,7099.0,MEDICINA,RAZONAMIENTO CUANTITATIVO,1.0,,,,,,,,,,Comprende y transforma la información cuantitativa y esquemática presentada en distintos formatos ,23.0,2025
SABER PRO - 2025,PROGRAMA_ACÁDEMICO,APRENDIZAJE_PRUEBA,377,1,3.0,CARIBE,23.0,SUCRE,937.0,SINCELEJO,9188.0,UNIVERSIDAD DE SUCRE,9188.0,UNIVERSIDAD DE SUCRE-SINCELEJO,14.0,MEDICINA,,,7099.0,MEDICINA,RAZONAMIENTO CUANTITATIVO,1.0,,,,,,,,,,Valida procedimientos y  estrategias matemáticas utilizadas para dar solución a problemas.,33.0,2025
SABER PRO - 2025,PROGRAMA_ACÁDEMICO,APRENDIZAJE_PRUEBA,420,1,3.0,CARIBE,23.0,SUCRE,937.0,SINCELEJO,9188.0,UNIVERSIDAD DE SUCRE,9188.0,UNIVERSIDAD DE SUCRE-SINCELEJO,14.0,MEDICINA,,,7099.0,MEDICINA,ATENCIÓN EN SALUD,34.0,,,,,,,,,,"Analiza los determinantes personales, sociales, económicos y ambientales que influyen en el estado de salud del individuo, la familia y la comunidad, para la priorización de acciones a seguir.",34.0,2025
SABER PRO - 2025,PROGRAMA_ACÁDEMICO,APRENDIZAJE_PRUEBA,840,1,3.0,CARIBE,23.0,SUCRE,937.0,SINCELEJO,9188.0,UNIVERSIDAD DE SUCRE,9188.0,UNIVERSIDAD DE SUCRE-SINCELEJO,14.0,MEDICINA,,,7099.0,MEDICINA,PROMOCIÓN DE LA SALUD Y PREVENCIÓN DE LA ENFERMEDAD,34.0,,,,,,,,,,"Integra los conceptos básicos de prevención de la enfermedad, que le permita la priorización de las acciones  por seguir  de  acuerdo con las condiciones de salud de las poblaciones.",32.0,2025
SABER PRO - 2025,PROGRAMA_ACÁDEMICO,APRENDIZAJE_PRUEBA,323,1,3.0,CARIBE,23.0,SUCRE,937.0,SINCELEJO,9188.0,UNIVERSIDAD DE SUCRE,9188.0,UNIVERSIDAD DE SUCRE-SINCELEJO,14.0,MEDICINA,,,7099.0,MEDICINA,RAZONAMIENTO CUANTITATIVO,1.0,,,,,,,,,,"Frente a un problema que involucre información cuantitativa, plantea e implementa estrategias que lleven a soluciones adecuadas.",41.0,2025
SABER PRO - 2025,PROGRAMA_ACÁDEMICO,APRENDIZAJE_PRUEBA,105,1,3.0,CARIBE,23.0,SUCRE,937.0,SINCELEJO,9188.0,UNIVERSIDAD DE SUCRE,9188.0,UNIVERSIDAD DE SUCRE-SINCELEJO,14.0,MEDICINA,,,7099.0,MEDICINA,COMPETENCIAS CIUDADANAS,1.0,,,,,,,,,,Conoce la organización del Estado de acuerdo con la Constitución.,23.0,2025
SABER PRO - 2025,PROGRAMA_ACÁDEMICO,APRENDIZAJE_PRUEBA,805,1,3.0,CARIBE,23.0,SUCRE,937.0,SINCELEJO,9188.0,UNIVERSIDAD DE SUCRE,9188.0,UNIVERSIDAD DE SUCRE-SINCELEJO,14.0,MEDICINA,,,7099.0,MEDICINA,FUNDAMENTACIÓN EN DIAGNÓSTICO Y TRATAMIENTO MÉDICOS,34.0,,,,,,,,,,"Propone un plan de tratamiento de acuerdo con la situación del paciente, a partir de casos clínicos de común ocurrencia en la práctica de los médicos generales.",57.0,2025
SABER PRO - 2025,PROGRAMA_ACÁDEMICO,APRENDIZAJE_PRUEBA,148,1,3.0,CARIBE,23.0,SUCRE,937.0,SINCELEJO,9188.0,UNIVERSIDAD DE SUCRE,9188.0,UNIVERSIDAD DE SUCRE-SINCELEJO,14.0,MEDICINA,,,7099.0,MEDICINA,COMPETENCIAS CIUDADANAS,1.0,,,,,,,,,,Reconoce la existencia de diferentes perspectivas en situaciones en donde interactúan diferentes partes.,33.0,2025
SABER PRO - 2025,PROGRAMA_ACÁDEMICO,APRENDIZAJE_PRUEBA,210,1,3.0,CARIBE,23.0,SUCRE,937.0,SINCELEJO,9188.0,UNIVERSIDAD DE SUCRE,9188.0,UNIVERSIDAD DE SUCRE-SINCELEJO,14.0,MEDICINA,,,7099.0,MEDICINA,COMPETENCIAS CIUDADANAS,1.0,,,,,,,,,,Comprende que los problemas y sus soluciones involucran distintas dimensiones y reconoce relaciones entre estas. ,30.0,2025
SABER PRO - 2025,PROGRAMA_ACÁDEMICO,APRENDIZAJE_PRUEBA,377,1,3.0,CARIBE,23.0,SUCRE,937.0,SINCELEJO,9188.0,UNIVERSIDAD DE SUCRE,9188.0,UNIVERSIDAD DE SUCRE-SINCELEJO,14.0,MEDICINA,,,7099.0,MEDICINA,LECTURA CRÍTICA,1.0,,,,,,,,,,Reflexiona a partir de un texto y evalúa su contenido.,31.0,2025
SABER PRO - 2025,PROGRAMA_ACÁDEMICO,APRENDIZAJE_PRUEBA,420,1,3.0,CARIBE,23.0,SUCRE,937.0,SINCELEJO,9188.0,UNIVERSIDAD DE SUCRE,9188.0,UNIVERSIDAD DE SUCRE-SINCELEJO,14.0,MEDICINA,,,7099.0,MEDICINA,ATENCIÓN EN SALUD,34.0,,,,,,,,,,"Propone acciones de diagnóstico, ejecución y evaluación en el marco de políticas y lineamientos en salud vigentes.",41.0,2025
SABER PRO - 2025,PROGRAMA_ACÁDEMICO,APRENDIZAJE_PRUEBA,280,1,3.0,CARIBE,23.0,SUCRE,937.0,SINCELEJO,9188.0,UNIVERSIDAD DE SUCRE,9188.0,UNIVERSIDAD DE SUCRE-SINCELEJO,14.0,MEDICINA,,,7099.0,MEDICINA,ATENCIÓN EN SALUD,34.0,,,,,,,,,,"Integra el proceso de sistematización de la información, relacionada con la salud del individuo, la familia y la comunidad en la priorización de acciones. ",33.0,2025
SABER PRO - 2025,PROGRAMA_ACÁDEMICO,APRENDIZAJE_PRUEBA,1155,1,3.0,CARIBE,23.0,SUCRE,937.0,SINCELEJO,9188.0,UNIVERSIDAD DE SUCRE,9188.0,UNIVERSIDAD DE SUCRE-SINCELEJO,14.0,MEDICINA,,,7099.0,MEDICINA,FUNDAMENTACIÓN EN DIAGNÓSTICO Y TRATAMIENTO MÉDICOS,34.0,,,,,,,,,,"Determina la situación de salud o enfermedad de niños, jóvenes y adultos (hombres y mujeres), a partir de casos clínicos de común ocurrencia en la práctica de los médicos generales.",46.0,2025
SABER PRO - 2025,PROGRAMA_ACÁDEMICO,APRENDIZAJE_PRUEBA,350,1,3.0,CARIBE,23.0,SUCRE,937.0,SINCELEJO,9188.0,UNIVERSIDAD DE SUCRE,9188.0,UNIVERSIDAD DE SUCRE-SINCELEJO,14.0,MEDICINA,,,7099.0,MEDICINA,PROMOCIÓN DE LA SALUD Y PREVENCIÓN DE LA ENFERMEDAD,34.0,,,,,,,,,,"Integra los conceptos básicos de promoción de la salud que le permiten priorizar acciones por seguir, de acuerdo con las condiciones de salud de las poblaciones.",41.0,2025
SABER PRO - 2025,PROGRAMA_ACÁDEMICO,APRENDIZAJE_PRUEBA,81,1,3.0,CARIBE,23.0,SUCRE,937.0,SINCELEJO,9188.0,UNIVERSIDAD DE SUCRE,9188.0,UNIVERSIDAD DE SUCRE-SINCELEJO,14.0,MEDICINA,,,7099.0,MEDICINA,COMPETENCIAS CIUDADANAS,1.0,,,,,,,,,,Conoce los derechos y deberes que la Constitución consagra.,26.0,2025
SABER PRO - 2025,PROGRAMA_ACÁDEMICO,APRENDIZAJE_PRUEBA,167,1,3.0,CARIBE,23.0,SUCRE,937.0,SINCELEJO,9188.0,UNIVERSIDAD DE SUCRE,9188.0,UNIVERSIDAD DE SUCRE-SINCELEJO,14.0,MEDICINA,,,7099.0,MEDICINA,COMPETENCIAS CIUDADANAS,1.0,,,,,,,,,,Analiza las diferentes perspectivas presentes en situaciones en donde interactúan diferentes partes.,34.0,2025
SABER PRO - 2025,PROGRAMA_ACÁDEMICO,APRENDIZAJE_PRUEBA,732,1,6.0,PACÍFICA,9.0,CAUCA,365.0,POPAYÁN,9106.0,UNIVERSIDAD DEL CAUCA,9106.0,UNIVERSIDAD DEL CAUCA-POPAYAN,14.0,MEDICINA,,,6655.0,MEDICINA,LECTURA CRÍTICA,1.0,,,,,,,,,,Comprende cómo se articulan las partes de un texto para darle un sentido global.,34.0,2025
SABER PRO - 2025,PROGRAMA_ACÁDEMICO,APRENDIZAJE_PRUEBA,461,1,6.0,PACÍFICA,9.0,CAUCA,365.0,POPAYÁN,9106.0,UNIVERSIDAD DEL CAUCA,9106.0,UNIVERSIDAD DEL CAUCA-POPAYAN,14.0,MEDICINA,,,6655.0,MEDICINA,LECTURA CRÍTICA,1.0,,,,,,,,,,Identifica y entiende los contenidos locales que conforman un texto. ,19.0,2025
SABER PRO - 2025,PROGRAMA_ACÁDEMICO,APRENDIZAJE_PRUEBA,366,1,6.0,PACÍFICA,9.0,CAUCA,365.0,POPAYÁN,9106.0,UNIVERSIDAD DEL CAUCA,9106.0,UNIVERSIDAD DEL CAUCA-POPAYAN,14.0,MEDICINA,,,6655.0,MEDICINA,COMPETENCIAS CIUDADANAS,1.0,,,,,,,,,,Analiza y evalúa la pertinencia y solidez de enunciados-discursos.,32.0,2025
SABER PRO - 2025,PROGRAMA_ACÁDEMICO,APRENDIZAJE_PRUEBA,183,1,6.0,PACÍFICA,9.0,CAUCA,365.0,POPAYÁN,9106.0,UNIVERSIDAD DEL CAUCA,9106.0,UNIVERSIDAD DEL CAUCA-POPAYAN,14.0,MEDICINA,,,6655.0,MEDICINA,COMPETENCIAS CIUDADANAS,1.0,,,,,,,,,,Comprende qué es la Constitución Política de Colombia y sus principios fundamentales.,31.0,2025
SABER PRO - 2025,PROGRAMA_ACÁDEMICO,APRENDIZAJE_PRUEBA,600,1,6.0,PACÍFICA,9.0,CAUCA,365.0,POPAYÁN,9106.0,UNIVERSIDAD DEL CAUCA,9106.0,UNIVERSIDAD DEL CAUCA-POPAYAN,14.0,MEDICINA,,,6655.0,MEDICINA,RAZONAMIENTO CUANTITATIVO,1.0,,,,,,,,,,"Frente a un problema que involucre información cuantitativa, plantea e implementa estrategias que lleven a soluciones adecuadas.",34.0,2025
SABER PRO - 2025,PROGRAMA_ACÁDEMICO,APRENDIZAJE_PRUEBA,164,1,6.0,PACÍFICA,9.0,CAUCA,365.0,POPAYÁN,9106.0,UNIVERSIDAD DEL CAUCA,9106.0,UNIVERSIDAD DEL CAUCA-POPAYAN,14.0,MEDICINA,,,6655.0,MEDICINA,COMPETENCIAS CIUDADANAS,1.0,,,,,,,,,,Conoce los derechos y deberes que la Constitución consagra.,29.0,2025
SABER PRO - 2025,PROGRAMA_ACÁDEMICO,APRENDIZAJE_PRUEBA,366,1,6.0,PACÍFICA,9.0,CAUCA,365.0,POPAYÁN,9106.0,UNIVERSIDAD DEL CAUCA,9106.0,UNIVERSIDAD DEL CAUCA-POPAYAN,14.0,MEDICINA,,,6655.0,MEDICINA,COMPETENCIAS CIUDADANAS,1.0,,,,,,,,,,Comprende que los problemas y sus soluciones involucran distintas dimensiones y reconoce relaciones entre estas. ,31.0,2025
SABER PRO - 2025,PROGRAMA_ACÁDEMICO,APRENDIZAJE_PRUEBA,593,1,6.0,PACÍFICA,9.0,CAUCA,365.0,POPAYÁN,9106.0,UNIVERSIDAD DEL CAUCA,9106.0,UNIVERSIDAD DEL CAUCA-POPAYAN,14.0,MEDICINA,,,6655.0,MEDICINA,RAZONAMIENTO CUANTITATIVO,1.0,,,,,,,,,,Comprende y transforma la información cuantitativa y esquemática presentada en distintos formatos ,17.0,2025
SABER PRO - 2025,PROGRAMA_ACÁDEMICO,APRENDIZAJE_PRUEBA,183,1,6.0,PACÍFICA,9.0,CAUCA,365.0,POPAYÁN,9106.0,UNIVERSIDAD DEL CAUCA,9106.0,UNIVERSIDAD DEL CAUCA-POPAYAN,14.0,MEDICINA,,,6655.0,MEDICINA,COMPETENCIAS CIUDADANAS,1.0,,,,,,,,,,Conoce la organización del Estado de acuerdo con la Constitución.,32.0,2025
SABER PRO - 2025,PROGRAMA_ACÁDEMICO,APRENDIZAJE_PRUEBA,637,1,6.0,PACÍFICA,9.0,CAUCA,365.0,POPAYÁN,9106.0,UNIVERSIDAD DEL CAUCA,9106.0,UNIVERSIDAD DEL CAUCA-POPAYAN,14.0,MEDICINA,,,6655.0,MEDICINA,LECTURA CRÍTICA,1.0,,,,,,,,,,Reflexiona a partir de un texto y evalúa su contenido.,33.0,2025
SABER PRO - 2025,PROGRAMA_ACÁDEMICO,APRENDIZAJE_PRUEBA,637,1,6.0,PACÍFICA,9.0,CAUCA,365.0,POPAYÁN,9106.0,UNIVERSIDAD DEL CAUCA,9106.0,UNIVERSIDAD DEL CAUCA-POPAYAN,14.0,MEDICINA,,,6655.0,MEDICINA,RAZONAMIENTO CUANTITATIVO,1.0,,,,,,,,,,Valida procedimientos y  estrategias matemáticas utilizadas para dar solución a problemas.,29.0,2025
SABER PRO - 2025,PROGRAMA_ACÁDEMICO,APRENDIZAJE_PRUEBA,275,1,6.0,PACÍFICA,9.0,CAUCA,365.0,POPAYÁN,9106.0,UNIVERSIDAD DEL CAUCA,9106.0,UNIVERSIDAD DEL CAUCA-POPAYAN,14.0,MEDICINA,,,6655.0,MEDICINA,COMPETENCIAS CIUDADANAS,1.0,,,,,,,,,,Analiza las diferentes perspectivas presentes en situaciones en donde interactúan diferentes partes.,32.0,2025
SABER PRO - 2025,PROGRAMA_ACÁDEMICO,APRENDIZAJE_PRUEBA,274,1,6.0,PACÍFICA,9.0,CAUCA,365.0,POPAYÁN,9106.0,UNIVERSIDAD DEL CAUCA,9106.0,UNIVERSIDAD DEL CAUCA-POPAYAN,14.0,MEDICINA,,,6655.0,MEDICINA,COMPETENCIAS CIUDADANAS,1.0,,,,,,,,,,Reconoce la existencia de diferentes perspectivas en situaciones en donde interactúan diferentes partes.,27.0,2025
SABER PRO - 2025,PROGRAMA_ACÁDEMICO,APRENDIZAJE_PRUEBA,172,1,6.0,PACÍFICA,18.0,NARIÑO,720.0,PASTO,9146.0,UNIVERSIDAD DE NARIÑO,9146.0,UNIVERSIDAD DE NARIÑO-PASTO,8.0,CIENCIAS AGROPECUARIAS ,,,499.0,MEDICINA VETERINARIA,COMPETENCIAS CIUDADANAS,1.0,,,,,,,,,,Analiza las diferentes perspectivas presentes en situaciones en donde interactúan diferentes partes.,49.0,2025
SABER PRO - 2025,PROGRAMA_ACÁDEMICO,APRENDIZAJE_PRUEBA,228,1,6.0,PACÍFICA,18.0,NARIÑO,720.0,PASTO,9146.0,UNIVERSIDAD DE NARIÑO,9146.0,UNIVERSIDAD DE NARIÑO-PASTO,8.0,CIENCIAS AGROPECUARIAS ,,,499.0,MEDICINA VETERINARIA,COMPETENCIAS CIUDADANAS,1.0,,,,,,,,,,Comprende que los problemas y sus soluciones involucran distintas dimensiones y reconoce relaciones entre estas. ,43.0,2025
SABER PRO - 2025,PROGRAMA_ACÁDEMICO,APRENDIZAJE_PRUEBA,358,1,6.0,PACÍFICA,18.0,NARIÑO,720.0,PASTO,9146.0,UNIVERSIDAD DE NARIÑO,9146.0,UNIVERSIDAD DE NARIÑO-PASTO,14.0,MEDICINA,,,1513.0,MEDICINA,RAZONAMIENTO CUANTITATIVO,1.0,,,,,,,,,,Valida procedimientos y  estrategias matemáticas utilizadas para dar solución a problemas.,46.0,2025
SABER PRO - 2025,PROGRAMA_ACÁDEMICO,APRENDIZAJE_PRUEBA,330,1,6.0,PACÍFICA,18.0,NARIÑO,720.0,PASTO,9146.0,UNIVERSIDAD DE NARIÑO,9146.0,UNIVERSIDAD DE NARIÑO-PASTO,14.0,MEDICINA,,,1513.0,MEDICINA,RAZONAMIENTO CUANTITATIVO,1.0,,,,,,,,,,Comprende y transforma la información cuantitativa y esquemática presentada en distintos formatos ,32.0,2025
SABER PRO - 2025,PROGRAMA_ACÁDEMICO,APRENDIZAJE_PRUEBA,358,1,6.0,PACÍFICA,18.0,NARIÑO,720.0,PASTO,9146.0,UNIVERSIDAD DE NARIÑO,9146.0,UNIVERSIDAD DE NARIÑO-PASTO,14.0,MEDICINA,,,1513.0,MEDICINA,LECTURA CRÍTICA,1.0,,,,,,,,,,Reflexiona a partir de un texto y evalúa su contenido.,44.0,2025
SABER PRO - 2025,PROGRAMA_ACÁDEMICO,APRENDIZAJE_PRUEBA,362,1,6.0,PACÍFICA,18.0,NARIÑO,720.0,PASTO,9146.0,UNIVERSIDAD DE NARIÑO,9146.0,UNIVERSIDAD DE NARIÑO-PASTO,8.0,CIENCIAS AGROPECUARIAS ,,,499.0,MEDICINA VETERINARIA,RAZONAMIENTO CUANTITATIVO,1.0,,,,,,,,,,Comprende y transforma la información cuantitativa y esquemática presentada en distintos formatos ,29.0,2025
SABER PRO - 2025,PROGRAMA_ACÁDEMICO,APRENDIZAJE_PRUEBA,114,1,6.0,PACÍFICA,18.0,NARIÑO,720.0,PASTO,9146.0,UNIVERSIDAD DE NARIÑO,9146.0,UNIVERSIDAD DE NARIÑO-PASTO,8.0,CIENCIAS AGROPECUARIAS ,,,499.0,MEDICINA VETERINARIA,COMPETENCIAS CIUDADANAS,1.0,,,,,,,,,,Comprende qué es la Constitución Política de Colombia y sus principios fundamentales.,31.0,2025
SABER PRO - 2025,PROGRAMA_ACÁDEMICO,APRENDIZAJE_PRUEBA,228,1,6.0,PACÍFICA,18.0,NARIÑO,720.0,PASTO,9146.0,UNIVERSIDAD DE NARIÑO,9146.0,UNIVERSIDAD DE NARIÑO-PASTO,8.0,CIENCIAS AGROPECUARIAS ,,,499.0,MEDICINA VETERINARIA,COMPETENCIAS CIUDADANAS,1.0,,,,,,,,,,Analiza y evalúa la pertinencia y solidez de enunciados-discursos.,50.0,2025
SABER PRO - 2025,PROGRAMA_ACÁDEMICO,APRENDIZAJE_PRUEBA,264,1,6.0,PACÍFICA,18.0,NARIÑO,720.0,PASTO,9146.0,UNIVERSIDAD DE NARIÑO,9146.0,UNIVERSIDAD DE NARIÑO-PASTO,14.0,MEDICINA,,,1513.0,MEDICINA,ATENCIÓN EN SALUD,34.0,,,,,,,,,,"Integra el proceso de sistematización de la información, relacionada con la salud del individuo, la familia y la comunidad en la priorización de acciones. ",48.0,2025
SABER PRO - 2025,PROGRAMA_ACÁDEMICO,APRENDIZAJE_PRUEBA,80,1,6.0,PACÍFICA,18.0,NARIÑO,720.0,PASTO,9146.0,UNIVERSIDAD DE NARIÑO,9146.0,UNIVERSIDAD DE NARIÑO-PASTO,14.0,MEDICINA,,,1513.0,MEDICINA,COMPETENCIAS CIUDADANAS,1.0,,,,,,,,,,Conoce los derechos y deberes que la Constitución consagra.,33.0,2025
SABER PRO - 2025,PROGRAMA_ACÁDEMICO,APRENDIZAJE_PRUEBA,160,1,6.0,PACÍFICA,18.0,NARIÑO,720.0,PASTO,9146.0,UNIVERSIDAD DE NARIÑO,9146.0,UNIVERSIDAD DE NARIÑO-PASTO,14.0,MEDICINA,,,1513.0,MEDICINA,COMPETENCIAS CIUDADANAS,1.0,,,,,,,,,,Analiza las diferentes perspectivas presentes en situaciones en donde interactúan diferentes partes.,46.0,2025
SABER PRO - 2025,PROGRAMA_ACÁDEMICO,APRENDIZAJE_PRUEBA,378,1,6.0,PACÍFICA,18.0,NARIÑO,720.0,PASTO,9146.0,UNIVERSIDAD DE NARIÑO,9146.0,UNIVERSIDAD DE NARIÑO-PASTO,8.0,CIENCIAS AGROPECUARIAS ,,,499.0,MEDICINA VETERINARIA,RAZONAMIENTO CUANTITATIVO,1.0,,,,,,,,,,"Frente a un problema que involucre información cuantitativa, plantea e implementa estrategias que lleven a soluciones adecuadas.",63.0,2025
SABER PRO - 2025,PROGRAMA_ACÁDEMICO,APRENDIZAJE_PRUEBA,114,1,6.0,PACÍFICA,18.0,NARIÑO,720.0,PASTO,9146.0,UNIVERSIDAD DE NARIÑO,9146.0,UNIVERSIDAD DE NARIÑO-PASTO,8.0,CIENCIAS AGROPECUARIAS ,,,499.0,MEDICINA VETERINARIA,COMPETENCIAS CIUDADANAS,1.0,,,,,,,,,,Conoce la organización del Estado de acuerdo con la Constitución.,41.0,2025
SABER PRO - 2025,PROGRAMA_ACÁDEMICO,APRENDIZAJE_PRUEBA,264,1,6.0,PACÍFICA,18.0,NARIÑO,720.0,PASTO,9146.0,UNIVERSIDAD DE NARIÑO,9146.0,UNIVERSIDAD DE NARIÑO-PASTO,14.0,MEDICINA,,,1513.0,MEDICINA,ATENCIÓN EN SALUD,34.0,,,,,,,,,,"Reconoce la política y la normatividad nacional y los acuerdos internacionales suscritos por el Estado colombiano, relacionados con salud pública y los aplica en situaciones concretas que afectan la salud del individuo, la familia y la comunidad.",42.0,2025
SABER PRO - 2025,PROGRAMA_ACÁDEMICO,APRENDIZAJE_PRUEBA,170,1,6.0,PACÍFICA,18.0,NARIÑO,720.0,PASTO,9146.0,UNIVERSIDAD DE NARIÑO,9146.0,UNIVERSIDAD DE NARIÑO-PASTO,8.0,CIENCIAS AGROPECUARIAS ,,,499.0,MEDICINA VETERINARIA,COMPETENCIAS CIUDADANAS,1.0,,,,,,,,,,Reconoce la existencia de diferentes perspectivas en situaciones en donde interactúan diferentes partes.,36.0,2025
SABER PRO - 2025,PROGRAMA_ACÁDEMICO,APRENDIZAJE_PRUEBA,137,1,6.0,PACÍFICA,18.0,NARIÑO,720.0,PASTO,9146.0,UNIVERSIDAD DE NARIÑO,9146.0,UNIVERSIDAD DE NARIÑO-PASTO,14.0,MEDICINA,,,1513.0,MEDICINA,COMPETENCIAS CIUDADANAS,1.0,,,,,,,,,,Reconoce la existencia de diferentes perspectivas en situaciones en donde interactúan diferentes partes.,40.0,2025
SABER PRO - 2025,PROGRAMA_ACÁDEMICO,APRENDIZAJE_PRUEBA,285,1,6.0,PACÍFICA,18.0,NARIÑO,720.0,PASTO,9146.0,UNIVERSIDAD DE NARIÑO,9146.0,UNIVERSIDAD DE NARIÑO-PASTO,8.0,CIENCIAS AGROPECUARIAS ,,,499.0,MEDICINA VETERINARIA,LECTURA CRÍTICA,1.0,,,,,,,,,,Identifica y entiende los contenidos locales que conforman un texto. ,21.0,2025
SABER PRO - 2025,PROGRAMA_ACÁDEMICO,APRENDIZAJE_PRUEBA,1089,1,6.0,PACÍFICA,18.0,NARIÑO,720.0,PASTO,9146.0,UNIVERSIDAD DE NARIÑO,9146.0,UNIVERSIDAD DE NARIÑO-PASTO,14.0,MEDICINA,,,1513.0,MEDICINA,FUNDAMENTACIÓN EN DIAGNÓSTICO Y TRATAMIENTO MÉDICOS,34.0,,,,,,,,,,"Determina la situación de salud o enfermedad de niños, jóvenes y adultos (hombres y mujeres), a partir de casos clínicos de común ocurrencia en la práctica de los médicos generales.",52.0,2025
SABER PRO - 2025,PROGRAMA_ACÁDEMICO,APRENDIZAJE_PRUEBA,399,1,6.0,PACÍFICA,18.0,NARIÑO,720.0,PASTO,9146.0,UNIVERSIDAD DE NARIÑO,9146.0,UNIVERSIDAD DE NARIÑO-PASTO,8.0,CIENCIAS AGROPECUARIAS ,,,499.0,MEDICINA VETERINARIA,LECTURA CRÍTICA,1.0,,,,,,,,,,Reflexiona a partir de un texto y evalúa su contenido.,39.0,2025
SABER PRO - 2025,PROGRAMA_ACÁDEMICO,APRENDIZAJE_PRUEBA,302,1,6.0,PACÍFICA,18.0,NARIÑO,720.0,PASTO,9146.0,UNIVERSIDAD DE NARIÑO,9146.0,UNIVERSIDAD DE NARIÑO-PASTO,14.0,MEDICINA,,,1513.0,MEDICINA,RAZONAMIENTO CUANTITATIVO,1.0,,,,,,,,,,"Frente a un problema que involucre información cuantitativa, plantea e implementa estrategias que lleven a soluciones adecuadas.",53.0,2025
SABER PRO - 2025,PROGRAMA_ACÁDEMICO,APRENDIZAJE_PRUEBA,99,1,6.0,PACÍFICA,18.0,NARIÑO,720.0,PASTO,9146.0,UNIVERSIDAD DE NARIÑO,9146.0,UNIVERSIDAD DE NARIÑO-PASTO,14.0,MEDICINA,,,1513.0,MEDICINA,COMPETENCIAS CIUDADANAS,1.0,,,,,,,,,,Conoce la organización del Estado de acuerdo con la Constitución.,35.0,2025
SABER PRO - 2025,PROGRAMA_ACÁDEMICO,APRENDIZAJE_PRUEBA,759,1,6.0,PACÍFICA,18.0,NARIÑO,720.0,PASTO,9146.0,UNIVERSIDAD DE NARIÑO,9146.0,UNIVERSIDAD DE NARIÑO-PASTO,14.0,MEDICINA,,,1513.0,MEDICINA,FUNDAMENTACIÓN EN DIAGNÓSTICO Y TRATAMIENTO MÉDICOS,34.0,,,,,,,,,,"Propone un plan de tratamiento de acuerdo con la situación del paciente, a partir de casos clínicos de común ocurrencia en la práctica de los médicos generales.",58.0,2025
SABER PRO - 2025,PROGRAMA_ACÁDEMICO,APRENDIZAJE_PRUEBA,396,1,6.0,PACÍFICA,18.0,NARIÑO,720.0,PASTO,9146.0,UNIVERSIDAD DE NARIÑO,9146.0,UNIVERSIDAD DE NARIÑO-PASTO,14.0,MEDICINA,,,1513.0,MEDICINA,ATENCIÓN EN SALUD,34.0,,,,,,,,,,"Propone acciones de diagnóstico, ejecución y evaluación en el marco de políticas y lineamientos en salud vigentes.",47.0,2025
SABER PRO - 2025,PROGRAMA_ACÁDEMICO,APRENDIZAJE_PRUEBA,792,1,6.0,PACÍFICA,18.0,NARIÑO,720.0,PASTO,9146.0,UNIVERSIDAD DE NARIÑO,9146.0,UNIVERSIDAD DE NARIÑO-PASTO,14.0,MEDICINA,,,1513.0,MEDICINA,PROMOCIÓN DE LA SALUD Y PREVENCIÓN DE LA ENFERMEDAD,34.0,,,,,,,,,,"Integra los conceptos básicos de prevención de la enfermedad, que le permita la priorización de las acciones  por seguir  de  acuerdo con las condiciones de salud de las poblaciones.",39.0,2025
SABER PRO - 2025,PROGRAMA_ACÁDEMICO,APRENDIZAJE_PRUEBA,330,1,6.0,PACÍFICA,18.0,NARIÑO,720.0,PASTO,9146.0,UNIVERSIDAD DE NARIÑO,9146.0,UNIVERSIDAD DE NARIÑO-PASTO,14.0,MEDICINA,,,1513.0,MEDICINA,PROMOCIÓN DE LA SALUD Y PREVENCIÓN DE LA ENFERMEDAD,34.0,,,,,,,,,,"Integra los conceptos básicos de promoción de la salud que le permiten priorizar acciones por seguir, de acuerdo con las condiciones de salud de las poblaciones.",49.0,2025
SABER PRO - 2025,PROGRAMA_ACÁDEMICO,APRENDIZAJE_PRUEBA,396,1,6.0,PACÍFICA,18.0,NARIÑO,720.0,PASTO,9146.0,UNIVERSIDAD DE NARIÑO,9146.0,UNIVERSIDAD DE NARIÑO-PASTO,14.0,MEDICINA,,,1513.0,MEDICINA,LECTURA CRÍTICA,1.0,,,,,,,,,,Comprende cómo se articulan las partes de un texto para darle un sentido global.,39.0,2025
SABER PRO - 2025,PROGRAMA_ACÁDEMICO,APRENDIZAJE_PRUEBA,198,1,6.0,PACÍFICA,18.0,NARIÑO,720.0,PASTO,9146.0,UNIVERSIDAD DE NARIÑO,9146.0,UNIVERSIDAD DE NARIÑO-PASTO,14.0,MEDICINA,,,1513.0,MEDICINA,COMPETENCIAS CIUDADANAS,1.0,,,,,,,,,,Analiza y evalúa la pertinencia y solidez de enunciados-discursos.,48.0,2025
SABER PRO - 2025,PROGRAMA_ACÁDEMICO,APRENDIZAJE_PRUEBA,99,1,6.0,PACÍFICA,18.0,NARIÑO,720.0,PASTO,9146.0,UNIVERSIDAD DE NARIÑO,9146.0,UNIVERSIDAD DE NARIÑO-PASTO,14.0,MEDICINA,,,1513.0,MEDICINA,COMPETENCIAS CIUDADANAS,1.0,,,,,,,,,,Comprende qué es la Constitución Política de Colombia y sus principios fundamentales.,33.0,2025
SABER PRO - 2025,PROGRAMA_ACÁDEMICO,APRENDIZAJE_PRUEBA,456,1,6.0,PACÍFICA,18.0,NARIÑO,720.0,PASTO,9146.0,UNIVERSIDAD DE NARIÑO,9146.0,UNIVERSIDAD DE NARIÑO-PASTO,8.0,CIENCIAS AGROPECUARIAS ,,,499.0,MEDICINA VETERINARIA,LECTURA CRÍTICA,1.0,,,,,,,,,,Comprende cómo se articulan las partes de un texto para darle un sentido global.,41.0,2025
SABER PRO - 2025,PROGRAMA_ACÁDEMICO,APRENDIZAJE_PRUEBA,236,1,6.0,PACÍFICA,18.0,NARIÑO,720.0,PASTO,9146.0,UNIVERSIDAD DE NARIÑO,9146.0,UNIVERSIDAD DE NARIÑO-PASTO,14.0,MEDICINA,,,1513.0,MEDICINA,LECTURA CRÍTICA,1.0,,,,,,,,,,Identifica y entiende los contenidos locales que conforman un texto. ,28.0,2025
SABER PRO - 2025,PROGRAMA_ACÁDEMICO,APRENDIZAJE_PRUEBA,396,1,6.0,PACÍFICA,18.0,NARIÑO,720.0,PASTO,9146.0,UNIVERSIDAD DE NARIÑO,9146.0,UNIVERSIDAD DE NARIÑO-PASTO,14.0,MEDICINA,,,1513.0,MEDICINA,ATENCIÓN EN SALUD,34.0,,,,,,,,,,"Analiza los determinantes personales, sociales, económicos y ambientales que influyen en el estado de salud del individuo, la familia y la comunidad, para la priorización de acciones a seguir.",40.0,2025
SABER PRO - 2025,PROGRAMA_ACÁDEMICO,APRENDIZAJE_PRUEBA,400,1,6.0,PACÍFICA,18.0,NARIÑO,720.0,PASTO,9146.0,UNIVERSIDAD DE NARIÑO,9146.0,UNIVERSIDAD DE NARIÑO-PASTO,8.0,CIENCIAS AGROPECUARIAS ,,,499.0,MEDICINA VETERINARIA,RAZONAMIENTO CUANTITATIVO,1.0,,,,,,,,,,Valida procedimientos y  estrategias matemáticas utilizadas para dar solución a problemas.,45.0,2025
SABER PRO - 2025,PROGRAMA_ACÁDEMICO,APRENDIZAJE_PRUEBA,77,1,6.0,PACÍFICA,18.0,NARIÑO,720.0,PASTO,9146.0,UNIVERSIDAD DE NARIÑO,9146.0,UNIVERSIDAD DE NARIÑO-PASTO,8.0,CIENCIAS AGROPECUARIAS ,,,499.0,MEDICINA VETERINARIA,COMPETENCIAS CIUDADANAS,1.0,,,,,,,,,,Conoce los derechos y deberes que la Constitución consagra.,36.0,2025
SABER PRO - 2025,PROGRAMA_ACÁDEMICO,APRENDIZAJE_PRUEBA,198,1,6.0,PACÍFICA,18.0,NARIÑO,720.0,PASTO,9146.0,UNIVERSIDAD DE NARIÑO,9146.0,UNIVERSIDAD DE NARIÑO-PASTO,14.0,MEDICINA,,,1513.0,MEDICINA,COMPETENCIAS CIUDADANAS,1.0,,,,,,,,,,Comprende que los problemas y sus soluciones involucran distintas dimensiones y reconoce relaciones entre estas. ,34.0,2025
SABER PRO - 2025,PROGRAMA_ACÁDEMICO,APRENDIZAJE_PRUEBA,746,1,6.0,PACÍFICA,25.0,VALLE,1010.0,CALI,9206.0,UNIVERSIDAD DEL VALLE,9206.0,UNIVERSIDAD DEL VALLE-CALI,14.0,MEDICINA,,,6055.0,MEDICINA,RAZONAMIENTO CUANTITATIVO,1.0,,,,,,,,,,Valida procedimientos y  estrategias matemáticas utilizadas para dar solución a problemas.,32.0,2025
SABER PRO - 2025,PROGRAMA_ACÁDEMICO,APRENDIZAJE_PRUEBA,1680,1,6.0,PACÍFICA,25.0,VALLE,1010.0,CALI,9206.0,UNIVERSIDAD DEL VALLE,9206.0,UNIVERSIDAD DEL VALLE-CALI,14.0,MEDICINA,,,6055.0,MEDICINA,PROMOCIÓN DE LA SALUD Y PREVENCIÓN DE LA ENFERMEDAD,34.0,,,,,,,,,,"Integra los conceptos básicos de prevención de la enfermedad, que le permita la priorización de las acciones  por seguir  de  acuerdo con las condiciones de salud de las poblaciones.",32.0,2025
SABER PRO - 2025,PROGRAMA_ACÁDEMICO,APRENDIZAJE_PRUEBA,2310,1,6.0,PACÍFICA,25.0,VALLE,1010.0,CALI,9206.0,UNIVERSIDAD DEL VALLE,9206.0,UNIVERSIDAD DEL VALLE-CALI,14.0,MEDICINA,,,6055.0,MEDICINA,FUNDAMENTACIÓN EN DIAGNÓSTICO Y TRATAMIENTO MÉDICOS,34.0,,,,,,,,,,"Determina la situación de salud o enfermedad de niños, jóvenes y adultos (hombres y mujeres), a partir de casos clínicos de común ocurrencia en la práctica de los médicos generales.",45.0,2025
SABER PRO - 2025,PROGRAMA_ACÁDEMICO,APRENDIZAJE_PRUEBA,210,1,6.0,PACÍFICA,25.0,VALLE,1010.0,CALI,9206.0,UNIVERSIDAD DEL VALLE,9206.0,UNIVERSIDAD DEL VALLE-CALI,14.0,MEDICINA,,,6055.0,MEDICINA,COMPETENCIAS CIUDADANAS,1.0,,,,,,,,,,Comprende qué es la Constitución Política de Colombia y sus principios fundamentales.,22.0,2025
SABER PRO - 2025,PROGRAMA_ACÁDEMICO,APRENDIZAJE_PRUEBA,326,1,6.0,PACÍFICA,25.0,VALLE,1010.0,CALI,9206.0,UNIVERSIDAD DEL VALLE,9206.0,UNIVERSIDAD DEL VALLE-CALI,14.0,MEDICINA,,,6055.0,MEDICINA,COMPETENCIAS CIUDADANAS,1.0,,,,,,,,,,Analiza las diferentes perspectivas presentes en situaciones en donde interactúan diferentes partes.,32.0,2025
SABER PRO - 2025,PROGRAMA_ACÁDEMICO,APRENDIZAJE_PRUEBA,420,1,6.0,PACÍFICA,25.0,VALLE,1010.0,CALI,9206.0,UNIVERSIDAD DEL VALLE,9206.0,UNIVERSIDAD DEL VALLE-CALI,14.0,MEDICINA,,,6055.0,MEDICINA,COMPETENCIAS CIUDADANAS,1.0,,,,,,,,,,Comprende que los problemas y sus soluciones involucran distintas dimensiones y reconoce relaciones entre estas. ,22.0,2025
SABER PRO - 2025,PROGRAMA_ACÁDEMICO,APRENDIZAJE_PRUEBA,700,1,6.0,PACÍFICA,25.0,VALLE,1010.0,CALI,9206.0,UNIVERSIDAD DEL VALLE,9206.0,UNIVERSIDAD DEL VALLE-CALI,14.0,MEDICINA,,,6055.0,MEDICINA,PROMOCIÓN DE LA SALUD Y PREVENCIÓN DE LA ENFERMEDAD,34.0,,,,,,,,,,"Integra los conceptos básicos de promoción de la salud que le permiten priorizar acciones por seguir, de acuerdo con las condiciones de salud de las poblaciones.",38.0,2025
SABER PRO - 2025,PROGRAMA_ACÁDEMICO,APRENDIZAJE_PRUEBA,840,1,6.0,PACÍFICA,25.0,VALLE,1010.0,CALI,9206.0,UNIVERSIDAD DEL VALLE,9206.0,UNIVERSIDAD DEL VALLE-CALI,14.0,MEDICINA,,,6055.0,MEDICINA,ATENCIÓN EN SALUD,34.0,,,,,,,,,,"Analiza los determinantes personales, sociales, económicos y ambientales que influyen en el estado de salud del individuo, la familia y la comunidad, para la priorización de acciones a seguir.",34.0,2025
SABER PRO - 2025,PROGRAMA_ACÁDEMICO,APRENDIZAJE_PRUEBA,840,1,6.0,PACÍFICA,25.0,VALLE,1010.0,CALI,9206.0,UNIVERSIDAD DEL VALLE,9206.0,UNIVERSIDAD DEL VALLE-CALI,14.0,MEDICINA,,,6055.0,MEDICINA,ATENCIÓN EN SALUD,34.0,,,,,,,,,,"Propone acciones de diagnóstico, ejecución y evaluación en el marco de políticas y lineamientos en salud vigentes.",34.0,2025
SABER PRO - 2025,PROGRAMA_ACÁDEMICO,APRENDIZAJE_PRUEBA,560,1,6.0,PACÍFICA,25.0,VALLE,1010.0,CALI,9206.0,UNIVERSIDAD DEL VALLE,9206.0,UNIVERSIDAD DEL VALLE-CALI,14.0,MEDICINA,,,6055.0,MEDICINA,ATENCIÓN EN SALUD,34.0,,,,,,,,,,"Integra el proceso de sistematización de la información, relacionada con la salud del individuo, la familia y la comunidad en la priorización de acciones. ",28.0,2025
SABER PRO - 2025,PROGRAMA_ACÁDEMICO,APRENDIZAJE_PRUEBA,210,1,6.0,PACÍFICA,25.0,VALLE,1010.0,CALI,9206.0,UNIVERSIDAD DEL VALLE,9206.0,UNIVERSIDAD DEL VALLE-CALI,14.0,MEDICINA,,,6055.0,MEDICINA,COMPETENCIAS CIUDADANAS,1.0,,,,,,,,,,Conoce la organización del Estado de acuerdo con la Constitución.,21.0,2025
SABER PRO - 2025,PROGRAMA_ACÁDEMICO,APRENDIZAJE_PRUEBA,514,1,6.0,PACÍFICA,25.0,VALLE,1010.0,CALI,9206.0,UNIVERSIDAD DEL VALLE,9206.0,UNIVERSIDAD DEL VALLE-CALI,14.0,MEDICINA,,,6055.0,MEDICINA,LECTURA CRÍTICA,1.0,,,,,,,,,,Identifica y entiende los contenidos locales que conforman un texto. ,18.0,2025
SABER PRO - 2025,PROGRAMA_ACÁDEMICO,APRENDIZAJE_PRUEBA,654,1,6.0,PACÍFICA,25.0,VALLE,1010.0,CALI,9206.0,UNIVERSIDAD DEL VALLE,9206.0,UNIVERSIDAD DEL VALLE-CALI,14.0,MEDICINA,,,6055.0,MEDICINA,RAZONAMIENTO CUANTITATIVO,1.0,,,,,,,,,,"Frente a un problema que involucre información cuantitativa, plantea e implementa estrategias que lleven a soluciones adecuadas.",37.0,2025
SABER PRO - 2025,PROGRAMA_ACÁDEMICO,APRENDIZAJE_PRUEBA,154,1,6.0,PACÍFICA,25.0,VALLE,1010.0,CALI,9206.0,UNIVERSIDAD DEL VALLE,9206.0,UNIVERSIDAD DEL VALLE-CALI,14.0,MEDICINA,,,6055.0,MEDICINA,COMPETENCIAS CIUDADANAS,1.0,,,,,,,,,,Conoce los derechos y deberes que la Constitución consagra.,24.0,2025
SABER PRO - 2025,PROGRAMA_ACÁDEMICO,APRENDIZAJE_PRUEBA,304,1,6.0,PACÍFICA,25.0,VALLE,1010.0,CALI,9206.0,UNIVERSIDAD DEL VALLE,9206.0,UNIVERSIDAD DEL VALLE-CALI,14.0,MEDICINA,,,6055.0,MEDICINA,COMPETENCIAS CIUDADANAS,1.0,,,,,,,,,,Reconoce la existencia de diferentes perspectivas en situaciones en donde interactúan diferentes partes.,25.0,2025
SABER PRO - 2025,PROGRAMA_ACÁDEMICO,APRENDIZAJE_PRUEBA,840,1,6.0,PACÍFICA,25.0,VALLE,1010.0,CALI,9206.0,UNIVERSIDAD DEL VALLE,9206.0,UNIVERSIDAD DEL VALLE-CALI,14.0,MEDICINA,,,6055.0,MEDICINA,LECTURA CRÍTICA,1.0,,,,,,,,,,Comprende cómo se articulan las partes de un texto para darle un sentido global.,30.0,2025
SABER PRO - 2025,PROGRAMA_ACÁDEMICO,APRENDIZAJE_PRUEBA,560,1,6.0,PACÍFICA,25.0,VALLE,1010.0,CALI,9206.0,UNIVERSIDAD DEL VALLE,9206.0,UNIVERSIDAD DEL VALLE-CALI,14.0,MEDICINA,,,6055.0,MEDICINA,ATENCIÓN EN SALUD,34.0,,,,,,,,,,"Reconoce la política y la normatividad nacional y los acuerdos internacionales suscritos por el Estado colombiano, relacionados con salud pública y los aplica en situaciones concretas que afectan la salud del individuo, la familia y la comunidad.",31.0,2025
SABER PRO - 2025,PROGRAMA_ACÁDEMICO,APRENDIZAJE_PRUEBA,420,1,6.0,PACÍFICA,25.0,VALLE,1010.0,CALI,9206.0,UNIVERSIDAD DEL VALLE,9206.0,UNIVERSIDAD DEL VALLE-CALI,14.0,MEDICINA,,,6055.0,MEDICINA,COMPETENCIAS CIUDADANAS,1.0,,,,,,,,,,Analiza y evalúa la pertinencia y solidez de enunciados-discursos.,33.0,2025
SABER PRO - 2025,PROGRAMA_ACÁDEMICO,APRENDIZAJE_PRUEBA,1610,1,6.0,PACÍFICA,25.0,VALLE,1010.0,CALI,9206.0,UNIVERSIDAD DEL VALLE,9206.0,UNIVERSIDAD DEL VALLE-CALI,14.0,MEDICINA,,,6055.0,MEDICINA,FUNDAMENTACIÓN EN DIAGNÓSTICO Y TRATAMIENTO MÉDICOS,34.0,,,,,,,,,,"Propone un plan de tratamiento de acuerdo con la situación del paciente, a partir de casos clínicos de común ocurrencia en la práctica de los médicos generales.",46.0,2025
SABER PRO - 2025,PROGRAMA_ACÁDEMICO,APRENDIZAJE_PRUEBA,746,1,6.0,PACÍFICA,25.0,VALLE,1010.0,CALI,9206.0,UNIVERSIDAD DEL VALLE,9206.0,UNIVERSIDAD DEL VALLE-CALI,14.0,MEDICINA,,,6055.0,MEDICINA,LECTURA CRÍTICA,1.0,,,,,,,,,,Reflexiona a partir de un texto y evalúa su contenido.,31.0,2025
SABER PRO - 2025,PROGRAMA_ACÁDEMICO,APRENDIZAJE_PRUEBA,700,1,6.0,PACÍFICA,25.0,VALLE,1010.0,CALI,9206.0,UNIVERSIDAD DEL VALLE,9206.0,UNIVERSIDAD DEL VALLE-CALI,14.0,MEDICINA,,,6055.0,MEDICINA,RAZONAMIENTO CUANTITATIVO,1.0,,,,,,,,,,Comprende y transforma la información cuantitativa y esquemática presentada en distintos formatos ,22.0,2025
SABER PRO - 2025,PROGRAMA_ACÁDEMICO,APRENDIZAJE_PRUEBA,392,1,6.0,PACÍFICA,25.0,VALLE,1010.0,CALI,9224.0,UNIVERSIDAD ICESI,9224.0,UNIVERSIDAD ICESI-CALI,14.0,MEDICINA,,,5829.0,MEDICINA,ATENCIÓN EN SALUD,34.0,,,,,,,,,,"Integra el proceso de sistematización de la información, relacionada con la salud del individuo, la familia y la comunidad en la priorización de acciones. ",26.0,2025
SABER PRO - 2025,PROGRAMA_ACÁDEMICO,APRENDIZAJE_PRUEBA,1801,1,6.0,PACÍFICA,25.0,VALLE,1010.0,CALI,9224.0,UNIVERSIDAD ICESI,9224.0,UNIVERSIDAD ICESI-CALI,14.0,MEDICINA,,,5829.0,MEDICINA,RAZONAMIENTO CUANTITATIVO,1.0,,,,,,,,,,Valida procedimientos y  estrategias matemáticas utilizadas para dar solución a problemas.,26.0,2025
SABER PRO - 2025,PROGRAMA_ACÁDEMICO,APRENDIZAJE_PRUEBA,1635,1,6.0,PACÍFICA,25.0,VALLE,1010.0,CALI,9224.0,UNIVERSIDAD ICESI,9224.0,UNIVERSIDAD ICESI-CALI,14.0,MEDICINA,,,5829.0,MEDICINA,RAZONAMIENTO CUANTITATIVO,1.0,,,,,,,,,,"Frente a un problema que involucre información cuantitativa, plantea e implementa estrategias que lleven a soluciones adecuadas.",33.0,2025
SABER PRO - 2025,PROGRAMA_ACÁDEMICO,APRENDIZAJE_PRUEBA,588,1,6.0,PACÍFICA,25.0,VALLE,1010.0,CALI,9224.0,UNIVERSIDAD ICESI,9224.0,UNIVERSIDAD ICESI-CALI,14.0,MEDICINA,,,5829.0,MEDICINA,ATENCIÓN EN SALUD,34.0,,,,,,,,,,"Propone acciones de diagnóstico, ejecución y evaluación en el marco de políticas y lineamientos en salud vigentes.",31.0,2025
SABER PRO - 2025,PROGRAMA_ACÁDEMICO,APRENDIZAJE_PRUEBA,588,1,6.0,PACÍFICA,25.0,VALLE,1010.0,CALI,9224.0,UNIVERSIDAD ICESI,9224.0,UNIVERSIDAD ICESI-CALI,14.0,MEDICINA,,,5829.0,MEDICINA,ATENCIÓN EN SALUD,34.0,,,,,,,,,,"Analiza los determinantes personales, sociales, económicos y ambientales que influyen en el estado de salud del individuo, la familia y la comunidad, para la priorización de acciones a seguir.",32.0,2025
SABER PRO - 2025,PROGRAMA_ACÁDEMICO,APRENDIZAJE_PRUEBA,510,1,6.0,PACÍFICA,25.0,VALLE,1010.0,CALI,9224.0,UNIVERSIDAD ICESI,9224.0,UNIVERSIDAD ICESI-CALI,14.0,MEDICINA,,,5829.0,MEDICINA,COMPETENCIAS CIUDADANAS,1.0,,,,,,,,,,Comprende qué es la Constitución Política de Colombia y sus principios fundamentales.,25.0,2025
SABER PRO - 2025,PROGRAMA_ACÁDEMICO,APRENDIZAJE_PRUEBA,765,1,6.0,PACÍFICA,25.0,VALLE,1010.0,CALI,9224.0,UNIVERSIDAD ICESI,9224.0,UNIVERSIDAD ICESI-CALI,14.0,MEDICINA,,,5829.0,MEDICINA,COMPETENCIAS CIUDADANAS,1.0,,,,,,,,,,Reconoce la existencia de diferentes perspectivas en situaciones en donde interactúan diferentes partes.,20.0,2025
SABER PRO - 2025,PROGRAMA_ACÁDEMICO,APRENDIZAJE_PRUEBA,510,1,6.0,PACÍFICA,25.0,VALLE,1010.0,CALI,9224.0,UNIVERSIDAD ICESI,9224.0,UNIVERSIDAD ICESI-CALI,14.0,MEDICINA,,,5829.0,MEDICINA,COMPETENCIAS CIUDADANAS,1.0,,,,,,,,,,Conoce la organización del Estado de acuerdo con la Constitución.,22.0,2025
SABER PRO - 2025,PROGRAMA_ACÁDEMICO,APRENDIZAJE_PRUEBA,765,1,6.0,PACÍFICA,25.0,VALLE,1010.0,CALI,9224.0,UNIVERSIDAD ICESI,9224.0,UNIVERSIDAD ICESI-CALI,14.0,MEDICINA,,,5829.0,MEDICINA,COMPETENCIAS CIUDADANAS,1.0,,,,,,,,,,Analiza las diferentes perspectivas presentes en situaciones en donde interactúan diferentes partes.,21.0,2025
SABER PRO - 2025,PROGRAMA_ACÁDEMICO,APRENDIZAJE_PRUEBA,1020,1,6.0,PACÍFICA,25.0,VALLE,1010.0,CALI,9224.0,UNIVERSIDAD ICESI,9224.0,UNIVERSIDAD ICESI-CALI,14.0,MEDICINA,,,5829.0,MEDICINA,COMPETENCIAS CIUDADANAS,1.0,,,,,,,,,,Comprende que los problemas y sus soluciones involucran distintas dimensiones y reconoce relaciones entre estas. ,21.0,2025
SABER PRO - 2025,PROGRAMA_ACÁDEMICO,APRENDIZAJE_PRUEBA,1617,1,6.0,PACÍFICA,25.0,VALLE,1010.0,CALI,9224.0,UNIVERSIDAD ICESI,9224.0,UNIVERSIDAD ICESI-CALI,14.0,MEDICINA,,,5829.0,MEDICINA,FUNDAMENTACIÓN EN DIAGNÓSTICO Y TRATAMIENTO MÉDICOS,34.0,,,,,,,,,,"Determina la situación de salud o enfermedad de niños, jóvenes y adultos (hombres y mujeres), a partir de casos clínicos de común ocurrencia en la práctica de los médicos generales.",44.0,2025
SABER PRO - 2025,PROGRAMA_ACÁDEMICO,APRENDIZAJE_PRUEBA,2040,1,6.0,PACÍFICA,25.0,VALLE,1010.0,CALI,9224.0,UNIVERSIDAD ICESI,9224.0,UNIVERSIDAD ICESI-CALI,14.0,MEDICINA,,,5829.0,MEDICINA,LECTURA CRÍTICA,1.0,,,,,,,,,,Comprende cómo se articulan las partes de un texto para darle un sentido global.,23.0,2025
SABER PRO - 2025,PROGRAMA_ACÁDEMICO,APRENDIZAJE_PRUEBA,468,1,6.0,PACÍFICA,25.0,VALLE,1010.0,CALI,9224.0,UNIVERSIDAD ICESI,9224.0,UNIVERSIDAD ICESI-CALI,14.0,MEDICINA,,,5829.0,MEDICINA,COMPETENCIAS CIUDADANAS,1.0,,,,,,,,,,Conoce los derechos y deberes que la Constitución consagra.,25.0,2025
SABER PRO - 2025,PROGRAMA_ACÁDEMICO,APRENDIZAJE_PRUEBA,1250,1,6.0,PACÍFICA,25.0,VALLE,1010.0,CALI,9224.0,UNIVERSIDAD ICESI,9224.0,UNIVERSIDAD ICESI-CALI,14.0,MEDICINA,,,5829.0,MEDICINA,LECTURA CRÍTICA,1.0,,,,,,,,,,Identifica y entiende los contenidos locales que conforman un texto. ,15.0,2025
SABER PRO - 2025,PROGRAMA_ACÁDEMICO,APRENDIZAJE_PRUEBA,1664,1,6.0,PACÍFICA,25.0,VALLE,1010.0,CALI,9224.0,UNIVERSIDAD ICESI,9224.0,UNIVERSIDAD ICESI-CALI,14.0,MEDICINA,,,5829.0,MEDICINA,RAZONAMIENTO CUANTITATIVO,1.0,,,,,,,,,,Comprende y transforma la información cuantitativa y esquemática presentada en distintos formatos ,17.0,2025
SABER PRO - 2025,PROGRAMA_ACÁDEMICO,APRENDIZAJE_PRUEBA,1176,1,6.0,PACÍFICA,25.0,VALLE,1010.0,CALI,9224.0,UNIVERSIDAD ICESI,9224.0,UNIVERSIDAD ICESI-CALI,14.0,MEDICINA,,,5829.0,MEDICINA,PROMOCIÓN DE LA SALUD Y PREVENCIÓN DE LA ENFERMEDAD,34.0,,,,,,,,,,"Integra los conceptos básicos de prevención de la enfermedad, que le permita la priorización de las acciones  por seguir  de  acuerdo con las condiciones de salud de las poblaciones.",28.0,2025
SABER PRO - 2025,PROGRAMA_ACÁDEMICO,APRENDIZAJE_PRUEBA,392,1,6.0,PACÍFICA,25.0,VALLE,1010.0,CALI,9224.0,UNIVERSIDAD ICESI,9224.0,UNIVERSIDAD ICESI-CALI,14.0,MEDICINA,,,5829.0,MEDICINA,ATENCIÓN EN SALUD,34.0,,,,,,,,,,"Reconoce la política y la normatividad nacional y los acuerdos internacionales suscritos por el Estado colombiano, relacionados con salud pública y los aplica en situaciones concretas que afectan la salud del individuo, la familia y la comunidad.",30.0,2025
SABER PRO - 2025,PROGRAMA_ACÁDEMICO,APRENDIZAJE_PRUEBA,1810,1,6.0,PACÍFICA,25.0,VALLE,1010.0,CALI,9224.0,UNIVERSIDAD ICESI,9224.0,UNIVERSIDAD ICESI-CALI,14.0,MEDICINA,,,5829.0,MEDICINA,LECTURA CRÍTICA,1.0,,,,,,,,,,Reflexiona a partir de un texto y evalúa su contenido.,19.0,2025
SABER PRO - 2025,PROGRAMA_ACÁDEMICO,APRENDIZAJE_PRUEBA,1020,1,6.0,PACÍFICA,25.0,VALLE,1010.0,CALI,9224.0,UNIVERSIDAD ICESI,9224.0,UNIVERSIDAD ICESI-CALI,14.0,MEDICINA,,,5829.0,MEDICINA,COMPETENCIAS CIUDADANAS,1.0,,,,,,,,,,Analiza y evalúa la pertinencia y solidez de enunciados-discursos.,20.0,2025
SABER PRO - 2025,PROGRAMA_ACÁDEMICO,APRENDIZAJE_PRUEBA,490,1,6.0,PACÍFICA,25.0,VALLE,1010.0,CALI,9224.0,UNIVERSIDAD ICESI,9224.0,UNIVERSIDAD ICESI-CALI,14.0,MEDICINA,,,5829.0,MEDICINA,PROMOCIÓN DE LA SALUD Y PREVENCIÓN DE LA ENFERMEDAD,34.0,,,,,,,,,,"Integra los conceptos básicos de promoción de la salud que le permiten priorizar acciones por seguir, de acuerdo con las condiciones de salud de las poblaciones.",36.0,2025
SABER PRO - 2025,PROGRAMA_ACÁDEMICO,APRENDIZAJE_PRUEBA,1127,1,6.0,PACÍFICA,25.0,VALLE,1010.0,CALI,9224.0,UNIVERSIDAD ICESI,9224.0,UNIVERSIDAD ICESI-CALI,14.0,MEDICINA,,,5829.0,MEDICINA,FUNDAMENTACIÓN EN DIAGNÓSTICO Y TRATAMIENTO MÉDICOS,34.0,,,,,,,,,,"Propone un plan de tratamiento de acuerdo con la situación del paciente, a partir de casos clínicos de común ocurrencia en la práctica de los médicos generales.",48.0,2025
SABER PRO - 2025,PROGRAMA_ACÁDEMICO,APRENDIZAJE_PRUEBA,1063,1,6.0,PACÍFICA,25.0,VALLE,1010.0,CALI,9226.0,UNIVERSIDAD SANTIAGO DE CALI,9226.0,UNIVERSIDAD SANTIAGO DE CALI-CALI,14.0,MEDICINA,,,6063.0,MEDICINA,RAZONAMIENTO CUANTITATIVO,1.0,,,,,,,,,,Comprende y transforma la información cuantitativa y esquemática presentada en distintos formatos ,36.0,2025
SABER PRO - 2025,PROGRAMA_ACÁDEMICO,APRENDIZAJE_PRUEBA,289,1,6.0,PACÍFICA,25.0,VALLE,1010.0,CALI,9226.0,UNIVERSIDAD SANTIAGO DE CALI,9226.0,UNIVERSIDAD SANTIAGO DE CALI-CALI,14.0,MEDICINA,,,6063.0,MEDICINA,COMPETENCIAS CIUDADANAS,1.0,,,,,,,,,,Conoce los derechos y deberes que la Constitución consagra.,39.0,2025
SABER PRO - 2025,PROGRAMA_ACÁDEMICO,APRENDIZAJE_PRUEBA,12,1,6.0,PACÍFICA,25.0,VALLE,1010.0,CALI,9226.0,UNIVERSIDAD SANTIAGO DE CALI,9226.0,UNIVERSIDAD SANTIAGO DE CALI-CALI,14.0,MEDICINA,,,2773.0,MEDICINA,LECTURA CRÍTICA,1.0,,,,,,,,,,Comprende cómo se articulan las partes de un texto para darle un sentido global.,25.0,2025
SABER PRO - 2025,PROGRAMA_ACÁDEMICO,APRENDIZAJE_PRUEBA,1171,1,6.0,PACÍFICA,25.0,VALLE,1010.0,CALI,9226.0,UNIVERSIDAD SANTIAGO DE CALI,9226.0,UNIVERSIDAD SANTIAGO DE CALI-CALI,81.0,GRUPO REFERENCIA NACIONAL UNIVERSITARIO,,,25631.0,MEDICINA VETERINARIA,LECTURA CRÍTICA,1.0,,,,,,,,,,Reflexiona a partir de un texto y evalúa su contenido.,45.0,2025
SABER PRO - 2025,PROGRAMA_ACÁDEMICO,APRENDIZAJE_PRUEBA,3,1,6.0,PACÍFICA,25.0,VALLE,1010.0,CALI,9226.0,UNIVERSIDAD SANTIAGO DE CALI,9226.0,UNIVERSIDAD SANTIAGO DE CALI-CALI,14.0,MEDICINA,,,2773.0,MEDICINA,COMPETENCIAS CIUDADANAS,1.0,,,,,,,,,,Conoce la organización del Estado de acuerdo con la Constitución.,33.0,2025
SABER PRO - 2025,PROGRAMA_ACÁDEMICO,APRENDIZAJE_PRUEBA,1145,1,6.0,PACÍFICA,25.0,VALLE,1010.0,CALI,9226.0,UNIVERSIDAD SANTIAGO DE CALI,9226.0,UNIVERSIDAD SANTIAGO DE CALI-CALI,14.0,MEDICINA,,,6063.0,MEDICINA,RAZONAMIENTO CUANTITATIVO,1.0,,,,,,,,,,Valida procedimientos y  estrategias matemáticas utilizadas para dar solución a problemas.,49.0,2025
SABER PRO - 2025,PROGRAMA_ACÁDEMICO,APRENDIZAJE_PRUEBA,487,1,6.0,PACÍFICA,25.0,VALLE,1010.0,CALI,9226.0,UNIVERSIDAD SANTIAGO DE CALI,9226.0,UNIVERSIDAD SANTIAGO DE CALI-CALI,14.0,MEDICINA,,,6063.0,MEDICINA,COMPETENCIAS CIUDADANAS,1.0,,,,,,,,,,Reconoce la existencia de diferentes perspectivas en situaciones en donde interactúan diferentes partes.,43.0,2025
SABER PRO - 2025,PROGRAMA_ACÁDEMICO,APRENDIZAJE_PRUEBA,327,1,6.0,PACÍFICA,25.0,VALLE,1010.0,CALI,9226.0,UNIVERSIDAD SANTIAGO DE CALI,9226.0,UNIVERSIDAD SANTIAGO DE CALI-CALI,14.0,MEDICINA,,,6063.0,MEDICINA,COMPETENCIAS CIUDADANAS,1.0,,,,,,,,,,Conoce la organización del Estado de acuerdo con la Constitución.,36.0,2025
SABER PRO - 2025,PROGRAMA_ACÁDEMICO,APRENDIZAJE_PRUEBA,9,1,6.0,PACÍFICA,25.0,VALLE,1010.0,CALI,9226.0,UNIVERSIDAD SANTIAGO DE CALI,9226.0,UNIVERSIDAD SANTIAGO DE CALI-CALI,14.0,MEDICINA,,,2773.0,MEDICINA,RAZONAMIENTO CUANTITATIVO,1.0,,,,,,,,,,"Frente a un problema que involucre información cuantitativa, plantea e implementa estrategias que lleven a soluciones adecuadas.",56.0,2025
SABER PRO - 2025,PROGRAMA_ACÁDEMICO,APRENDIZAJE_PRUEBA,6,1,6.0,PACÍFICA,25.0,VALLE,1010.0,CALI,9226.0,UNIVERSIDAD SANTIAGO DE CALI,9226.0,UNIVERSIDAD SANTIAGO DE CALI-CALI,14.0,MEDICINA,,,2773.0,MEDICINA,COMPETENCIAS CIUDADANAS,1.0,,,,,,,,,,Analiza y evalúa la pertinencia y solidez de enunciados-discursos.,17.0,2025
SABER PRO - 2025,PROGRAMA_ACÁDEMICO,APRENDIZAJE_PRUEBA,827,1,6.0,PACÍFICA,25.0,VALLE,1010.0,CALI,9226.0,UNIVERSIDAD SANTIAGO DE CALI,9226.0,UNIVERSIDAD SANTIAGO DE CALI-CALI,81.0,GRUPO REFERENCIA NACIONAL UNIVERSITARIO,,,25631.0,MEDICINA VETERINARIA,LECTURA CRÍTICA,1.0,,,,,,,,,,Identifica y entiende los contenidos locales que conforman un texto. ,30.0,2025
SABER PRO - 2025,PROGRAMA_ACÁDEMICO,APRENDIZAJE_PRUEBA,666,1,6.0,PACÍFICA,25.0,VALLE,1010.0,CALI,9226.0,UNIVERSIDAD SANTIAGO DE CALI,9226.0,UNIVERSIDAD SANTIAGO DE CALI-CALI,81.0,GRUPO REFERENCIA NACIONAL UNIVERSITARIO,,,25631.0,MEDICINA VETERINARIA,COMPETENCIAS CIUDADANAS,1.0,,,,,,,,,,Analiza y evalúa la pertinencia y solidez de enunciados-discursos.,49.0,2025
SABER PRO - 2025,PROGRAMA_ACÁDEMICO,APRENDIZAJE_PRUEBA,666,1,6.0,PACÍFICA,25.0,VALLE,1010.0,CALI,9226.0,UNIVERSIDAD SANTIAGO DE CALI,9226.0,UNIVERSIDAD SANTIAGO DE CALI-CALI,81.0,GRUPO REFERENCIA NACIONAL UNIVERSITARIO,,,25631.0,MEDICINA VETERINARIA,COMPETENCIAS CIUDADANAS,1.0,,,,,,,,,,Comprende que los problemas y sus soluciones involucran distintas dimensiones y reconoce relaciones entre estas. ,49.0,2025
SABER PRO - 2025,PROGRAMA_ACÁDEMICO,APRENDIZAJE_PRUEBA,3,1,6.0,PACÍFICA,25.0,VALLE,1010.0,CALI,9226.0,UNIVERSIDAD SANTIAGO DE CALI,9226.0,UNIVERSIDAD SANTIAGO DE CALI-CALI,14.0,MEDICINA,,,2773.0,MEDICINA,COMPETENCIAS CIUDADANAS,1.0,,,,,,,,,,Conoce los derechos y deberes que la Constitución consagra.,67.0,2025
SABER PRO - 2025,PROGRAMA_ACÁDEMICO,APRENDIZAJE_PRUEBA,1145,1,6.0,PACÍFICA,25.0,VALLE,1010.0,CALI,9226.0,UNIVERSIDAD SANTIAGO DE CALI,9226.0,UNIVERSIDAD SANTIAGO DE CALI-CALI,14.0,MEDICINA,,,6063.0,MEDICINA,LECTURA CRÍTICA,1.0,,,,,,,,,,Reflexiona a partir de un texto y evalúa su contenido.,41.0,2025
SABER PRO - 2025,PROGRAMA_ACÁDEMICO,APRENDIZAJE_PRUEBA,1308,1,6.0,PACÍFICA,25.0,VALLE,1010.0,CALI,9226.0,UNIVERSIDAD SANTIAGO DE CALI,9226.0,UNIVERSIDAD SANTIAGO DE CALI-CALI,14.0,MEDICINA,,,6063.0,MEDICINA,LECTURA CRÍTICA,1.0,,,,,,,,,,Comprende cómo se articulan las partes de un texto para darle un sentido global.,46.0,2025
SABER PRO - 2025,PROGRAMA_ACÁDEMICO,APRENDIZAJE_PRUEBA,10,1,6.0,PACÍFICA,25.0,VALLE,1010.0,CALI,9226.0,UNIVERSIDAD SANTIAGO DE CALI,9226.0,UNIVERSIDAD SANTIAGO DE CALI-CALI,14.0,MEDICINA,,,2773.0,MEDICINA,LECTURA CRÍTICA,1.0,,,,,,,,,,Reflexiona a partir de un texto y evalúa su contenido.,50.0,2025
SABER PRO - 2025,PROGRAMA_ACÁDEMICO,APRENDIZAJE_PRUEBA,654,1,6.0,PACÍFICA,25.0,VALLE,1010.0,CALI,9226.0,UNIVERSIDAD SANTIAGO DE CALI,9226.0,UNIVERSIDAD SANTIAGO DE CALI-CALI,14.0,MEDICINA,,,6063.0,MEDICINA,COMPETENCIAS CIUDADANAS,1.0,,,,,,,,,,Analiza y evalúa la pertinencia y solidez de enunciados-discursos.,42.0,2025
SABER PRO - 2025,PROGRAMA_ACÁDEMICO,APRENDIZAJE_PRUEBA,817,1,6.0,PACÍFICA,25.0,VALLE,1010.0,CALI,9226.0,UNIVERSIDAD SANTIAGO DE CALI,9226.0,UNIVERSIDAD SANTIAGO DE CALI-CALI,14.0,MEDICINA,,,6063.0,MEDICINA,LECTURA CRÍTICA,1.0,,,,,,,,,,Identifica y entiende los contenidos locales que conforman un texto. ,27.0,2025
SABER PRO - 2025,PROGRAMA_ACÁDEMICO,APRENDIZAJE_PRUEBA,306,1,6.0,PACÍFICA,25.0,VALLE,1010.0,CALI,9226.0,UNIVERSIDAD SANTIAGO DE CALI,9226.0,UNIVERSIDAD SANTIAGO DE CALI-CALI,81.0,GRUPO REFERENCIA NACIONAL UNIVERSITARIO,,,25631.0,MEDICINA VETERINARIA,COMPETENCIAS CIUDADANAS,1.0,,,,,,,,,,Conoce los derechos y deberes que la Constitución consagra.,52.0,2025
SABER PRO - 2025,PROGRAMA_ACÁDEMICO,APRENDIZAJE_PRUEBA,1072,1,6.0,PACÍFICA,25.0,VALLE,1010.0,CALI,9226.0,UNIVERSIDAD SANTIAGO DE CALI,9226.0,UNIVERSIDAD SANTIAGO DE CALI-CALI,81.0,GRUPO REFERENCIA NACIONAL UNIVERSITARIO,,,25631.0,MEDICINA VETERINARIA,RAZONAMIENTO CUANTITATIVO,1.0,,,,,,,,,,"Frente a un problema que involucre información cuantitativa, plantea e implementa estrategias que lleven a soluciones adecuadas.",57.0,2025
SABER PRO - 2025,PROGRAMA_ACÁDEMICO,APRENDIZAJE_PRUEBA,3,1,6.0,PACÍFICA,25.0,VALLE,1010.0,CALI,9226.0,UNIVERSIDAD SANTIAGO DE CALI,9226.0,UNIVERSIDAD SANTIAGO DE CALI-CALI,14.0,MEDICINA,,,2773.0,MEDICINA,COMPETENCIAS CIUDADANAS,1.0,,,,,,,,,,Comprende qué es la Constitución Política de Colombia y sus principios fundamentales.,33.0,2025
SABER PRO - 2025,PROGRAMA_ACÁDEMICO,APRENDIZAJE_PRUEBA,11,1,6.0,PACÍFICA,25.0,VALLE,1010.0,CALI,9226.0,UNIVERSIDAD SANTIAGO DE CALI,9226.0,UNIVERSIDAD SANTIAGO DE CALI-CALI,14.0,MEDICINA,,,2773.0,MEDICINA,RAZONAMIENTO CUANTITATIVO,1.0,,,,,,,,,,Valida procedimientos y  estrategias matemáticas utilizadas para dar solución a problemas.,45.0,2025
SABER PRO - 2025,PROGRAMA_ACÁDEMICO,APRENDIZAJE_PRUEBA,5,1,6.0,PACÍFICA,25.0,VALLE,1010.0,CALI,9226.0,UNIVERSIDAD SANTIAGO DE CALI,9226.0,UNIVERSIDAD SANTIAGO DE CALI-CALI,14.0,MEDICINA,,,2773.0,MEDICINA,COMPETENCIAS CIUDADANAS,1.0,,,,,,,,,,Analiza las diferentes perspectivas presentes en situaciones en donde interactúan diferentes partes.,40.0,2025
SABER PRO - 2025,PROGRAMA_ACÁDEMICO,APRENDIZAJE_PRUEBA,501,1,6.0,PACÍFICA,25.0,VALLE,1010.0,CALI,9226.0,UNIVERSIDAD SANTIAGO DE CALI,9226.0,UNIVERSIDAD SANTIAGO DE CALI-CALI,81.0,GRUPO REFERENCIA NACIONAL UNIVERSITARIO,,,25631.0,MEDICINA VETERINARIA,COMPETENCIAS CIUDADANAS,1.0,,,,,,,,,,Analiza las diferentes perspectivas presentes en situaciones en donde interactúan diferentes partes.,55.0,2025
SABER PRO - 2025,PROGRAMA_ACÁDEMICO,APRENDIZAJE_PRUEBA,8,1,6.0,PACÍFICA,25.0,VALLE,1010.0,CALI,9226.0,UNIVERSIDAD SANTIAGO DE CALI,9226.0,UNIVERSIDAD SANTIAGO DE CALI-CALI,14.0,MEDICINA,,,2773.0,MEDICINA,LECTURA CRÍTICA,1.0,,,,,,,,,,Identifica y entiende los contenidos locales que conforman un texto. ,38.0,2025
SABER PRO - 2025,PROGRAMA_ACÁDEMICO,APRENDIZAJE_PRUEBA,6,1,6.0,PACÍFICA,25.0,VALLE,1010.0,CALI,9226.0,UNIVERSIDAD SANTIAGO DE CALI,9226.0,UNIVERSIDAD SANTIAGO DE CALI-CALI,14.0,MEDICINA,,,2773.0,MEDICINA,COMPETENCIAS CIUDADANAS,1.0,,,,,,,,,,Comprende que los problemas y sus soluciones involucran distintas dimensiones y reconoce relaciones entre estas. ,17.0,2025
SABER PRO - 2025,PROGRAMA_ACÁDEMICO,APRENDIZAJE_PRUEBA,4,1,6.0,PACÍFICA,25.0,VALLE,1010.0,CALI,9226.0,UNIVERSIDAD SANTIAGO DE CALI,9226.0,UNIVERSIDAD SANTIAGO DE CALI-CALI,14.0,MEDICINA,,,2773.0,MEDICINA,COMPETENCIAS CIUDADANAS,1.0,,,,,,,,,,Reconoce la existencia de diferentes perspectivas en situaciones en donde interactúan diferentes partes.,50.0,2025
SABER PRO - 2025,PROGRAMA_ACÁDEMICO,APRENDIZAJE_PRUEBA,654,1,6.0,PACÍFICA,25.0,VALLE,1010.0,CALI,9226.0,UNIVERSIDAD SANTIAGO DE CALI,9226.0,UNIVERSIDAD SANTIAGO DE CALI-CALI,14.0,MEDICINA,,,6063.0,MEDICINA,COMPETENCIAS CIUDADANAS,1.0,,,,,,,,,,Comprende que los problemas y sus soluciones involucran distintas dimensiones y reconoce relaciones entre estas. ,45.0,2025
SABER PRO - 2025,PROGRAMA_ACÁDEMICO,APRENDIZAJE_PRUEBA,327,1,6.0,PACÍFICA,25.0,VALLE,1010.0,CALI,9226.0,UNIVERSIDAD SANTIAGO DE CALI,9226.0,UNIVERSIDAD SANTIAGO DE CALI-CALI,14.0,MEDICINA,,,6063.0,MEDICINA,COMPETENCIAS CIUDADANAS,1.0,,,,,,,,,,Comprende qué es la Constitución Política de Colombia y sus principios fundamentales.,47.0,2025
SABER PRO - 2025,PROGRAMA_ACÁDEMICO,APRENDIZAJE_PRUEBA,1171,1,6.0,PACÍFICA,25.0,VALLE,1010.0,CALI,9226.0,UNIVERSIDAD SANTIAGO DE CALI,9226.0,UNIVERSIDAD SANTIAGO DE CALI-CALI,81.0,GRUPO REFERENCIA NACIONAL UNIVERSITARIO,,,25631.0,MEDICINA VETERINARIA,RAZONAMIENTO CUANTITATIVO,1.0,,,,,,,,,,Valida procedimientos y  estrategias matemáticas utilizadas para dar solución a problemas.,55.0,2025
SABER PRO - 2025,PROGRAMA_ACÁDEMICO,APRENDIZAJE_PRUEBA,333,1,6.0,PACÍFICA,25.0,VALLE,1010.0,CALI,9226.0,UNIVERSIDAD SANTIAGO DE CALI,9226.0,UNIVERSIDAD SANTIAGO DE CALI-CALI,81.0,GRUPO REFERENCIA NACIONAL UNIVERSITARIO,,,25631.0,MEDICINA VETERINARIA,COMPETENCIAS CIUDADANAS,1.0,,,,,,,,,,Comprende qué es la Constitución Política de Colombia y sus principios fundamentales.,65.0,2025
SABER PRO - 2025,PROGRAMA_ACÁDEMICO,APRENDIZAJE_PRUEBA,498,1,6.0,PACÍFICA,25.0,VALLE,1010.0,CALI,9226.0,UNIVERSIDAD SANTIAGO DE CALI,9226.0,UNIVERSIDAD SANTIAGO DE CALI-CALI,81.0,GRUPO REFERENCIA NACIONAL UNIVERSITARIO,,,25631.0,MEDICINA VETERINARIA,COMPETENCIAS CIUDADANAS,1.0,,,,,,,,,,Reconoce la existencia de diferentes perspectivas en situaciones en donde interactúan diferentes partes.,46.0,2025
SABER PRO - 2025,PROGRAMA_ACÁDEMICO,APRENDIZAJE_PRUEBA,1087,1,6.0,PACÍFICA,25.0,VALLE,1010.0,CALI,9226.0,UNIVERSIDAD SANTIAGO DE CALI,9226.0,UNIVERSIDAD SANTIAGO DE CALI-CALI,81.0,GRUPO REFERENCIA NACIONAL UNIVERSITARIO,,,25631.0,MEDICINA VETERINARIA,RAZONAMIENTO CUANTITATIVO,1.0,,,,,,,,,,Comprende y transforma la información cuantitativa y esquemática presentada en distintos formatos ,46.0,2025
SABER PRO - 2025,PROGRAMA_ACÁDEMICO,APRENDIZAJE_PRUEBA,1332,1,6.0,PACÍFICA,25.0,VALLE,1010.0,CALI,9226.0,UNIVERSIDAD SANTIAGO DE CALI,9226.0,UNIVERSIDAD SANTIAGO DE CALI-CALI,81.0,GRUPO REFERENCIA NACIONAL UNIVERSITARIO,,,25631.0,MEDICINA VETERINARIA,LECTURA CRÍTICA,1.0,,,,,,,,,,Comprende cómo se articulan las partes de un texto para darle un sentido global.,47.0,2025
SABER PRO - 2025,PROGRAMA_ACÁDEMICO,APRENDIZAJE_PRUEBA,1062,1,6.0,PACÍFICA,25.0,VALLE,1010.0,CALI,9226.0,UNIVERSIDAD SANTIAGO DE CALI,9226.0,UNIVERSIDAD SANTIAGO DE CALI-CALI,14.0,MEDICINA,,,6063.0,MEDICINA,RAZONAMIENTO CUANTITATIVO,1.0,,,,,,,,,,"Frente a un problema que involucre información cuantitativa, plantea e implementa estrategias que lleven a soluciones adecuadas.",51.0,2025
SABER PRO - 2025,PROGRAMA_ACÁDEMICO,APRENDIZAJE_PRUEBA,494,1,6.0,PACÍFICA,25.0,VALLE,1010.0,CALI,9226.0,UNIVERSIDAD SANTIAGO DE CALI,9226.0,UNIVERSIDAD SANTIAGO DE CALI-CALI,14.0,MEDICINA,,,6063.0,MEDICINA,COMPETENCIAS CIUDADANAS,1.0,,,,,,,,,,Analiza las diferentes perspectivas presentes en situaciones en donde interactúan diferentes partes.,46.0,2025
SABER PRO - 2025,PROGRAMA_ACÁDEMICO,APRENDIZAJE_PRUEBA,10,1,6.0,PACÍFICA,25.0,VALLE,1010.0,CALI,9226.0,UNIVERSIDAD SANTIAGO DE CALI,9226.0,UNIVERSIDAD SANTIAGO DE CALI-CALI,14.0,MEDICINA,,,2773.0,MEDICINA,RAZONAMIENTO CUANTITATIVO,1.0,,,,,,,,,,Comprende y transforma la información cuantitativa y esquemática presentada en distintos formatos ,40.0,2025
SABER PRO - 2025,PROGRAMA_ACÁDEMICO,APRENDIZAJE_PRUEBA,333,1,6.0,PACÍFICA,25.0,VALLE,1010.0,CALI,9226.0,UNIVERSIDAD SANTIAGO DE CALI,9226.0,UNIVERSIDAD SANTIAGO DE CALI-CALI,81.0,GRUPO REFERENCIA NACIONAL UNIVERSITARIO,,,25631.0,MEDICINA VETERINARIA,COMPETENCIAS CIUDADANAS,1.0,,,,,,,,,,Conoce la organización del Estado de acuerdo con la Constitución.,46.0,2025
SABER PRO - 2025,PROGRAMA_ACÁDEMICO,APRENDIZAJE_PRUEBA,501,1,6.0,PACÍFICA,25.0,VALLE,1036.0,PALMIRA,9226.0,UNIVERSIDAD SANTIAGO DE CALI,9234.0,UNIVERSIDAD SANTIAGO DE CALI-PALMIRA,14.0,MEDICINA,,,7020.0,MEDICINA,COMPETENCIAS CIUDADANAS,1.0,,,,,,,,,,Reconoce la existencia de diferentes perspectivas en situaciones en donde interactúan diferentes partes.,48.0,2025
SABER PRO - 2025,PROGRAMA_ACÁDEMICO,APRENDIZAJE_PRUEBA,1156,1,6.0,PACÍFICA,25.0,VALLE,1036.0,PALMIRA,9226.0,UNIVERSIDAD SANTIAGO DE CALI,9234.0,UNIVERSIDAD SANTIAGO DE CALI-PALMIRA,14.0,MEDICINA,,,7020.0,MEDICINA,RAZONAMIENTO CUANTITATIVO,1.0,,,,,,,,,,Valida procedimientos y  estrategias matemáticas utilizadas para dar solución a problemas.,50.0,2025
SABER PRO - 2025,PROGRAMA_ACÁDEMICO,APRENDIZAJE_PRUEBA,1156,1,6.0,PACÍFICA,25.0,VALLE,1036.0,PALMIRA,9226.0,UNIVERSIDAD SANTIAGO DE CALI,9234.0,UNIVERSIDAD SANTIAGO DE CALI-PALMIRA,14.0,MEDICINA,,,7020.0,MEDICINA,LECTURA CRÍTICA,1.0,,,,,,,,,,Reflexiona a partir de un texto y evalúa su contenido.,44.0,2025
SABER PRO - 2025,PROGRAMA_ACÁDEMICO,APRENDIZAJE_PRUEBA,654,1,6.0,PACÍFICA,25.0,VALLE,1036.0,PALMIRA,9226.0,UNIVERSIDAD SANTIAGO DE CALI,9234.0,UNIVERSIDAD SANTIAGO DE CALI-PALMIRA,14.0,MEDICINA,,,7020.0,MEDICINA,COMPETENCIAS CIUDADANAS,1.0,,,,,,,,,,Comprende que los problemas y sus soluciones involucran distintas dimensiones y reconoce relaciones entre estas. ,48.0,2025
SABER PRO - 2025,PROGRAMA_ACÁDEMICO,APRENDIZAJE_PRUEBA,1308,1,6.0,PACÍFICA,25.0,VALLE,1036.0,PALMIRA,9226.0,UNIVERSIDAD SANTIAGO DE CALI,9234.0,UNIVERSIDAD SANTIAGO DE CALI-PALMIRA,14.0,MEDICINA,,,7020.0,MEDICINA,LECTURA CRÍTICA,1.0,,,,,,,,,,Comprende cómo se articulan las partes de un texto para darle un sentido global.,47.0,2025
SABER PRO - 2025,PROGRAMA_ACÁDEMICO,APRENDIZAJE_PRUEBA,806,1,6.0,PACÍFICA,25.0,VALLE,1036.0,PALMIRA,9226.0,UNIVERSIDAD SANTIAGO DE CALI,9234.0,UNIVERSIDAD SANTIAGO DE CALI-PALMIRA,14.0,MEDICINA,,,7020.0,MEDICINA,LECTURA CRÍTICA,1.0,,,,,,,,,,Identifica y entiende los contenidos locales que conforman un texto. ,28.0,2025
SABER PRO - 2025,PROGRAMA_ACÁDEMICO,APRENDIZAJE_PRUEBA,1049,1,6.0,PACÍFICA,25.0,VALLE,1036.0,PALMIRA,9226.0,UNIVERSIDAD SANTIAGO DE CALI,9234.0,UNIVERSIDAD SANTIAGO DE CALI-PALMIRA,14.0,MEDICINA,,,7020.0,MEDICINA,RAZONAMIENTO CUANTITATIVO,1.0,,,,,,,,,,"Frente a un problema que involucre información cuantitativa, plantea e implementa estrategias que lleven a soluciones adecuadas.",55.0,2025
SABER PRO - 2025,PROGRAMA_ACÁDEMICO,APRENDIZAJE_PRUEBA,654,1,6.0,PACÍFICA,25.0,VALLE,1036.0,PALMIRA,9226.0,UNIVERSIDAD SANTIAGO DE CALI,9234.0,UNIVERSIDAD SANTIAGO DE CALI-PALMIRA,14.0,MEDICINA,,,7020.0,MEDICINA,COMPETENCIAS CIUDADANAS,1.0,,,,,,,,,,Analiza y evalúa la pertinencia y solidez de enunciados-discursos.,50.0,2025
SABER PRO - 2025,PROGRAMA_ACÁDEMICO,APRENDIZAJE_PRUEBA,1065,1,6.0,PACÍFICA,25.0,VALLE,1036.0,PALMIRA,9226.0,UNIVERSIDAD SANTIAGO DE CALI,9234.0,UNIVERSIDAD SANTIAGO DE CALI-PALMIRA,14.0,MEDICINA,,,7020.0,MEDICINA,RAZONAMIENTO CUANTITATIVO,1.0,,,,,,,,,,Comprende y transforma la información cuantitativa y esquemática presentada en distintos formatos ,36.0,2025
SABER PRO - 2025,PROGRAMA_ACÁDEMICO,APRENDIZAJE_PRUEBA,480,1,6.0,PACÍFICA,25.0,VALLE,1036.0,PALMIRA,9226.0,UNIVERSIDAD SANTIAGO DE CALI,9234.0,UNIVERSIDAD SANTIAGO DE CALI-PALMIRA,14.0,MEDICINA,,,7020.0,MEDICINA,COMPETENCIAS CIUDADANAS,1.0,,,,,,,,,,Analiza las diferentes perspectivas presentes en situaciones en donde interactúan diferentes partes.,53.0,2025
SABER PRO - 2025,PROGRAMA_ACÁDEMICO,APRENDIZAJE_PRUEBA,285,1,6.0,PACÍFICA,25.0,VALLE,1036.0,PALMIRA,9226.0,UNIVERSIDAD SANTIAGO DE CALI,9234.0,UNIVERSIDAD SANTIAGO DE CALI-PALMIRA,14.0,MEDICINA,,,7020.0,MEDICINA,COMPETENCIAS CIUDADANAS,1.0,,,,,,,,,,Conoce los derechos y deberes que la Constitución consagra.,49.0,2025
SABER PRO - 2025,PROGRAMA_ACÁDEMICO,APRENDIZAJE_PRUEBA,327,1,6.0,PACÍFICA,25.0,VALLE,1036.0,PALMIRA,9226.0,UNIVERSIDAD SANTIAGO DE CALI,9234.0,UNIVERSIDAD SANTIAGO DE CALI-PALMIRA,14.0,MEDICINA,,,7020.0,MEDICINA,COMPETENCIAS CIUDADANAS,1.0,,,,,,,,,,Comprende qué es la Constitución Política de Colombia y sus principios fundamentales.,52.0,2025
SABER PRO - 2025,PROGRAMA_ACÁDEMICO,APRENDIZAJE_PRUEBA,327,1,6.0,PACÍFICA,25.0,VALLE,1036.0,PALMIRA,9226.0,UNIVERSIDAD SANTIAGO DE CALI,9234.0,UNIVERSIDAD SANTIAGO DE CALI-PALMIRA,14.0,MEDICINA,,,7020.0,MEDICINA,COMPETENCIAS CIUDADANAS,1.0,,,,,,,,,,Conoce la organización del Estado de acuerdo con la Constitución.,46.0,2025
SABER PRO - 2025,PROGRAMA_ACÁDEMICO,APRENDIZAJE_PRUEBA,210,1,6.0,PACÍFICA,25.0,VALLE,1045.0,TULUÁ,9240.0,UNIDAD CENTRAL DEL VALLE DEL CAUCA,9240.0,UNIDAD CENTRAL DEL VALLE DEL CAUCA-TULUA,14.0,MEDICINA,,,2317.0,MEDICINA,COMPETENCIAS CIUDADANAS,1.0,,,,,,,,,,Conoce la organización del Estado de acuerdo con la Constitución.,35.0,2025
SABER PRO - 2025,PROGRAMA_ACÁDEMICO,APRENDIZAJE_PRUEBA,332,1,6.0,PACÍFICA,25.0,VALLE,1045.0,TULUÁ,9240.0,UNIDAD CENTRAL DEL VALLE DEL CAUCA,9240.0,UNIDAD CENTRAL DEL VALLE DEL CAUCA-TULUA,14.0,MEDICINA,,,2317.0,MEDICINA,COMPETENCIAS CIUDADANAS,1.0,,,,,,,,,,Analiza las diferentes perspectivas presentes en situaciones en donde interactúan diferentes partes.,44.0,2025
SABER PRO - 2025,PROGRAMA_ACÁDEMICO,APRENDIZAJE_PRUEBA,649,1,6.0,PACÍFICA,25.0,VALLE,1045.0,TULUÁ,9240.0,UNIDAD CENTRAL DEL VALLE DEL CAUCA,9240.0,UNIDAD CENTRAL DEL VALLE DEL CAUCA-TULUA,14.0,MEDICINA,,,2317.0,MEDICINA,RAZONAMIENTO CUANTITATIVO,1.0,,,,,,,,,,"Frente a un problema que involucre información cuantitativa, plantea e implementa estrategias que lleven a soluciones adecuadas.",56.0,2025
SABER PRO - 2025,PROGRAMA_ACÁDEMICO,APRENDIZAJE_PRUEBA,840,1,6.0,PACÍFICA,25.0,VALLE,1045.0,TULUÁ,9240.0,UNIDAD CENTRAL DEL VALLE DEL CAUCA,9240.0,UNIDAD CENTRAL DEL VALLE DEL CAUCA-TULUA,14.0,MEDICINA,,,2317.0,MEDICINA,LECTURA CRÍTICA,1.0,,,,,,,,,,Comprende cómo se articulan las partes de un texto para darle un sentido global.,40.0,2025
SABER PRO - 2025,PROGRAMA_ACÁDEMICO,APRENDIZAJE_PRUEBA,753,1,6.0,PACÍFICA,25.0,VALLE,1045.0,TULUÁ,9240.0,UNIDAD CENTRAL DEL VALLE DEL CAUCA,9240.0,UNIDAD CENTRAL DEL VALLE DEL CAUCA-TULUA,14.0,MEDICINA,,,2317.0,MEDICINA,RAZONAMIENTO CUANTITATIVO,1.0,,,,,,,,,,Valida procedimientos y  estrategias matemáticas utilizadas para dar solución a problemas.,45.0,2025
SABER PRO - 2025,PROGRAMA_ACÁDEMICO,APRENDIZAJE_PRUEBA,698,1,6.0,PACÍFICA,25.0,VALLE,1045.0,TULUÁ,9240.0,UNIDAD CENTRAL DEL VALLE DEL CAUCA,9240.0,UNIDAD CENTRAL DEL VALLE DEL CAUCA-TULUA,14.0,MEDICINA,,,2317.0,MEDICINA,RAZONAMIENTO CUANTITATIVO,1.0,,,,,,,,,,Comprende y transforma la información cuantitativa y esquemática presentada en distintos formatos ,31.0,2025
SABER PRO - 2025,PROGRAMA_ACÁDEMICO,APRENDIZAJE_PRUEBA,160,1,6.0,PACÍFICA,25.0,VALLE,1045.0,TULUÁ,9240.0,UNIDAD CENTRAL DEL VALLE DEL CAUCA,9240.0,UNIDAD CENTRAL DEL VALLE DEL CAUCA-TULUA,14.0,MEDICINA,,,2317.0,MEDICINA,COMPETENCIAS CIUDADANAS,1.0,,,,,,,,,,Conoce los derechos y deberes que la Constitución consagra.,38.0,2025
SABER PRO - 2025,PROGRAMA_ACÁDEMICO,APRENDIZAJE_PRUEBA,298,1,6.0,PACÍFICA,25.0,VALLE,1045.0,TULUÁ,9240.0,UNIDAD CENTRAL DEL VALLE DEL CAUCA,9240.0,UNIDAD CENTRAL DEL VALLE DEL CAUCA-TULUA,14.0,MEDICINA,,,2317.0,MEDICINA,COMPETENCIAS CIUDADANAS,1.0,,,,,,,,,,Reconoce la existencia de diferentes perspectivas en situaciones en donde interactúan diferentes partes.,38.0,2025
SABER PRO - 2025,PROGRAMA_ACÁDEMICO,APRENDIZAJE_PRUEBA,420,1,6.0,PACÍFICA,25.0,VALLE,1045.0,TULUÁ,9240.0,UNIDAD CENTRAL DEL VALLE DEL CAUCA,9240.0,UNIDAD CENTRAL DEL VALLE DEL CAUCA-TULUA,14.0,MEDICINA,,,2317.0,MEDICINA,COMPETENCIAS CIUDADANAS,1.0,,,,,,,,,,Comprende que los problemas y sus soluciones involucran distintas dimensiones y reconoce relaciones entre estas. ,30.0,2025
SABER PRO - 2025,PROGRAMA_ACÁDEMICO,APRENDIZAJE_PRUEBA,505,1,6.0,PACÍFICA,25.0,VALLE,1045.0,TULUÁ,9240.0,UNIDAD CENTRAL DEL VALLE DEL CAUCA,9240.0,UNIDAD CENTRAL DEL VALLE DEL CAUCA-TULUA,14.0,MEDICINA,,,2317.0,MEDICINA,LECTURA CRÍTICA,1.0,,,,,,,,,,Identifica y entiende los contenidos locales que conforman un texto. ,17.0,2025
SABER PRO - 2025,PROGRAMA_ACÁDEMICO,APRENDIZAJE_PRUEBA,536,1,6.0,PACÍFICA,25.0,VALLE,1045.0,TULUÁ,9240.0,UNIDAD CENTRAL DEL VALLE DEL CAUCA,9240.0,UNIDAD CENTRAL DEL VALLE DEL CAUCA-TULUA,14.0,MEDICINA,,,2317.0,MEDICINA,ATENCIÓN EN SALUD,34.0,,,,,,,,,,"Integra el proceso de sistematización de la información, relacionada con la salud del individuo, la familia y la comunidad en la priorización de acciones. ",47.0,2025
SABER PRO - 2025,PROGRAMA_ACÁDEMICO,APRENDIZAJE_PRUEBA,804,1,6.0,PACÍFICA,25.0,VALLE,1045.0,TULUÁ,9240.0,UNIDAD CENTRAL DEL VALLE DEL CAUCA,9240.0,UNIDAD CENTRAL DEL VALLE DEL CAUCA-TULUA,14.0,MEDICINA,,,2317.0,MEDICINA,ATENCIÓN EN SALUD,34.0,,,,,,,,,,"Propone acciones de diagnóstico, ejecución y evaluación en el marco de políticas y lineamientos en salud vigentes.",40.0,2025
SABER PRO - 2025,PROGRAMA_ACÁDEMICO,APRENDIZAJE_PRUEBA,1608,1,6.0,PACÍFICA,25.0,VALLE,1045.0,TULUÁ,9240.0,UNIDAD CENTRAL DEL VALLE DEL CAUCA,9240.0,UNIDAD CENTRAL DEL VALLE DEL CAUCA-TULUA,14.0,MEDICINA,,,2317.0,MEDICINA,PROMOCIÓN DE LA SALUD Y PREVENCIÓN DE LA ENFERMEDAD,34.0,,,,,,,,,,"Integra los conceptos básicos de prevención de la enfermedad, que le permita la priorización de las acciones  por seguir  de  acuerdo con las condiciones de salud de las poblaciones.",38.0,2025
SABER PRO - 2025,PROGRAMA_ACÁDEMICO,APRENDIZAJE_PRUEBA,2211,1,6.0,PACÍFICA,25.0,VALLE,1045.0,TULUÁ,9240.0,UNIDAD CENTRAL DEL VALLE DEL CAUCA,9240.0,UNIDAD CENTRAL DEL VALLE DEL CAUCA-TULUA,14.0,MEDICINA,,,2317.0,MEDICINA,FUNDAMENTACIÓN EN DIAGNÓSTICO Y TRATAMIENTO MÉDICOS,34.0,,,,,,,,,,"Determina la situación de salud o enfermedad de niños, jóvenes y adultos (hombres y mujeres), a partir de casos clínicos de común ocurrencia en la práctica de los médicos generales.",55.0,2025
SABER PRO - 2025,PROGRAMA_ACÁDEMICO,APRENDIZAJE_PRUEBA,670,1,6.0,PACÍFICA,25.0,VALLE,1045.0,TULUÁ,9240.0,UNIDAD CENTRAL DEL VALLE DEL CAUCA,9240.0,UNIDAD CENTRAL DEL VALLE DEL CAUCA-TULUA,14.0,MEDICINA,,,2317.0,MEDICINA,PROMOCIÓN DE LA SALUD Y PREVENCIÓN DE LA ENFERMEDAD,34.0,,,,,,,,,,"Integra los conceptos básicos de promoción de la salud que le permiten priorizar acciones por seguir, de acuerdo con las condiciones de salud de las poblaciones.",51.0,2025
SABER PRO - 2025,PROGRAMA_ACÁDEMICO,APRENDIZAJE_PRUEBA,536,1,6.0,PACÍFICA,25.0,VALLE,1045.0,TULUÁ,9240.0,UNIDAD CENTRAL DEL VALLE DEL CAUCA,9240.0,UNIDAD CENTRAL DEL VALLE DEL CAUCA-TULUA,14.0,MEDICINA,,,2317.0,MEDICINA,ATENCIÓN EN SALUD,34.0,,,,,,,,,,"Reconoce la política y la normatividad nacional y los acuerdos internacionales suscritos por el Estado colombiano, relacionados con salud pública y los aplica en situaciones concretas que afectan la salud del individuo, la familia y la comunidad.",43.0,2025
SABER PRO - 2025,PROGRAMA_ACÁDEMICO,APRENDIZAJE_PRUEBA,1541,1,6.0,PACÍFICA,25.0,VALLE,1045.0,TULUÁ,9240.0,UNIDAD CENTRAL DEL VALLE DEL CAUCA,9240.0,UNIDAD CENTRAL DEL VALLE DEL CAUCA-TULUA,14.0,MEDICINA,,,2317.0,MEDICINA,FUNDAMENTACIÓN EN DIAGNÓSTICO Y TRATAMIENTO MÉDICOS,34.0,,,,,,,,,,"Propone un plan de tratamiento de acuerdo con la situación del paciente, a partir de casos clínicos de común ocurrencia en la práctica de los médicos generales.",65.0,2025
SABER PRO - 2025,PROGRAMA_ACÁDEMICO,APRENDIZAJE_PRUEBA,420,1,6.0,PACÍFICA,25.0,VALLE,1045.0,TULUÁ,9240.0,UNIDAD CENTRAL DEL VALLE DEL CAUCA,9240.0,UNIDAD CENTRAL DEL VALLE DEL CAUCA-TULUA,14.0,MEDICINA,,,2317.0,MEDICINA,COMPETENCIAS CIUDADANAS,1.0,,,,,,,,,,Analiza y evalúa la pertinencia y solidez de enunciados-discursos.,46.0,2025
SABER PRO - 2025,PROGRAMA_ACÁDEMICO,APRENDIZAJE_PRUEBA,804,1,6.0,PACÍFICA,25.0,VALLE,1045.0,TULUÁ,9240.0,UNIDAD CENTRAL DEL VALLE DEL CAUCA,9240.0,UNIDAD CENTRAL DEL VALLE DEL CAUCA-TULUA,14.0,MEDICINA,,,2317.0,MEDICINA,ATENCIÓN EN SALUD,34.0,,,,,,,,,,"Analiza los determinantes personales, sociales, económicos y ambientales que influyen en el estado de salud del individuo, la familia y la comunidad, para la priorización de acciones a seguir.",44.0,2025
SABER PRO - 2025,PROGRAMA_ACÁDEMICO,APRENDIZAJE_PRUEBA,210,1,6.0,PACÍFICA,25.0,VALLE,1045.0,TULUÁ,9240.0,UNIDAD CENTRAL DEL VALLE DEL CAUCA,9240.0,UNIDAD CENTRAL DEL VALLE DEL CAUCA-TULUA,14.0,MEDICINA,,,2317.0,MEDICINA,COMPETENCIAS CIUDADANAS,1.0,,,,,,,,,,Comprende qué es la Constitución Política de Colombia y sus principios fundamentales.,39.0,2025
SABER PRO - 2025,PROGRAMA_ACÁDEMICO,APRENDIZAJE_PRUEBA,755,1,6.0,PACÍFICA,25.0,VALLE,1045.0,TULUÁ,9240.0,UNIDAD CENTRAL DEL VALLE DEL CAUCA,9240.0,UNIDAD CENTRAL DEL VALLE DEL CAUCA-TULUA,14.0,MEDICINA,,,2317.0,MEDICINA,LECTURA CRÍTICA,1.0,,,,,,,,,,Reflexiona a partir de un texto y evalúa su contenido.,39.0,2025
SABER PRO - 2025,PROGRAMA_ACÁDEMICO,NIVEL_DESEMPEÑO_PRUEBA,59,1,2.0,ANDINA,1.0,ANTIOQUIA,1.0,MEDELLÍN,8894.0,UNIVERSIDAD DE ANTIOQUIA,8894.0,UNIVERSIDAD DE ANTIOQUIA-MEDELLIN,14.0,MEDICINA,45.0,MEDICINA,6217.0,MEDICINA,PROMOCIÓN DE LA SALUD Y PREVENCIÓN DE LA ENFERMEDAD,34.0,,,,,5.0,14.0,56.0,25.0,,,,2025
SABER PRO - 2025,PROGRAMA_ACÁDEMICO,NIVEL_DESEMPEÑO_PRUEBA,59,1,2.0,ANDINA,1.0,ANTIOQUIA,1.0,MEDELLÍN,8894.0,UNIVERSIDAD DE ANTIOQUIA,8894.0,UNIVERSIDAD DE ANTIOQUIA-MEDELLIN,14.0,MEDICINA,45.0,MEDICINA,6217.0,MEDICINA,FUNDAMENTACIÓN EN DIAGNÓSTICO Y TRATAMIENTO MÉDICOS,34.0,,,,,2.0,39.0,53.0,7.0,,,,2025
SABER PRO - 2025,PROGRAMA_ACÁDEMICO,NIVEL_DESEMPEÑO_PRUEBA,199,1,2.0,ANDINA,1.0,ANTIOQUIA,1.0,MEDELLÍN,8894.0,UNIVERSIDAD DE ANTIOQUIA,8894.0,UNIVERSIDAD DE ANTIOQUIA-MEDELLIN,14.0,MEDICINA,45.0,MEDICINA,6217.0,MEDICINA,RAZONAMIENTO CUANTITATIVO,1.0,,,,,1.0,6.0,68.0,26.0,,,,2025
SABER PRO - 2025,PROGRAMA_ACÁDEMICO,NIVEL_DESEMPEÑO_PRUEBA,199,1,2.0,ANDINA,1.0,ANTIOQUIA,1.0,MEDELLÍN,8894.0,UNIVERSIDAD DE ANTIOQUIA,8894.0,UNIVERSIDAD DE ANTIOQUIA-MEDELLIN,14.0,MEDICINA,45.0,MEDICINA,6217.0,MEDICINA,LECTURA CRÍTICA,1.0,,,,,2.0,5.0,57.0,37.0,,,,2025
SABER PRO - 2025,PROGRAMA_ACÁDEMICO,NIVEL_DESEMPEÑO_PRUEBA,59,1,2.0,ANDINA,1.0,ANTIOQUIA,1.0,MEDELLÍN,8894.0,UNIVERSIDAD DE ANTIOQUIA,8894.0,UNIVERSIDAD DE ANTIOQUIA-MEDELLIN,14.0,MEDICINA,45.0,MEDICINA,6217.0,MEDICINA,ATENCIÓN EN SALUD,34.0,,,,,5.0,10.0,27.0,58.0,,,,2025
SABER PRO - 2025,PROGRAMA_ACÁDEMICO,NIVEL_DESEMPEÑO_PRUEBA,199,1,2.0,ANDINA,1.0,ANTIOQUIA,1.0,MEDELLÍN,8894.0,UNIVERSIDAD DE ANTIOQUIA,8894.0,UNIVERSIDAD DE ANTIOQUIA-MEDELLIN,14.0,MEDICINA,45.0,MEDICINA,6217.0,MEDICINA,COMPETENCIAS CIUDADANAS,1.0,,,,,5.0,5.0,59.0,31.0,,,,2025
SABER PRO - 2025,PROGRAMA_ACÁDEMICO,NIVEL_DESEMPEÑO_PRUEBA,199,1,2.0,ANDINA,1.0,ANTIOQUIA,1.0,MEDELLÍN,8894.0,UNIVERSIDAD DE ANTIOQUIA,8894.0,UNIVERSIDAD DE ANTIOQUIA-MEDELLIN,14.0,MEDICINA,45.0,MEDICINA,6217.0,MEDICINA,INGLÉS,1.0,,,,,0.0,11.0,37.0,53.0,,,,2025
SABER PRO - 2025,PROGRAMA_ACÁDEMICO,NIVEL_DESEMPEÑO_PRUEBA,198,1,2.0,ANDINA,1.0,ANTIOQUIA,1.0,MEDELLÍN,8894.0,UNIVERSIDAD DE ANTIOQUIA,8894.0,UNIVERSIDAD DE ANTIOQUIA-MEDELLIN,14.0,MEDICINA,45.0,MEDICINA,6217.0,MEDICINA,COMUNICACIÓN ESCRITA,1.0,,,,,1.0,27.0,46.0,26.0,,,,2025
SABER PRO - 2025,PROGRAMA_ACÁDEMICO,NIVEL_DESEMPEÑO_PRUEBA,96,1,2.0,ANDINA,1.0,ANTIOQUIA,1.0,MEDELLÍN,8897.0,UNIVERSIDAD EIA,8897.0,UNIVERSIDAD EIA-ENVIGADO,,,45.0,MEDICINA,25810.0,MEDICINA,INGLÉS,1.0,,,,,0.0,4.0,26.0,70.0,,,,2025
SABER PRO - 2025,PROGRAMA_ACÁDEMICO,NIVEL_DESEMPEÑO_PRUEBA,96,1,2.0,ANDINA,1.0,ANTIOQUIA,1.0,MEDELLÍN,8897.0,UNIVERSIDAD EIA,8897.0,UNIVERSIDAD EIA-ENVIGADO,,,45.0,MEDICINA,25810.0,MEDICINA,COMUNICACIÓN ESCRITA,1.0,,,,,3.0,23.0,46.0,28.0,,,,2025
SABER PRO - 2025,PROGRAMA_ACÁDEMICO,NIVEL_DESEMPEÑO_PRUEBA,42,1,2.0,ANDINA,1.0,ANTIOQUIA,1.0,MEDELLÍN,8897.0,UNIVERSIDAD EIA,8897.0,UNIVERSIDAD EIA-ENVIGADO,,,45.0,MEDICINA,25810.0,MEDICINA,FUNDAMENTACIÓN EN DIAGNÓSTICO Y TRATAMIENTO MÉDICOS,34.0,,,,,0.0,26.0,52.0,21.0,,,,2025
SABER PRO - 2025,PROGRAMA_ACÁDEMICO,NIVEL_DESEMPEÑO_PRUEBA,42,1,2.0,ANDINA,1.0,ANTIOQUIA,1.0,MEDELLÍN,8897.0,UNIVERSIDAD EIA,8897.0,UNIVERSIDAD EIA-ENVIGADO,,,45.0,MEDICINA,25810.0,MEDICINA,PROMOCIÓN DE LA SALUD Y PREVENCIÓN DE LA ENFERMEDAD,34.0,,,,,2.0,5.0,64.0,29.0,,,,2025
SABER PRO - 2025,PROGRAMA_ACÁDEMICO,NIVEL_DESEMPEÑO_PRUEBA,42,1,2.0,ANDINA,1.0,ANTIOQUIA,1.0,MEDELLÍN,8897.0,UNIVERSIDAD EIA,8897.0,UNIVERSIDAD EIA-ENVIGADO,,,45.0,MEDICINA,25810.0,MEDICINA,ATENCIÓN EN SALUD,34.0,,,,,0.0,10.0,38.0,52.0,,,,2025
SABER PRO - 2025,PROGRAMA_ACÁDEMICO,NIVEL_DESEMPEÑO_PRUEBA,96,1,2.0,ANDINA,1.0,ANTIOQUIA,1.0,MEDELLÍN,8897.0,UNIVERSIDAD EIA,8897.0,UNIVERSIDAD EIA-ENVIGADO,,,45.0,MEDICINA,25810.0,MEDICINA,LECTURA CRÍTICA,1.0,,,,,1.0,8.0,68.0,23.0,,,,2025
SABER PRO - 2025,PROGRAMA_ACÁDEMICO,NIVEL_DESEMPEÑO_PRUEBA,96,1,2.0,ANDINA,1.0,ANTIOQUIA,1.0,MEDELLÍN,8897.0,UNIVERSIDAD EIA,8897.0,UNIVERSIDAD EIA-ENVIGADO,,,45.0,MEDICINA,25810.0,MEDICINA,RAZONAMIENTO CUANTITATIVO,1.0,,,,,1.0,20.0,72.0,7.0,,,,2025
SABER PRO - 2025,PROGRAMA_ACÁDEMICO,NIVEL_DESEMPEÑO_PRUEBA,96,1,2.0,ANDINA,1.0,ANTIOQUIA,1.0,MEDELLÍN,8897.0,UNIVERSIDAD EIA,8897.0,UNIVERSIDAD EIA-ENVIGADO,,,45.0,MEDICINA,25810.0,MEDICINA,COMPETENCIAS CIUDADANAS,1.0,,,,,4.0,13.0,60.0,23.0,,,,2025
SABER PRO - 2025,PROGRAMA_ACÁDEMICO,NIVEL_DESEMPEÑO_PRUEBA,127,1,2.0,ANDINA,1.0,ANTIOQUIA,1.0,MEDELLÍN,8903.0,CORPORACION UNIVERSITARIA REMINGTON,8903.0,CORPORACION UNIVERSITARIA REMINGTON-MEDELLIN,14.0,MEDICINA,45.0,MEDICINA,2329.0,MEDICINA,INGLÉS,1.0,,,,,14.0,55.0,26.0,5.0,,,,2025
SABER PRO - 2025,PROGRAMA_ACÁDEMICO,NIVEL_DESEMPEÑO_PRUEBA,127,1,2.0,ANDINA,1.0,ANTIOQUIA,1.0,MEDELLÍN,8903.0,CORPORACION UNIVERSITARIA REMINGTON,8903.0,CORPORACION UNIVERSITARIA REMINGTON-MEDELLIN,14.0,MEDICINA,45.0,MEDICINA,2329.0,MEDICINA,RAZONAMIENTO CUANTITATIVO,1.0,,,,,31.0,45.0,24.0,0.0,,,,2025
SABER PRO - 2025,PROGRAMA_ACÁDEMICO,NIVEL_DESEMPEÑO_PRUEBA,127,1,2.0,ANDINA,1.0,ANTIOQUIA,1.0,MEDELLÍN,8903.0,CORPORACION UNIVERSITARIA REMINGTON,8903.0,CORPORACION UNIVERSITARIA REMINGTON-MEDELLIN,14.0,MEDICINA,45.0,MEDICINA,2329.0,MEDICINA,LECTURA CRÍTICA,1.0,,,,,20.0,35.0,44.0,2.0,,,,2025
SABER PRO - 2025,PROGRAMA_ACÁDEMICO,NIVEL_DESEMPEÑO_PRUEBA,126,1,2.0,ANDINA,1.0,ANTIOQUIA,1.0,MEDELLÍN,8903.0,CORPORACION UNIVERSITARIA REMINGTON,8903.0,CORPORACION UNIVERSITARIA REMINGTON-MEDELLIN,14.0,MEDICINA,45.0,MEDICINA,2329.0,MEDICINA,ATENCIÓN EN SALUD,34.0,,,,,24.0,30.0,39.0,7.0,,,,2025
SABER PRO - 2025,PROGRAMA_ACÁDEMICO,NIVEL_DESEMPEÑO_PRUEBA,126,1,2.0,ANDINA,1.0,ANTIOQUIA,1.0,MEDELLÍN,8903.0,CORPORACION UNIVERSITARIA REMINGTON,8903.0,CORPORACION UNIVERSITARIA REMINGTON-MEDELLIN,14.0,MEDICINA,45.0,MEDICINA,2329.0,MEDICINA,PROMOCIÓN DE LA SALUD Y PREVENCIÓN DE LA ENFERMEDAD,34.0,,,,,23.0,29.0,47.0,2.0,,,,2025
SABER PRO - 2025,PROGRAMA_ACÁDEMICO,NIVEL_DESEMPEÑO_PRUEBA,127,1,2.0,ANDINA,1.0,ANTIOQUIA,1.0,MEDELLÍN,8903.0,CORPORACION UNIVERSITARIA REMINGTON,8903.0,CORPORACION UNIVERSITARIA REMINGTON-MEDELLIN,14.0,MEDICINA,45.0,MEDICINA,2329.0,MEDICINA,COMPETENCIAS CIUDADANAS,1.0,,,,,24.0,35.0,37.0,5.0,,,,2025
SABER PRO - 2025,PROGRAMA_ACÁDEMICO,NIVEL_DESEMPEÑO_PRUEBA,125,1,2.0,ANDINA,1.0,ANTIOQUIA,1.0,MEDELLÍN,8903.0,CORPORACION UNIVERSITARIA REMINGTON,8903.0,CORPORACION UNIVERSITARIA REMINGTON-MEDELLIN,14.0,MEDICINA,45.0,MEDICINA,2329.0,MEDICINA,COMUNICACIÓN ESCRITA,1.0,,,,,5.0,41.0,34.0,20.0,,,,2025
SABER PRO - 2025,PROGRAMA_ACÁDEMICO,NIVEL_DESEMPEÑO_PRUEBA,126,1,2.0,ANDINA,1.0,ANTIOQUIA,1.0,MEDELLÍN,8903.0,CORPORACION UNIVERSITARIA REMINGTON,8903.0,CORPORACION UNIVERSITARIA REMINGTON-MEDELLIN,14.0,MEDICINA,45.0,MEDICINA,2329.0,MEDICINA,FUNDAMENTACIÓN EN DIAGNÓSTICO Y TRATAMIENTO MÉDICOS,34.0,,,,,58.0,33.0,10.0,0.0,,,,2025
SABER PRO - 2025,PROGRAMA_ACÁDEMICO,NIVEL_DESEMPEÑO_PRUEBA,63,1,2.0,ANDINA,1.0,ANTIOQUIA,1.0,MEDELLÍN,8908.0,UNIVERSIDAD PONTIFICIA BOLIVARIANA,8908.0,UNIVERSIDAD PONTIFICIA BOLIVARIANA-MEDELLIN,14.0,MEDICINA,45.0,MEDICINA,2481.0,MEDICINA,PROMOCIÓN DE LA SALUD Y PREVENCIÓN DE LA ENFERMEDAD,34.0,,,,,3.0,8.0,67.0,22.0,,,,2025
SABER PRO - 2025,PROGRAMA_ACÁDEMICO,NIVEL_DESEMPEÑO_PRUEBA,63,1,2.0,ANDINA,1.0,ANTIOQUIA,1.0,MEDELLÍN,8908.0,UNIVERSIDAD PONTIFICIA BOLIVARIANA,8908.0,UNIVERSIDAD PONTIFICIA BOLIVARIANA-MEDELLIN,14.0,MEDICINA,45.0,MEDICINA,2481.0,MEDICINA,FUNDAMENTACIÓN EN DIAGNÓSTICO Y TRATAMIENTO MÉDICOS,34.0,,,,,16.0,43.0,32.0,10.0,,,,2025
SABER PRO - 2025,PROGRAMA_ACÁDEMICO,NIVEL_DESEMPEÑO_PRUEBA,151,1,2.0,ANDINA,1.0,ANTIOQUIA,1.0,MEDELLÍN,8908.0,UNIVERSIDAD PONTIFICIA BOLIVARIANA,8908.0,UNIVERSIDAD PONTIFICIA BOLIVARIANA-MEDELLIN,14.0,MEDICINA,45.0,MEDICINA,2481.0,MEDICINA,COMUNICACIÓN ESCRITA,1.0,,,,,2.0,26.0,54.0,18.0,,,,2025
SABER PRO - 2025,PROGRAMA_ACÁDEMICO,NIVEL_DESEMPEÑO_PRUEBA,63,1,2.0,ANDINA,1.0,ANTIOQUIA,1.0,MEDELLÍN,8908.0,UNIVERSIDAD PONTIFICIA BOLIVARIANA,8908.0,UNIVERSIDAD PONTIFICIA BOLIVARIANA-MEDELLIN,14.0,MEDICINA,45.0,MEDICINA,2481.0,MEDICINA,ATENCIÓN EN SALUD,34.0,,,,,0.0,22.0,40.0,38.0,,,,2025
SABER PRO - 2025,PROGRAMA_ACÁDEMICO,NIVEL_DESEMPEÑO_PRUEBA,151,1,2.0,ANDINA,1.0,ANTIOQUIA,1.0,MEDELLÍN,8908.0,UNIVERSIDAD PONTIFICIA BOLIVARIANA,8908.0,UNIVERSIDAD PONTIFICIA BOLIVARIANA-MEDELLIN,14.0,MEDICINA,45.0,MEDICINA,2481.0,MEDICINA,COMPETENCIAS CIUDADANAS,1.0,,,,,5.0,17.0,68.0,11.0,,,,2025
SABER PRO - 2025,PROGRAMA_ACÁDEMICO,NIVEL_DESEMPEÑO_PRUEBA,151,1,2.0,ANDINA,1.0,ANTIOQUIA,1.0,MEDELLÍN,8908.0,UNIVERSIDAD PONTIFICIA BOLIVARIANA,8908.0,UNIVERSIDAD PONTIFICIA BOLIVARIANA-MEDELLIN,14.0,MEDICINA,45.0,MEDICINA,2481.0,MEDICINA,LECTURA CRÍTICA,1.0,,,,,1.0,11.0,70.0,19.0,,,,2025
SABER PRO - 2025,PROGRAMA_ACÁDEMICO,NIVEL_DESEMPEÑO_PRUEBA,151,1,2.0,ANDINA,1.0,ANTIOQUIA,1.0,MEDELLÍN,8908.0,UNIVERSIDAD PONTIFICIA BOLIVARIANA,8908.0,UNIVERSIDAD PONTIFICIA BOLIVARIANA-MEDELLIN,14.0,MEDICINA,45.0,MEDICINA,2481.0,MEDICINA,RAZONAMIENTO CUANTITATIVO,1.0,,,,,5.0,19.0,72.0,4.0,,,,2025
SABER PRO - 2025,PROGRAMA_ACÁDEMICO,NIVEL_DESEMPEÑO_PRUEBA,151,1,2.0,ANDINA,1.0,ANTIOQUIA,1.0,MEDELLÍN,8908.0,UNIVERSIDAD PONTIFICIA BOLIVARIANA,8908.0,UNIVERSIDAD PONTIFICIA BOLIVARIANA-MEDELLIN,14.0,MEDICINA,45.0,MEDICINA,2481.0,MEDICINA,INGLÉS,1.0,,,,,1.0,3.0,36.0,61.0,,,,2025
SABER PRO - 2025,PROGRAMA_ACÁDEMICO,NIVEL_DESEMPEÑO_PRUEBA,105,1,2.0,ANDINA,1.0,ANTIOQUIA,1.0,MEDELLÍN,8910.0,FUNDACION UNIVERSITARIA AUTONOMA DE LAS AMERICAS,8910.0,INSTITUCIÓN UNIVERSITARIA VISIÓN DE LAS AMÉRICAS-MEDELLIN,14.0,MEDICINA,45.0,MEDICINA,6672.0,MEDICINA,FUNDAMENTACIÓN EN DIAGNÓSTICO Y TRATAMIENTO MÉDICOS,34.0,,,,,44.0,41.0,14.0,1.0,,,,2025
SABER PRO - 2025,PROGRAMA_ACÁDEMICO,NIVEL_DESEMPEÑO_PRUEBA,107,1,2.0,ANDINA,1.0,ANTIOQUIA,1.0,MEDELLÍN,8910.0,FUNDACION UNIVERSITARIA AUTONOMA DE LAS AMERICAS,8910.0,INSTITUCIÓN UNIVERSITARIA VISIÓN DE LAS AMÉRICAS-MEDELLIN,14.0,MEDICINA,45.0,MEDICINA,6672.0,MEDICINA,COMUNICACIÓN ESCRITA,1.0,,,,,3.0,50.0,40.0,7.0,,,,2025
SABER PRO - 2025,PROGRAMA_ACÁDEMICO,NIVEL_DESEMPEÑO_PRUEBA,107,1,2.0,ANDINA,1.0,ANTIOQUIA,1.0,MEDELLÍN,8910.0,FUNDACION UNIVERSITARIA AUTONOMA DE LAS AMERICAS,8910.0,INSTITUCIÓN UNIVERSITARIA VISIÓN DE LAS AMÉRICAS-MEDELLIN,14.0,MEDICINA,45.0,MEDICINA,6672.0,MEDICINA,COMPETENCIAS CIUDADANAS,1.0,,,,,26.0,30.0,42.0,2.0,,,,2025
SABER PRO - 2025,PROGRAMA_ACÁDEMICO,NIVEL_DESEMPEÑO_PRUEBA,105,1,2.0,ANDINA,1.0,ANTIOQUIA,1.0,MEDELLÍN,8910.0,FUNDACION UNIVERSITARIA AUTONOMA DE LAS AMERICAS,8910.0,INSTITUCIÓN UNIVERSITARIA VISIÓN DE LAS AMÉRICAS-MEDELLIN,14.0,MEDICINA,45.0,MEDICINA,6672.0,MEDICINA,PROMOCIÓN DE LA SALUD Y PREVENCIÓN DE LA ENFERMEDAD,34.0,,,,,31.0,27.0,40.0,2.0,,,,2025
SABER PRO - 2025,PROGRAMA_ACÁDEMICO,NIVEL_DESEMPEÑO_PRUEBA,107,1,2.0,ANDINA,1.0,ANTIOQUIA,1.0,MEDELLÍN,8910.0,FUNDACION UNIVERSITARIA AUTONOMA DE LAS AMERICAS,8910.0,INSTITUCIÓN UNIVERSITARIA VISIÓN DE LAS AMÉRICAS-MEDELLIN,14.0,MEDICINA,45.0,MEDICINA,6672.0,MEDICINA,LECTURA CRÍTICA,1.0,,,,,12.0,36.0,49.0,3.0,,,,2025
SABER PRO - 2025,PROGRAMA_ACÁDEMICO,NIVEL_DESEMPEÑO_PRUEBA,107,1,2.0,ANDINA,1.0,ANTIOQUIA,1.0,MEDELLÍN,8910.0,FUNDACION UNIVERSITARIA AUTONOMA DE LAS AMERICAS,8910.0,INSTITUCIÓN UNIVERSITARIA VISIÓN DE LAS AMÉRICAS-MEDELLIN,14.0,MEDICINA,45.0,MEDICINA,6672.0,MEDICINA,RAZONAMIENTO CUANTITATIVO,1.0,,,,,23.0,42.0,34.0,1.0,,,,2025
SABER PRO - 2025,PROGRAMA_ACÁDEMICO,NIVEL_DESEMPEÑO_PRUEBA,105,1,2.0,ANDINA,1.0,ANTIOQUIA,1.0,MEDELLÍN,8910.0,FUNDACION UNIVERSITARIA AUTONOMA DE LAS AMERICAS,8910.0,INSTITUCIÓN UNIVERSITARIA VISIÓN DE LAS AMÉRICAS-MEDELLIN,14.0,MEDICINA,45.0,MEDICINA,6672.0,MEDICINA,ATENCIÓN EN SALUD,34.0,,,,,35.0,29.0,30.0,6.0,,,,2025
SABER PRO - 2025,PROGRAMA_ACÁDEMICO,NIVEL_DESEMPEÑO_PRUEBA,107,1,2.0,ANDINA,1.0,ANTIOQUIA,1.0,MEDELLÍN,8910.0,FUNDACION UNIVERSITARIA AUTONOMA DE LAS AMERICAS,8910.0,INSTITUCIÓN UNIVERSITARIA VISIÓN DE LAS AMÉRICAS-MEDELLIN,14.0,MEDICINA,45.0,MEDICINA,6672.0,MEDICINA,INGLÉS,1.0,,,,,5.0,39.0,42.0,14.0,,,,2025
SABER PRO - 2025,PROGRAMA_ACÁDEMICO,NIVEL_DESEMPEÑO_PRUEBA,104,1,2.0,ANDINA,1.0,ANTIOQUIA,1.0,MEDELLÍN,8914.0,UNIVERSIDAD CES,8914.0,UNIVERSIDAD CES-MEDELLIN,14.0,MEDICINA,45.0,MEDICINA,6512.0,MEDICINA,RAZONAMIENTO CUANTITATIVO,1.0,,,,,5.0,9.0,76.0,11.0,,,,2025
SABER PRO - 2025,PROGRAMA_ACÁDEMICO,NIVEL_DESEMPEÑO_PRUEBA,98,1,2.0,ANDINA,1.0,ANTIOQUIA,1.0,MEDELLÍN,8914.0,UNIVERSIDAD CES,8914.0,UNIVERSIDAD CES-MEDELLIN,14.0,MEDICINA,45.0,MEDICINA,6512.0,MEDICINA,ATENCIÓN EN SALUD,34.0,,,,,2.0,13.0,33.0,52.0,,,,2025
SABER PRO - 2025,PROGRAMA_ACÁDEMICO,NIVEL_DESEMPEÑO_PRUEBA,104,1,2.0,ANDINA,1.0,ANTIOQUIA,1.0,MEDELLÍN,8914.0,UNIVERSIDAD CES,8914.0,UNIVERSIDAD CES-MEDELLIN,14.0,MEDICINA,45.0,MEDICINA,6512.0,MEDICINA,LECTURA CRÍTICA,1.0,,,,,0.0,6.0,63.0,31.0,,,,2025
SABER PRO - 2025,PROGRAMA_ACÁDEMICO,NIVEL_DESEMPEÑO_PRUEBA,104,1,2.0,ANDINA,1.0,ANTIOQUIA,1.0,MEDELLÍN,8914.0,UNIVERSIDAD CES,8914.0,UNIVERSIDAD CES-MEDELLIN,14.0,MEDICINA,45.0,MEDICINA,6512.0,MEDICINA,INGLÉS,1.0,,,,,0.0,4.0,22.0,74.0,,,,2025
SABER PRO - 2025,PROGRAMA_ACÁDEMICO,NIVEL_DESEMPEÑO_PRUEBA,104,1,2.0,ANDINA,1.0,ANTIOQUIA,1.0,MEDELLÍN,8914.0,UNIVERSIDAD CES,8914.0,UNIVERSIDAD CES-MEDELLIN,14.0,MEDICINA,45.0,MEDICINA,6512.0,MEDICINA,COMPETENCIAS CIUDADANAS,1.0,,,,,2.0,10.0,67.0,21.0,,,,2025
SABER PRO - 2025,PROGRAMA_ACÁDEMICO,NIVEL_DESEMPEÑO_PRUEBA,104,1,2.0,ANDINA,1.0,ANTIOQUIA,1.0,MEDELLÍN,8914.0,UNIVERSIDAD CES,8914.0,UNIVERSIDAD CES-MEDELLIN,14.0,MEDICINA,45.0,MEDICINA,6512.0,MEDICINA,COMUNICACIÓN ESCRITA,1.0,,,,,1.0,22.0,41.0,36.0,,,,2025
SABER PRO - 2025,PROGRAMA_ACÁDEMICO,NIVEL_DESEMPEÑO_PRUEBA,98,1,2.0,ANDINA,1.0,ANTIOQUIA,1.0,MEDELLÍN,8914.0,UNIVERSIDAD CES,8914.0,UNIVERSIDAD CES-MEDELLIN,14.0,MEDICINA,45.0,MEDICINA,6512.0,MEDICINA,PROMOCIÓN DE LA SALUD Y PREVENCIÓN DE LA ENFERMEDAD,34.0,,,,,2.0,8.0,59.0,31.0,,,,2025
SABER PRO - 2025,PROGRAMA_ACÁDEMICO,NIVEL_DESEMPEÑO_PRUEBA,98,1,2.0,ANDINA,1.0,ANTIOQUIA,1.0,MEDELLÍN,8914.0,UNIVERSIDAD CES,8914.0,UNIVERSIDAD CES-MEDELLIN,14.0,MEDICINA,45.0,MEDICINA,6512.0,MEDICINA,FUNDAMENTACIÓN EN DIAGNÓSTICO Y TRATAMIENTO MÉDICOS,34.0,,,,,1.0,23.0,44.0,32.0,,,,2025
SABER PRO - 2025,PROGRAMA_ACÁDEMICO,NIVEL_DESEMPEÑO_PRUEBA,121,1,2.0,ANDINA,1.0,ANTIOQUIA,1.0,MEDELLÍN,9065.0,UNIVERSIDAD COOPERATIVA DE COLOMBIA,8893.0,UNIVERSIDAD COOPERATIVA DE COLOMBIA-MEDELLIN,14.0,MEDICINA,45.0,MEDICINA,2904.0,MEDICINA,FUNDAMENTACIÓN EN DIAGNÓSTICO Y TRATAMIENTO MÉDICOS,34.0,,,,,24.0,50.0,22.0,4.0,,,,2025
SABER PRO - 2025,PROGRAMA_ACÁDEMICO,NIVEL_DESEMPEÑO_PRUEBA,122,1,2.0,ANDINA,1.0,ANTIOQUIA,1.0,MEDELLÍN,9065.0,UNIVERSIDAD COOPERATIVA DE COLOMBIA,8893.0,UNIVERSIDAD COOPERATIVA DE COLOMBIA-MEDELLIN,14.0,MEDICINA,45.0,MEDICINA,2904.0,MEDICINA,RAZONAMIENTO CUANTITATIVO,1.0,,,,,15.0,28.0,57.0,1.0,,,,2025
SABER PRO - 2025,PROGRAMA_ACÁDEMICO,NIVEL_DESEMPEÑO_PRUEBA,121,1,2.0,ANDINA,1.0,ANTIOQUIA,1.0,MEDELLÍN,9065.0,UNIVERSIDAD COOPERATIVA DE COLOMBIA,8893.0,UNIVERSIDAD COOPERATIVA DE COLOMBIA-MEDELLIN,14.0,MEDICINA,45.0,MEDICINA,2904.0,MEDICINA,COMUNICACIÓN ESCRITA,1.0,,,,,2.0,28.0,50.0,20.0,,,,2025
SABER PRO - 2025,PROGRAMA_ACÁDEMICO,NIVEL_DESEMPEÑO_PRUEBA,122,1,2.0,ANDINA,1.0,ANTIOQUIA,1.0,MEDELLÍN,9065.0,UNIVERSIDAD COOPERATIVA DE COLOMBIA,8893.0,UNIVERSIDAD COOPERATIVA DE COLOMBIA-MEDELLIN,14.0,MEDICINA,45.0,MEDICINA,2904.0,MEDICINA,LECTURA CRÍTICA,1.0,,,,,4.0,28.0,60.0,8.0,,,,2025
SABER PRO - 2025,PROGRAMA_ACÁDEMICO,NIVEL_DESEMPEÑO_PRUEBA,121,1,2.0,ANDINA,1.0,ANTIOQUIA,1.0,MEDELLÍN,9065.0,UNIVERSIDAD COOPERATIVA DE COLOMBIA,8893.0,UNIVERSIDAD COOPERATIVA DE COLOMBIA-MEDELLIN,14.0,MEDICINA,45.0,MEDICINA,2904.0,MEDICINA,ATENCIÓN EN SALUD,34.0,,,,,12.0,21.0,45.0,22.0,,,,2025
SABER PRO - 2025,PROGRAMA_ACÁDEMICO,NIVEL_DESEMPEÑO_PRUEBA,122,1,2.0,ANDINA,1.0,ANTIOQUIA,1.0,MEDELLÍN,9065.0,UNIVERSIDAD COOPERATIVA DE COLOMBIA,8893.0,UNIVERSIDAD COOPERATIVA DE COLOMBIA-MEDELLIN,14.0,MEDICINA,45.0,MEDICINA,2904.0,MEDICINA,INGLÉS,1.0,,,,,7.0,28.0,50.0,15.0,,,,2025
SABER PRO - 2025,PROGRAMA_ACÁDEMICO,NIVEL_DESEMPEÑO_PRUEBA,122,1,2.0,ANDINA,1.0,ANTIOQUIA,1.0,MEDELLÍN,9065.0,UNIVERSIDAD COOPERATIVA DE COLOMBIA,8893.0,UNIVERSIDAD COOPERATIVA DE COLOMBIA-MEDELLIN,14.0,MEDICINA,45.0,MEDICINA,2904.0,MEDICINA,COMPETENCIAS CIUDADANAS,1.0,,,,,16.0,27.0,52.0,4.0,,,,2025
SABER PRO - 2025,PROGRAMA_ACÁDEMICO,NIVEL_DESEMPEÑO_PRUEBA,121,1,2.0,ANDINA,1.0,ANTIOQUIA,1.0,MEDELLÍN,9065.0,UNIVERSIDAD COOPERATIVA DE COLOMBIA,8893.0,UNIVERSIDAD COOPERATIVA DE COLOMBIA-MEDELLIN,14.0,MEDICINA,45.0,MEDICINA,2904.0,MEDICINA,PROMOCIÓN DE LA SALUD Y PREVENCIÓN DE LA ENFERMEDAD,34.0,,,,,16.0,17.0,54.0,13.0,,,,2025
SABER PRO - 2025,PROGRAMA_ACÁDEMICO,NIVEL_DESEMPEÑO_PRUEBA,121,1,2.0,ANDINA,4.0,BOGOTÁ,152.0,BOGOTÁ D.C.,8964.0,UNIVERSIDAD NACIONAL DE COLOMBIA,8964.0,UNIVERSIDAD NACIONAL DE COLOMBIA-BOGOTÁ D.C.,14.0,MEDICINA,45.0,MEDICINA,5658.0,MEDICINA,FUNDAMENTACIÓN EN DIAGNÓSTICO Y TRATAMIENTO MÉDICOS,34.0,,,,,11.0,31.0,43.0,15.0,,,,2025
SABER PRO - 2025,PROGRAMA_ACÁDEMICO,NIVEL_DESEMPEÑO_PRUEBA,269,1,2.0,ANDINA,4.0,BOGOTÁ,152.0,BOGOTÁ D.C.,8964.0,UNIVERSIDAD NACIONAL DE COLOMBIA,8964.0,UNIVERSIDAD NACIONAL DE COLOMBIA-BOGOTÁ D.C.,14.0,MEDICINA,45.0,MEDICINA,5658.0,MEDICINA,COMUNICACIÓN ESCRITA,1.0,,,,,4.0,25.0,55.0,15.0,,,,2025
SABER PRO - 2025,PROGRAMA_ACÁDEMICO,NIVEL_DESEMPEÑO_PRUEBA,121,1,2.0,ANDINA,4.0,BOGOTÁ,152.0,BOGOTÁ D.C.,8964.0,UNIVERSIDAD NACIONAL DE COLOMBIA,8964.0,UNIVERSIDAD NACIONAL DE COLOMBIA-BOGOTÁ D.C.,14.0,MEDICINA,45.0,MEDICINA,5658.0,MEDICINA,ATENCIÓN EN SALUD,34.0,,,,,2.0,7.0,28.0,64.0,,,,2025
SABER PRO - 2025,PROGRAMA_ACÁDEMICO,NIVEL_DESEMPEÑO_PRUEBA,271,1,2.0,ANDINA,4.0,BOGOTÁ,152.0,BOGOTÁ D.C.,8964.0,UNIVERSIDAD NACIONAL DE COLOMBIA,8964.0,UNIVERSIDAD NACIONAL DE COLOMBIA-BOGOTÁ D.C.,14.0,MEDICINA,45.0,MEDICINA,5658.0,MEDICINA,RAZONAMIENTO CUANTITATIVO,1.0,,,,,2.0,4.0,60.0,34.0,,,,2025
SABER PRO - 2025,PROGRAMA_ACÁDEMICO,NIVEL_DESEMPEÑO_PRUEBA,271,1,2.0,ANDINA,4.0,BOGOTÁ,152.0,BOGOTÁ D.C.,8964.0,UNIVERSIDAD NACIONAL DE COLOMBIA,8964.0,UNIVERSIDAD NACIONAL DE COLOMBIA-BOGOTÁ D.C.,14.0,MEDICINA,45.0,MEDICINA,5658.0,MEDICINA,INGLÉS,1.0,,,,,1.0,6.0,32.0,61.0,,,,2025
SABER PRO - 2025,PROGRAMA_ACÁDEMICO,NIVEL_DESEMPEÑO_PRUEBA,271,1,2.0,ANDINA,4.0,BOGOTÁ,152.0,BOGOTÁ D.C.,8964.0,UNIVERSIDAD NACIONAL DE COLOMBIA,8964.0,UNIVERSIDAD NACIONAL DE COLOMBIA-BOGOTÁ D.C.,14.0,MEDICINA,45.0,MEDICINA,5658.0,MEDICINA,COMPETENCIAS CIUDADANAS,1.0,,,,,3.0,7.0,49.0,40.0,,,,2025
SABER PRO - 2025,PROGRAMA_ACÁDEMICO,NIVEL_DESEMPEÑO_PRUEBA,121,1,2.0,ANDINA,4.0,BOGOTÁ,152.0,BOGOTÁ D.C.,8964.0,UNIVERSIDAD NACIONAL DE COLOMBIA,8964.0,UNIVERSIDAD NACIONAL DE COLOMBIA-BOGOTÁ D.C.,14.0,MEDICINA,45.0,MEDICINA,5658.0,MEDICINA,PROMOCIÓN DE LA SALUD Y PREVENCIÓN DE LA ENFERMEDAD,34.0,,,,,3.0,7.0,56.0,33.0,,,,2025
SABER PRO - 2025,PROGRAMA_ACÁDEMICO,NIVEL_DESEMPEÑO_PRUEBA,271,1,2.0,ANDINA,4.0,BOGOTÁ,152.0,BOGOTÁ D.C.,8964.0,UNIVERSIDAD NACIONAL DE COLOMBIA,8964.0,UNIVERSIDAD NACIONAL DE COLOMBIA-BOGOTÁ D.C.,14.0,MEDICINA,45.0,MEDICINA,5658.0,MEDICINA,LECTURA CRÍTICA,1.0,,,,,1.0,7.0,49.0,44.0,,,,2025
SABER PRO - 2025,PROGRAMA_ACÁDEMICO,NIVEL_DESEMPEÑO_PRUEBA,57,1,2.0,ANDINA,4.0,BOGOTÁ,152.0,BOGOTÁ D.C.,8970.0,FUNDACION UNIVERSITARIA DEL AREA ANDINA,8970.0,FUNDACION UNIVERSITARIA DEL AREA ANDINA-BOGOTÁ D.C.,81.0,GRUPO REFERENCIA NACIONAL UNIVERSITARIO,45.0,MEDICINA,17859.0,MEDICINA,INGLÉS,1.0,,,,,9.0,35.0,46.0,11.0,,,,2025
SABER PRO - 2025,PROGRAMA_ACÁDEMICO,NIVEL_DESEMPEÑO_PRUEBA,57,1,2.0,ANDINA,4.0,BOGOTÁ,152.0,BOGOTÁ D.C.,8970.0,FUNDACION UNIVERSITARIA DEL AREA ANDINA,8970.0,FUNDACION UNIVERSITARIA DEL AREA ANDINA-BOGOTÁ D.C.,81.0,GRUPO REFERENCIA NACIONAL UNIVERSITARIO,45.0,MEDICINA,17859.0,MEDICINA,COMUNICACIÓN ESCRITA,1.0,,,,,5.0,35.0,46.0,14.0,,,,2025
SABER PRO - 2025,PROGRAMA_ACÁDEMICO,NIVEL_DESEMPEÑO_PRUEBA,57,1,2.0,ANDINA,4.0,BOGOTÁ,152.0,BOGOTÁ D.C.,8970.0,FUNDACION UNIVERSITARIA DEL AREA ANDINA,8970.0,FUNDACION UNIVERSITARIA DEL AREA ANDINA-BOGOTÁ D.C.,81.0,GRUPO REFERENCIA NACIONAL UNIVERSITARIO,45.0,MEDICINA,17859.0,MEDICINA,RAZONAMIENTO CUANTITATIVO,1.0,,,,,12.0,35.0,51.0,2.0,,,,2025
SABER PRO - 2025,PROGRAMA_ACÁDEMICO,NIVEL_DESEMPEÑO_PRUEBA,33,1,2.0,ANDINA,4.0,BOGOTÁ,152.0,BOGOTÁ D.C.,8970.0,FUNDACION UNIVERSITARIA DEL AREA ANDINA,8970.0,FUNDACION UNIVERSITARIA DEL AREA ANDINA-BOGOTÁ D.C.,81.0,GRUPO REFERENCIA NACIONAL UNIVERSITARIO,45.0,MEDICINA,17859.0,MEDICINA,FUNDAMENTACIÓN EN DIAGNÓSTICO Y TRATAMIENTO MÉDICOS,34.0,,,,,70.0,21.0,9.0,0.0,,,,2025
SABER PRO - 2025,PROGRAMA_ACÁDEMICO,NIVEL_DESEMPEÑO_PRUEBA,57,1,2.0,ANDINA,4.0,BOGOTÁ,152.0,BOGOTÁ D.C.,8970.0,FUNDACION UNIVERSITARIA DEL AREA ANDINA,8970.0,FUNDACION UNIVERSITARIA DEL AREA ANDINA-BOGOTÁ D.C.,81.0,GRUPO REFERENCIA NACIONAL UNIVERSITARIO,45.0,MEDICINA,17859.0,MEDICINA,COMPETENCIAS CIUDADANAS,1.0,,,,,7.0,37.0,53.0,4.0,,,,2025
SABER PRO - 2025,PROGRAMA_ACÁDEMICO,NIVEL_DESEMPEÑO_PRUEBA,33,1,2.0,ANDINA,4.0,BOGOTÁ,152.0,BOGOTÁ D.C.,8970.0,FUNDACION UNIVERSITARIA DEL AREA ANDINA,8970.0,FUNDACION UNIVERSITARIA DEL AREA ANDINA-BOGOTÁ D.C.,81.0,GRUPO REFERENCIA NACIONAL UNIVERSITARIO,45.0,MEDICINA,17859.0,MEDICINA,PROMOCIÓN DE LA SALUD Y PREVENCIÓN DE LA ENFERMEDAD,34.0,,,,,3.0,9.0,85.0,3.0,,,,2025
SABER PRO - 2025,PROGRAMA_ACÁDEMICO,NIVEL_DESEMPEÑO_PRUEBA,33,1,2.0,ANDINA,4.0,BOGOTÁ,152.0,BOGOTÁ D.C.,8970.0,FUNDACION UNIVERSITARIA DEL AREA ANDINA,8970.0,FUNDACION UNIVERSITARIA DEL AREA ANDINA-BOGOTÁ D.C.,81.0,GRUPO REFERENCIA NACIONAL UNIVERSITARIO,45.0,MEDICINA,17859.0,MEDICINA,ATENCIÓN EN SALUD,34.0,,,,,6.0,27.0,48.0,18.0,,,,2025
SABER PRO - 2025,PROGRAMA_ACÁDEMICO,NIVEL_DESEMPEÑO_PRUEBA,57,1,2.0,ANDINA,4.0,BOGOTÁ,152.0,BOGOTÁ D.C.,8970.0,FUNDACION UNIVERSITARIA DEL AREA ANDINA,8970.0,FUNDACION UNIVERSITARIA DEL AREA ANDINA-BOGOTÁ D.C.,81.0,GRUPO REFERENCIA NACIONAL UNIVERSITARIO,45.0,MEDICINA,17859.0,MEDICINA,LECTURA CRÍTICA,1.0,,,,,0.0,21.0,77.0,2.0,,,,2025
SABER PRO - 2025,PROGRAMA_ACÁDEMICO,NIVEL_DESEMPEÑO_PRUEBA,186,1,2.0,ANDINA,4.0,BOGOTÁ,152.0,BOGOTÁ D.C.,8974.0,FUNDACION UNIVERSITARIA DE CIENCIAS DE LA SALUD,8974.0,FUNDACION UNIVERSITARIA DE CIENCIAS DE LA SALUD-BOGOTÁ D.C.,14.0,MEDICINA,45.0,MEDICINA,163.0,MEDICINA,COMUNICACIÓN ESCRITA,1.0,,,,,4.0,33.0,52.0,11.0,,,,2025
SABER PRO - 2025,PROGRAMA_ACÁDEMICO,NIVEL_DESEMPEÑO_PRUEBA,186,1,2.0,ANDINA,4.0,BOGOTÁ,152.0,BOGOTÁ D.C.,8974.0,FUNDACION UNIVERSITARIA DE CIENCIAS DE LA SALUD,8974.0,FUNDACION UNIVERSITARIA DE CIENCIAS DE LA SALUD-BOGOTÁ D.C.,14.0,MEDICINA,45.0,MEDICINA,163.0,MEDICINA,RAZONAMIENTO CUANTITATIVO,1.0,,,,,3.0,24.0,70.0,3.0,,,,2025
SABER PRO - 2025,PROGRAMA_ACÁDEMICO,NIVEL_DESEMPEÑO_PRUEBA,99,1,2.0,ANDINA,4.0,BOGOTÁ,152.0,BOGOTÁ D.C.,8974.0,FUNDACION UNIVERSITARIA DE CIENCIAS DE LA SALUD,8974.0,FUNDACION UNIVERSITARIA DE CIENCIAS DE LA SALUD-BOGOTÁ D.C.,14.0,MEDICINA,45.0,MEDICINA,163.0,MEDICINA,ATENCIÓN EN SALUD,34.0,,,,,10.0,29.0,35.0,25.0,,,,2025
SABER PRO - 2025,PROGRAMA_ACÁDEMICO,NIVEL_DESEMPEÑO_PRUEBA,99,1,2.0,ANDINA,4.0,BOGOTÁ,152.0,BOGOTÁ D.C.,8974.0,FUNDACION UNIVERSITARIA DE CIENCIAS DE LA SALUD,8974.0,FUNDACION UNIVERSITARIA DE CIENCIAS DE LA SALUD-BOGOTÁ D.C.,14.0,MEDICINA,45.0,MEDICINA,163.0,MEDICINA,FUNDAMENTACIÓN EN DIAGNÓSTICO Y TRATAMIENTO MÉDICOS,34.0,,,,,43.0,46.0,9.0,1.0,,,,2025
SABER PRO - 2025,PROGRAMA_ACÁDEMICO,NIVEL_DESEMPEÑO_PRUEBA,186,1,2.0,ANDINA,4.0,BOGOTÁ,152.0,BOGOTÁ D.C.,8974.0,FUNDACION UNIVERSITARIA DE CIENCIAS DE LA SALUD,8974.0,FUNDACION UNIVERSITARIA DE CIENCIAS DE LA SALUD-BOGOTÁ D.C.,14.0,MEDICINA,45.0,MEDICINA,163.0,MEDICINA,COMPETENCIAS CIUDADANAS,1.0,,,,,6.0,17.0,66.0,11.0,,,,2025
SABER PRO - 2025,PROGRAMA_ACÁDEMICO,NIVEL_DESEMPEÑO_PRUEBA,99,1,2.0,ANDINA,4.0,BOGOTÁ,152.0,BOGOTÁ D.C.,8974.0,FUNDACION UNIVERSITARIA DE CIENCIAS DE LA SALUD,8974.0,FUNDACION UNIVERSITARIA DE CIENCIAS DE LA SALUD-BOGOTÁ D.C.,14.0,MEDICINA,45.0,MEDICINA,163.0,MEDICINA,PROMOCIÓN DE LA SALUD Y PREVENCIÓN DE LA ENFERMEDAD,34.0,,,,,9.0,21.0,61.0,9.0,,,,2025
SABER PRO - 2025,PROGRAMA_ACÁDEMICO,NIVEL_DESEMPEÑO_PRUEBA,186,1,2.0,ANDINA,4.0,BOGOTÁ,152.0,BOGOTÁ D.C.,8974.0,FUNDACION UNIVERSITARIA DE CIENCIAS DE LA SALUD,8974.0,FUNDACION UNIVERSITARIA DE CIENCIAS DE LA SALUD-BOGOTÁ D.C.,14.0,MEDICINA,45.0,MEDICINA,163.0,MEDICINA,LECTURA CRÍTICA,1.0,,,,,4.0,15.0,65.0,16.0,,,,2025
SABER PRO - 2025,PROGRAMA_ACÁDEMICO,NIVEL_DESEMPEÑO_PRUEBA,186,1,2.0,ANDINA,4.0,BOGOTÁ,152.0,BOGOTÁ D.C.,8974.0,FUNDACION UNIVERSITARIA DE CIENCIAS DE LA SALUD,8974.0,FUNDACION UNIVERSITARIA DE CIENCIAS DE LA SALUD-BOGOTÁ D.C.,14.0,MEDICINA,45.0,MEDICINA,163.0,MEDICINA,INGLÉS,1.0,,,,,1.0,6.0,54.0,39.0,,,,2025
SABER PRO - 2025,PROGRAMA_ACÁDEMICO,NIVEL_DESEMPEÑO_PRUEBA,127,1,2.0,ANDINA,4.0,BOGOTÁ,152.0,BOGOTÁ D.C.,8990.0,FUNDACION UNIVERSITARIA SAN MARTIN,8990.0,FUNDACION UNIVERSITARIA SAN MARTIN-BOGOTÁ D.C.,14.0,MEDICINA,45.0,MEDICINA,6049.0,MEDICINA,COMPETENCIAS CIUDADANAS,1.0,,,,,22.0,46.0,31.0,1.0,,,,2025
SABER PRO - 2025,PROGRAMA_ACÁDEMICO,NIVEL_DESEMPEÑO_PRUEBA,73,1,2.0,ANDINA,4.0,BOGOTÁ,152.0,BOGOTÁ D.C.,8990.0,FUNDACION UNIVERSITARIA SAN MARTIN,8990.0,FUNDACION UNIVERSITARIA SAN MARTIN-BOGOTÁ D.C.,14.0,MEDICINA,45.0,MEDICINA,6049.0,MEDICINA,PROMOCIÓN DE LA SALUD Y PREVENCIÓN DE LA ENFERMEDAD,34.0,,,,,27.0,40.0,32.0,1.0,,,,2025
SABER PRO - 2025,PROGRAMA_ACÁDEMICO,NIVEL_DESEMPEÑO_PRUEBA,1,1,2.0,ANDINA,4.0,BOGOTÁ,152.0,BOGOTÁ D.C.,8990.0,FUNDACION UNIVERSITARIA SAN MARTIN,8990.0,FUNDACION UNIVERSITARIA SAN MARTIN-BOGOTÁ D.C.,14.0,MEDICINA,45.0,MEDICINA,9797.0,MEDICINA,RAZONAMIENTO CUANTITATIVO,1.0,,,,,0.0,100.0,0.0,0.0,,,,2025
SABER PRO - 2025,PROGRAMA_ACÁDEMICO,NIVEL_DESEMPEÑO_PRUEBA,154,1,2.0,ANDINA,4.0,BOGOTÁ,152.0,BOGOTÁ D.C.,8990.0,FUNDACION UNIVERSITARIA SAN MARTIN,8990.0,FUNDACION UNIVERSITARIA SAN MARTIN-BOGOTÁ D.C.,14.0,MEDICINA,45.0,MEDICINA,6922.0,MEDICINA,LECTURA CRÍTICA,1.0,,,,,17.0,43.0,37.0,3.0,,,,2025
SABER PRO - 2025,PROGRAMA_ACÁDEMICO,NIVEL_DESEMPEÑO_PRUEBA,154,1,2.0,ANDINA,4.0,BOGOTÁ,152.0,BOGOTÁ D.C.,8990.0,FUNDACION UNIVERSITARIA SAN MARTIN,8990.0,FUNDACION UNIVERSITARIA SAN MARTIN-BOGOTÁ D.C.,14.0,MEDICINA,45.0,MEDICINA,6922.0,MEDICINA,COMPETENCIAS CIUDADANAS,1.0,,,,,29.0,38.0,33.0,0.0,,,,2025
SABER PRO - 2025,PROGRAMA_ACÁDEMICO,NIVEL_DESEMPEÑO_PRUEBA,87,1,2.0,ANDINA,4.0,BOGOTÁ,152.0,BOGOTÁ D.C.,8990.0,FUNDACION UNIVERSITARIA SAN MARTIN,8990.0,FUNDACION UNIVERSITARIA SAN MARTIN-BOGOTÁ D.C.,14.0,MEDICINA,45.0,MEDICINA,6506.0,MEDICINA,LECTURA CRÍTICA,1.0,,,,,9.0,33.0,54.0,3.0,,,,2025
SABER PRO - 2025,PROGRAMA_ACÁDEMICO,NIVEL_DESEMPEÑO_PRUEBA,127,1,2.0,ANDINA,4.0,BOGOTÁ,152.0,BOGOTÁ D.C.,8990.0,FUNDACION UNIVERSITARIA SAN MARTIN,8990.0,FUNDACION UNIVERSITARIA SAN MARTIN-BOGOTÁ D.C.,14.0,MEDICINA,45.0,MEDICINA,6049.0,MEDICINA,RAZONAMIENTO CUANTITATIVO,1.0,,,,,24.0,43.0,34.0,0.0,,,,2025
SABER PRO - 2025,PROGRAMA_ACÁDEMICO,NIVEL_DESEMPEÑO_PRUEBA,31,1,2.0,ANDINA,4.0,BOGOTÁ,152.0,BOGOTÁ D.C.,8990.0,FUNDACION UNIVERSITARIA SAN MARTIN,8990.0,FUNDACION UNIVERSITARIA SAN MARTIN-BOGOTÁ D.C.,14.0,MEDICINA,45.0,MEDICINA,6506.0,MEDICINA,PROMOCIÓN DE LA SALUD Y PREVENCIÓN DE LA ENFERMEDAD,34.0,,,,,16.0,29.0,52.0,3.0,,,,2025
SABER PRO - 2025,PROGRAMA_ACÁDEMICO,NIVEL_DESEMPEÑO_PRUEBA,33,1,2.0,ANDINA,4.0,BOGOTÁ,152.0,BOGOTÁ D.C.,8990.0,FUNDACION UNIVERSITARIA SAN MARTIN,8990.0,FUNDACION UNIVERSITARIA SAN MARTIN-BOGOTÁ D.C.,14.0,MEDICINA,45.0,MEDICINA,2770.0,MEDICINA,FUNDAMENTACIÓN EN DIAGNÓSTICO Y TRATAMIENTO MÉDICOS,34.0,,,,,18.0,52.0,27.0,3.0,,,,2025
SABER PRO - 2025,PROGRAMA_ACÁDEMICO,NIVEL_DESEMPEÑO_PRUEBA,31,1,2.0,ANDINA,4.0,BOGOTÁ,152.0,BOGOTÁ D.C.,8990.0,FUNDACION UNIVERSITARIA SAN MARTIN,8990.0,FUNDACION UNIVERSITARIA SAN MARTIN-BOGOTÁ D.C.,14.0,MEDICINA,45.0,MEDICINA,6506.0,MEDICINA,FUNDAMENTACIÓN EN DIAGNÓSTICO Y TRATAMIENTO MÉDICOS,34.0,,,,,81.0,13.0,6.0,0.0,,,,2025
SABER PRO - 2025,PROGRAMA_ACÁDEMICO,NIVEL_DESEMPEÑO_PRUEBA,1,1,2.0,ANDINA,4.0,BOGOTÁ,152.0,BOGOTÁ D.C.,8990.0,FUNDACION UNIVERSITARIA SAN MARTIN,8990.0,FUNDACION UNIVERSITARIA SAN MARTIN-BOGOTÁ D.C.,14.0,MEDICINA,45.0,MEDICINA,9797.0,MEDICINA,INGLÉS,1.0,,,,,0.0,100.0,0.0,0.0,,,,2025
SABER PRO - 2025,PROGRAMA_ACÁDEMICO,NIVEL_DESEMPEÑO_PRUEBA,1,1,2.0,ANDINA,4.0,BOGOTÁ,152.0,BOGOTÁ D.C.,8990.0,FUNDACION UNIVERSITARIA SAN MARTIN,8990.0,FUNDACION UNIVERSITARIA SAN MARTIN-BOGOTÁ D.C.,,,45.0,MEDICINA,20829.0,MEDICINA,COMUNICACIÓN ESCRITA,1.0,,,,,0.0,0.0,0.0,100.0,,,,2025
SABER PRO - 2025,PROGRAMA_ACÁDEMICO,NIVEL_DESEMPEÑO_PRUEBA,83,1,2.0,ANDINA,4.0,BOGOTÁ,152.0,BOGOTÁ D.C.,8990.0,FUNDACION UNIVERSITARIA SAN MARTIN,8990.0,FUNDACION UNIVERSITARIA SAN MARTIN-BOGOTÁ D.C.,14.0,MEDICINA,45.0,MEDICINA,2770.0,MEDICINA,RAZONAMIENTO CUANTITATIVO,1.0,,,,,10.0,23.0,65.0,2.0,,,,2025
SABER PRO - 2025,PROGRAMA_ACÁDEMICO,NIVEL_DESEMPEÑO_PRUEBA,69,1,2.0,ANDINA,4.0,BOGOTÁ,152.0,BOGOTÁ D.C.,8990.0,FUNDACION UNIVERSITARIA SAN MARTIN,8990.0,FUNDACION UNIVERSITARIA SAN MARTIN-BOGOTÁ D.C.,14.0,MEDICINA,45.0,MEDICINA,6920.0,MEDICINA,LECTURA CRÍTICA,1.0,,,,,16.0,43.0,38.0,3.0,,,,2025
SABER PRO - 2025,PROGRAMA_ACÁDEMICO,NIVEL_DESEMPEÑO_PRUEBA,127,1,2.0,ANDINA,4.0,BOGOTÁ,152.0,BOGOTÁ D.C.,8990.0,FUNDACION UNIVERSITARIA SAN MARTIN,8990.0,FUNDACION UNIVERSITARIA SAN MARTIN-BOGOTÁ D.C.,14.0,MEDICINA,45.0,MEDICINA,6049.0,MEDICINA,LECTURA CRÍTICA,1.0,,,,,11.0,47.0,40.0,2.0,,,,2025
SABER PRO - 2025,PROGRAMA_ACÁDEMICO,NIVEL_DESEMPEÑO_PRUEBA,69,1,2.0,ANDINA,4.0,BOGOTÁ,152.0,BOGOTÁ D.C.,8990.0,FUNDACION UNIVERSITARIA SAN MARTIN,8990.0,FUNDACION UNIVERSITARIA SAN MARTIN-BOGOTÁ D.C.,14.0,MEDICINA,45.0,MEDICINA,6920.0,MEDICINA,INGLÉS,1.0,,,,,3.0,68.0,26.0,3.0,,,,2025
SABER PRO - 2025,PROGRAMA_ACÁDEMICO,NIVEL_DESEMPEÑO_PRUEBA,154,1,2.0,ANDINA,4.0,BOGOTÁ,152.0,BOGOTÁ D.C.,8990.0,FUNDACION UNIVERSITARIA SAN MARTIN,8990.0,FUNDACION UNIVERSITARIA SAN MARTIN-BOGOTÁ D.C.,14.0,MEDICINA,45.0,MEDICINA,6922.0,MEDICINA,INGLÉS,1.0,,,,,19.0,52.0,23.0,5.0,,,,2025
SABER PRO - 2025,PROGRAMA_ACÁDEMICO,NIVEL_DESEMPEÑO_PRUEBA,29,1,2.0,ANDINA,4.0,BOGOTÁ,152.0,BOGOTÁ D.C.,8990.0,FUNDACION UNIVERSITARIA SAN MARTIN,8990.0,FUNDACION UNIVERSITARIA SAN MARTIN-BOGOTÁ D.C.,14.0,MEDICINA,45.0,MEDICINA,6922.0,MEDICINA,ATENCIÓN EN SALUD,34.0,,,,,52.0,38.0,7.0,3.0,,,,2025
SABER PRO - 2025,PROGRAMA_ACÁDEMICO,NIVEL_DESEMPEÑO_PRUEBA,1,1,2.0,ANDINA,4.0,BOGOTÁ,152.0,BOGOTÁ D.C.,8990.0,FUNDACION UNIVERSITARIA SAN MARTIN,8990.0,FUNDACION UNIVERSITARIA SAN MARTIN-BOGOTÁ D.C.,14.0,MEDICINA,45.0,MEDICINA,9797.0,MEDICINA,COMPETENCIAS CIUDADANAS,1.0,,,,,0.0,100.0,0.0,0.0,,,,2025
SABER PRO - 2025,PROGRAMA_ACÁDEMICO,NIVEL_DESEMPEÑO_PRUEBA,1,1,2.0,ANDINA,4.0,BOGOTÁ,152.0,BOGOTÁ D.C.,8990.0,FUNDACION UNIVERSITARIA SAN MARTIN,8990.0,FUNDACION UNIVERSITARIA SAN MARTIN-BOGOTÁ D.C.,,,45.0,MEDICINA,20829.0,MEDICINA,LECTURA CRÍTICA,1.0,,,,,0.0,100.0,0.0,0.0,,,,2025
SABER PRO - 2025,PROGRAMA_ACÁDEMICO,NIVEL_DESEMPEÑO_PRUEBA,33,1,2.0,ANDINA,4.0,BOGOTÁ,152.0,BOGOTÁ D.C.,8990.0,FUNDACION UNIVERSITARIA SAN MARTIN,8990.0,FUNDACION UNIVERSITARIA SAN MARTIN-BOGOTÁ D.C.,14.0,MEDICINA,45.0,MEDICINA,2770.0,MEDICINA,PROMOCIÓN DE LA SALUD Y PREVENCIÓN DE LA ENFERMEDAD,34.0,,,,,6.0,12.0,61.0,21.0,,,,2025
SABER PRO - 2025,PROGRAMA_ACÁDEMICO,NIVEL_DESEMPEÑO_PRUEBA,1,1,2.0,ANDINA,4.0,BOGOTÁ,152.0,BOGOTÁ D.C.,8990.0,FUNDACION UNIVERSITARIA SAN MARTIN,8990.0,FUNDACION UNIVERSITARIA SAN MARTIN-BOGOTÁ D.C.,,,45.0,MEDICINA,20829.0,MEDICINA,RAZONAMIENTO CUANTITATIVO,1.0,,,,,0.0,100.0,0.0,0.0,,,,2025
SABER PRO - 2025,PROGRAMA_ACÁDEMICO,NIVEL_DESEMPEÑO_PRUEBA,124,1,2.0,ANDINA,4.0,BOGOTÁ,152.0,BOGOTÁ D.C.,8990.0,FUNDACION UNIVERSITARIA SAN MARTIN,8990.0,FUNDACION UNIVERSITARIA SAN MARTIN-BOGOTÁ D.C.,14.0,MEDICINA,45.0,MEDICINA,6049.0,MEDICINA,COMUNICACIÓN ESCRITA,1.0,,,,,5.0,44.0,43.0,8.0,,,,2025
SABER PRO - 2025,PROGRAMA_ACÁDEMICO,NIVEL_DESEMPEÑO_PRUEBA,26,1,2.0,ANDINA,4.0,BOGOTÁ,152.0,BOGOTÁ D.C.,8990.0,FUNDACION UNIVERSITARIA SAN MARTIN,8990.0,FUNDACION UNIVERSITARIA SAN MARTIN-BOGOTÁ D.C.,14.0,MEDICINA,45.0,MEDICINA,6920.0,MEDICINA,ATENCIÓN EN SALUD,34.0,,,,,35.0,38.0,23.0,4.0,,,,2025
SABER PRO - 2025,PROGRAMA_ACÁDEMICO,NIVEL_DESEMPEÑO_PRUEBA,33,1,2.0,ANDINA,4.0,BOGOTÁ,152.0,BOGOTÁ D.C.,8990.0,FUNDACION UNIVERSITARIA SAN MARTIN,8990.0,FUNDACION UNIVERSITARIA SAN MARTIN-BOGOTÁ D.C.,14.0,MEDICINA,45.0,MEDICINA,2770.0,MEDICINA,ATENCIÓN EN SALUD,34.0,,,,,15.0,12.0,30.0,42.0,,,,2025
SABER PRO - 2025,PROGRAMA_ACÁDEMICO,NIVEL_DESEMPEÑO_PRUEBA,1,1,2.0,ANDINA,4.0,BOGOTÁ,152.0,BOGOTÁ D.C.,8990.0,FUNDACION UNIVERSITARIA SAN MARTIN,8990.0,FUNDACION UNIVERSITARIA SAN MARTIN-BOGOTÁ D.C.,,,45.0,MEDICINA,20829.0,MEDICINA,INGLÉS,1.0,,,,,0.0,100.0,0.0,0.0,,,,2025
SABER PRO - 2025,PROGRAMA_ACÁDEMICO,NIVEL_DESEMPEÑO_PRUEBA,1,1,2.0,ANDINA,4.0,BOGOTÁ,152.0,BOGOTÁ D.C.,8990.0,FUNDACION UNIVERSITARIA SAN MARTIN,8990.0,FUNDACION UNIVERSITARIA SAN MARTIN-BOGOTÁ D.C.,14.0,MEDICINA,45.0,MEDICINA,9797.0,MEDICINA,COMUNICACIÓN ESCRITA,1.0,,,,,100.0,0.0,0.0,0.0,,,,2025
SABER PRO - 2025,PROGRAMA_ACÁDEMICO,NIVEL_DESEMPEÑO_PRUEBA,73,1,2.0,ANDINA,4.0,BOGOTÁ,152.0,BOGOTÁ D.C.,8990.0,FUNDACION UNIVERSITARIA SAN MARTIN,8990.0,FUNDACION UNIVERSITARIA SAN MARTIN-BOGOTÁ D.C.,14.0,MEDICINA,45.0,MEDICINA,6049.0,MEDICINA,ATENCIÓN EN SALUD,34.0,,,,,30.0,52.0,15.0,3.0,,,,2025
SABER PRO - 2025,PROGRAMA_ACÁDEMICO,NIVEL_DESEMPEÑO_PRUEBA,147,1,2.0,ANDINA,4.0,BOGOTÁ,152.0,BOGOTÁ D.C.,8990.0,FUNDACION UNIVERSITARIA SAN MARTIN,8990.0,FUNDACION UNIVERSITARIA SAN MARTIN-BOGOTÁ D.C.,14.0,MEDICINA,45.0,MEDICINA,6922.0,MEDICINA,COMUNICACIÓN ESCRITA,1.0,,,,,12.0,41.0,37.0,10.0,,,,2025
SABER PRO - 2025,PROGRAMA_ACÁDEMICO,NIVEL_DESEMPEÑO_PRUEBA,29,1,2.0,ANDINA,4.0,BOGOTÁ,152.0,BOGOTÁ D.C.,8990.0,FUNDACION UNIVERSITARIA SAN MARTIN,8990.0,FUNDACION UNIVERSITARIA SAN MARTIN-BOGOTÁ D.C.,14.0,MEDICINA,45.0,MEDICINA,6922.0,MEDICINA,FUNDAMENTACIÓN EN DIAGNÓSTICO Y TRATAMIENTO MÉDICOS,34.0,,,,,90.0,7.0,3.0,0.0,,,,2025
SABER PRO - 2025,PROGRAMA_ACÁDEMICO,NIVEL_DESEMPEÑO_PRUEBA,26,1,2.0,ANDINA,4.0,BOGOTÁ,152.0,BOGOTÁ D.C.,8990.0,FUNDACION UNIVERSITARIA SAN MARTIN,8990.0,FUNDACION UNIVERSITARIA SAN MARTIN-BOGOTÁ D.C.,14.0,MEDICINA,45.0,MEDICINA,6920.0,MEDICINA,PROMOCIÓN DE LA SALUD Y PREVENCIÓN DE LA ENFERMEDAD,34.0,,,,,23.0,27.0,46.0,4.0,,,,2025
SABER PRO - 2025,PROGRAMA_ACÁDEMICO,NIVEL_DESEMPEÑO_PRUEBA,87,1,2.0,ANDINA,4.0,BOGOTÁ,152.0,BOGOTÁ D.C.,8990.0,FUNDACION UNIVERSITARIA SAN MARTIN,8990.0,FUNDACION UNIVERSITARIA SAN MARTIN-BOGOTÁ D.C.,14.0,MEDICINA,45.0,MEDICINA,6506.0,MEDICINA,INGLÉS,1.0,,,,,7.0,44.0,41.0,8.0,,,,2025
SABER PRO - 2025,PROGRAMA_ACÁDEMICO,NIVEL_DESEMPEÑO_PRUEBA,69,1,2.0,ANDINA,4.0,BOGOTÁ,152.0,BOGOTÁ D.C.,8990.0,FUNDACION UNIVERSITARIA SAN MARTIN,8990.0,FUNDACION UNIVERSITARIA SAN MARTIN-BOGOTÁ D.C.,14.0,MEDICINA,45.0,MEDICINA,6920.0,MEDICINA,COMPETENCIAS CIUDADANAS,1.0,,,,,22.0,42.0,35.0,1.0,,,,2025
SABER PRO - 2025,PROGRAMA_ACÁDEMICO,NIVEL_DESEMPEÑO_PRUEBA,1,1,2.0,ANDINA,4.0,BOGOTÁ,152.0,BOGOTÁ D.C.,8990.0,FUNDACION UNIVERSITARIA SAN MARTIN,8990.0,FUNDACION UNIVERSITARIA SAN MARTIN-BOGOTÁ D.C.,14.0,MEDICINA,45.0,MEDICINA,9797.0,MEDICINA,LECTURA CRÍTICA,1.0,,,,,0.0,100.0,0.0,0.0,,,,2025
SABER PRO - 2025,PROGRAMA_ACÁDEMICO,NIVEL_DESEMPEÑO_PRUEBA,29,1,2.0,ANDINA,4.0,BOGOTÁ,152.0,BOGOTÁ D.C.,8990.0,FUNDACION UNIVERSITARIA SAN MARTIN,8990.0,FUNDACION UNIVERSITARIA SAN MARTIN-BOGOTÁ D.C.,14.0,MEDICINA,45.0,MEDICINA,6922.0,MEDICINA,PROMOCIÓN DE LA SALUD Y PREVENCIÓN DE LA ENFERMEDAD,34.0,,,,,66.0,21.0,14.0,0.0,,,,2025
SABER PRO - 2025,PROGRAMA_ACÁDEMICO,NIVEL_DESEMPEÑO_PRUEBA,69,1,2.0,ANDINA,4.0,BOGOTÁ,152.0,BOGOTÁ D.C.,8990.0,FUNDACION UNIVERSITARIA SAN MARTIN,8990.0,FUNDACION UNIVERSITARIA SAN MARTIN-BOGOTÁ D.C.,14.0,MEDICINA,45.0,MEDICINA,6920.0,MEDICINA,RAZONAMIENTO CUANTITATIVO,1.0,,,,,17.0,48.0,35.0,0.0,,,,2025
SABER PRO - 2025,PROGRAMA_ACÁDEMICO,NIVEL_DESEMPEÑO_PRUEBA,87,1,2.0,ANDINA,4.0,BOGOTÁ,152.0,BOGOTÁ D.C.,8990.0,FUNDACION UNIVERSITARIA SAN MARTIN,8990.0,FUNDACION UNIVERSITARIA SAN MARTIN-BOGOTÁ D.C.,14.0,MEDICINA,45.0,MEDICINA,6506.0,MEDICINA,COMUNICACIÓN ESCRITA,1.0,,,,,8.0,34.0,49.0,8.0,,,,2025
SABER PRO - 2025,PROGRAMA_ACÁDEMICO,NIVEL_DESEMPEÑO_PRUEBA,127,1,2.0,ANDINA,4.0,BOGOTÁ,152.0,BOGOTÁ D.C.,8990.0,FUNDACION UNIVERSITARIA SAN MARTIN,8990.0,FUNDACION UNIVERSITARIA SAN MARTIN-BOGOTÁ D.C.,14.0,MEDICINA,45.0,MEDICINA,6049.0,MEDICINA,INGLÉS,1.0,,,,,7.0,70.0,19.0,4.0,,,,2025
SABER PRO - 2025,PROGRAMA_ACÁDEMICO,NIVEL_DESEMPEÑO_PRUEBA,154,1,2.0,ANDINA,4.0,BOGOTÁ,152.0,BOGOTÁ D.C.,8990.0,FUNDACION UNIVERSITARIA SAN MARTIN,8990.0,FUNDACION UNIVERSITARIA SAN MARTIN-BOGOTÁ D.C.,14.0,MEDICINA,45.0,MEDICINA,6922.0,MEDICINA,RAZONAMIENTO CUANTITATIVO,1.0,,,,,32.0,43.0,25.0,0.0,,,,2025
SABER PRO - 2025,PROGRAMA_ACÁDEMICO,NIVEL_DESEMPEÑO_PRUEBA,83,1,2.0,ANDINA,4.0,BOGOTÁ,152.0,BOGOTÁ D.C.,8990.0,FUNDACION UNIVERSITARIA SAN MARTIN,8990.0,FUNDACION UNIVERSITARIA SAN MARTIN-BOGOTÁ D.C.,14.0,MEDICINA,45.0,MEDICINA,2770.0,MEDICINA,COMUNICACIÓN ESCRITA,1.0,,,,,8.0,33.0,43.0,16.0,,,,2025
SABER PRO - 2025,PROGRAMA_ACÁDEMICO,NIVEL_DESEMPEÑO_PRUEBA,31,1,2.0,ANDINA,4.0,BOGOTÁ,152.0,BOGOTÁ D.C.,8990.0,FUNDACION UNIVERSITARIA SAN MARTIN,8990.0,FUNDACION UNIVERSITARIA SAN MARTIN-BOGOTÁ D.C.,14.0,MEDICINA,45.0,MEDICINA,6506.0,MEDICINA,ATENCIÓN EN SALUD,34.0,,,,,16.0,35.0,29.0,19.0,,,,2025
SABER PRO - 2025,PROGRAMA_ACÁDEMICO,NIVEL_DESEMPEÑO_PRUEBA,87,1,2.0,ANDINA,4.0,BOGOTÁ,152.0,BOGOTÁ D.C.,8990.0,FUNDACION UNIVERSITARIA SAN MARTIN,8990.0,FUNDACION UNIVERSITARIA SAN MARTIN-BOGOTÁ D.C.,14.0,MEDICINA,45.0,MEDICINA,6506.0,MEDICINA,RAZONAMIENTO CUANTITATIVO,1.0,,,,,17.0,51.0,31.0,1.0,,,,2025
SABER PRO - 2025,PROGRAMA_ACÁDEMICO,NIVEL_DESEMPEÑO_PRUEBA,26,1,2.0,ANDINA,4.0,BOGOTÁ,152.0,BOGOTÁ D.C.,8990.0,FUNDACION UNIVERSITARIA SAN MARTIN,8990.0,FUNDACION UNIVERSITARIA SAN MARTIN-BOGOTÁ D.C.,14.0,MEDICINA,45.0,MEDICINA,6920.0,MEDICINA,FUNDAMENTACIÓN EN DIAGNÓSTICO Y TRATAMIENTO MÉDICOS,34.0,,,,,81.0,15.0,4.0,0.0,,,,2025
SABER PRO - 2025,PROGRAMA_ACÁDEMICO,NIVEL_DESEMPEÑO_PRUEBA,83,1,2.0,ANDINA,4.0,BOGOTÁ,152.0,BOGOTÁ D.C.,8990.0,FUNDACION UNIVERSITARIA SAN MARTIN,8990.0,FUNDACION UNIVERSITARIA SAN MARTIN-BOGOTÁ D.C.,14.0,MEDICINA,45.0,MEDICINA,2770.0,MEDICINA,INGLÉS,1.0,,,,,0.0,7.0,61.0,31.0,,,,2025
SABER PRO - 2025,PROGRAMA_ACÁDEMICO,NIVEL_DESEMPEÑO_PRUEBA,73,1,2.0,ANDINA,4.0,BOGOTÁ,152.0,BOGOTÁ D.C.,8990.0,FUNDACION UNIVERSITARIA SAN MARTIN,8990.0,FUNDACION UNIVERSITARIA SAN MARTIN-BOGOTÁ D.C.,14.0,MEDICINA,45.0,MEDICINA,6049.0,MEDICINA,FUNDAMENTACIÓN EN DIAGNÓSTICO Y TRATAMIENTO MÉDICOS,34.0,,,,,79.0,18.0,3.0,0.0,,,,2025
SABER PRO - 2025,PROGRAMA_ACÁDEMICO,NIVEL_DESEMPEÑO_PRUEBA,1,1,2.0,ANDINA,4.0,BOGOTÁ,152.0,BOGOTÁ D.C.,8990.0,FUNDACION UNIVERSITARIA SAN MARTIN,8990.0,FUNDACION UNIVERSITARIA SAN MARTIN-BOGOTÁ D.C.,,,45.0,MEDICINA,20829.0,MEDICINA,COMPETENCIAS CIUDADANAS,1.0,,,,,100.0,0.0,0.0,0.0,,,,2025
SABER PRO - 2025,PROGRAMA_ACÁDEMICO,NIVEL_DESEMPEÑO_PRUEBA,83,1,2.0,ANDINA,4.0,BOGOTÁ,152.0,BOGOTÁ D.C.,8990.0,FUNDACION UNIVERSITARIA SAN MARTIN,8990.0,FUNDACION UNIVERSITARIA SAN MARTIN-BOGOTÁ D.C.,14.0,MEDICINA,45.0,MEDICINA,2770.0,MEDICINA,LECTURA CRÍTICA,1.0,,,,,2.0,24.0,59.0,14.0,,,,2025
SABER PRO - 2025,PROGRAMA_ACÁDEMICO,NIVEL_DESEMPEÑO_PRUEBA,87,1,2.0,ANDINA,4.0,BOGOTÁ,152.0,BOGOTÁ D.C.,8990.0,FUNDACION UNIVERSITARIA SAN MARTIN,8990.0,FUNDACION UNIVERSITARIA SAN MARTIN-BOGOTÁ D.C.,14.0,MEDICINA,45.0,MEDICINA,6506.0,MEDICINA,COMPETENCIAS CIUDADANAS,1.0,,,,,13.0,31.0,54.0,2.0,,,,2025
SABER PRO - 2025,PROGRAMA_ACÁDEMICO,NIVEL_DESEMPEÑO_PRUEBA,68,1,2.0,ANDINA,4.0,BOGOTÁ,152.0,BOGOTÁ D.C.,8990.0,FUNDACION UNIVERSITARIA SAN MARTIN,8990.0,FUNDACION UNIVERSITARIA SAN MARTIN-BOGOTÁ D.C.,14.0,MEDICINA,45.0,MEDICINA,6920.0,MEDICINA,COMUNICACIÓN ESCRITA,1.0,,,,,7.0,34.0,43.0,16.0,,,,2025
SABER PRO - 2025,PROGRAMA_ACÁDEMICO,NIVEL_DESEMPEÑO_PRUEBA,83,1,2.0,ANDINA,4.0,BOGOTÁ,152.0,BOGOTÁ D.C.,8990.0,FUNDACION UNIVERSITARIA SAN MARTIN,8990.0,FUNDACION UNIVERSITARIA SAN MARTIN-BOGOTÁ D.C.,14.0,MEDICINA,45.0,MEDICINA,2770.0,MEDICINA,COMPETENCIAS CIUDADANAS,1.0,,,,,10.0,25.0,60.0,5.0,,,,2025
SABER PRO - 2025,PROGRAMA_ACÁDEMICO,NIVEL_DESEMPEÑO_PRUEBA,85,1,2.0,ANDINA,4.0,BOGOTÁ,152.0,BOGOTÁ D.C.,8991.0,UNIVERSIDAD DE LOS ANDES,8991.0,UNIVERSIDAD DE LOS ANDES-BOGOTÁ D.C.,14.0,MEDICINA,45.0,MEDICINA,4819.0,MEDICINA,COMUNICACIÓN ESCRITA,1.0,,,,,0.0,15.0,62.0,22.0,,,,2025
SABER PRO - 2025,PROGRAMA_ACÁDEMICO,NIVEL_DESEMPEÑO_PRUEBA,85,1,2.0,ANDINA,4.0,BOGOTÁ,152.0,BOGOTÁ D.C.,8991.0,UNIVERSIDAD DE LOS ANDES,8991.0,UNIVERSIDAD DE LOS ANDES-BOGOTÁ D.C.,14.0,MEDICINA,45.0,MEDICINA,4819.0,MEDICINA,COMPETENCIAS CIUDADANAS,1.0,,,,,0.0,2.0,56.0,41.0,,,,2025
SABER PRO - 2025,PROGRAMA_ACÁDEMICO,NIVEL_DESEMPEÑO_PRUEBA,85,1,2.0,ANDINA,4.0,BOGOTÁ,152.0,BOGOTÁ D.C.,8991.0,UNIVERSIDAD DE LOS ANDES,8991.0,UNIVERSIDAD DE LOS ANDES-BOGOTÁ D.C.,14.0,MEDICINA,45.0,MEDICINA,4819.0,MEDICINA,RAZONAMIENTO CUANTITATIVO,1.0,,,,,0.0,7.0,64.0,29.0,,,,2025
SABER PRO - 2025,PROGRAMA_ACÁDEMICO,NIVEL_DESEMPEÑO_PRUEBA,79,1,2.0,ANDINA,4.0,BOGOTÁ,152.0,BOGOTÁ D.C.,8991.0,UNIVERSIDAD DE LOS ANDES,8991.0,UNIVERSIDAD DE LOS ANDES-BOGOTÁ D.C.,14.0,MEDICINA,45.0,MEDICINA,4819.0,MEDICINA,PROMOCIÓN DE LA SALUD Y PREVENCIÓN DE LA ENFERMEDAD,34.0,,,,,1.0,5.0,61.0,33.0,,,,2025
SABER PRO - 2025,PROGRAMA_ACÁDEMICO,NIVEL_DESEMPEÑO_PRUEBA,85,1,2.0,ANDINA,4.0,BOGOTÁ,152.0,BOGOTÁ D.C.,8991.0,UNIVERSIDAD DE LOS ANDES,8991.0,UNIVERSIDAD DE LOS ANDES-BOGOTÁ D.C.,14.0,MEDICINA,45.0,MEDICINA,4819.0,MEDICINA,INGLÉS,1.0,,,,,0.0,1.0,12.0,87.0,,,,2025
SABER PRO - 2025,PROGRAMA_ACÁDEMICO,NIVEL_DESEMPEÑO_PRUEBA,79,1,2.0,ANDINA,4.0,BOGOTÁ,152.0,BOGOTÁ D.C.,8991.0,UNIVERSIDAD DE LOS ANDES,8991.0,UNIVERSIDAD DE LOS ANDES-BOGOTÁ D.C.,14.0,MEDICINA,45.0,MEDICINA,4819.0,MEDICINA,FUNDAMENTACIÓN EN DIAGNÓSTICO Y TRATAMIENTO MÉDICOS,34.0,,,,,5.0,34.0,47.0,14.0,,,,2025
SABER PRO - 2025,PROGRAMA_ACÁDEMICO,NIVEL_DESEMPEÑO_PRUEBA,79,1,2.0,ANDINA,4.0,BOGOTÁ,152.0,BOGOTÁ D.C.,8991.0,UNIVERSIDAD DE LOS ANDES,8991.0,UNIVERSIDAD DE LOS ANDES-BOGOTÁ D.C.,14.0,MEDICINA,45.0,MEDICINA,4819.0,MEDICINA,ATENCIÓN EN SALUD,34.0,,,,,3.0,4.0,33.0,61.0,,,,2025
SABER PRO - 2025,PROGRAMA_ACÁDEMICO,NIVEL_DESEMPEÑO_PRUEBA,85,1,2.0,ANDINA,4.0,BOGOTÁ,152.0,BOGOTÁ D.C.,8991.0,UNIVERSIDAD DE LOS ANDES,8991.0,UNIVERSIDAD DE LOS ANDES-BOGOTÁ D.C.,14.0,MEDICINA,45.0,MEDICINA,4819.0,MEDICINA,LECTURA CRÍTICA,1.0,,,,,0.0,0.0,60.0,40.0,,,,2025
SABER PRO - 2025,PROGRAMA_ACÁDEMICO,NIVEL_DESEMPEÑO_PRUEBA,3,1,2.0,ANDINA,4.0,BOGOTÁ,152.0,BOGOTÁ D.C.,9001.0,UNIVERSIDAD DE CIENCIAS APLICADAS Y AMBIENTALES UDCA.,9001.0,UNIVERSIDAD DE CIENCIAS APLICADAS Y AMBIENTALES UDCA.-BOGOTÁ D.C.,14.0,MEDICINA,45.0,MEDICINA,3143.0,MEDICINA,COMPETENCIAS CIUDADANAS,1.0,,,,,0.0,67.0,33.0,0.0,,,,2025
SABER PRO - 2025,PROGRAMA_ACÁDEMICO,NIVEL_DESEMPEÑO_PRUEBA,3,1,2.0,ANDINA,4.0,BOGOTÁ,152.0,BOGOTÁ D.C.,9001.0,UNIVERSIDAD DE CIENCIAS APLICADAS Y AMBIENTALES UDCA.,9001.0,UNIVERSIDAD DE CIENCIAS APLICADAS Y AMBIENTALES UDCA.-BOGOTÁ D.C.,14.0,MEDICINA,45.0,MEDICINA,3143.0,MEDICINA,LECTURA CRÍTICA,1.0,,,,,0.0,67.0,33.0,0.0,,,,2025
SABER PRO - 2025,PROGRAMA_ACÁDEMICO,NIVEL_DESEMPEÑO_PRUEBA,171,1,2.0,ANDINA,4.0,BOGOTÁ,152.0,BOGOTÁ D.C.,9001.0,UNIVERSIDAD DE CIENCIAS APLICADAS Y AMBIENTALES UDCA.,9001.0,UNIVERSIDAD DE CIENCIAS APLICADAS Y AMBIENTALES UDCA.-BOGOTÁ D.C.,14.0,MEDICINA,45.0,MEDICINA,6507.0,MEDICINA,COMUNICACIÓN ESCRITA,1.0,,,,,4.0,39.0,46.0,11.0,,,,2025
SABER PRO - 2025,PROGRAMA_ACÁDEMICO,NIVEL_DESEMPEÑO_PRUEBA,3,1,2.0,ANDINA,4.0,BOGOTÁ,152.0,BOGOTÁ D.C.,9001.0,UNIVERSIDAD DE CIENCIAS APLICADAS Y AMBIENTALES UDCA.,9001.0,UNIVERSIDAD DE CIENCIAS APLICADAS Y AMBIENTALES UDCA.-BOGOTÁ D.C.,14.0,MEDICINA,45.0,MEDICINA,3143.0,MEDICINA,RAZONAMIENTO CUANTITATIVO,1.0,,,,,67.0,0.0,33.0,0.0,,,,2025
SABER PRO - 2025,PROGRAMA_ACÁDEMICO,NIVEL_DESEMPEÑO_PRUEBA,173,1,2.0,ANDINA,4.0,BOGOTÁ,152.0,BOGOTÁ D.C.,9001.0,UNIVERSIDAD DE CIENCIAS APLICADAS Y AMBIENTALES UDCA.,9001.0,UNIVERSIDAD DE CIENCIAS APLICADAS Y AMBIENTALES UDCA.-BOGOTÁ D.C.,14.0,MEDICINA,45.0,MEDICINA,6507.0,MEDICINA,LECTURA CRÍTICA,1.0,,,,,3.0,24.0,66.0,7.0,,,,2025
SABER PRO - 2025,PROGRAMA_ACÁDEMICO,NIVEL_DESEMPEÑO_PRUEBA,173,1,2.0,ANDINA,4.0,BOGOTÁ,152.0,BOGOTÁ D.C.,9001.0,UNIVERSIDAD DE CIENCIAS APLICADAS Y AMBIENTALES UDCA.,9001.0,UNIVERSIDAD DE CIENCIAS APLICADAS Y AMBIENTALES UDCA.-BOGOTÁ D.C.,14.0,MEDICINA,45.0,MEDICINA,6507.0,MEDICINA,RAZONAMIENTO CUANTITATIVO,1.0,,,,,10.0,33.0,57.0,1.0,,,,2025
SABER PRO - 2025,PROGRAMA_ACÁDEMICO,NIVEL_DESEMPEÑO_PRUEBA,173,1,2.0,ANDINA,4.0,BOGOTÁ,152.0,BOGOTÁ D.C.,9001.0,UNIVERSIDAD DE CIENCIAS APLICADAS Y AMBIENTALES UDCA.,9001.0,UNIVERSIDAD DE CIENCIAS APLICADAS Y AMBIENTALES UDCA.-BOGOTÁ D.C.,14.0,MEDICINA,45.0,MEDICINA,6507.0,MEDICINA,INGLÉS,1.0,,,,,1.0,39.0,51.0,9.0,,,,2025
SABER PRO - 2025,PROGRAMA_ACÁDEMICO,NIVEL_DESEMPEÑO_PRUEBA,3,1,2.0,ANDINA,4.0,BOGOTÁ,152.0,BOGOTÁ D.C.,9001.0,UNIVERSIDAD DE CIENCIAS APLICADAS Y AMBIENTALES UDCA.,9001.0,UNIVERSIDAD DE CIENCIAS APLICADAS Y AMBIENTALES UDCA.-BOGOTÁ D.C.,14.0,MEDICINA,45.0,MEDICINA,3143.0,MEDICINA,COMUNICACIÓN ESCRITA,1.0,,,,,0.0,100.0,0.0,0.0,,,,2025
SABER PRO - 2025,PROGRAMA_ACÁDEMICO,NIVEL_DESEMPEÑO_PRUEBA,3,1,2.0,ANDINA,4.0,BOGOTÁ,152.0,BOGOTÁ D.C.,9001.0,UNIVERSIDAD DE CIENCIAS APLICADAS Y AMBIENTALES UDCA.,9001.0,UNIVERSIDAD DE CIENCIAS APLICADAS Y AMBIENTALES UDCA.-BOGOTÁ D.C.,14.0,MEDICINA,45.0,MEDICINA,3143.0,MEDICINA,INGLÉS,1.0,,,,,0.0,67.0,33.0,0.0,,,,2025
SABER PRO - 2025,PROGRAMA_ACÁDEMICO,NIVEL_DESEMPEÑO_PRUEBA,173,1,2.0,ANDINA,4.0,BOGOTÁ,152.0,BOGOTÁ D.C.,9001.0,UNIVERSIDAD DE CIENCIAS APLICADAS Y AMBIENTALES UDCA.,9001.0,UNIVERSIDAD DE CIENCIAS APLICADAS Y AMBIENTALES UDCA.-BOGOTÁ D.C.,14.0,MEDICINA,45.0,MEDICINA,6507.0,MEDICINA,COMPETENCIAS CIUDADANAS,1.0,,,,,8.0,32.0,55.0,5.0,,,,2025
SABER PRO - 2025,PROGRAMA_ACÁDEMICO,NIVEL_DESEMPEÑO_PRUEBA,152,1,2.0,ANDINA,4.0,BOGOTÁ,152.0,BOGOTÁ D.C.,9003.0,COLEGIO MAYOR DE NUESTRA SEÑORA DEL ROSARIO,9003.0,COLEGIO MAYOR DE NUESTRA SEÑORA DEL ROSARIO-BOGOTÁ D.C.,14.0,MEDICINA,45.0,MEDICINA,570.0,MEDICINA,FUNDAMENTACIÓN EN DIAGNÓSTICO Y TRATAMIENTO MÉDICOS,34.0,,,,,37.0,36.0,24.0,3.0,,,,2025
SABER PRO - 2025,PROGRAMA_ACÁDEMICO,NIVEL_DESEMPEÑO_PRUEBA,264,1,2.0,ANDINA,4.0,BOGOTÁ,152.0,BOGOTÁ D.C.,9003.0,COLEGIO MAYOR DE NUESTRA SEÑORA DEL ROSARIO,9003.0,COLEGIO MAYOR DE NUESTRA SEÑORA DEL ROSARIO-BOGOTÁ D.C.,14.0,MEDICINA,45.0,MEDICINA,570.0,MEDICINA,RAZONAMIENTO CUANTITATIVO,1.0,,,,,2.0,17.0,73.0,8.0,,,,2025
SABER PRO - 2025,PROGRAMA_ACÁDEMICO,NIVEL_DESEMPEÑO_PRUEBA,264,1,2.0,ANDINA,4.0,BOGOTÁ,152.0,BOGOTÁ D.C.,9003.0,COLEGIO MAYOR DE NUESTRA SEÑORA DEL ROSARIO,9003.0,COLEGIO MAYOR DE NUESTRA SEÑORA DEL ROSARIO-BOGOTÁ D.C.,14.0,MEDICINA,45.0,MEDICINA,570.0,MEDICINA,INGLÉS,1.0,,,,,0.0,0.0,20.0,80.0,,,,2025
SABER PRO - 2025,PROGRAMA_ACÁDEMICO,NIVEL_DESEMPEÑO_PRUEBA,152,1,2.0,ANDINA,4.0,BOGOTÁ,152.0,BOGOTÁ D.C.,9003.0,COLEGIO MAYOR DE NUESTRA SEÑORA DEL ROSARIO,9003.0,COLEGIO MAYOR DE NUESTRA SEÑORA DEL ROSARIO-BOGOTÁ D.C.,14.0,MEDICINA,45.0,MEDICINA,570.0,MEDICINA,PROMOCIÓN DE LA SALUD Y PREVENCIÓN DE LA ENFERMEDAD,34.0,,,,,3.0,13.0,66.0,18.0,,,,2025
SABER PRO - 2025,PROGRAMA_ACÁDEMICO,NIVEL_DESEMPEÑO_PRUEBA,264,1,2.0,ANDINA,4.0,BOGOTÁ,152.0,BOGOTÁ D.C.,9003.0,COLEGIO MAYOR DE NUESTRA SEÑORA DEL ROSARIO,9003.0,COLEGIO MAYOR DE NUESTRA SEÑORA DEL ROSARIO-BOGOTÁ D.C.,14.0,MEDICINA,45.0,MEDICINA,570.0,MEDICINA,COMUNICACIÓN ESCRITA,1.0,,,,,2.0,14.0,59.0,25.0,,,,2025
SABER PRO - 2025,PROGRAMA_ACÁDEMICO,NIVEL_DESEMPEÑO_PRUEBA,264,1,2.0,ANDINA,4.0,BOGOTÁ,152.0,BOGOTÁ D.C.,9003.0,COLEGIO MAYOR DE NUESTRA SEÑORA DEL ROSARIO,9003.0,COLEGIO MAYOR DE NUESTRA SEÑORA DEL ROSARIO-BOGOTÁ D.C.,14.0,MEDICINA,45.0,MEDICINA,570.0,MEDICINA,COMPETENCIAS CIUDADANAS,1.0,,,,,2.0,8.0,66.0,25.0,,,,2025
SABER PRO - 2025,PROGRAMA_ACÁDEMICO,NIVEL_DESEMPEÑO_PRUEBA,264,1,2.0,ANDINA,4.0,BOGOTÁ,152.0,BOGOTÁ D.C.,9003.0,COLEGIO MAYOR DE NUESTRA SEÑORA DEL ROSARIO,9003.0,COLEGIO MAYOR DE NUESTRA SEÑORA DEL ROSARIO-BOGOTÁ D.C.,14.0,MEDICINA,45.0,MEDICINA,570.0,MEDICINA,LECTURA CRÍTICA,1.0,,,,,0.0,8.0,64.0,27.0,,,,2025
SABER PRO - 2025,PROGRAMA_ACÁDEMICO,NIVEL_DESEMPEÑO_PRUEBA,152,1,2.0,ANDINA,4.0,BOGOTÁ,152.0,BOGOTÁ D.C.,9003.0,COLEGIO MAYOR DE NUESTRA SEÑORA DEL ROSARIO,9003.0,COLEGIO MAYOR DE NUESTRA SEÑORA DEL ROSARIO-BOGOTÁ D.C.,14.0,MEDICINA,45.0,MEDICINA,570.0,MEDICINA,ATENCIÓN EN SALUD,34.0,,,,,4.0,17.0,43.0,36.0,,,,2025
SABER PRO - 2025,PROGRAMA_ACÁDEMICO,NIVEL_DESEMPEÑO_PRUEBA,140,1,2.0,ANDINA,4.0,BOGOTÁ,152.0,BOGOTÁ D.C.,9005.0,UNIVERSIDAD MILITAR-NUEVA GRANADA,9005.0,"UNIVERSIDAD MILITAR""NUEVA GRANADA""-BOGOTÁ D.C.",14.0,MEDICINA,45.0,MEDICINA,5873.0,MEDICINA,LECTURA CRÍTICA,1.0,,,,,1.0,6.0,70.0,23.0,,,,2025
SABER PRO - 2025,PROGRAMA_ACÁDEMICO,NIVEL_DESEMPEÑO_PRUEBA,140,1,2.0,ANDINA,4.0,BOGOTÁ,152.0,BOGOTÁ D.C.,9005.0,UNIVERSIDAD MILITAR-NUEVA GRANADA,9005.0,"UNIVERSIDAD MILITAR""NUEVA GRANADA""-BOGOTÁ D.C.",14.0,MEDICINA,45.0,MEDICINA,5873.0,MEDICINA,INGLÉS,1.0,,,,,0.0,9.0,37.0,54.0,,,,2025
SABER PRO - 2025,PROGRAMA_ACÁDEMICO,NIVEL_DESEMPEÑO_PRUEBA,137,1,2.0,ANDINA,4.0,BOGOTÁ,152.0,BOGOTÁ D.C.,9005.0,UNIVERSIDAD MILITAR-NUEVA GRANADA,9005.0,"UNIVERSIDAD MILITAR""NUEVA GRANADA""-BOGOTÁ D.C.",14.0,MEDICINA,45.0,MEDICINA,5873.0,MEDICINA,COMUNICACIÓN ESCRITA,1.0,,,,,2.0,26.0,58.0,15.0,,,,2025
SABER PRO - 2025,PROGRAMA_ACÁDEMICO,NIVEL_DESEMPEÑO_PRUEBA,140,1,2.0,ANDINA,4.0,BOGOTÁ,152.0,BOGOTÁ D.C.,9005.0,UNIVERSIDAD MILITAR-NUEVA GRANADA,9005.0,"UNIVERSIDAD MILITAR""NUEVA GRANADA""-BOGOTÁ D.C.",14.0,MEDICINA,45.0,MEDICINA,5873.0,MEDICINA,COMPETENCIAS CIUDADANAS,1.0,,,,,2.0,7.0,66.0,25.0,,,,2025
SABER PRO - 2025,PROGRAMA_ACÁDEMICO,NIVEL_DESEMPEÑO_PRUEBA,140,1,2.0,ANDINA,4.0,BOGOTÁ,152.0,BOGOTÁ D.C.,9005.0,UNIVERSIDAD MILITAR-NUEVA GRANADA,9005.0,"UNIVERSIDAD MILITAR""NUEVA GRANADA""-BOGOTÁ D.C.",14.0,MEDICINA,45.0,MEDICINA,5873.0,MEDICINA,RAZONAMIENTO CUANTITATIVO,1.0,,,,,1.0,11.0,74.0,14.0,,,,2025
SABER PRO - 2025,PROGRAMA_ACÁDEMICO,NIVEL_DESEMPEÑO_PRUEBA,71,1,2.0,ANDINA,4.0,BOGOTÁ,152.0,BOGOTÁ D.C.,9006.0,PONTIFICIA UNIVERSIDAD JAVERIANA,9006.0,PONTIFICIA UNIVERSIDAD JAVERIANA-BOGOTÁ D.C.,14.0,MEDICINA,45.0,MEDICINA,7116.0,MEDICINA,PROMOCIÓN DE LA SALUD Y PREVENCIÓN DE LA ENFERMEDAD,34.0,,,,,1.0,0.0,58.0,41.0,,,,2025
SABER PRO - 2025,PROGRAMA_ACÁDEMICO,NIVEL_DESEMPEÑO_PRUEBA,165,1,2.0,ANDINA,4.0,BOGOTÁ,152.0,BOGOTÁ D.C.,9006.0,PONTIFICIA UNIVERSIDAD JAVERIANA,9006.0,PONTIFICIA UNIVERSIDAD JAVERIANA-BOGOTÁ D.C.,14.0,MEDICINA,45.0,MEDICINA,7116.0,MEDICINA,COMUNICACIÓN ESCRITA,1.0,,,,,1.0,10.0,58.0,31.0,,,,2025
SABER PRO - 2025,PROGRAMA_ACÁDEMICO,NIVEL_DESEMPEÑO_PRUEBA,165,1,2.0,ANDINA,4.0,BOGOTÁ,152.0,BOGOTÁ D.C.,9006.0,PONTIFICIA UNIVERSIDAD JAVERIANA,9006.0,PONTIFICIA UNIVERSIDAD JAVERIANA-BOGOTÁ D.C.,14.0,MEDICINA,45.0,MEDICINA,7116.0,MEDICINA,COMPETENCIAS CIUDADANAS,1.0,,,,,1.0,6.0,54.0,39.0,,,,2025
SABER PRO - 2025,PROGRAMA_ACÁDEMICO,NIVEL_DESEMPEÑO_PRUEBA,165,1,2.0,ANDINA,4.0,BOGOTÁ,152.0,BOGOTÁ D.C.,9006.0,PONTIFICIA UNIVERSIDAD JAVERIANA,9006.0,PONTIFICIA UNIVERSIDAD JAVERIANA-BOGOTÁ D.C.,14.0,MEDICINA,45.0,MEDICINA,7116.0,MEDICINA,RAZONAMIENTO CUANTITATIVO,1.0,,,,,1.0,7.0,72.0,21.0,,,,2025
SABER PRO - 2025,PROGRAMA_ACÁDEMICO,NIVEL_DESEMPEÑO_PRUEBA,165,1,2.0,ANDINA,4.0,BOGOTÁ,152.0,BOGOTÁ D.C.,9006.0,PONTIFICIA UNIVERSIDAD JAVERIANA,9006.0,PONTIFICIA UNIVERSIDAD JAVERIANA-BOGOTÁ D.C.,14.0,MEDICINA,45.0,MEDICINA,7116.0,MEDICINA,INGLÉS,1.0,,,,,0.0,1.0,12.0,88.0,,,,2025
SABER PRO - 2025,PROGRAMA_ACÁDEMICO,NIVEL_DESEMPEÑO_PRUEBA,71,1,2.0,ANDINA,4.0,BOGOTÁ,152.0,BOGOTÁ D.C.,9006.0,PONTIFICIA UNIVERSIDAD JAVERIANA,9006.0,PONTIFICIA UNIVERSIDAD JAVERIANA-BOGOTÁ D.C.,14.0,MEDICINA,45.0,MEDICINA,7116.0,MEDICINA,FUNDAMENTACIÓN EN DIAGNÓSTICO Y TRATAMIENTO MÉDICOS,34.0,,,,,4.0,23.0,42.0,31.0,,,,2025
SABER PRO - 2025,PROGRAMA_ACÁDEMICO,NIVEL_DESEMPEÑO_PRUEBA,165,1,2.0,ANDINA,4.0,BOGOTÁ,152.0,BOGOTÁ D.C.,9006.0,PONTIFICIA UNIVERSIDAD JAVERIANA,9006.0,PONTIFICIA UNIVERSIDAD JAVERIANA-BOGOTÁ D.C.,14.0,MEDICINA,45.0,MEDICINA,7116.0,MEDICINA,LECTURA CRÍTICA,1.0,,,,,1.0,2.0,50.0,47.0,,,,2025
SABER PRO - 2025,PROGRAMA_ACÁDEMICO,NIVEL_DESEMPEÑO_PRUEBA,71,1,2.0,ANDINA,4.0,BOGOTÁ,152.0,BOGOTÁ D.C.,9006.0,PONTIFICIA UNIVERSIDAD JAVERIANA,9006.0,PONTIFICIA UNIVERSIDAD JAVERIANA-BOGOTÁ D.C.,14.0,MEDICINA,45.0,MEDICINA,7116.0,MEDICINA,ATENCIÓN EN SALUD,34.0,,,,,1.0,7.0,17.0,75.0,,,,2025
SABER PRO - 2025,PROGRAMA_ACÁDEMICO,NIVEL_DESEMPEÑO_PRUEBA,178,1,2.0,ANDINA,4.0,BOGOTÁ,152.0,BOGOTÁ D.C.,9040.0,UNIVERSIDAD EL BOSQUE,9040.0,UNIVERSIDAD EL BOSQUE-BOGOTÁ D.C.,14.0,MEDICINA,45.0,MEDICINA,6060.0,MEDICINA,LECTURA CRÍTICA,1.0,,,,,3.0,18.0,71.0,8.0,,,,2025
SABER PRO - 2025,PROGRAMA_ACÁDEMICO,NIVEL_DESEMPEÑO_PRUEBA,95,1,2.0,ANDINA,4.0,BOGOTÁ,152.0,BOGOTÁ D.C.,9040.0,UNIVERSIDAD EL BOSQUE,9040.0,UNIVERSIDAD EL BOSQUE-BOGOTÁ D.C.,14.0,MEDICINA,45.0,MEDICINA,6060.0,MEDICINA,FUNDAMENTACIÓN EN DIAGNÓSTICO Y TRATAMIENTO MÉDICOS,34.0,,,,,54.0,35.0,9.0,2.0,,,,2025
SABER PRO - 2025,PROGRAMA_ACÁDEMICO,NIVEL_DESEMPEÑO_PRUEBA,95,1,2.0,ANDINA,4.0,BOGOTÁ,152.0,BOGOTÁ D.C.,9040.0,UNIVERSIDAD EL BOSQUE,9040.0,UNIVERSIDAD EL BOSQUE-BOGOTÁ D.C.,14.0,MEDICINA,45.0,MEDICINA,6060.0,MEDICINA,PROMOCIÓN DE LA SALUD Y PREVENCIÓN DE LA ENFERMEDAD,34.0,,,,,11.0,23.0,58.0,8.0,,,,2025
SABER PRO - 2025,PROGRAMA_ACÁDEMICO,NIVEL_DESEMPEÑO_PRUEBA,178,1,2.0,ANDINA,4.0,BOGOTÁ,152.0,BOGOTÁ D.C.,9040.0,UNIVERSIDAD EL BOSQUE,9040.0,UNIVERSIDAD EL BOSQUE-BOGOTÁ D.C.,14.0,MEDICINA,45.0,MEDICINA,6060.0,MEDICINA,INGLÉS,1.0,,,,,0.0,5.0,43.0,52.0,,,,2025
SABER PRO - 2025,PROGRAMA_ACÁDEMICO,NIVEL_DESEMPEÑO_PRUEBA,95,1,2.0,ANDINA,4.0,BOGOTÁ,152.0,BOGOTÁ D.C.,9040.0,UNIVERSIDAD EL BOSQUE,9040.0,UNIVERSIDAD EL BOSQUE-BOGOTÁ D.C.,14.0,MEDICINA,45.0,MEDICINA,6060.0,MEDICINA,ATENCIÓN EN SALUD,34.0,,,,,18.0,32.0,39.0,12.0,,,,2025
SABER PRO - 2025,PROGRAMA_ACÁDEMICO,NIVEL_DESEMPEÑO_PRUEBA,178,1,2.0,ANDINA,4.0,BOGOTÁ,152.0,BOGOTÁ D.C.,9040.0,UNIVERSIDAD EL BOSQUE,9040.0,UNIVERSIDAD EL BOSQUE-BOGOTÁ D.C.,14.0,MEDICINA,45.0,MEDICINA,6060.0,MEDICINA,COMPETENCIAS CIUDADANAS,1.0,,,,,5.0,25.0,64.0,6.0,,,,2025
SABER PRO - 2025,PROGRAMA_ACÁDEMICO,NIVEL_DESEMPEÑO_PRUEBA,176,1,2.0,ANDINA,4.0,BOGOTÁ,152.0,BOGOTÁ D.C.,9040.0,UNIVERSIDAD EL BOSQUE,9040.0,UNIVERSIDAD EL BOSQUE-BOGOTÁ D.C.,14.0,MEDICINA,45.0,MEDICINA,6060.0,MEDICINA,COMUNICACIÓN ESCRITA,1.0,,,,,1.0,32.0,58.0,9.0,,,,2025
SABER PRO - 2025,PROGRAMA_ACÁDEMICO,NIVEL_DESEMPEÑO_PRUEBA,178,1,2.0,ANDINA,4.0,BOGOTÁ,152.0,BOGOTÁ D.C.,9040.0,UNIVERSIDAD EL BOSQUE,9040.0,UNIVERSIDAD EL BOSQUE-BOGOTÁ D.C.,14.0,MEDICINA,45.0,MEDICINA,6060.0,MEDICINA,RAZONAMIENTO CUANTITATIVO,1.0,,,,,6.0,24.0,66.0,4.0,,,,2025
SABER PRO - 2025,PROGRAMA_ACÁDEMICO,NIVEL_DESEMPEÑO_PRUEBA,88,1,2.0,ANDINA,4.0,BOGOTÁ,152.0,BOGOTÁ D.C.,9045.0,FUNDACION UNIVERSITARIA SANITAS,9045.0,FUNDACION UNIVERSITARIA SANITAS-BOGOTÁ D.C.,14.0,MEDICINA,45.0,MEDICINA,3962.0,MEDICINA,LECTURA CRÍTICA,1.0,,,,,0.0,18.0,72.0,10.0,,,,2025
SABER PRO - 2025,PROGRAMA_ACÁDEMICO,NIVEL_DESEMPEÑO_PRUEBA,88,1,2.0,ANDINA,4.0,BOGOTÁ,152.0,BOGOTÁ D.C.,9045.0,FUNDACION UNIVERSITARIA SANITAS,9045.0,FUNDACION UNIVERSITARIA SANITAS-BOGOTÁ D.C.,14.0,MEDICINA,45.0,MEDICINA,3962.0,MEDICINA,COMPETENCIAS CIUDADANAS,1.0,,,,,8.0,26.0,58.0,8.0,,,,2025
SABER PRO - 2025,PROGRAMA_ACÁDEMICO,NIVEL_DESEMPEÑO_PRUEBA,88,1,2.0,ANDINA,4.0,BOGOTÁ,152.0,BOGOTÁ D.C.,9045.0,FUNDACION UNIVERSITARIA SANITAS,9045.0,FUNDACION UNIVERSITARIA SANITAS-BOGOTÁ D.C.,14.0,MEDICINA,45.0,MEDICINA,3962.0,MEDICINA,RAZONAMIENTO CUANTITATIVO,1.0,,,,,9.0,35.0,56.0,0.0,,,,2025
SABER PRO - 2025,PROGRAMA_ACÁDEMICO,NIVEL_DESEMPEÑO_PRUEBA,88,1,2.0,ANDINA,4.0,BOGOTÁ,152.0,BOGOTÁ D.C.,9045.0,FUNDACION UNIVERSITARIA SANITAS,9045.0,FUNDACION UNIVERSITARIA SANITAS-BOGOTÁ D.C.,14.0,MEDICINA,45.0,MEDICINA,3962.0,MEDICINA,INGLÉS,1.0,,,,,2.0,15.0,57.0,26.0,,,,2025
SABER PRO - 2025,PROGRAMA_ACÁDEMICO,NIVEL_DESEMPEÑO_PRUEBA,87,1,2.0,ANDINA,4.0,BOGOTÁ,152.0,BOGOTÁ D.C.,9045.0,FUNDACION UNIVERSITARIA SANITAS,9045.0,FUNDACION UNIVERSITARIA SANITAS-BOGOTÁ D.C.,14.0,MEDICINA,45.0,MEDICINA,3962.0,MEDICINA,COMUNICACIÓN ESCRITA,1.0,,,,,1.0,26.0,57.0,15.0,,,,2025
SABER PRO - 2025,PROGRAMA_ACÁDEMICO,NIVEL_DESEMPEÑO_PRUEBA,243,1,2.0,ANDINA,4.0,BOGOTÁ,152.0,BOGOTÁ D.C.,9052.0,FUNDACION UNIVERSITARIA JUAN N. CORPAS,9052.0,FUNDACION UNIVERSITARIA JUAN N. CORPAS-BOGOTÁ D.C.,14.0,MEDICINA,45.0,MEDICINA,1442.0,MEDICINA,RAZONAMIENTO CUANTITATIVO,1.0,,,,,12.0,35.0,52.0,0.0,,,,2025
SABER PRO - 2025,PROGRAMA_ACÁDEMICO,NIVEL_DESEMPEÑO_PRUEBA,112,1,2.0,ANDINA,4.0,BOGOTÁ,152.0,BOGOTÁ D.C.,9052.0,FUNDACION UNIVERSITARIA JUAN N. CORPAS,9052.0,FUNDACION UNIVERSITARIA JUAN N. CORPAS-BOGOTÁ D.C.,14.0,MEDICINA,45.0,MEDICINA,1442.0,MEDICINA,PROMOCIÓN DE LA SALUD Y PREVENCIÓN DE LA ENFERMEDAD,34.0,,,,,16.0,21.0,54.0,8.0,,,,2025
SABER PRO - 2025,PROGRAMA_ACÁDEMICO,NIVEL_DESEMPEÑO_PRUEBA,243,1,2.0,ANDINA,4.0,BOGOTÁ,152.0,BOGOTÁ D.C.,9052.0,FUNDACION UNIVERSITARIA JUAN N. CORPAS,9052.0,FUNDACION UNIVERSITARIA JUAN N. CORPAS-BOGOTÁ D.C.,14.0,MEDICINA,45.0,MEDICINA,1442.0,MEDICINA,INGLÉS,1.0,,,,,3.0,40.0,43.0,13.0,,,,2025
SABER PRO - 2025,PROGRAMA_ACÁDEMICO,NIVEL_DESEMPEÑO_PRUEBA,112,1,2.0,ANDINA,4.0,BOGOTÁ,152.0,BOGOTÁ D.C.,9052.0,FUNDACION UNIVERSITARIA JUAN N. CORPAS,9052.0,FUNDACION UNIVERSITARIA JUAN N. CORPAS-BOGOTÁ D.C.,14.0,MEDICINA,45.0,MEDICINA,1442.0,MEDICINA,ATENCIÓN EN SALUD,34.0,,,,,18.0,30.0,37.0,15.0,,,,2025
SABER PRO - 2025,PROGRAMA_ACÁDEMICO,NIVEL_DESEMPEÑO_PRUEBA,241,1,2.0,ANDINA,4.0,BOGOTÁ,152.0,BOGOTÁ D.C.,9052.0,FUNDACION UNIVERSITARIA JUAN N. CORPAS,9052.0,FUNDACION UNIVERSITARIA JUAN N. CORPAS-BOGOTÁ D.C.,14.0,MEDICINA,45.0,MEDICINA,1442.0,MEDICINA,COMUNICACIÓN ESCRITA,1.0,,,,,6.0,34.0,49.0,11.0,,,,2025
SABER PRO - 2025,PROGRAMA_ACÁDEMICO,NIVEL_DESEMPEÑO_PRUEBA,243,1,2.0,ANDINA,4.0,BOGOTÁ,152.0,BOGOTÁ D.C.,9052.0,FUNDACION UNIVERSITARIA JUAN N. CORPAS,9052.0,FUNDACION UNIVERSITARIA JUAN N. CORPAS-BOGOTÁ D.C.,14.0,MEDICINA,45.0,MEDICINA,1442.0,MEDICINA,COMPETENCIAS CIUDADANAS,1.0,,,,,15.0,33.0,49.0,2.0,,,,2025
SABER PRO - 2025,PROGRAMA_ACÁDEMICO,NIVEL_DESEMPEÑO_PRUEBA,243,1,2.0,ANDINA,4.0,BOGOTÁ,152.0,BOGOTÁ D.C.,9052.0,FUNDACION UNIVERSITARIA JUAN N. CORPAS,9052.0,FUNDACION UNIVERSITARIA JUAN N. CORPAS-BOGOTÁ D.C.,14.0,MEDICINA,45.0,MEDICINA,1442.0,MEDICINA,LECTURA CRÍTICA,1.0,,,,,5.0,35.0,56.0,5.0,,,,2025
SABER PRO - 2025,PROGRAMA_ACÁDEMICO,NIVEL_DESEMPEÑO_PRUEBA,112,1,2.0,ANDINA,4.0,BOGOTÁ,152.0,BOGOTÁ D.C.,9052.0,FUNDACION UNIVERSITARIA JUAN N. CORPAS,9052.0,FUNDACION UNIVERSITARIA JUAN N. CORPAS-BOGOTÁ D.C.,14.0,MEDICINA,45.0,MEDICINA,1442.0,MEDICINA,FUNDAMENTACIÓN EN DIAGNÓSTICO Y TRATAMIENTO MÉDICOS,34.0,,,,,65.0,21.0,11.0,3.0,,,,2025
SABER PRO - 2025,PROGRAMA_ACÁDEMICO,NIVEL_DESEMPEÑO_PRUEBA,302,1,2.0,ANDINA,4.0,BOGOTÁ,152.0,BOGOTÁ D.C.,9063.0,UNIVERSIDAD ANTONIO NARIÑO,9063.0,UNIVERSIDAD ANTONIO NARIÑO-BOGOTÁ D.C.,14.0,MEDICINA,45.0,MEDICINA,162.0,MEDICINA,ATENCIÓN EN SALUD,34.0,,,,,21.0,33.0,37.0,10.0,,,,2025
SABER PRO - 2025,PROGRAMA_ACÁDEMICO,NIVEL_DESEMPEÑO_PRUEBA,302,1,2.0,ANDINA,4.0,BOGOTÁ,152.0,BOGOTÁ D.C.,9063.0,UNIVERSIDAD ANTONIO NARIÑO,9063.0,UNIVERSIDAD ANTONIO NARIÑO-BOGOTÁ D.C.,14.0,MEDICINA,45.0,MEDICINA,162.0,MEDICINA,RAZONAMIENTO CUANTITATIVO,1.0,,,,,12.0,37.0,49.0,2.0,,,,2025
SABER PRO - 2025,PROGRAMA_ACÁDEMICO,NIVEL_DESEMPEÑO_PRUEBA,302,1,2.0,ANDINA,4.0,BOGOTÁ,152.0,BOGOTÁ D.C.,9063.0,UNIVERSIDAD ANTONIO NARIÑO,9063.0,UNIVERSIDAD ANTONIO NARIÑO-BOGOTÁ D.C.,14.0,MEDICINA,45.0,MEDICINA,162.0,MEDICINA,LECTURA CRÍTICA,1.0,,,,,6.0,33.0,57.0,4.0,,,,2025
SABER PRO - 2025,PROGRAMA_ACÁDEMICO,NIVEL_DESEMPEÑO_PRUEBA,298,1,2.0,ANDINA,4.0,BOGOTÁ,152.0,BOGOTÁ D.C.,9063.0,UNIVERSIDAD ANTONIO NARIÑO,9063.0,UNIVERSIDAD ANTONIO NARIÑO-BOGOTÁ D.C.,14.0,MEDICINA,45.0,MEDICINA,162.0,MEDICINA,COMUNICACIÓN ESCRITA,1.0,,,,,2.0,34.0,55.0,8.0,,,,2025
SABER PRO - 2025,PROGRAMA_ACÁDEMICO,NIVEL_DESEMPEÑO_PRUEBA,302,1,2.0,ANDINA,4.0,BOGOTÁ,152.0,BOGOTÁ D.C.,9063.0,UNIVERSIDAD ANTONIO NARIÑO,9063.0,UNIVERSIDAD ANTONIO NARIÑO-BOGOTÁ D.C.,14.0,MEDICINA,45.0,MEDICINA,162.0,MEDICINA,FUNDAMENTACIÓN EN DIAGNÓSTICO Y TRATAMIENTO MÉDICOS,34.0,,,,,63.0,32.0,5.0,0.0,,,,2025
SABER PRO - 2025,PROGRAMA_ACÁDEMICO,NIVEL_DESEMPEÑO_PRUEBA,302,1,2.0,ANDINA,4.0,BOGOTÁ,152.0,BOGOTÁ D.C.,9063.0,UNIVERSIDAD ANTONIO NARIÑO,9063.0,UNIVERSIDAD ANTONIO NARIÑO-BOGOTÁ D.C.,14.0,MEDICINA,45.0,MEDICINA,162.0,MEDICINA,PROMOCIÓN DE LA SALUD Y PREVENCIÓN DE LA ENFERMEDAD,34.0,,,,,13.0,28.0,55.0,4.0,,,,2025
SABER PRO - 2025,PROGRAMA_ACÁDEMICO,NIVEL_DESEMPEÑO_PRUEBA,302,1,2.0,ANDINA,4.0,BOGOTÁ,152.0,BOGOTÁ D.C.,9063.0,UNIVERSIDAD ANTONIO NARIÑO,9063.0,UNIVERSIDAD ANTONIO NARIÑO-BOGOTÁ D.C.,14.0,MEDICINA,45.0,MEDICINA,162.0,MEDICINA,INGLÉS,1.0,,,,,11.0,44.0,36.0,10.0,,,,2025
SABER PRO - 2025,PROGRAMA_ACÁDEMICO,NIVEL_DESEMPEÑO_PRUEBA,302,1,2.0,ANDINA,4.0,BOGOTÁ,152.0,BOGOTÁ D.C.,9063.0,UNIVERSIDAD ANTONIO NARIÑO,9063.0,UNIVERSIDAD ANTONIO NARIÑO-BOGOTÁ D.C.,14.0,MEDICINA,45.0,MEDICINA,162.0,MEDICINA,COMPETENCIAS CIUDADANAS,1.0,,,,,16.0,34.0,45.0,5.0,,,,2025
SABER PRO - 2025,PROGRAMA_ACÁDEMICO,NIVEL_DESEMPEÑO_PRUEBA,109,1,2.0,ANDINA,6.0,BOYACA,199.0,TUNJA,9092.0,UNIVERSIDAD DE BOYACA UNIBOYACA - TUNJA,9092.0,UNIVERSIDAD DE BOYACA - UNIBOYACA-TUNJA,14.0,MEDICINA,45.0,MEDICINA,1185.0,MEDICINA,COMPETENCIAS CIUDADANAS,1.0,,,,,14.0,31.0,53.0,2.0,,,,2025
SABER PRO - 2025,PROGRAMA_ACÁDEMICO,NIVEL_DESEMPEÑO_PRUEBA,109,1,2.0,ANDINA,6.0,BOYACA,199.0,TUNJA,9092.0,UNIVERSIDAD DE BOYACA UNIBOYACA - TUNJA,9092.0,UNIVERSIDAD DE BOYACA - UNIBOYACA-TUNJA,14.0,MEDICINA,45.0,MEDICINA,1185.0,MEDICINA,INGLÉS,1.0,,,,,6.0,42.0,45.0,7.0,,,,2025
SABER PRO - 2025,PROGRAMA_ACÁDEMICO,NIVEL_DESEMPEÑO_PRUEBA,108,1,2.0,ANDINA,6.0,BOYACA,199.0,TUNJA,9092.0,UNIVERSIDAD DE BOYACA UNIBOYACA - TUNJA,9092.0,UNIVERSIDAD DE BOYACA - UNIBOYACA-TUNJA,14.0,MEDICINA,45.0,MEDICINA,1185.0,MEDICINA,ATENCIÓN EN SALUD,34.0,,,,,14.0,29.0,39.0,19.0,,,,2025
SABER PRO - 2025,PROGRAMA_ACÁDEMICO,NIVEL_DESEMPEÑO_PRUEBA,108,1,2.0,ANDINA,6.0,BOYACA,199.0,TUNJA,9092.0,UNIVERSIDAD DE BOYACA UNIBOYACA - TUNJA,9092.0,UNIVERSIDAD DE BOYACA - UNIBOYACA-TUNJA,14.0,MEDICINA,45.0,MEDICINA,1185.0,MEDICINA,PROMOCIÓN DE LA SALUD Y PREVENCIÓN DE LA ENFERMEDAD,34.0,,,,,9.0,19.0,61.0,10.0,,,,2025
SABER PRO - 2025,PROGRAMA_ACÁDEMICO,NIVEL_DESEMPEÑO_PRUEBA,109,1,2.0,ANDINA,6.0,BOYACA,199.0,TUNJA,9092.0,UNIVERSIDAD DE BOYACA UNIBOYACA - TUNJA,9092.0,UNIVERSIDAD DE BOYACA - UNIBOYACA-TUNJA,14.0,MEDICINA,45.0,MEDICINA,1185.0,MEDICINA,LECTURA CRÍTICA,1.0,,,,,3.0,39.0,57.0,2.0,,,,2025
SABER PRO - 2025,PROGRAMA_ACÁDEMICO,NIVEL_DESEMPEÑO_PRUEBA,109,1,2.0,ANDINA,6.0,BOYACA,199.0,TUNJA,9092.0,UNIVERSIDAD DE BOYACA UNIBOYACA - TUNJA,9092.0,UNIVERSIDAD DE BOYACA - UNIBOYACA-TUNJA,14.0,MEDICINA,45.0,MEDICINA,1185.0,MEDICINA,RAZONAMIENTO CUANTITATIVO,1.0,,,,,8.0,31.0,60.0,1.0,,,,2025
SABER PRO - 2025,PROGRAMA_ACÁDEMICO,NIVEL_DESEMPEÑO_PRUEBA,108,1,2.0,ANDINA,6.0,BOYACA,199.0,TUNJA,9092.0,UNIVERSIDAD DE BOYACA UNIBOYACA - TUNJA,9092.0,UNIVERSIDAD DE BOYACA - UNIBOYACA-TUNJA,14.0,MEDICINA,45.0,MEDICINA,1185.0,MEDICINA,FUNDAMENTACIÓN EN DIAGNÓSTICO Y TRATAMIENTO MÉDICOS,34.0,,,,,50.0,39.0,11.0,0.0,,,,2025
SABER PRO - 2025,PROGRAMA_ACÁDEMICO,NIVEL_DESEMPEÑO_PRUEBA,109,1,2.0,ANDINA,6.0,BOYACA,199.0,TUNJA,9092.0,UNIVERSIDAD DE BOYACA UNIBOYACA - TUNJA,9092.0,UNIVERSIDAD DE BOYACA - UNIBOYACA-TUNJA,14.0,MEDICINA,45.0,MEDICINA,1185.0,MEDICINA,COMUNICACIÓN ESCRITA,1.0,,,,,2.0,29.0,62.0,6.0,,,,2025
SABER PRO - 2025,PROGRAMA_ACÁDEMICO,NIVEL_DESEMPEÑO_PRUEBA,64,1,2.0,ANDINA,6.0,BOYACA,199.0,TUNJA,9095.0,UNIVERSIDAD PEDAGOGICA Y TECNOLOGICA DE COLOMBIA,9095.0,UNIVERSIDAD PEDAGOGICA Y TECNOLOGICA DE COLOMBIA-TUNJA,14.0,MEDICINA,45.0,MEDICINA,6921.0,MEDICINA,COMUNICACIÓN ESCRITA,1.0,,,,,5.0,27.0,55.0,14.0,,,,2025
SABER PRO - 2025,PROGRAMA_ACÁDEMICO,NIVEL_DESEMPEÑO_PRUEBA,63,1,2.0,ANDINA,6.0,BOYACA,199.0,TUNJA,9095.0,UNIVERSIDAD PEDAGOGICA Y TECNOLOGICA DE COLOMBIA,9095.0,UNIVERSIDAD PEDAGOGICA Y TECNOLOGICA DE COLOMBIA-TUNJA,14.0,MEDICINA,45.0,MEDICINA,6921.0,MEDICINA,FUNDAMENTACIÓN EN DIAGNÓSTICO Y TRATAMIENTO MÉDICOS,34.0,,,,,25.0,38.0,33.0,3.0,,,,2025
SABER PRO - 2025,PROGRAMA_ACÁDEMICO,NIVEL_DESEMPEÑO_PRUEBA,63,1,2.0,ANDINA,6.0,BOYACA,199.0,TUNJA,9095.0,UNIVERSIDAD PEDAGOGICA Y TECNOLOGICA DE COLOMBIA,9095.0,UNIVERSIDAD PEDAGOGICA Y TECNOLOGICA DE COLOMBIA-TUNJA,14.0,MEDICINA,45.0,MEDICINA,6921.0,MEDICINA,ATENCIÓN EN SALUD,34.0,,,,,2.0,11.0,32.0,56.0,,,,2025
SABER PRO - 2025,PROGRAMA_ACÁDEMICO,NIVEL_DESEMPEÑO_PRUEBA,64,1,2.0,ANDINA,6.0,BOYACA,199.0,TUNJA,9095.0,UNIVERSIDAD PEDAGOGICA Y TECNOLOGICA DE COLOMBIA,9095.0,UNIVERSIDAD PEDAGOGICA Y TECNOLOGICA DE COLOMBIA-TUNJA,14.0,MEDICINA,45.0,MEDICINA,6921.0,MEDICINA,INGLÉS,1.0,,,,,2.0,13.0,47.0,39.0,,,,2025
SABER PRO - 2025,PROGRAMA_ACÁDEMICO,NIVEL_DESEMPEÑO_PRUEBA,64,1,2.0,ANDINA,6.0,BOYACA,199.0,TUNJA,9095.0,UNIVERSIDAD PEDAGOGICA Y TECNOLOGICA DE COLOMBIA,9095.0,UNIVERSIDAD PEDAGOGICA Y TECNOLOGICA DE COLOMBIA-TUNJA,14.0,MEDICINA,45.0,MEDICINA,6921.0,MEDICINA,COMPETENCIAS CIUDADANAS,1.0,,,,,3.0,20.0,53.0,23.0,,,,2025
SABER PRO - 2025,PROGRAMA_ACÁDEMICO,NIVEL_DESEMPEÑO_PRUEBA,63,1,2.0,ANDINA,6.0,BOYACA,199.0,TUNJA,9095.0,UNIVERSIDAD PEDAGOGICA Y TECNOLOGICA DE COLOMBIA,9095.0,UNIVERSIDAD PEDAGOGICA Y TECNOLOGICA DE COLOMBIA-TUNJA,14.0,MEDICINA,45.0,MEDICINA,6921.0,MEDICINA,PROMOCIÓN DE LA SALUD Y PREVENCIÓN DE LA ENFERMEDAD,34.0,,,,,3.0,10.0,65.0,22.0,,,,2025
SABER PRO - 2025,PROGRAMA_ACÁDEMICO,NIVEL_DESEMPEÑO_PRUEBA,64,1,2.0,ANDINA,6.0,BOYACA,199.0,TUNJA,9095.0,UNIVERSIDAD PEDAGOGICA Y TECNOLOGICA DE COLOMBIA,9095.0,UNIVERSIDAD PEDAGOGICA Y TECNOLOGICA DE COLOMBIA-TUNJA,14.0,MEDICINA,45.0,MEDICINA,6921.0,MEDICINA,LECTURA CRÍTICA,1.0,,,,,5.0,8.0,63.0,25.0,,,,2025
SABER PRO - 2025,PROGRAMA_ACÁDEMICO,NIVEL_DESEMPEÑO_PRUEBA,64,1,2.0,ANDINA,6.0,BOYACA,199.0,TUNJA,9095.0,UNIVERSIDAD PEDAGOGICA Y TECNOLOGICA DE COLOMBIA,9095.0,UNIVERSIDAD PEDAGOGICA Y TECNOLOGICA DE COLOMBIA-TUNJA,14.0,MEDICINA,45.0,MEDICINA,6921.0,MEDICINA,RAZONAMIENTO CUANTITATIVO,1.0,,,,,6.0,13.0,75.0,6.0,,,,2025
SABER PRO - 2025,PROGRAMA_ACÁDEMICO,NIVEL_DESEMPEÑO_PRUEBA,56,1,2.0,ANDINA,7.0,CALDAS,322.0,MANIZALES,9101.0,UNIVERSIDAD DE CALDAS,9101.0,UNIVERSIDAD DE CALDAS-MANIZALES,14.0,MEDICINA,45.0,MEDICINA,2313.0,MEDICINA,PROMOCIÓN DE LA SALUD Y PREVENCIÓN DE LA ENFERMEDAD,34.0,,,,,11.0,13.0,57.0,20.0,,,,2025
SABER PRO - 2025,PROGRAMA_ACÁDEMICO,NIVEL_DESEMPEÑO_PRUEBA,96,1,2.0,ANDINA,7.0,CALDAS,322.0,MANIZALES,9101.0,UNIVERSIDAD DE CALDAS,9101.0,UNIVERSIDAD DE CALDAS-MANIZALES,14.0,MEDICINA,45.0,MEDICINA,2313.0,MEDICINA,RAZONAMIENTO CUANTITATIVO,1.0,,,,,3.0,18.0,69.0,10.0,,,,2025
SABER PRO - 2025,PROGRAMA_ACÁDEMICO,NIVEL_DESEMPEÑO_PRUEBA,96,1,2.0,ANDINA,7.0,CALDAS,322.0,MANIZALES,9101.0,UNIVERSIDAD DE CALDAS,9101.0,UNIVERSIDAD DE CALDAS-MANIZALES,14.0,MEDICINA,45.0,MEDICINA,2313.0,MEDICINA,COMPETENCIAS CIUDADANAS,1.0,,,,,8.0,15.0,61.0,16.0,,,,2025
SABER PRO - 2025,PROGRAMA_ACÁDEMICO,NIVEL_DESEMPEÑO_PRUEBA,96,1,2.0,ANDINA,7.0,CALDAS,322.0,MANIZALES,9101.0,UNIVERSIDAD DE CALDAS,9101.0,UNIVERSIDAD DE CALDAS-MANIZALES,14.0,MEDICINA,45.0,MEDICINA,2313.0,MEDICINA,LECTURA CRÍTICA,1.0,,,,,1.0,24.0,61.0,14.0,,,,2025
SABER PRO - 2025,PROGRAMA_ACÁDEMICO,NIVEL_DESEMPEÑO_PRUEBA,96,1,2.0,ANDINA,7.0,CALDAS,322.0,MANIZALES,9101.0,UNIVERSIDAD DE CALDAS,9101.0,UNIVERSIDAD DE CALDAS-MANIZALES,14.0,MEDICINA,45.0,MEDICINA,2313.0,MEDICINA,INGLÉS,1.0,,,,,5.0,36.0,42.0,17.0,,,,2025
SABER PRO - 2025,PROGRAMA_ACÁDEMICO,NIVEL_DESEMPEÑO_PRUEBA,96,1,2.0,ANDINA,7.0,CALDAS,322.0,MANIZALES,9101.0,UNIVERSIDAD DE CALDAS,9101.0,UNIVERSIDAD DE CALDAS-MANIZALES,14.0,MEDICINA,45.0,MEDICINA,2313.0,MEDICINA,COMUNICACIÓN ESCRITA,1.0,,,,,4.0,33.0,55.0,7.0,,,,2025
SABER PRO - 2025,PROGRAMA_ACÁDEMICO,NIVEL_DESEMPEÑO_PRUEBA,56,1,2.0,ANDINA,7.0,CALDAS,322.0,MANIZALES,9101.0,UNIVERSIDAD DE CALDAS,9101.0,UNIVERSIDAD DE CALDAS-MANIZALES,14.0,MEDICINA,45.0,MEDICINA,2313.0,MEDICINA,FUNDAMENTACIÓN EN DIAGNÓSTICO Y TRATAMIENTO MÉDICOS,34.0,,,,,16.0,39.0,39.0,5.0,,,,2025
SABER PRO - 2025,PROGRAMA_ACÁDEMICO,NIVEL_DESEMPEÑO_PRUEBA,56,1,2.0,ANDINA,7.0,CALDAS,322.0,MANIZALES,9101.0,UNIVERSIDAD DE CALDAS,9101.0,UNIVERSIDAD DE CALDAS-MANIZALES,14.0,MEDICINA,45.0,MEDICINA,2313.0,MEDICINA,ATENCIÓN EN SALUD,34.0,,,,,7.0,18.0,36.0,39.0,,,,2025
SABER PRO - 2025,PROGRAMA_ACÁDEMICO,NIVEL_DESEMPEÑO_PRUEBA,68,1,2.0,ANDINA,7.0,CALDAS,322.0,MANIZALES,9102.0,UNIVERSIDAD DE MANIZALES,9102.0,UNIVERSIDAD DE MANIZALES-MANIZALES,14.0,MEDICINA,45.0,MEDICINA,3145.0,MEDICINA,INGLÉS,1.0,,,,,3.0,19.0,43.0,35.0,,,,2025
SABER PRO - 2025,PROGRAMA_ACÁDEMICO,NIVEL_DESEMPEÑO_PRUEBA,67,1,2.0,ANDINA,7.0,CALDAS,322.0,MANIZALES,9102.0,UNIVERSIDAD DE MANIZALES,9102.0,UNIVERSIDAD DE MANIZALES-MANIZALES,14.0,MEDICINA,45.0,MEDICINA,3145.0,MEDICINA,COMUNICACIÓN ESCRITA,1.0,,,,,9.0,33.0,52.0,6.0,,,,2025
SABER PRO - 2025,PROGRAMA_ACÁDEMICO,NIVEL_DESEMPEÑO_PRUEBA,68,1,2.0,ANDINA,7.0,CALDAS,322.0,MANIZALES,9102.0,UNIVERSIDAD DE MANIZALES,9102.0,UNIVERSIDAD DE MANIZALES-MANIZALES,14.0,MEDICINA,45.0,MEDICINA,3145.0,MEDICINA,LECTURA CRÍTICA,1.0,,,,,1.0,21.0,68.0,10.0,,,,2025
SABER PRO - 2025,PROGRAMA_ACÁDEMICO,NIVEL_DESEMPEÑO_PRUEBA,68,1,2.0,ANDINA,7.0,CALDAS,322.0,MANIZALES,9102.0,UNIVERSIDAD DE MANIZALES,9102.0,UNIVERSIDAD DE MANIZALES-MANIZALES,14.0,MEDICINA,45.0,MEDICINA,3145.0,MEDICINA,COMPETENCIAS CIUDADANAS,1.0,,,,,10.0,18.0,63.0,9.0,,,,2025
SABER PRO - 2025,PROGRAMA_ACÁDEMICO,NIVEL_DESEMPEÑO_PRUEBA,68,1,2.0,ANDINA,7.0,CALDAS,322.0,MANIZALES,9102.0,UNIVERSIDAD DE MANIZALES,9102.0,UNIVERSIDAD DE MANIZALES-MANIZALES,14.0,MEDICINA,45.0,MEDICINA,3145.0,MEDICINA,RAZONAMIENTO CUANTITATIVO,1.0,,,,,1.0,16.0,78.0,4.0,,,,2025
SABER PRO - 2025,PROGRAMA_ACÁDEMICO,NIVEL_DESEMPEÑO_PRUEBA,170,1,2.0,ANDINA,12.0,CUNDINAMARCA,477.0,CHÍA,9120.0,UNIVERSIDAD DE LA SABANA,9120.0,UNIVERSIDAD DE LA SABANA-CHIA,14.0,MEDICINA,45.0,MEDICINA,1444.0,MEDICINA,LECTURA CRÍTICA,1.0,,,,,0.0,4.0,74.0,22.0,,,,2025
SABER PRO - 2025,PROGRAMA_ACÁDEMICO,NIVEL_DESEMPEÑO_PRUEBA,170,1,2.0,ANDINA,12.0,CUNDINAMARCA,477.0,CHÍA,9120.0,UNIVERSIDAD DE LA SABANA,9120.0,UNIVERSIDAD DE LA SABANA-CHIA,14.0,MEDICINA,45.0,MEDICINA,1444.0,MEDICINA,RAZONAMIENTO CUANTITATIVO,1.0,,,,,1.0,13.0,73.0,13.0,,,,2025
SABER PRO - 2025,PROGRAMA_ACÁDEMICO,NIVEL_DESEMPEÑO_PRUEBA,170,1,2.0,ANDINA,12.0,CUNDINAMARCA,477.0,CHÍA,9120.0,UNIVERSIDAD DE LA SABANA,9120.0,UNIVERSIDAD DE LA SABANA-CHIA,14.0,MEDICINA,45.0,MEDICINA,1444.0,MEDICINA,INGLÉS,1.0,,,,,0.0,0.0,20.0,80.0,,,,2025
SABER PRO - 2025,PROGRAMA_ACÁDEMICO,NIVEL_DESEMPEÑO_PRUEBA,71,1,2.0,ANDINA,12.0,CUNDINAMARCA,477.0,CHÍA,9120.0,UNIVERSIDAD DE LA SABANA,9120.0,UNIVERSIDAD DE LA SABANA-CHIA,14.0,MEDICINA,45.0,MEDICINA,1444.0,MEDICINA,FUNDAMENTACIÓN EN DIAGNÓSTICO Y TRATAMIENTO MÉDICOS,34.0,,,,,13.0,37.0,44.0,7.0,,,,2025
SABER PRO - 2025,PROGRAMA_ACÁDEMICO,NIVEL_DESEMPEÑO_PRUEBA,71,1,2.0,ANDINA,12.0,CUNDINAMARCA,477.0,CHÍA,9120.0,UNIVERSIDAD DE LA SABANA,9120.0,UNIVERSIDAD DE LA SABANA-CHIA,14.0,MEDICINA,45.0,MEDICINA,1444.0,MEDICINA,ATENCIÓN EN SALUD,34.0,,,,,4.0,11.0,31.0,54.0,,,,2025
SABER PRO - 2025,PROGRAMA_ACÁDEMICO,NIVEL_DESEMPEÑO_PRUEBA,169,1,2.0,ANDINA,12.0,CUNDINAMARCA,477.0,CHÍA,9120.0,UNIVERSIDAD DE LA SABANA,9120.0,UNIVERSIDAD DE LA SABANA-CHIA,14.0,MEDICINA,45.0,MEDICINA,1444.0,MEDICINA,COMUNICACIÓN ESCRITA,1.0,,,,,2.0,9.0,63.0,27.0,,,,2025
SABER PRO - 2025,PROGRAMA_ACÁDEMICO,NIVEL_DESEMPEÑO_PRUEBA,170,1,2.0,ANDINA,12.0,CUNDINAMARCA,477.0,CHÍA,9120.0,UNIVERSIDAD DE LA SABANA,9120.0,UNIVERSIDAD DE LA SABANA-CHIA,14.0,MEDICINA,45.0,MEDICINA,1444.0,MEDICINA,COMPETENCIAS CIUDADANAS,1.0,,,,,0.0,8.0,69.0,24.0,,,,2025
SABER PRO - 2025,PROGRAMA_ACÁDEMICO,NIVEL_DESEMPEÑO_PRUEBA,71,1,2.0,ANDINA,12.0,CUNDINAMARCA,477.0,CHÍA,9120.0,UNIVERSIDAD DE LA SABANA,9120.0,UNIVERSIDAD DE LA SABANA-CHIA,14.0,MEDICINA,45.0,MEDICINA,1444.0,MEDICINA,PROMOCIÓN DE LA SALUD Y PREVENCIÓN DE LA ENFERMEDAD,34.0,,,,,1.0,8.0,69.0,21.0,,,,2025
SABER PRO - 2025,PROGRAMA_ACÁDEMICO,NIVEL_DESEMPEÑO_PRUEBA,67,1,2.0,ANDINA,14.0,HUILA,609.0,NEIVA,9133.0,UNIVERSIDAD SURCOLOMBIANA,9133.0,UNIVERSIDAD SURCOLOMBIANA-NEIVA,14.0,MEDICINA,45.0,MEDICINA,1887.0,MEDICINA,COMPETENCIAS CIUDADANAS,1.0,,,,,16.0,10.0,52.0,21.0,,,,2025
SABER PRO - 2025,PROGRAMA_ACÁDEMICO,NIVEL_DESEMPEÑO_PRUEBA,30,1,2.0,ANDINA,14.0,HUILA,609.0,NEIVA,9133.0,UNIVERSIDAD SURCOLOMBIANA,9133.0,UNIVERSIDAD SURCOLOMBIANA-NEIVA,14.0,MEDICINA,45.0,MEDICINA,1887.0,MEDICINA,ATENCIÓN EN SALUD,34.0,,,,,20.0,20.0,23.0,37.0,,,,2025
SABER PRO - 2025,PROGRAMA_ACÁDEMICO,NIVEL_DESEMPEÑO_PRUEBA,67,1,2.0,ANDINA,14.0,HUILA,609.0,NEIVA,9133.0,UNIVERSIDAD SURCOLOMBIANA,9133.0,UNIVERSIDAD SURCOLOMBIANA-NEIVA,14.0,MEDICINA,45.0,MEDICINA,1887.0,MEDICINA,LECTURA CRÍTICA,1.0,,,,,6.0,21.0,52.0,21.0,,,,2025
SABER PRO - 2025,PROGRAMA_ACÁDEMICO,NIVEL_DESEMPEÑO_PRUEBA,67,1,2.0,ANDINA,14.0,HUILA,609.0,NEIVA,9133.0,UNIVERSIDAD SURCOLOMBIANA,9133.0,UNIVERSIDAD SURCOLOMBIANA-NEIVA,14.0,MEDICINA,45.0,MEDICINA,1887.0,MEDICINA,RAZONAMIENTO CUANTITATIVO,1.0,,,,,6.0,18.0,67.0,9.0,,,,2025
SABER PRO - 2025,PROGRAMA_ACÁDEMICO,NIVEL_DESEMPEÑO_PRUEBA,30,1,2.0,ANDINA,14.0,HUILA,609.0,NEIVA,9133.0,UNIVERSIDAD SURCOLOMBIANA,9133.0,UNIVERSIDAD SURCOLOMBIANA-NEIVA,14.0,MEDICINA,45.0,MEDICINA,1887.0,MEDICINA,PROMOCIÓN DE LA SALUD Y PREVENCIÓN DE LA ENFERMEDAD,34.0,,,,,20.0,20.0,57.0,3.0,,,,2025
SABER PRO - 2025,PROGRAMA_ACÁDEMICO,NIVEL_DESEMPEÑO_PRUEBA,67,1,2.0,ANDINA,14.0,HUILA,609.0,NEIVA,9133.0,UNIVERSIDAD SURCOLOMBIANA,9133.0,UNIVERSIDAD SURCOLOMBIANA-NEIVA,14.0,MEDICINA,45.0,MEDICINA,1887.0,MEDICINA,INGLÉS,1.0,,,,,10.0,24.0,42.0,24.0,,,,2025
SABER PRO - 2025,PROGRAMA_ACÁDEMICO,NIVEL_DESEMPEÑO_PRUEBA,67,1,2.0,ANDINA,14.0,HUILA,609.0,NEIVA,9133.0,UNIVERSIDAD SURCOLOMBIANA,9133.0,UNIVERSIDAD SURCOLOMBIANA-NEIVA,14.0,MEDICINA,45.0,MEDICINA,1887.0,MEDICINA,COMUNICACIÓN ESCRITA,1.0,,,,,4.0,40.0,49.0,6.0,,,,2025
SABER PRO - 2025,PROGRAMA_ACÁDEMICO,NIVEL_DESEMPEÑO_PRUEBA,30,1,2.0,ANDINA,14.0,HUILA,609.0,NEIVA,9133.0,UNIVERSIDAD SURCOLOMBIANA,9133.0,UNIVERSIDAD SURCOLOMBIANA-NEIVA,14.0,MEDICINA,45.0,MEDICINA,1887.0,MEDICINA,FUNDAMENTACIÓN EN DIAGNÓSTICO Y TRATAMIENTO MÉDICOS,34.0,,,,,47.0,27.0,27.0,0.0,,,,2025
SABER PRO - 2025,PROGRAMA_ACÁDEMICO,NIVEL_DESEMPEÑO_PRUEBA,76,1,2.0,ANDINA,14.0,HUILA,609.0,NEIVA,19502.0,FUNDACION UNIVERSITARIA NAVARRA - UNINAVARRA,19502.0,FUNDACION UNIVERSITARIA NAVARRA - UNINAVARRA-NEIVA,14.0,MEDICINA,45.0,MEDICINA,8009.0,MEDICINA,COMUNICACIÓN ESCRITA,1.0,,,,,7.0,46.0,42.0,5.0,,,,2025
SABER PRO - 2025,PROGRAMA_ACÁDEMICO,NIVEL_DESEMPEÑO_PRUEBA,36,1,2.0,ANDINA,14.0,HUILA,609.0,NEIVA,19502.0,FUNDACION UNIVERSITARIA NAVARRA - UNINAVARRA,19502.0,FUNDACION UNIVERSITARIA NAVARRA - UNINAVARRA-NEIVA,14.0,MEDICINA,45.0,MEDICINA,8009.0,MEDICINA,PROMOCIÓN DE LA SALUD Y PREVENCIÓN DE LA ENFERMEDAD,34.0,,,,,33.0,22.0,42.0,3.0,,,,2025
SABER PRO - 2025,PROGRAMA_ACÁDEMICO,NIVEL_DESEMPEÑO_PRUEBA,36,1,2.0,ANDINA,14.0,HUILA,609.0,NEIVA,19502.0,FUNDACION UNIVERSITARIA NAVARRA - UNINAVARRA,19502.0,FUNDACION UNIVERSITARIA NAVARRA - UNINAVARRA-NEIVA,14.0,MEDICINA,45.0,MEDICINA,8009.0,MEDICINA,ATENCIÓN EN SALUD,34.0,,,,,42.0,39.0,17.0,3.0,,,,2025
SABER PRO - 2025,PROGRAMA_ACÁDEMICO,NIVEL_DESEMPEÑO_PRUEBA,77,1,2.0,ANDINA,14.0,HUILA,609.0,NEIVA,19502.0,FUNDACION UNIVERSITARIA NAVARRA - UNINAVARRA,19502.0,FUNDACION UNIVERSITARIA NAVARRA - UNINAVARRA-NEIVA,14.0,MEDICINA,45.0,MEDICINA,8009.0,MEDICINA,LECTURA CRÍTICA,1.0,,,,,17.0,39.0,42.0,3.0,,,,2025
SABER PRO - 2025,PROGRAMA_ACÁDEMICO,NIVEL_DESEMPEÑO_PRUEBA,77,1,2.0,ANDINA,14.0,HUILA,609.0,NEIVA,19502.0,FUNDACION UNIVERSITARIA NAVARRA - UNINAVARRA,19502.0,FUNDACION UNIVERSITARIA NAVARRA - UNINAVARRA-NEIVA,14.0,MEDICINA,45.0,MEDICINA,8009.0,MEDICINA,INGLÉS,1.0,,,,,5.0,43.0,40.0,12.0,,,,2025
SABER PRO - 2025,PROGRAMA_ACÁDEMICO,NIVEL_DESEMPEÑO_PRUEBA,77,1,2.0,ANDINA,14.0,HUILA,609.0,NEIVA,19502.0,FUNDACION UNIVERSITARIA NAVARRA - UNINAVARRA,19502.0,FUNDACION UNIVERSITARIA NAVARRA - UNINAVARRA-NEIVA,14.0,MEDICINA,45.0,MEDICINA,8009.0,MEDICINA,COMPETENCIAS CIUDADANAS,1.0,,,,,22.0,31.0,45.0,1.0,,,,2025
SABER PRO - 2025,PROGRAMA_ACÁDEMICO,NIVEL_DESEMPEÑO_PRUEBA,77,1,2.0,ANDINA,14.0,HUILA,609.0,NEIVA,19502.0,FUNDACION UNIVERSITARIA NAVARRA - UNINAVARRA,19502.0,FUNDACION UNIVERSITARIA NAVARRA - UNINAVARRA-NEIVA,14.0,MEDICINA,45.0,MEDICINA,8009.0,MEDICINA,RAZONAMIENTO CUANTITATIVO,1.0,,,,,16.0,51.0,32.0,1.0,,,,2025
SABER PRO - 2025,PROGRAMA_ACÁDEMICO,NIVEL_DESEMPEÑO_PRUEBA,36,1,2.0,ANDINA,14.0,HUILA,609.0,NEIVA,19502.0,FUNDACION UNIVERSITARIA NAVARRA - UNINAVARRA,19502.0,FUNDACION UNIVERSITARIA NAVARRA - UNINAVARRA-NEIVA,14.0,MEDICINA,45.0,MEDICINA,8009.0,MEDICINA,FUNDAMENTACIÓN EN DIAGNÓSTICO Y TRATAMIENTO MÉDICOS,34.0,,,,,81.0,17.0,3.0,0.0,,,,2025
SABER PRO - 2025,PROGRAMA_ACÁDEMICO,NIVEL_DESEMPEÑO_PRUEBA,132,1,2.0,ANDINA,19.0,NORTE SANTANDER,809.0,PAMPLONA,9155.0,UNIVERSIDAD DE PAMPLONA,9155.0,UNIVERSIDAD DE PAMPLONA-PAMPLONA,14.0,MEDICINA,45.0,MEDICINA,5845.0,MEDICINA,RAZONAMIENTO CUANTITATIVO,1.0,,,,,5.0,23.0,67.0,5.0,,,,2025
SABER PRO - 2025,PROGRAMA_ACÁDEMICO,NIVEL_DESEMPEÑO_PRUEBA,132,1,2.0,ANDINA,19.0,NORTE SANTANDER,809.0,PAMPLONA,9155.0,UNIVERSIDAD DE PAMPLONA,9155.0,UNIVERSIDAD DE PAMPLONA-PAMPLONA,14.0,MEDICINA,45.0,MEDICINA,5845.0,MEDICINA,INGLÉS,1.0,,,,,5.0,28.0,42.0,26.0,,,,2025
SABER PRO - 2025,PROGRAMA_ACÁDEMICO,NIVEL_DESEMPEÑO_PRUEBA,132,1,2.0,ANDINA,19.0,NORTE SANTANDER,809.0,PAMPLONA,9155.0,UNIVERSIDAD DE PAMPLONA,9155.0,UNIVERSIDAD DE PAMPLONA-PAMPLONA,14.0,MEDICINA,45.0,MEDICINA,5845.0,MEDICINA,COMPETENCIAS CIUDADANAS,1.0,,,,,6.0,22.0,59.0,13.0,,,,2025
SABER PRO - 2025,PROGRAMA_ACÁDEMICO,NIVEL_DESEMPEÑO_PRUEBA,132,1,2.0,ANDINA,19.0,NORTE SANTANDER,809.0,PAMPLONA,9155.0,UNIVERSIDAD DE PAMPLONA,9155.0,UNIVERSIDAD DE PAMPLONA-PAMPLONA,14.0,MEDICINA,45.0,MEDICINA,5845.0,MEDICINA,LECTURA CRÍTICA,1.0,,,,,2.0,19.0,70.0,8.0,,,,2025
SABER PRO - 2025,PROGRAMA_ACÁDEMICO,NIVEL_DESEMPEÑO_PRUEBA,130,1,2.0,ANDINA,19.0,NORTE SANTANDER,809.0,PAMPLONA,9155.0,UNIVERSIDAD DE PAMPLONA,9155.0,UNIVERSIDAD DE PAMPLONA-PAMPLONA,14.0,MEDICINA,45.0,MEDICINA,5845.0,MEDICINA,COMUNICACIÓN ESCRITA,1.0,,,,,5.0,32.0,57.0,7.0,,,,2025
SABER PRO - 2025,PROGRAMA_ACÁDEMICO,NIVEL_DESEMPEÑO_PRUEBA,77,1,2.0,ANDINA,20.0,QUINDIO,824.0,ARMENIA,9156.0,CORPORACION UNIVERSITARIA EMPRESARIAL ALEXANDER VON HUMBOLDT,9156.0,CORPORACION UNIVERSITARIA EMPRESARIAL ALEXANDER VON HUMBOLDT - C.U.E.-ARMENIA,14.0,MEDICINA,45.0,MEDICINA,8999.0,MEDICINA,LECTURA CRÍTICA,1.0,,,,,3.0,30.0,66.0,1.0,,,,2025
SABER PRO - 2025,PROGRAMA_ACÁDEMICO,NIVEL_DESEMPEÑO_PRUEBA,33,1,2.0,ANDINA,20.0,QUINDIO,824.0,ARMENIA,9156.0,CORPORACION UNIVERSITARIA EMPRESARIAL ALEXANDER VON HUMBOLDT,9156.0,CORPORACION UNIVERSITARIA EMPRESARIAL ALEXANDER VON HUMBOLDT - C.U.E.-ARMENIA,14.0,MEDICINA,45.0,MEDICINA,8999.0,MEDICINA,ATENCIÓN EN SALUD,34.0,,,,,15.0,42.0,39.0,3.0,,,,2025
SABER PRO - 2025,PROGRAMA_ACÁDEMICO,NIVEL_DESEMPEÑO_PRUEBA,77,1,2.0,ANDINA,20.0,QUINDIO,824.0,ARMENIA,9156.0,CORPORACION UNIVERSITARIA EMPRESARIAL ALEXANDER VON HUMBOLDT,9156.0,CORPORACION UNIVERSITARIA EMPRESARIAL ALEXANDER VON HUMBOLDT - C.U.E.-ARMENIA,14.0,MEDICINA,45.0,MEDICINA,8999.0,MEDICINA,RAZONAMIENTO CUANTITATIVO,1.0,,,,,22.0,38.0,40.0,0.0,,,,2025
SABER PRO - 2025,PROGRAMA_ACÁDEMICO,NIVEL_DESEMPEÑO_PRUEBA,33,1,2.0,ANDINA,20.0,QUINDIO,824.0,ARMENIA,9156.0,CORPORACION UNIVERSITARIA EMPRESARIAL ALEXANDER VON HUMBOLDT,9156.0,CORPORACION UNIVERSITARIA EMPRESARIAL ALEXANDER VON HUMBOLDT - C.U.E.-ARMENIA,14.0,MEDICINA,45.0,MEDICINA,8999.0,MEDICINA,PROMOCIÓN DE LA SALUD Y PREVENCIÓN DE LA ENFERMEDAD,34.0,,,,,12.0,21.0,64.0,3.0,,,,2025
SABER PRO - 2025,PROGRAMA_ACÁDEMICO,NIVEL_DESEMPEÑO_PRUEBA,77,1,2.0,ANDINA,20.0,QUINDIO,824.0,ARMENIA,9156.0,CORPORACION UNIVERSITARIA EMPRESARIAL ALEXANDER VON HUMBOLDT,9156.0,CORPORACION UNIVERSITARIA EMPRESARIAL ALEXANDER VON HUMBOLDT - C.U.E.-ARMENIA,14.0,MEDICINA,45.0,MEDICINA,8999.0,MEDICINA,COMPETENCIAS CIUDADANAS,1.0,,,,,8.0,31.0,57.0,4.0,,,,2025
SABER PRO - 2025,PROGRAMA_ACÁDEMICO,NIVEL_DESEMPEÑO_PRUEBA,77,1,2.0,ANDINA,20.0,QUINDIO,824.0,ARMENIA,9156.0,CORPORACION UNIVERSITARIA EMPRESARIAL ALEXANDER VON HUMBOLDT,9156.0,CORPORACION UNIVERSITARIA EMPRESARIAL ALEXANDER VON HUMBOLDT - C.U.E.-ARMENIA,14.0,MEDICINA,45.0,MEDICINA,8999.0,MEDICINA,INGLÉS,1.0,,,,,6.0,29.0,53.0,12.0,,,,2025
SABER PRO - 2025,PROGRAMA_ACÁDEMICO,NIVEL_DESEMPEÑO_PRUEBA,33,1,2.0,ANDINA,20.0,QUINDIO,824.0,ARMENIA,9156.0,CORPORACION UNIVERSITARIA EMPRESARIAL ALEXANDER VON HUMBOLDT,9156.0,CORPORACION UNIVERSITARIA EMPRESARIAL ALEXANDER VON HUMBOLDT - C.U.E.-ARMENIA,14.0,MEDICINA,45.0,MEDICINA,8999.0,MEDICINA,FUNDAMENTACIÓN EN DIAGNÓSTICO Y TRATAMIENTO MÉDICOS,34.0,,,,,33.0,61.0,6.0,0.0,,,,2025
SABER PRO - 2025,PROGRAMA_ACÁDEMICO,NIVEL_DESEMPEÑO_PRUEBA,77,1,2.0,ANDINA,20.0,QUINDIO,824.0,ARMENIA,9156.0,CORPORACION UNIVERSITARIA EMPRESARIAL ALEXANDER VON HUMBOLDT,9156.0,CORPORACION UNIVERSITARIA EMPRESARIAL ALEXANDER VON HUMBOLDT - C.U.E.-ARMENIA,14.0,MEDICINA,45.0,MEDICINA,8999.0,MEDICINA,COMUNICACIÓN ESCRITA,1.0,,,,,1.0,25.0,51.0,23.0,,,,2025
SABER PRO - 2025,PROGRAMA_ACÁDEMICO,NIVEL_DESEMPEÑO_PRUEBA,27,1,2.0,ANDINA,20.0,QUINDIO,824.0,ARMENIA,9158.0,UNIVERSIDAD DEL QUINDIO,9158.0,UNIVERSIDAD DEL QUINDIO-ARMENIA,14.0,MEDICINA,45.0,MEDICINA,1890.0,MEDICINA,ATENCIÓN EN SALUD,34.0,,,,,4.0,7.0,44.0,44.0,,,,2025
SABER PRO - 2025,PROGRAMA_ACÁDEMICO,NIVEL_DESEMPEÑO_PRUEBA,27,1,2.0,ANDINA,20.0,QUINDIO,824.0,ARMENIA,9158.0,UNIVERSIDAD DEL QUINDIO,9158.0,UNIVERSIDAD DEL QUINDIO-ARMENIA,14.0,MEDICINA,45.0,MEDICINA,1890.0,MEDICINA,FUNDAMENTACIÓN EN DIAGNÓSTICO Y TRATAMIENTO MÉDICOS,34.0,,,,,7.0,44.0,41.0,7.0,,,,2025
SABER PRO - 2025,PROGRAMA_ACÁDEMICO,NIVEL_DESEMPEÑO_PRUEBA,30,1,2.0,ANDINA,20.0,QUINDIO,824.0,ARMENIA,9158.0,UNIVERSIDAD DEL QUINDIO,9158.0,UNIVERSIDAD DEL QUINDIO-ARMENIA,14.0,MEDICINA,45.0,MEDICINA,1890.0,MEDICINA,COMPETENCIAS CIUDADANAS,1.0,,,,,3.0,10.0,53.0,33.0,,,,2025
SABER PRO - 2025,PROGRAMA_ACÁDEMICO,NIVEL_DESEMPEÑO_PRUEBA,30,1,2.0,ANDINA,20.0,QUINDIO,824.0,ARMENIA,9158.0,UNIVERSIDAD DEL QUINDIO,9158.0,UNIVERSIDAD DEL QUINDIO-ARMENIA,14.0,MEDICINA,45.0,MEDICINA,1890.0,MEDICINA,RAZONAMIENTO CUANTITATIVO,1.0,,,,,3.0,3.0,83.0,10.0,,,,2025
SABER PRO - 2025,PROGRAMA_ACÁDEMICO,NIVEL_DESEMPEÑO_PRUEBA,30,1,2.0,ANDINA,20.0,QUINDIO,824.0,ARMENIA,9158.0,UNIVERSIDAD DEL QUINDIO,9158.0,UNIVERSIDAD DEL QUINDIO-ARMENIA,14.0,MEDICINA,45.0,MEDICINA,1890.0,MEDICINA,INGLÉS,1.0,,,,,0.0,10.0,37.0,53.0,,,,2025
SABER PRO - 2025,PROGRAMA_ACÁDEMICO,NIVEL_DESEMPEÑO_PRUEBA,30,1,2.0,ANDINA,20.0,QUINDIO,824.0,ARMENIA,9158.0,UNIVERSIDAD DEL QUINDIO,9158.0,UNIVERSIDAD DEL QUINDIO-ARMENIA,14.0,MEDICINA,45.0,MEDICINA,1890.0,MEDICINA,LECTURA CRÍTICA,1.0,,,,,0.0,10.0,57.0,33.0,,,,2025
SABER PRO - 2025,PROGRAMA_ACÁDEMICO,NIVEL_DESEMPEÑO_PRUEBA,29,1,2.0,ANDINA,20.0,QUINDIO,824.0,ARMENIA,9158.0,UNIVERSIDAD DEL QUINDIO,9158.0,UNIVERSIDAD DEL QUINDIO-ARMENIA,14.0,MEDICINA,45.0,MEDICINA,1890.0,MEDICINA,COMUNICACIÓN ESCRITA,1.0,,,,,3.0,31.0,48.0,17.0,,,,2025
SABER PRO - 2025,PROGRAMA_ACÁDEMICO,NIVEL_DESEMPEÑO_PRUEBA,27,1,2.0,ANDINA,20.0,QUINDIO,824.0,ARMENIA,9158.0,UNIVERSIDAD DEL QUINDIO,9158.0,UNIVERSIDAD DEL QUINDIO-ARMENIA,14.0,MEDICINA,45.0,MEDICINA,1890.0,MEDICINA,PROMOCIÓN DE LA SALUD Y PREVENCIÓN DE LA ENFERMEDAD,34.0,,,,,4.0,4.0,59.0,33.0,,,,2025
SABER PRO - 2025,PROGRAMA_ACÁDEMICO,NIVEL_DESEMPEÑO_PRUEBA,53,1,2.0,ANDINA,21.0,RISARALDA,836.0,PEREIRA,9166.0,UNIVERSIDAD TECNOLOGICA DE PEREIRA,9166.0,UNIVERSIDAD TECNOLOGICA DE PEREIRA - ITP-PEREIRA,14.0,MEDICINA,45.0,MEDICINA,1021.0,MEDICINA,ATENCIÓN EN SALUD,34.0,,,,,4.0,9.0,40.0,47.0,,,,2025
SABER PRO - 2025,PROGRAMA_ACÁDEMICO,NIVEL_DESEMPEÑO_PRUEBA,115,1,2.0,ANDINA,21.0,RISARALDA,836.0,PEREIRA,9166.0,UNIVERSIDAD TECNOLOGICA DE PEREIRA,9166.0,UNIVERSIDAD TECNOLOGICA DE PEREIRA - ITP-PEREIRA,14.0,MEDICINA,45.0,MEDICINA,1021.0,MEDICINA,COMUNICACIÓN ESCRITA,1.0,,,,,4.0,28.0,63.0,4.0,,,,2025
SABER PRO - 2025,PROGRAMA_ACÁDEMICO,NIVEL_DESEMPEÑO_PRUEBA,53,1,2.0,ANDINA,21.0,RISARALDA,836.0,PEREIRA,9166.0,UNIVERSIDAD TECNOLOGICA DE PEREIRA,9166.0,UNIVERSIDAD TECNOLOGICA DE PEREIRA - ITP-PEREIRA,14.0,MEDICINA,45.0,MEDICINA,1021.0,MEDICINA,PROMOCIÓN DE LA SALUD Y PREVENCIÓN DE LA ENFERMEDAD,34.0,,,,,4.0,11.0,64.0,21.0,,,,2025
SABER PRO - 2025,PROGRAMA_ACÁDEMICO,NIVEL_DESEMPEÑO_PRUEBA,116,1,2.0,ANDINA,21.0,RISARALDA,836.0,PEREIRA,9166.0,UNIVERSIDAD TECNOLOGICA DE PEREIRA,9166.0,UNIVERSIDAD TECNOLOGICA DE PEREIRA - ITP-PEREIRA,14.0,MEDICINA,45.0,MEDICINA,1021.0,MEDICINA,RAZONAMIENTO CUANTITATIVO,1.0,,,,,4.0,17.0,66.0,13.0,,,,2025
SABER PRO - 2025,PROGRAMA_ACÁDEMICO,NIVEL_DESEMPEÑO_PRUEBA,116,1,2.0,ANDINA,21.0,RISARALDA,836.0,PEREIRA,9166.0,UNIVERSIDAD TECNOLOGICA DE PEREIRA,9166.0,UNIVERSIDAD TECNOLOGICA DE PEREIRA - ITP-PEREIRA,14.0,MEDICINA,45.0,MEDICINA,1021.0,MEDICINA,LECTURA CRÍTICA,1.0,,,,,3.0,10.0,62.0,24.0,,,,2025
SABER PRO - 2025,PROGRAMA_ACÁDEMICO,NIVEL_DESEMPEÑO_PRUEBA,116,1,2.0,ANDINA,21.0,RISARALDA,836.0,PEREIRA,9166.0,UNIVERSIDAD TECNOLOGICA DE PEREIRA,9166.0,UNIVERSIDAD TECNOLOGICA DE PEREIRA - ITP-PEREIRA,14.0,MEDICINA,45.0,MEDICINA,1021.0,MEDICINA,INGLÉS,1.0,,,,,3.0,24.0,36.0,36.0,,,,2025
SABER PRO - 2025,PROGRAMA_ACÁDEMICO,NIVEL_DESEMPEÑO_PRUEBA,53,1,2.0,ANDINA,21.0,RISARALDA,836.0,PEREIRA,9166.0,UNIVERSIDAD TECNOLOGICA DE PEREIRA,9166.0,UNIVERSIDAD TECNOLOGICA DE PEREIRA - ITP-PEREIRA,14.0,MEDICINA,45.0,MEDICINA,1021.0,MEDICINA,FUNDAMENTACIÓN EN DIAGNÓSTICO Y TRATAMIENTO MÉDICOS,34.0,,,,,19.0,28.0,42.0,11.0,,,,2025
SABER PRO - 2025,PROGRAMA_ACÁDEMICO,NIVEL_DESEMPEÑO_PRUEBA,116,1,2.0,ANDINA,21.0,RISARALDA,836.0,PEREIRA,9166.0,UNIVERSIDAD TECNOLOGICA DE PEREIRA,9166.0,UNIVERSIDAD TECNOLOGICA DE PEREIRA - ITP-PEREIRA,14.0,MEDICINA,45.0,MEDICINA,1021.0,MEDICINA,COMPETENCIAS CIUDADANAS,1.0,,,,,9.0,15.0,59.0,17.0,,,,2025
SABER PRO - 2025,PROGRAMA_ACÁDEMICO,NIVEL_DESEMPEÑO_PRUEBA,78,1,2.0,ANDINA,22.0,SANTANDER,850.0,BUCARAMANGA,9174.0,UNIVERSIDAD INDUSTRIAL DE SANTANDER,9174.0,UNIVERSIDAD INDUSTRIAL DE SANTANDER-BUCARAMANGA,14.0,MEDICINA,45.0,MEDICINA,6056.0,MEDICINA,COMUNICACIÓN ESCRITA,1.0,,,,,1.0,10.0,55.0,33.0,,,,2025
SABER PRO - 2025,PROGRAMA_ACÁDEMICO,NIVEL_DESEMPEÑO_PRUEBA,79,1,2.0,ANDINA,22.0,SANTANDER,850.0,BUCARAMANGA,9174.0,UNIVERSIDAD INDUSTRIAL DE SANTANDER,9174.0,UNIVERSIDAD INDUSTRIAL DE SANTANDER-BUCARAMANGA,14.0,MEDICINA,45.0,MEDICINA,6056.0,MEDICINA,COMPETENCIAS CIUDADANAS,1.0,,,,,0.0,4.0,43.0,53.0,,,,2025
SABER PRO - 2025,PROGRAMA_ACÁDEMICO,NIVEL_DESEMPEÑO_PRUEBA,79,1,2.0,ANDINA,22.0,SANTANDER,850.0,BUCARAMANGA,9174.0,UNIVERSIDAD INDUSTRIAL DE SANTANDER,9174.0,UNIVERSIDAD INDUSTRIAL DE SANTANDER-BUCARAMANGA,14.0,MEDICINA,45.0,MEDICINA,6056.0,MEDICINA,RAZONAMIENTO CUANTITATIVO,1.0,,,,,0.0,4.0,61.0,35.0,,,,2025
SABER PRO - 2025,PROGRAMA_ACÁDEMICO,NIVEL_DESEMPEÑO_PRUEBA,79,1,2.0,ANDINA,22.0,SANTANDER,850.0,BUCARAMANGA,9174.0,UNIVERSIDAD INDUSTRIAL DE SANTANDER,9174.0,UNIVERSIDAD INDUSTRIAL DE SANTANDER-BUCARAMANGA,14.0,MEDICINA,45.0,MEDICINA,6056.0,MEDICINA,INGLÉS,1.0,,,,,0.0,3.0,28.0,70.0,,,,2025
SABER PRO - 2025,PROGRAMA_ACÁDEMICO,NIVEL_DESEMPEÑO_PRUEBA,79,1,2.0,ANDINA,22.0,SANTANDER,850.0,BUCARAMANGA,9174.0,UNIVERSIDAD INDUSTRIAL DE SANTANDER,9174.0,UNIVERSIDAD INDUSTRIAL DE SANTANDER-BUCARAMANGA,14.0,MEDICINA,45.0,MEDICINA,6056.0,MEDICINA,LECTURA CRÍTICA,1.0,,,,,0.0,3.0,51.0,47.0,,,,2025
SABER PRO - 2025,PROGRAMA_ACÁDEMICO,NIVEL_DESEMPEÑO_PRUEBA,39,1,2.0,ANDINA,22.0,SANTANDER,850.0,BUCARAMANGA,9177.0,UNIVERSIDAD DE SANTANDER,9177.0,UNIVERSIDAD DE SANTANDER - UDES-BUCARAMANGA,81.0,GRUPO REFERENCIA NACIONAL UNIVERSITARIO,45.0,MEDICINA,20804.0,MEDICINA,RAZONAMIENTO CUANTITATIVO,1.0,,,,,18.0,49.0,33.0,0.0,,,,2025
SABER PRO - 2025,PROGRAMA_ACÁDEMICO,NIVEL_DESEMPEÑO_PRUEBA,68,1,2.0,ANDINA,22.0,SANTANDER,850.0,BUCARAMANGA,9177.0,UNIVERSIDAD DE SANTANDER,9177.0,UNIVERSIDAD DE SANTANDER - UDES-BUCARAMANGA,14.0,MEDICINA,45.0,MEDICINA,5659.0,MEDICINA,ATENCIÓN EN SALUD,34.0,,,,,25.0,35.0,28.0,12.0,,,,2025
SABER PRO - 2025,PROGRAMA_ACÁDEMICO,NIVEL_DESEMPEÑO_PRUEBA,23,1,2.0,ANDINA,22.0,SANTANDER,850.0,BUCARAMANGA,9177.0,UNIVERSIDAD DE SANTANDER,9177.0,UNIVERSIDAD DE SANTANDER - UDES-BUCARAMANGA,81.0,GRUPO REFERENCIA NACIONAL UNIVERSITARIO,45.0,MEDICINA,20804.0,MEDICINA,ATENCIÓN EN SALUD,34.0,,,,,22.0,43.0,30.0,4.0,,,,2025
SABER PRO - 2025,PROGRAMA_ACÁDEMICO,NIVEL_DESEMPEÑO_PRUEBA,39,1,2.0,ANDINA,22.0,SANTANDER,850.0,BUCARAMANGA,9177.0,UNIVERSIDAD DE SANTANDER,9177.0,UNIVERSIDAD DE SANTANDER - UDES-BUCARAMANGA,81.0,GRUPO REFERENCIA NACIONAL UNIVERSITARIO,45.0,MEDICINA,20804.0,MEDICINA,COMPETENCIAS CIUDADANAS,1.0,,,,,21.0,33.0,46.0,0.0,,,,2025
SABER PRO - 2025,PROGRAMA_ACÁDEMICO,NIVEL_DESEMPEÑO_PRUEBA,95,1,2.0,ANDINA,22.0,SANTANDER,850.0,BUCARAMANGA,9177.0,UNIVERSIDAD DE SANTANDER,9177.0,UNIVERSIDAD DE SANTANDER - UDES-BUCARAMANGA,14.0,MEDICINA,45.0,MEDICINA,5659.0,MEDICINA,COMPETENCIAS CIUDADANAS,1.0,,,,,13.0,31.0,52.0,5.0,,,,2025
SABER PRO - 2025,PROGRAMA_ACÁDEMICO,NIVEL_DESEMPEÑO_PRUEBA,46,1,2.0,ANDINA,22.0,SANTANDER,850.0,BUCARAMANGA,9177.0,UNIVERSIDAD DE SANTANDER,9177.0,UNIVERSIDAD DE SANTANDER - UDES-BUCARAMANGA,14.0,MEDICINA,45.0,MEDICINA,8139.0,MEDICINA,INGLÉS,1.0,,,,,0.0,33.0,57.0,11.0,,,,2025
SABER PRO - 2025,PROGRAMA_ACÁDEMICO,NIVEL_DESEMPEÑO_PRUEBA,39,1,2.0,ANDINA,22.0,SANTANDER,850.0,BUCARAMANGA,9177.0,UNIVERSIDAD DE SANTANDER,9177.0,UNIVERSIDAD DE SANTANDER - UDES-BUCARAMANGA,81.0,GRUPO REFERENCIA NACIONAL UNIVERSITARIO,45.0,MEDICINA,20804.0,MEDICINA,LECTURA CRÍTICA,1.0,,,,,5.0,41.0,54.0,0.0,,,,2025
SABER PRO - 2025,PROGRAMA_ACÁDEMICO,NIVEL_DESEMPEÑO_PRUEBA,39,1,2.0,ANDINA,22.0,SANTANDER,850.0,BUCARAMANGA,9177.0,UNIVERSIDAD DE SANTANDER,9177.0,UNIVERSIDAD DE SANTANDER - UDES-BUCARAMANGA,81.0,GRUPO REFERENCIA NACIONAL UNIVERSITARIO,45.0,MEDICINA,20804.0,MEDICINA,COMUNICACIÓN ESCRITA,1.0,,,,,0.0,28.0,51.0,21.0,,,,2025
SABER PRO - 2025,PROGRAMA_ACÁDEMICO,NIVEL_DESEMPEÑO_PRUEBA,94,1,2.0,ANDINA,22.0,SANTANDER,850.0,BUCARAMANGA,9177.0,UNIVERSIDAD DE SANTANDER,9177.0,UNIVERSIDAD DE SANTANDER - UDES-BUCARAMANGA,14.0,MEDICINA,45.0,MEDICINA,5659.0,MEDICINA,COMUNICACIÓN ESCRITA,1.0,,,,,3.0,34.0,54.0,9.0,,,,2025
SABER PRO - 2025,PROGRAMA_ACÁDEMICO,NIVEL_DESEMPEÑO_PRUEBA,95,1,2.0,ANDINA,22.0,SANTANDER,850.0,BUCARAMANGA,9177.0,UNIVERSIDAD DE SANTANDER,9177.0,UNIVERSIDAD DE SANTANDER - UDES-BUCARAMANGA,14.0,MEDICINA,45.0,MEDICINA,5659.0,MEDICINA,RAZONAMIENTO CUANTITATIVO,1.0,,,,,4.0,32.0,64.0,0.0,,,,2025
SABER PRO - 2025,PROGRAMA_ACÁDEMICO,NIVEL_DESEMPEÑO_PRUEBA,23,1,2.0,ANDINA,22.0,SANTANDER,850.0,BUCARAMANGA,9177.0,UNIVERSIDAD DE SANTANDER,9177.0,UNIVERSIDAD DE SANTANDER - UDES-BUCARAMANGA,81.0,GRUPO REFERENCIA NACIONAL UNIVERSITARIO,45.0,MEDICINA,20804.0,MEDICINA,FUNDAMENTACIÓN EN DIAGNÓSTICO Y TRATAMIENTO MÉDICOS,34.0,,,,,74.0,22.0,4.0,0.0,,,,2025
SABER PRO - 2025,PROGRAMA_ACÁDEMICO,NIVEL_DESEMPEÑO_PRUEBA,46,1,2.0,ANDINA,22.0,SANTANDER,850.0,BUCARAMANGA,9177.0,UNIVERSIDAD DE SANTANDER,9177.0,UNIVERSIDAD DE SANTANDER - UDES-BUCARAMANGA,14.0,MEDICINA,45.0,MEDICINA,8139.0,MEDICINA,RAZONAMIENTO CUANTITATIVO,1.0,,,,,11.0,39.0,48.0,2.0,,,,2025
SABER PRO - 2025,PROGRAMA_ACÁDEMICO,NIVEL_DESEMPEÑO_PRUEBA,68,1,2.0,ANDINA,22.0,SANTANDER,850.0,BUCARAMANGA,9177.0,UNIVERSIDAD DE SANTANDER,9177.0,UNIVERSIDAD DE SANTANDER - UDES-BUCARAMANGA,14.0,MEDICINA,45.0,MEDICINA,5659.0,MEDICINA,PROMOCIÓN DE LA SALUD Y PREVENCIÓN DE LA ENFERMEDAD,34.0,,,,,16.0,18.0,57.0,9.0,,,,2025
SABER PRO - 2025,PROGRAMA_ACÁDEMICO,NIVEL_DESEMPEÑO_PRUEBA,46,1,2.0,ANDINA,22.0,SANTANDER,850.0,BUCARAMANGA,9177.0,UNIVERSIDAD DE SANTANDER,9177.0,UNIVERSIDAD DE SANTANDER - UDES-BUCARAMANGA,14.0,MEDICINA,45.0,MEDICINA,8139.0,MEDICINA,COMUNICACIÓN ESCRITA,1.0,,,,,7.0,37.0,35.0,22.0,,,,2025
SABER PRO - 2025,PROGRAMA_ACÁDEMICO,NIVEL_DESEMPEÑO_PRUEBA,39,1,2.0,ANDINA,22.0,SANTANDER,850.0,BUCARAMANGA,9177.0,UNIVERSIDAD DE SANTANDER,9177.0,UNIVERSIDAD DE SANTANDER - UDES-BUCARAMANGA,81.0,GRUPO REFERENCIA NACIONAL UNIVERSITARIO,45.0,MEDICINA,20804.0,MEDICINA,INGLÉS,1.0,,,,,3.0,69.0,26.0,3.0,,,,2025
SABER PRO - 2025,PROGRAMA_ACÁDEMICO,NIVEL_DESEMPEÑO_PRUEBA,46,1,2.0,ANDINA,22.0,SANTANDER,850.0,BUCARAMANGA,9177.0,UNIVERSIDAD DE SANTANDER,9177.0,UNIVERSIDAD DE SANTANDER - UDES-BUCARAMANGA,14.0,MEDICINA,45.0,MEDICINA,8139.0,MEDICINA,LECTURA CRÍTICA,1.0,,,,,4.0,33.0,54.0,9.0,,,,2025
SABER PRO - 2025,PROGRAMA_ACÁDEMICO,NIVEL_DESEMPEÑO_PRUEBA,46,1,2.0,ANDINA,22.0,SANTANDER,850.0,BUCARAMANGA,9177.0,UNIVERSIDAD DE SANTANDER,9177.0,UNIVERSIDAD DE SANTANDER - UDES-BUCARAMANGA,14.0,MEDICINA,45.0,MEDICINA,8139.0,MEDICINA,COMPETENCIAS CIUDADANAS,1.0,,,,,9.0,35.0,50.0,7.0,,,,2025
SABER PRO - 2025,PROGRAMA_ACÁDEMICO,NIVEL_DESEMPEÑO_PRUEBA,95,1,2.0,ANDINA,22.0,SANTANDER,850.0,BUCARAMANGA,9177.0,UNIVERSIDAD DE SANTANDER,9177.0,UNIVERSIDAD DE SANTANDER - UDES-BUCARAMANGA,14.0,MEDICINA,45.0,MEDICINA,5659.0,MEDICINA,INGLÉS,1.0,,,,,4.0,34.0,48.0,14.0,,,,2025
SABER PRO - 2025,PROGRAMA_ACÁDEMICO,NIVEL_DESEMPEÑO_PRUEBA,95,1,2.0,ANDINA,22.0,SANTANDER,850.0,BUCARAMANGA,9177.0,UNIVERSIDAD DE SANTANDER,9177.0,UNIVERSIDAD DE SANTANDER - UDES-BUCARAMANGA,14.0,MEDICINA,45.0,MEDICINA,5659.0,MEDICINA,LECTURA CRÍTICA,1.0,,,,,2.0,22.0,72.0,4.0,,,,2025
SABER PRO - 2025,PROGRAMA_ACÁDEMICO,NIVEL_DESEMPEÑO_PRUEBA,23,1,2.0,ANDINA,22.0,SANTANDER,850.0,BUCARAMANGA,9177.0,UNIVERSIDAD DE SANTANDER,9177.0,UNIVERSIDAD DE SANTANDER - UDES-BUCARAMANGA,81.0,GRUPO REFERENCIA NACIONAL UNIVERSITARIO,45.0,MEDICINA,20804.0,MEDICINA,PROMOCIÓN DE LA SALUD Y PREVENCIÓN DE LA ENFERMEDAD,34.0,,,,,22.0,13.0,65.0,0.0,,,,2025
SABER PRO - 2025,PROGRAMA_ACÁDEMICO,NIVEL_DESEMPEÑO_PRUEBA,68,1,2.0,ANDINA,22.0,SANTANDER,850.0,BUCARAMANGA,9177.0,UNIVERSIDAD DE SANTANDER,9177.0,UNIVERSIDAD DE SANTANDER - UDES-BUCARAMANGA,14.0,MEDICINA,45.0,MEDICINA,5659.0,MEDICINA,FUNDAMENTACIÓN EN DIAGNÓSTICO Y TRATAMIENTO MÉDICOS,34.0,,,,,51.0,37.0,12.0,0.0,,,,2025
SABER PRO - 2025,PROGRAMA_ACÁDEMICO,NIVEL_DESEMPEÑO_PRUEBA,131,1,2.0,ANDINA,22.0,SANTANDER,850.0,BUCARAMANGA,9179.0,UNIVERSIDAD AUTONOMA DE BUCARAMANGA-UNAB-,9179.0,UNIVERSIDAD AUTONOMA DE BUCARAMANGA-UNAB-BUCARAMANGA,14.0,MEDICINA,45.0,MEDICINA,6515.0,MEDICINA,ATENCIÓN EN SALUD,34.0,,,,,11.0,13.0,38.0,38.0,,,,2025
SABER PRO - 2025,PROGRAMA_ACÁDEMICO,NIVEL_DESEMPEÑO_PRUEBA,131,1,2.0,ANDINA,22.0,SANTANDER,850.0,BUCARAMANGA,9179.0,UNIVERSIDAD AUTONOMA DE BUCARAMANGA-UNAB-,9179.0,UNIVERSIDAD AUTONOMA DE BUCARAMANGA-UNAB-BUCARAMANGA,14.0,MEDICINA,45.0,MEDICINA,6515.0,MEDICINA,PROMOCIÓN DE LA SALUD Y PREVENCIÓN DE LA ENFERMEDAD,34.0,,,,,4.0,12.0,63.0,21.0,,,,2025
SABER PRO - 2025,PROGRAMA_ACÁDEMICO,NIVEL_DESEMPEÑO_PRUEBA,131,1,2.0,ANDINA,22.0,SANTANDER,850.0,BUCARAMANGA,9179.0,UNIVERSIDAD AUTONOMA DE BUCARAMANGA-UNAB-,9179.0,UNIVERSIDAD AUTONOMA DE BUCARAMANGA-UNAB-BUCARAMANGA,14.0,MEDICINA,45.0,MEDICINA,6515.0,MEDICINA,COMUNICACIÓN ESCRITA,1.0,,,,,2.0,31.0,56.0,11.0,,,,2025
SABER PRO - 2025,PROGRAMA_ACÁDEMICO,NIVEL_DESEMPEÑO_PRUEBA,131,1,2.0,ANDINA,22.0,SANTANDER,850.0,BUCARAMANGA,9179.0,UNIVERSIDAD AUTONOMA DE BUCARAMANGA-UNAB-,9179.0,UNIVERSIDAD AUTONOMA DE BUCARAMANGA-UNAB-BUCARAMANGA,14.0,MEDICINA,45.0,MEDICINA,6515.0,MEDICINA,RAZONAMIENTO CUANTITATIVO,1.0,,,,,5.0,21.0,70.0,4.0,,,,2025
SABER PRO - 2025,PROGRAMA_ACÁDEMICO,NIVEL_DESEMPEÑO_PRUEBA,131,1,2.0,ANDINA,22.0,SANTANDER,850.0,BUCARAMANGA,9179.0,UNIVERSIDAD AUTONOMA DE BUCARAMANGA-UNAB-,9179.0,UNIVERSIDAD AUTONOMA DE BUCARAMANGA-UNAB-BUCARAMANGA,14.0,MEDICINA,45.0,MEDICINA,6515.0,MEDICINA,COMPETENCIAS CIUDADANAS,1.0,,,,,11.0,18.0,56.0,15.0,,,,2025
SABER PRO - 2025,PROGRAMA_ACÁDEMICO,NIVEL_DESEMPEÑO_PRUEBA,131,1,2.0,ANDINA,22.0,SANTANDER,850.0,BUCARAMANGA,9179.0,UNIVERSIDAD AUTONOMA DE BUCARAMANGA-UNAB-,9179.0,UNIVERSIDAD AUTONOMA DE BUCARAMANGA-UNAB-BUCARAMANGA,14.0,MEDICINA,45.0,MEDICINA,6515.0,MEDICINA,LECTURA CRÍTICA,1.0,,,,,2.0,15.0,67.0,16.0,,,,2025
SABER PRO - 2025,PROGRAMA_ACÁDEMICO,NIVEL_DESEMPEÑO_PRUEBA,131,1,2.0,ANDINA,22.0,SANTANDER,850.0,BUCARAMANGA,9179.0,UNIVERSIDAD AUTONOMA DE BUCARAMANGA-UNAB-,9179.0,UNIVERSIDAD AUTONOMA DE BUCARAMANGA-UNAB-BUCARAMANGA,14.0,MEDICINA,45.0,MEDICINA,6515.0,MEDICINA,INGLÉS,1.0,,,,,0.0,11.0,51.0,37.0,,,,2025
SABER PRO - 2025,PROGRAMA_ACÁDEMICO,NIVEL_DESEMPEÑO_PRUEBA,131,1,2.0,ANDINA,22.0,SANTANDER,850.0,BUCARAMANGA,9179.0,UNIVERSIDAD AUTONOMA DE BUCARAMANGA-UNAB-,9179.0,UNIVERSIDAD AUTONOMA DE BUCARAMANGA-UNAB-BUCARAMANGA,14.0,MEDICINA,45.0,MEDICINA,6515.0,MEDICINA,FUNDAMENTACIÓN EN DIAGNÓSTICO Y TRATAMIENTO MÉDICOS,34.0,,,,,15.0,41.0,41.0,3.0,,,,2025
SABER PRO - 2025,PROGRAMA_ACÁDEMICO,NIVEL_DESEMPEÑO_PRUEBA,68,1,2.0,ANDINA,24.0,TOLIMA,963.0,IBAGUÉ,9194.0,UNIVERSIDAD DEL TOLIMA,9194.0,UNIVERSIDAD DEL TOLIMA-IBAGUE,14.0,MEDICINA,45.0,MEDICINA,2316.0,MEDICINA,INGLÉS,1.0,,,,,4.0,46.0,34.0,16.0,,,,2025
SABER PRO - 2025,PROGRAMA_ACÁDEMICO,NIVEL_DESEMPEÑO_PRUEBA,68,1,2.0,ANDINA,24.0,TOLIMA,963.0,IBAGUÉ,9194.0,UNIVERSIDAD DEL TOLIMA,9194.0,UNIVERSIDAD DEL TOLIMA-IBAGUE,14.0,MEDICINA,45.0,MEDICINA,2316.0,MEDICINA,COMPETENCIAS CIUDADANAS,1.0,,,,,15.0,16.0,53.0,16.0,,,,2025
SABER PRO - 2025,PROGRAMA_ACÁDEMICO,NIVEL_DESEMPEÑO_PRUEBA,68,1,2.0,ANDINA,24.0,TOLIMA,963.0,IBAGUÉ,9194.0,UNIVERSIDAD DEL TOLIMA,9194.0,UNIVERSIDAD DEL TOLIMA-IBAGUE,14.0,MEDICINA,45.0,MEDICINA,2316.0,MEDICINA,LECTURA CRÍTICA,1.0,,,,,6.0,22.0,68.0,4.0,,,,2025
SABER PRO - 2025,PROGRAMA_ACÁDEMICO,NIVEL_DESEMPEÑO_PRUEBA,68,1,2.0,ANDINA,24.0,TOLIMA,963.0,IBAGUÉ,9194.0,UNIVERSIDAD DEL TOLIMA,9194.0,UNIVERSIDAD DEL TOLIMA-IBAGUE,14.0,MEDICINA,45.0,MEDICINA,2316.0,MEDICINA,COMUNICACIÓN ESCRITA,1.0,,,,,4.0,37.0,46.0,13.0,,,,2025
SABER PRO - 2025,PROGRAMA_ACÁDEMICO,NIVEL_DESEMPEÑO_PRUEBA,68,1,2.0,ANDINA,24.0,TOLIMA,963.0,IBAGUÉ,9194.0,UNIVERSIDAD DEL TOLIMA,9194.0,UNIVERSIDAD DEL TOLIMA-IBAGUE,14.0,MEDICINA,45.0,MEDICINA,2316.0,MEDICINA,RAZONAMIENTO CUANTITATIVO,1.0,,,,,4.0,32.0,59.0,4.0,,,,2025
SABER PRO - 2025,PROGRAMA_ACÁDEMICO,NIVEL_DESEMPEÑO_PRUEBA,225,1,3.0,CARIBE,2.0,ATLANTICO,126.0,BARRANQUILLA,8939.0,UNIVERSIDAD SIMON BOLIVAR,8939.0,UNIVERSIDAD SIMON BOLIVAR-BARRANQUILLA,14.0,MEDICINA,45.0,MEDICINA,4973.0,MEDICINA,INGLÉS,1.0,,,,,3.0,29.0,40.0,28.0,,,,2025
SABER PRO - 2025,PROGRAMA_ACÁDEMICO,NIVEL_DESEMPEÑO_PRUEBA,225,1,3.0,CARIBE,2.0,ATLANTICO,126.0,BARRANQUILLA,8939.0,UNIVERSIDAD SIMON BOLIVAR,8939.0,UNIVERSIDAD SIMON BOLIVAR-BARRANQUILLA,14.0,MEDICINA,45.0,MEDICINA,4973.0,MEDICINA,LECTURA CRÍTICA,1.0,,,,,5.0,20.0,64.0,10.0,,,,2025
SABER PRO - 2025,PROGRAMA_ACÁDEMICO,NIVEL_DESEMPEÑO_PRUEBA,225,1,3.0,CARIBE,2.0,ATLANTICO,126.0,BARRANQUILLA,8939.0,UNIVERSIDAD SIMON BOLIVAR,8939.0,UNIVERSIDAD SIMON BOLIVAR-BARRANQUILLA,14.0,MEDICINA,45.0,MEDICINA,4973.0,MEDICINA,RAZONAMIENTO CUANTITATIVO,1.0,,,,,12.0,32.0,54.0,2.0,,,,2025
SABER PRO - 2025,PROGRAMA_ACÁDEMICO,NIVEL_DESEMPEÑO_PRUEBA,225,1,3.0,CARIBE,2.0,ATLANTICO,126.0,BARRANQUILLA,8939.0,UNIVERSIDAD SIMON BOLIVAR,8939.0,UNIVERSIDAD SIMON BOLIVAR-BARRANQUILLA,14.0,MEDICINA,45.0,MEDICINA,4973.0,MEDICINA,COMPETENCIAS CIUDADANAS,1.0,,,,,8.0,28.0,57.0,7.0,,,,2025
SABER PRO - 2025,PROGRAMA_ACÁDEMICO,NIVEL_DESEMPEÑO_PRUEBA,223,1,3.0,CARIBE,2.0,ATLANTICO,126.0,BARRANQUILLA,8939.0,UNIVERSIDAD SIMON BOLIVAR,8939.0,UNIVERSIDAD SIMON BOLIVAR-BARRANQUILLA,14.0,MEDICINA,45.0,MEDICINA,4973.0,MEDICINA,COMUNICACIÓN ESCRITA,1.0,,,,,7.0,30.0,47.0,17.0,,,,2025
SABER PRO - 2025,PROGRAMA_ACÁDEMICO,NIVEL_DESEMPEÑO_PRUEBA,191,1,3.0,CARIBE,2.0,ATLANTICO,126.0,BARRANQUILLA,8941.0,FUNDACION UNIVERSIDAD DEL NORTE,8941.0,UNIVERSIDAD DEL NORTE-BARRANQUILLA,14.0,MEDICINA,45.0,MEDICINA,6919.0,MEDICINA,PROMOCIÓN DE LA SALUD Y PREVENCIÓN DE LA ENFERMEDAD,34.0,,,,,1.0,14.0,74.0,12.0,,,,2025
SABER PRO - 2025,PROGRAMA_ACÁDEMICO,NIVEL_DESEMPEÑO_PRUEBA,191,1,3.0,CARIBE,2.0,ATLANTICO,126.0,BARRANQUILLA,8941.0,FUNDACION UNIVERSIDAD DEL NORTE,8941.0,UNIVERSIDAD DEL NORTE-BARRANQUILLA,14.0,MEDICINA,45.0,MEDICINA,6919.0,MEDICINA,RAZONAMIENTO CUANTITATIVO,1.0,,,,,7.0,16.0,71.0,6.0,,,,2025
SABER PRO - 2025,PROGRAMA_ACÁDEMICO,NIVEL_DESEMPEÑO_PRUEBA,190,1,3.0,CARIBE,2.0,ATLANTICO,126.0,BARRANQUILLA,8941.0,FUNDACION UNIVERSIDAD DEL NORTE,8941.0,UNIVERSIDAD DEL NORTE-BARRANQUILLA,14.0,MEDICINA,45.0,MEDICINA,6919.0,MEDICINA,COMUNICACIÓN ESCRITA,1.0,,,,,1.0,16.0,55.0,28.0,,,,2025
SABER PRO - 2025,PROGRAMA_ACÁDEMICO,NIVEL_DESEMPEÑO_PRUEBA,191,1,3.0,CARIBE,2.0,ATLANTICO,126.0,BARRANQUILLA,8941.0,FUNDACION UNIVERSIDAD DEL NORTE,8941.0,UNIVERSIDAD DEL NORTE-BARRANQUILLA,14.0,MEDICINA,45.0,MEDICINA,6919.0,MEDICINA,FUNDAMENTACIÓN EN DIAGNÓSTICO Y TRATAMIENTO MÉDICOS,34.0,,,,,30.0,50.0,19.0,1.0,,,,2025
SABER PRO - 2025,PROGRAMA_ACÁDEMICO,NIVEL_DESEMPEÑO_PRUEBA,191,1,3.0,CARIBE,2.0,ATLANTICO,126.0,BARRANQUILLA,8941.0,FUNDACION UNIVERSIDAD DEL NORTE,8941.0,UNIVERSIDAD DEL NORTE-BARRANQUILLA,14.0,MEDICINA,45.0,MEDICINA,6919.0,MEDICINA,ATENCIÓN EN SALUD,34.0,,,,,2.0,14.0,35.0,49.0,,,,2025
SABER PRO - 2025,PROGRAMA_ACÁDEMICO,NIVEL_DESEMPEÑO_PRUEBA,191,1,3.0,CARIBE,2.0,ATLANTICO,126.0,BARRANQUILLA,8941.0,FUNDACION UNIVERSIDAD DEL NORTE,8941.0,UNIVERSIDAD DEL NORTE-BARRANQUILLA,14.0,MEDICINA,45.0,MEDICINA,6919.0,MEDICINA,COMPETENCIAS CIUDADANAS,1.0,,,,,2.0,18.0,56.0,25.0,,,,2025
SABER PRO - 2025,PROGRAMA_ACÁDEMICO,NIVEL_DESEMPEÑO_PRUEBA,191,1,3.0,CARIBE,2.0,ATLANTICO,126.0,BARRANQUILLA,8941.0,FUNDACION UNIVERSIDAD DEL NORTE,8941.0,UNIVERSIDAD DEL NORTE-BARRANQUILLA,14.0,MEDICINA,45.0,MEDICINA,6919.0,MEDICINA,INGLÉS,1.0,,,,,1.0,4.0,29.0,67.0,,,,2025
SABER PRO - 2025,PROGRAMA_ACÁDEMICO,NIVEL_DESEMPEÑO_PRUEBA,191,1,3.0,CARIBE,2.0,ATLANTICO,126.0,BARRANQUILLA,8941.0,FUNDACION UNIVERSIDAD DEL NORTE,8941.0,UNIVERSIDAD DEL NORTE-BARRANQUILLA,14.0,MEDICINA,45.0,MEDICINA,6919.0,MEDICINA,LECTURA CRÍTICA,1.0,,,,,1.0,8.0,75.0,16.0,,,,2025
SABER PRO - 2025,PROGRAMA_ACÁDEMICO,NIVEL_DESEMPEÑO_PRUEBA,373,1,3.0,CARIBE,2.0,ATLANTICO,126.0,BARRANQUILLA,8951.0,UNIVERSIDAD METROPOLITANA,8951.0,UNIVERSIDAD METROPOLITANA-BARRANQUILLA,14.0,MEDICINA,45.0,MEDICINA,4788.0,MEDICINA,COMPETENCIAS CIUDADANAS,1.0,,,,,16.0,42.0,39.0,3.0,,,,2025
SABER PRO - 2025,PROGRAMA_ACÁDEMICO,NIVEL_DESEMPEÑO_PRUEBA,373,1,3.0,CARIBE,2.0,ATLANTICO,126.0,BARRANQUILLA,8951.0,UNIVERSIDAD METROPOLITANA,8951.0,UNIVERSIDAD METROPOLITANA-BARRANQUILLA,14.0,MEDICINA,45.0,MEDICINA,4788.0,MEDICINA,INGLÉS,1.0,,,,,5.0,42.0,40.0,12.0,,,,2025
SABER PRO - 2025,PROGRAMA_ACÁDEMICO,NIVEL_DESEMPEÑO_PRUEBA,165,1,3.0,CARIBE,2.0,ATLANTICO,126.0,BARRANQUILLA,8951.0,UNIVERSIDAD METROPOLITANA,8951.0,UNIVERSIDAD METROPOLITANA-BARRANQUILLA,14.0,MEDICINA,45.0,MEDICINA,4788.0,MEDICINA,PROMOCIÓN DE LA SALUD Y PREVENCIÓN DE LA ENFERMEDAD,34.0,,,,,25.0,37.0,37.0,1.0,,,,2025
SABER PRO - 2025,PROGRAMA_ACÁDEMICO,NIVEL_DESEMPEÑO_PRUEBA,371,1,3.0,CARIBE,2.0,ATLANTICO,126.0,BARRANQUILLA,8951.0,UNIVERSIDAD METROPOLITANA,8951.0,UNIVERSIDAD METROPOLITANA-BARRANQUILLA,14.0,MEDICINA,45.0,MEDICINA,4788.0,MEDICINA,COMUNICACIÓN ESCRITA,1.0,,,,,8.0,37.0,47.0,8.0,,,,2025
SABER PRO - 2025,PROGRAMA_ACÁDEMICO,NIVEL_DESEMPEÑO_PRUEBA,165,1,3.0,CARIBE,2.0,ATLANTICO,126.0,BARRANQUILLA,8951.0,UNIVERSIDAD METROPOLITANA,8951.0,UNIVERSIDAD METROPOLITANA-BARRANQUILLA,14.0,MEDICINA,45.0,MEDICINA,4788.0,MEDICINA,FUNDAMENTACIÓN EN DIAGNÓSTICO Y TRATAMIENTO MÉDICOS,34.0,,,,,86.0,13.0,1.0,0.0,,,,2025
SABER PRO - 2025,PROGRAMA_ACÁDEMICO,NIVEL_DESEMPEÑO_PRUEBA,373,1,3.0,CARIBE,2.0,ATLANTICO,126.0,BARRANQUILLA,8951.0,UNIVERSIDAD METROPOLITANA,8951.0,UNIVERSIDAD METROPOLITANA-BARRANQUILLA,14.0,MEDICINA,45.0,MEDICINA,4788.0,MEDICINA,RAZONAMIENTO CUANTITATIVO,1.0,,,,,20.0,41.0,39.0,0.0,,,,2025
SABER PRO - 2025,PROGRAMA_ACÁDEMICO,NIVEL_DESEMPEÑO_PRUEBA,165,1,3.0,CARIBE,2.0,ATLANTICO,126.0,BARRANQUILLA,8951.0,UNIVERSIDAD METROPOLITANA,8951.0,UNIVERSIDAD METROPOLITANA-BARRANQUILLA,14.0,MEDICINA,45.0,MEDICINA,4788.0,MEDICINA,ATENCIÓN EN SALUD,34.0,,,,,30.0,42.0,24.0,4.0,,,,2025
SABER PRO - 2025,PROGRAMA_ACÁDEMICO,NIVEL_DESEMPEÑO_PRUEBA,373,1,3.0,CARIBE,2.0,ATLANTICO,126.0,BARRANQUILLA,8951.0,UNIVERSIDAD METROPOLITANA,8951.0,UNIVERSIDAD METROPOLITANA-BARRANQUILLA,14.0,MEDICINA,45.0,MEDICINA,4788.0,MEDICINA,LECTURA CRÍTICA,1.0,,,,,7.0,37.0,54.0,2.0,,,,2025
SABER PRO - 2025,PROGRAMA_ACÁDEMICO,NIVEL_DESEMPEÑO_PRUEBA,141,1,3.0,CARIBE,2.0,ATLANTICO,126.0,BARRANQUILLA,8985.0,UNIVERSIDAD LIBRE,8940.0,UNIVERSIDAD LIBRE-BARRANQUILLA,14.0,MEDICINA,45.0,MEDICINA,6058.0,MEDICINA,COMPETENCIAS CIUDADANAS,1.0,,,,,9.0,31.0,52.0,9.0,,,,2025
SABER PRO - 2025,PROGRAMA_ACÁDEMICO,NIVEL_DESEMPEÑO_PRUEBA,138,1,3.0,CARIBE,2.0,ATLANTICO,126.0,BARRANQUILLA,8985.0,UNIVERSIDAD LIBRE,8940.0,UNIVERSIDAD LIBRE-BARRANQUILLA,14.0,MEDICINA,45.0,MEDICINA,6058.0,MEDICINA,COMUNICACIÓN ESCRITA,1.0,,,,,7.0,33.0,48.0,12.0,,,,2025
SABER PRO - 2025,PROGRAMA_ACÁDEMICO,NIVEL_DESEMPEÑO_PRUEBA,136,1,3.0,CARIBE,2.0,ATLANTICO,126.0,BARRANQUILLA,8985.0,UNIVERSIDAD LIBRE,8940.0,UNIVERSIDAD LIBRE-BARRANQUILLA,14.0,MEDICINA,45.0,MEDICINA,6058.0,MEDICINA,PROMOCIÓN DE LA SALUD Y PREVENCIÓN DE LA ENFERMEDAD,34.0,,,,,8.0,29.0,54.0,8.0,,,,2025
SABER PRO - 2025,PROGRAMA_ACÁDEMICO,NIVEL_DESEMPEÑO_PRUEBA,136,1,3.0,CARIBE,2.0,ATLANTICO,126.0,BARRANQUILLA,8985.0,UNIVERSIDAD LIBRE,8940.0,UNIVERSIDAD LIBRE-BARRANQUILLA,14.0,MEDICINA,45.0,MEDICINA,6058.0,MEDICINA,FUNDAMENTACIÓN EN DIAGNÓSTICO Y TRATAMIENTO MÉDICOS,34.0,,,,,76.0,21.0,3.0,0.0,,,,2025
SABER PRO - 2025,PROGRAMA_ACÁDEMICO,NIVEL_DESEMPEÑO_PRUEBA,141,1,3.0,CARIBE,2.0,ATLANTICO,126.0,BARRANQUILLA,8985.0,UNIVERSIDAD LIBRE,8940.0,UNIVERSIDAD LIBRE-BARRANQUILLA,14.0,MEDICINA,45.0,MEDICINA,6058.0,MEDICINA,LECTURA CRÍTICA,1.0,,,,,4.0,21.0,70.0,6.0,,,,2025
SABER PRO - 2025,PROGRAMA_ACÁDEMICO,NIVEL_DESEMPEÑO_PRUEBA,141,1,3.0,CARIBE,2.0,ATLANTICO,126.0,BARRANQUILLA,8985.0,UNIVERSIDAD LIBRE,8940.0,UNIVERSIDAD LIBRE-BARRANQUILLA,14.0,MEDICINA,45.0,MEDICINA,6058.0,MEDICINA,INGLÉS,1.0,,,,,2.0,26.0,49.0,23.0,,,,2025
SABER PRO - 2025,PROGRAMA_ACÁDEMICO,NIVEL_DESEMPEÑO_PRUEBA,141,1,3.0,CARIBE,2.0,ATLANTICO,126.0,BARRANQUILLA,8985.0,UNIVERSIDAD LIBRE,8940.0,UNIVERSIDAD LIBRE-BARRANQUILLA,14.0,MEDICINA,45.0,MEDICINA,6058.0,MEDICINA,RAZONAMIENTO CUANTITATIVO,1.0,,,,,9.0,33.0,57.0,1.0,,,,2025
SABER PRO - 2025,PROGRAMA_ACÁDEMICO,NIVEL_DESEMPEÑO_PRUEBA,136,1,3.0,CARIBE,2.0,ATLANTICO,126.0,BARRANQUILLA,8985.0,UNIVERSIDAD LIBRE,8940.0,UNIVERSIDAD LIBRE-BARRANQUILLA,14.0,MEDICINA,45.0,MEDICINA,6058.0,MEDICINA,ATENCIÓN EN SALUD,34.0,,,,,15.0,38.0,38.0,10.0,,,,2025
SABER PRO - 2025,PROGRAMA_ACÁDEMICO,NIVEL_DESEMPEÑO_PRUEBA,146,1,3.0,CARIBE,5.0,BOLIVAR,153.0,CARTAGENA DE INDIAS,9084.0,CORPORACION UNIVERSITARIA RAFAEL NUÑEZ,9084.0,CORPORACION UNIVERSITARIA RAFAEL NUÑEZ-CARTAGENA,14.0,MEDICINA,45.0,MEDICINA,5661.0,MEDICINA,COMUNICACIÓN ESCRITA,1.0,,,,,7.0,36.0,48.0,10.0,,,,2025
SABER PRO - 2025,PROGRAMA_ACÁDEMICO,NIVEL_DESEMPEÑO_PRUEBA,145,1,3.0,CARIBE,5.0,BOLIVAR,153.0,CARTAGENA DE INDIAS,9084.0,CORPORACION UNIVERSITARIA RAFAEL NUÑEZ,9084.0,CORPORACION UNIVERSITARIA RAFAEL NUÑEZ-CARTAGENA,14.0,MEDICINA,45.0,MEDICINA,5661.0,MEDICINA,FUNDAMENTACIÓN EN DIAGNÓSTICO Y TRATAMIENTO MÉDICOS,34.0,,,,,80.0,18.0,1.0,1.0,,,,2025
SABER PRO - 2025,PROGRAMA_ACÁDEMICO,NIVEL_DESEMPEÑO_PRUEBA,148,1,3.0,CARIBE,5.0,BOLIVAR,153.0,CARTAGENA DE INDIAS,9084.0,CORPORACION UNIVERSITARIA RAFAEL NUÑEZ,9084.0,CORPORACION UNIVERSITARIA RAFAEL NUÑEZ-CARTAGENA,14.0,MEDICINA,45.0,MEDICINA,5661.0,MEDICINA,LECTURA CRÍTICA,1.0,,,,,12.0,45.0,43.0,1.0,,,,2025
SABER PRO - 2025,PROGRAMA_ACÁDEMICO,NIVEL_DESEMPEÑO_PRUEBA,148,1,3.0,CARIBE,5.0,BOLIVAR,153.0,CARTAGENA DE INDIAS,9084.0,CORPORACION UNIVERSITARIA RAFAEL NUÑEZ,9084.0,CORPORACION UNIVERSITARIA RAFAEL NUÑEZ-CARTAGENA,14.0,MEDICINA,45.0,MEDICINA,5661.0,MEDICINA,INGLÉS,1.0,,,,,15.0,49.0,28.0,7.0,,,,2025
SABER PRO - 2025,PROGRAMA_ACÁDEMICO,NIVEL_DESEMPEÑO_PRUEBA,148,1,3.0,CARIBE,5.0,BOLIVAR,153.0,CARTAGENA DE INDIAS,9084.0,CORPORACION UNIVERSITARIA RAFAEL NUÑEZ,9084.0,CORPORACION UNIVERSITARIA RAFAEL NUÑEZ-CARTAGENA,14.0,MEDICINA,45.0,MEDICINA,5661.0,MEDICINA,COMPETENCIAS CIUDADANAS,1.0,,,,,30.0,35.0,34.0,1.0,,,,2025
SABER PRO - 2025,PROGRAMA_ACÁDEMICO,NIVEL_DESEMPEÑO_PRUEBA,145,1,3.0,CARIBE,5.0,BOLIVAR,153.0,CARTAGENA DE INDIAS,9084.0,CORPORACION UNIVERSITARIA RAFAEL NUÑEZ,9084.0,CORPORACION UNIVERSITARIA RAFAEL NUÑEZ-CARTAGENA,14.0,MEDICINA,45.0,MEDICINA,5661.0,MEDICINA,PROMOCIÓN DE LA SALUD Y PREVENCIÓN DE LA ENFERMEDAD,34.0,,,,,30.0,35.0,32.0,3.0,,,,2025
SABER PRO - 2025,PROGRAMA_ACÁDEMICO,NIVEL_DESEMPEÑO_PRUEBA,148,1,3.0,CARIBE,5.0,BOLIVAR,153.0,CARTAGENA DE INDIAS,9084.0,CORPORACION UNIVERSITARIA RAFAEL NUÑEZ,9084.0,CORPORACION UNIVERSITARIA RAFAEL NUÑEZ-CARTAGENA,14.0,MEDICINA,45.0,MEDICINA,5661.0,MEDICINA,RAZONAMIENTO CUANTITATIVO,1.0,,,,,33.0,33.0,33.0,1.0,,,,2025
SABER PRO - 2025,PROGRAMA_ACÁDEMICO,NIVEL_DESEMPEÑO_PRUEBA,145,1,3.0,CARIBE,5.0,BOLIVAR,153.0,CARTAGENA DE INDIAS,9084.0,CORPORACION UNIVERSITARIA RAFAEL NUÑEZ,9084.0,CORPORACION UNIVERSITARIA RAFAEL NUÑEZ-CARTAGENA,14.0,MEDICINA,45.0,MEDICINA,5661.0,MEDICINA,ATENCIÓN EN SALUD,34.0,,,,,30.0,45.0,21.0,3.0,,,,2025
SABER PRO - 2025,PROGRAMA_ACÁDEMICO,NIVEL_DESEMPEÑO_PRUEBA,113,1,3.0,CARIBE,5.0,BOLIVAR,153.0,CARTAGENA DE INDIAS,9086.0,UNIVERSIDAD DE CARTAGENA,9086.0,UNIVERSIDAD DE CARTAGENA-CARTAGENA,14.0,MEDICINA,45.0,MEDICINA,1440.0,MEDICINA,LECTURA CRÍTICA,1.0,,,,,4.0,7.0,63.0,26.0,,,,2025
SABER PRO - 2025,PROGRAMA_ACÁDEMICO,NIVEL_DESEMPEÑO_PRUEBA,64,1,3.0,CARIBE,5.0,BOLIVAR,153.0,CARTAGENA DE INDIAS,9086.0,UNIVERSIDAD DE CARTAGENA,9086.0,UNIVERSIDAD DE CARTAGENA-CARTAGENA,14.0,MEDICINA,45.0,MEDICINA,1440.0,MEDICINA,FUNDAMENTACIÓN EN DIAGNÓSTICO Y TRATAMIENTO MÉDICOS,34.0,,,,,45.0,36.0,19.0,0.0,,,,2025
SABER PRO - 2025,PROGRAMA_ACÁDEMICO,NIVEL_DESEMPEÑO_PRUEBA,64,1,3.0,CARIBE,5.0,BOLIVAR,153.0,CARTAGENA DE INDIAS,9086.0,UNIVERSIDAD DE CARTAGENA,9086.0,UNIVERSIDAD DE CARTAGENA-CARTAGENA,14.0,MEDICINA,45.0,MEDICINA,1440.0,MEDICINA,PROMOCIÓN DE LA SALUD Y PREVENCIÓN DE LA ENFERMEDAD,34.0,,,,,6.0,11.0,63.0,20.0,,,,2025
SABER PRO - 2025,PROGRAMA_ACÁDEMICO,NIVEL_DESEMPEÑO_PRUEBA,112,1,3.0,CARIBE,5.0,BOLIVAR,153.0,CARTAGENA DE INDIAS,9086.0,UNIVERSIDAD DE CARTAGENA,9086.0,UNIVERSIDAD DE CARTAGENA-CARTAGENA,14.0,MEDICINA,45.0,MEDICINA,1440.0,MEDICINA,COMUNICACIÓN ESCRITA,1.0,,,,,2.0,29.0,43.0,27.0,,,,2025
SABER PRO - 2025,PROGRAMA_ACÁDEMICO,NIVEL_DESEMPEÑO_PRUEBA,113,1,3.0,CARIBE,5.0,BOLIVAR,153.0,CARTAGENA DE INDIAS,9086.0,UNIVERSIDAD DE CARTAGENA,9086.0,UNIVERSIDAD DE CARTAGENA-CARTAGENA,14.0,MEDICINA,45.0,MEDICINA,1440.0,MEDICINA,INGLÉS,1.0,,,,,4.0,23.0,32.0,41.0,,,,2025
SABER PRO - 2025,PROGRAMA_ACÁDEMICO,NIVEL_DESEMPEÑO_PRUEBA,113,1,3.0,CARIBE,5.0,BOLIVAR,153.0,CARTAGENA DE INDIAS,9086.0,UNIVERSIDAD DE CARTAGENA,9086.0,UNIVERSIDAD DE CARTAGENA-CARTAGENA,14.0,MEDICINA,45.0,MEDICINA,1440.0,MEDICINA,RAZONAMIENTO CUANTITATIVO,1.0,,,,,8.0,13.0,68.0,11.0,,,,2025
SABER PRO - 2025,PROGRAMA_ACÁDEMICO,NIVEL_DESEMPEÑO_PRUEBA,64,1,3.0,CARIBE,5.0,BOLIVAR,153.0,CARTAGENA DE INDIAS,9086.0,UNIVERSIDAD DE CARTAGENA,9086.0,UNIVERSIDAD DE CARTAGENA-CARTAGENA,14.0,MEDICINA,45.0,MEDICINA,1440.0,MEDICINA,ATENCIÓN EN SALUD,34.0,,,,,8.0,9.0,38.0,45.0,,,,2025
SABER PRO - 2025,PROGRAMA_ACÁDEMICO,NIVEL_DESEMPEÑO_PRUEBA,113,1,3.0,CARIBE,5.0,BOLIVAR,153.0,CARTAGENA DE INDIAS,9086.0,UNIVERSIDAD DE CARTAGENA,9086.0,UNIVERSIDAD DE CARTAGENA-CARTAGENA,14.0,MEDICINA,45.0,MEDICINA,1440.0,MEDICINA,COMPETENCIAS CIUDADANAS,1.0,,,,,9.0,16.0,45.0,30.0,,,,2025
SABER PRO - 2025,PROGRAMA_ACÁDEMICO,NIVEL_DESEMPEÑO_PRUEBA,150,1,3.0,CARIBE,5.0,BOLIVAR,153.0,CARTAGENA DE INDIAS,9117.0,UNIVERSIDAD DEL SINÚ ELIAS BECHARA ZAINUM - UNISINÚ-,9090.0,UNIVERSIDAD DEL SINÚ 'Elías Bechara Zainúm' - UNISINÚ-CARTAGENA,14.0,MEDICINA,45.0,MEDICINA,306.0,MEDICINA,COMPETENCIAS CIUDADANAS,1.0,,,,,32.0,31.0,35.0,3.0,,,,2025
SABER PRO - 2025,PROGRAMA_ACÁDEMICO,NIVEL_DESEMPEÑO_PRUEBA,47,1,3.0,CARIBE,5.0,BOLIVAR,153.0,CARTAGENA DE INDIAS,9117.0,UNIVERSIDAD DEL SINÚ ELIAS BECHARA ZAINUM - UNISINÚ-,9090.0,UNIVERSIDAD DEL SINÚ 'Elías Bechara Zainúm' - UNISINÚ-CARTAGENA,14.0,MEDICINA,45.0,MEDICINA,306.0,MEDICINA,FUNDAMENTACIÓN EN DIAGNÓSTICO Y TRATAMIENTO MÉDICOS,34.0,,,,,91.0,6.0,2.0,0.0,,,,2025
SABER PRO - 2025,PROGRAMA_ACÁDEMICO,NIVEL_DESEMPEÑO_PRUEBA,150,1,3.0,CARIBE,5.0,BOLIVAR,153.0,CARTAGENA DE INDIAS,9117.0,UNIVERSIDAD DEL SINÚ ELIAS BECHARA ZAINUM - UNISINÚ-,9090.0,UNIVERSIDAD DEL SINÚ 'Elías Bechara Zainúm' - UNISINÚ-CARTAGENA,14.0,MEDICINA,45.0,MEDICINA,306.0,MEDICINA,LECTURA CRÍTICA,1.0,,,,,15.0,41.0,43.0,1.0,,,,2025
SABER PRO - 2025,PROGRAMA_ACÁDEMICO,NIVEL_DESEMPEÑO_PRUEBA,150,1,3.0,CARIBE,5.0,BOLIVAR,153.0,CARTAGENA DE INDIAS,9117.0,UNIVERSIDAD DEL SINÚ ELIAS BECHARA ZAINUM - UNISINÚ-,9090.0,UNIVERSIDAD DEL SINÚ 'Elías Bechara Zainúm' - UNISINÚ-CARTAGENA,14.0,MEDICINA,45.0,MEDICINA,306.0,MEDICINA,RAZONAMIENTO CUANTITATIVO,1.0,,,,,29.0,40.0,31.0,0.0,,,,2025
SABER PRO - 2025,PROGRAMA_ACÁDEMICO,NIVEL_DESEMPEÑO_PRUEBA,47,1,3.0,CARIBE,5.0,BOLIVAR,153.0,CARTAGENA DE INDIAS,9117.0,UNIVERSIDAD DEL SINÚ ELIAS BECHARA ZAINUM - UNISINÚ-,9090.0,UNIVERSIDAD DEL SINÚ 'Elías Bechara Zainúm' - UNISINÚ-CARTAGENA,14.0,MEDICINA,45.0,MEDICINA,306.0,MEDICINA,ATENCIÓN EN SALUD,34.0,,,,,49.0,43.0,9.0,0.0,,,,2025
SABER PRO - 2025,PROGRAMA_ACÁDEMICO,NIVEL_DESEMPEÑO_PRUEBA,47,1,3.0,CARIBE,5.0,BOLIVAR,153.0,CARTAGENA DE INDIAS,9117.0,UNIVERSIDAD DEL SINÚ ELIAS BECHARA ZAINUM - UNISINÚ-,9090.0,UNIVERSIDAD DEL SINÚ 'Elías Bechara Zainúm' - UNISINÚ-CARTAGENA,14.0,MEDICINA,45.0,MEDICINA,306.0,MEDICINA,PROMOCIÓN DE LA SALUD Y PREVENCIÓN DE LA ENFERMEDAD,34.0,,,,,45.0,32.0,23.0,0.0,,,,2025
SABER PRO - 2025,PROGRAMA_ACÁDEMICO,NIVEL_DESEMPEÑO_PRUEBA,147,1,3.0,CARIBE,5.0,BOLIVAR,153.0,CARTAGENA DE INDIAS,9117.0,UNIVERSIDAD DEL SINÚ ELIAS BECHARA ZAINUM - UNISINÚ-,9090.0,UNIVERSIDAD DEL SINÚ 'Elías Bechara Zainúm' - UNISINÚ-CARTAGENA,14.0,MEDICINA,45.0,MEDICINA,306.0,MEDICINA,COMUNICACIÓN ESCRITA,1.0,,,,,9.0,40.0,46.0,5.0,,,,2025
SABER PRO - 2025,PROGRAMA_ACÁDEMICO,NIVEL_DESEMPEÑO_PRUEBA,150,1,3.0,CARIBE,5.0,BOLIVAR,153.0,CARTAGENA DE INDIAS,9117.0,UNIVERSIDAD DEL SINÚ ELIAS BECHARA ZAINUM - UNISINÚ-,9090.0,UNIVERSIDAD DEL SINÚ 'Elías Bechara Zainúm' - UNISINÚ-CARTAGENA,14.0,MEDICINA,45.0,MEDICINA,306.0,MEDICINA,INGLÉS,1.0,,,,,11.0,48.0,31.0,11.0,,,,2025
SABER PRO - 2025,PROGRAMA_ACÁDEMICO,NIVEL_DESEMPEÑO_PRUEBA,337,1,3.0,CARIBE,11.0,CORDOBA,432.0,MONTERÍA,9117.0,UNIVERSIDAD DEL SINÚ ELIAS BECHARA ZAINUM - UNISINÚ-,9117.0,UNIVERSIDAD DEL SINÚ 'Elías Bechara Zainúm' - UNISINÚ-MONTERIA,14.0,MEDICINA,45.0,MEDICINA,4989.0,MEDICINA,RAZONAMIENTO CUANTITATIVO,1.0,,,,,21.0,41.0,37.0,1.0,,,,2025
SABER PRO - 2025,PROGRAMA_ACÁDEMICO,NIVEL_DESEMPEÑO_PRUEBA,337,1,3.0,CARIBE,11.0,CORDOBA,432.0,MONTERÍA,9117.0,UNIVERSIDAD DEL SINÚ ELIAS BECHARA ZAINUM - UNISINÚ-,9117.0,UNIVERSIDAD DEL SINÚ 'Elías Bechara Zainúm' - UNISINÚ-MONTERIA,14.0,MEDICINA,45.0,MEDICINA,4989.0,MEDICINA,COMPETENCIAS CIUDADANAS,1.0,,,,,24.0,34.0,40.0,2.0,,,,2025
SABER PRO - 2025,PROGRAMA_ACÁDEMICO,NIVEL_DESEMPEÑO_PRUEBA,334,1,3.0,CARIBE,11.0,CORDOBA,432.0,MONTERÍA,9117.0,UNIVERSIDAD DEL SINÚ ELIAS BECHARA ZAINUM - UNISINÚ-,9117.0,UNIVERSIDAD DEL SINÚ 'Elías Bechara Zainúm' - UNISINÚ-MONTERIA,14.0,MEDICINA,45.0,MEDICINA,4989.0,MEDICINA,COMUNICACIÓN ESCRITA,1.0,,,,,7.0,34.0,48.0,11.0,,,,2025
SABER PRO - 2025,PROGRAMA_ACÁDEMICO,NIVEL_DESEMPEÑO_PRUEBA,337,1,3.0,CARIBE,11.0,CORDOBA,432.0,MONTERÍA,9117.0,UNIVERSIDAD DEL SINÚ ELIAS BECHARA ZAINUM - UNISINÚ-,9117.0,UNIVERSIDAD DEL SINÚ 'Elías Bechara Zainúm' - UNISINÚ-MONTERIA,14.0,MEDICINA,45.0,MEDICINA,4989.0,MEDICINA,INGLÉS,1.0,,,,,10.0,49.0,33.0,8.0,,,,2025
SABER PRO - 2025,PROGRAMA_ACÁDEMICO,NIVEL_DESEMPEÑO_PRUEBA,337,1,3.0,CARIBE,11.0,CORDOBA,432.0,MONTERÍA,9117.0,UNIVERSIDAD DEL SINÚ ELIAS BECHARA ZAINUM - UNISINÚ-,9117.0,UNIVERSIDAD DEL SINÚ 'Elías Bechara Zainúm' - UNISINÚ-MONTERIA,14.0,MEDICINA,45.0,MEDICINA,4989.0,MEDICINA,LECTURA CRÍTICA,1.0,,,,,8.0,38.0,52.0,2.0,,,,2025
SABER PRO - 2025,PROGRAMA_ACÁDEMICO,NIVEL_DESEMPEÑO_PRUEBA,118,1,3.0,CARIBE,16.0,MAGDALENA,661.0,SANTA MARTA,9065.0,UNIVERSIDAD COOPERATIVA DE COLOMBIA,9137.0,UNIVERSIDAD COOPERATIVA DE COLOMBIA-SANTA MARTA,14.0,MEDICINA,45.0,MEDICINA,571.0,MEDICINA,ATENCIÓN EN SALUD,34.0,,,,,25.0,34.0,38.0,3.0,,,,2025
SABER PRO - 2025,PROGRAMA_ACÁDEMICO,NIVEL_DESEMPEÑO_PRUEBA,116,1,3.0,CARIBE,16.0,MAGDALENA,661.0,SANTA MARTA,9065.0,UNIVERSIDAD COOPERATIVA DE COLOMBIA,9137.0,UNIVERSIDAD COOPERATIVA DE COLOMBIA-SANTA MARTA,14.0,MEDICINA,45.0,MEDICINA,4281.0,MEDICINA,ATENCIÓN EN SALUD,34.0,,,,,22.0,31.0,41.0,6.0,,,,2025
SABER PRO - 2025,PROGRAMA_ACÁDEMICO,NIVEL_DESEMPEÑO_PRUEBA,54,1,3.0,CARIBE,16.0,MAGDALENA,661.0,SANTA MARTA,9065.0,UNIVERSIDAD COOPERATIVA DE COLOMBIA,9137.0,UNIVERSIDAD COOPERATIVA DE COLOMBIA-SANTA MARTA,14.0,MEDICINA,45.0,MEDICINA,6517.0,MEDICINA,PROMOCIÓN DE LA SALUD Y PREVENCIÓN DE LA ENFERMEDAD,34.0,,,,,15.0,22.0,52.0,11.0,,,,2025
SABER PRO - 2025,PROGRAMA_ACÁDEMICO,NIVEL_DESEMPEÑO_PRUEBA,116,1,3.0,CARIBE,16.0,MAGDALENA,661.0,SANTA MARTA,9065.0,UNIVERSIDAD COOPERATIVA DE COLOMBIA,9137.0,UNIVERSIDAD COOPERATIVA DE COLOMBIA-SANTA MARTA,14.0,MEDICINA,45.0,MEDICINA,4281.0,MEDICINA,RAZONAMIENTO CUANTITATIVO,1.0,,,,,13.0,47.0,41.0,0.0,,,,2025
SABER PRO - 2025,PROGRAMA_ACÁDEMICO,NIVEL_DESEMPEÑO_PRUEBA,107,1,3.0,CARIBE,16.0,MAGDALENA,661.0,SANTA MARTA,9065.0,UNIVERSIDAD COOPERATIVA DE COLOMBIA,9137.0,UNIVERSIDAD COOPERATIVA DE COLOMBIA-SANTA MARTA,14.0,MEDICINA,45.0,MEDICINA,6517.0,MEDICINA,INGLÉS,1.0,,,,,6.0,50.0,39.0,6.0,,,,2025
SABER PRO - 2025,PROGRAMA_ACÁDEMICO,NIVEL_DESEMPEÑO_PRUEBA,121,1,3.0,CARIBE,16.0,MAGDALENA,661.0,SANTA MARTA,9065.0,UNIVERSIDAD COOPERATIVA DE COLOMBIA,9137.0,UNIVERSIDAD COOPERATIVA DE COLOMBIA-SANTA MARTA,14.0,MEDICINA,45.0,MEDICINA,571.0,MEDICINA,COMUNICACIÓN ESCRITA,1.0,,,,,6.0,42.0,47.0,5.0,,,,2025
SABER PRO - 2025,PROGRAMA_ACÁDEMICO,NIVEL_DESEMPEÑO_PRUEBA,54,1,3.0,CARIBE,16.0,MAGDALENA,661.0,SANTA MARTA,9065.0,UNIVERSIDAD COOPERATIVA DE COLOMBIA,9137.0,UNIVERSIDAD COOPERATIVA DE COLOMBIA-SANTA MARTA,14.0,MEDICINA,45.0,MEDICINA,6517.0,MEDICINA,FUNDAMENTACIÓN EN DIAGNÓSTICO Y TRATAMIENTO MÉDICOS,34.0,,,,,54.0,31.0,11.0,4.0,,,,2025
SABER PRO - 2025,PROGRAMA_ACÁDEMICO,NIVEL_DESEMPEÑO_PRUEBA,114,1,3.0,CARIBE,16.0,MAGDALENA,661.0,SANTA MARTA,9065.0,UNIVERSIDAD COOPERATIVA DE COLOMBIA,9137.0,UNIVERSIDAD COOPERATIVA DE COLOMBIA-SANTA MARTA,14.0,MEDICINA,45.0,MEDICINA,4281.0,MEDICINA,COMUNICACIÓN ESCRITA,1.0,,,,,6.0,41.0,40.0,12.0,,,,2025
SABER PRO - 2025,PROGRAMA_ACÁDEMICO,NIVEL_DESEMPEÑO_PRUEBA,122,1,3.0,CARIBE,16.0,MAGDALENA,661.0,SANTA MARTA,9065.0,UNIVERSIDAD COOPERATIVA DE COLOMBIA,9137.0,UNIVERSIDAD COOPERATIVA DE COLOMBIA-SANTA MARTA,14.0,MEDICINA,45.0,MEDICINA,571.0,MEDICINA,LECTURA CRÍTICA,1.0,,,,,13.0,36.0,48.0,3.0,,,,2025
SABER PRO - 2025,PROGRAMA_ACÁDEMICO,NIVEL_DESEMPEÑO_PRUEBA,116,1,3.0,CARIBE,16.0,MAGDALENA,661.0,SANTA MARTA,9065.0,UNIVERSIDAD COOPERATIVA DE COLOMBIA,9137.0,UNIVERSIDAD COOPERATIVA DE COLOMBIA-SANTA MARTA,14.0,MEDICINA,45.0,MEDICINA,4281.0,MEDICINA,INGLÉS,1.0,,,,,4.0,57.0,28.0,10.0,,,,2025
SABER PRO - 2025,PROGRAMA_ACÁDEMICO,NIVEL_DESEMPEÑO_PRUEBA,107,1,3.0,CARIBE,16.0,MAGDALENA,661.0,SANTA MARTA,9065.0,UNIVERSIDAD COOPERATIVA DE COLOMBIA,9137.0,UNIVERSIDAD COOPERATIVA DE COLOMBIA-SANTA MARTA,14.0,MEDICINA,45.0,MEDICINA,6517.0,MEDICINA,RAZONAMIENTO CUANTITATIVO,1.0,,,,,10.0,35.0,54.0,1.0,,,,2025
SABER PRO - 2025,PROGRAMA_ACÁDEMICO,NIVEL_DESEMPEÑO_PRUEBA,54,1,3.0,CARIBE,16.0,MAGDALENA,661.0,SANTA MARTA,9065.0,UNIVERSIDAD COOPERATIVA DE COLOMBIA,9137.0,UNIVERSIDAD COOPERATIVA DE COLOMBIA-SANTA MARTA,14.0,MEDICINA,45.0,MEDICINA,6517.0,MEDICINA,ATENCIÓN EN SALUD,34.0,,,,,20.0,37.0,35.0,7.0,,,,2025
SABER PRO - 2025,PROGRAMA_ACÁDEMICO,NIVEL_DESEMPEÑO_PRUEBA,107,1,3.0,CARIBE,16.0,MAGDALENA,661.0,SANTA MARTA,9065.0,UNIVERSIDAD COOPERATIVA DE COLOMBIA,9137.0,UNIVERSIDAD COOPERATIVA DE COLOMBIA-SANTA MARTA,14.0,MEDICINA,45.0,MEDICINA,6517.0,MEDICINA,LECTURA CRÍTICA,1.0,,,,,9.0,29.0,60.0,2.0,,,,2025
SABER PRO - 2025,PROGRAMA_ACÁDEMICO,NIVEL_DESEMPEÑO_PRUEBA,122,1,3.0,CARIBE,16.0,MAGDALENA,661.0,SANTA MARTA,9065.0,UNIVERSIDAD COOPERATIVA DE COLOMBIA,9137.0,UNIVERSIDAD COOPERATIVA DE COLOMBIA-SANTA MARTA,14.0,MEDICINA,45.0,MEDICINA,571.0,MEDICINA,COMPETENCIAS CIUDADANAS,1.0,,,,,22.0,39.0,38.0,2.0,,,,2025
SABER PRO - 2025,PROGRAMA_ACÁDEMICO,NIVEL_DESEMPEÑO_PRUEBA,122,1,3.0,CARIBE,16.0,MAGDALENA,661.0,SANTA MARTA,9065.0,UNIVERSIDAD COOPERATIVA DE COLOMBIA,9137.0,UNIVERSIDAD COOPERATIVA DE COLOMBIA-SANTA MARTA,14.0,MEDICINA,45.0,MEDICINA,571.0,MEDICINA,INGLÉS,1.0,,,,,7.0,50.0,36.0,7.0,,,,2025
SABER PRO - 2025,PROGRAMA_ACÁDEMICO,NIVEL_DESEMPEÑO_PRUEBA,118,1,3.0,CARIBE,16.0,MAGDALENA,661.0,SANTA MARTA,9065.0,UNIVERSIDAD COOPERATIVA DE COLOMBIA,9137.0,UNIVERSIDAD COOPERATIVA DE COLOMBIA-SANTA MARTA,14.0,MEDICINA,45.0,MEDICINA,571.0,MEDICINA,PROMOCIÓN DE LA SALUD Y PREVENCIÓN DE LA ENFERMEDAD,34.0,,,,,22.0,28.0,47.0,3.0,,,,2025
SABER PRO - 2025,PROGRAMA_ACÁDEMICO,NIVEL_DESEMPEÑO_PRUEBA,116,1,3.0,CARIBE,16.0,MAGDALENA,661.0,SANTA MARTA,9065.0,UNIVERSIDAD COOPERATIVA DE COLOMBIA,9137.0,UNIVERSIDAD COOPERATIVA DE COLOMBIA-SANTA MARTA,14.0,MEDICINA,45.0,MEDICINA,4281.0,MEDICINA,PROMOCIÓN DE LA SALUD Y PREVENCIÓN DE LA ENFERMEDAD,34.0,,,,,16.0,31.0,50.0,3.0,,,,2025
SABER PRO - 2025,PROGRAMA_ACÁDEMICO,NIVEL_DESEMPEÑO_PRUEBA,116,1,3.0,CARIBE,16.0,MAGDALENA,661.0,SANTA MARTA,9065.0,UNIVERSIDAD COOPERATIVA DE COLOMBIA,9137.0,UNIVERSIDAD COOPERATIVA DE COLOMBIA-SANTA MARTA,14.0,MEDICINA,45.0,MEDICINA,4281.0,MEDICINA,FUNDAMENTACIÓN EN DIAGNÓSTICO Y TRATAMIENTO MÉDICOS,34.0,,,,,66.0,31.0,3.0,0.0,,,,2025
SABER PRO - 2025,PROGRAMA_ACÁDEMICO,NIVEL_DESEMPEÑO_PRUEBA,122,1,3.0,CARIBE,16.0,MAGDALENA,661.0,SANTA MARTA,9065.0,UNIVERSIDAD COOPERATIVA DE COLOMBIA,9137.0,UNIVERSIDAD COOPERATIVA DE COLOMBIA-SANTA MARTA,14.0,MEDICINA,45.0,MEDICINA,571.0,MEDICINA,RAZONAMIENTO CUANTITATIVO,1.0,,,,,23.0,33.0,44.0,0.0,,,,2025
SABER PRO - 2025,PROGRAMA_ACÁDEMICO,NIVEL_DESEMPEÑO_PRUEBA,106,1,3.0,CARIBE,16.0,MAGDALENA,661.0,SANTA MARTA,9065.0,UNIVERSIDAD COOPERATIVA DE COLOMBIA,9137.0,UNIVERSIDAD COOPERATIVA DE COLOMBIA-SANTA MARTA,14.0,MEDICINA,45.0,MEDICINA,6517.0,MEDICINA,COMUNICACIÓN ESCRITA,1.0,,,,,2.0,36.0,46.0,16.0,,,,2025
SABER PRO - 2025,PROGRAMA_ACÁDEMICO,NIVEL_DESEMPEÑO_PRUEBA,107,1,3.0,CARIBE,16.0,MAGDALENA,661.0,SANTA MARTA,9065.0,UNIVERSIDAD COOPERATIVA DE COLOMBIA,9137.0,UNIVERSIDAD COOPERATIVA DE COLOMBIA-SANTA MARTA,14.0,MEDICINA,45.0,MEDICINA,6517.0,MEDICINA,COMPETENCIAS CIUDADANAS,1.0,,,,,13.0,35.0,47.0,6.0,,,,2025
SABER PRO - 2025,PROGRAMA_ACÁDEMICO,NIVEL_DESEMPEÑO_PRUEBA,116,1,3.0,CARIBE,16.0,MAGDALENA,661.0,SANTA MARTA,9065.0,UNIVERSIDAD COOPERATIVA DE COLOMBIA,9137.0,UNIVERSIDAD COOPERATIVA DE COLOMBIA-SANTA MARTA,14.0,MEDICINA,45.0,MEDICINA,4281.0,MEDICINA,COMPETENCIAS CIUDADANAS,1.0,,,,,16.0,36.0,47.0,2.0,,,,2025
SABER PRO - 2025,PROGRAMA_ACÁDEMICO,NIVEL_DESEMPEÑO_PRUEBA,118,1,3.0,CARIBE,16.0,MAGDALENA,661.0,SANTA MARTA,9065.0,UNIVERSIDAD COOPERATIVA DE COLOMBIA,9137.0,UNIVERSIDAD COOPERATIVA DE COLOMBIA-SANTA MARTA,14.0,MEDICINA,45.0,MEDICINA,571.0,MEDICINA,FUNDAMENTACIÓN EN DIAGNÓSTICO Y TRATAMIENTO MÉDICOS,34.0,,,,,63.0,30.0,8.0,0.0,,,,2025
SABER PRO - 2025,PROGRAMA_ACÁDEMICO,NIVEL_DESEMPEÑO_PRUEBA,116,1,3.0,CARIBE,16.0,MAGDALENA,661.0,SANTA MARTA,9065.0,UNIVERSIDAD COOPERATIVA DE COLOMBIA,9137.0,UNIVERSIDAD COOPERATIVA DE COLOMBIA-SANTA MARTA,14.0,MEDICINA,45.0,MEDICINA,4281.0,MEDICINA,LECTURA CRÍTICA,1.0,,,,,5.0,33.0,61.0,1.0,,,,2025
SABER PRO - 2025,PROGRAMA_ACÁDEMICO,NIVEL_DESEMPEÑO_PRUEBA,74,1,3.0,CARIBE,16.0,MAGDALENA,661.0,SANTA MARTA,9139.0,UNIVERSIDAD DEL MAGDALENA,9139.0,UNIVERSIDAD DEL MAGDALENA - UNIMAGDALENA-SANTA MARTA,14.0,MEDICINA,45.0,MEDICINA,3150.0,MEDICINA,PROMOCIÓN DE LA SALUD Y PREVENCIÓN DE LA ENFERMEDAD,34.0,,,,,7.0,12.0,50.0,31.0,,,,2025
SABER PRO - 2025,PROGRAMA_ACÁDEMICO,NIVEL_DESEMPEÑO_PRUEBA,74,1,3.0,CARIBE,16.0,MAGDALENA,661.0,SANTA MARTA,9139.0,UNIVERSIDAD DEL MAGDALENA,9139.0,UNIVERSIDAD DEL MAGDALENA - UNIMAGDALENA-SANTA MARTA,14.0,MEDICINA,45.0,MEDICINA,3150.0,MEDICINA,COMPETENCIAS CIUDADANAS,1.0,,,,,5.0,14.0,58.0,23.0,,,,2025
SABER PRO - 2025,PROGRAMA_ACÁDEMICO,NIVEL_DESEMPEÑO_PRUEBA,74,1,3.0,CARIBE,16.0,MAGDALENA,661.0,SANTA MARTA,9139.0,UNIVERSIDAD DEL MAGDALENA,9139.0,UNIVERSIDAD DEL MAGDALENA - UNIMAGDALENA-SANTA MARTA,14.0,MEDICINA,45.0,MEDICINA,3150.0,MEDICINA,INGLÉS,1.0,,,,,3.0,27.0,36.0,34.0,,,,2025
SABER PRO - 2025,PROGRAMA_ACÁDEMICO,NIVEL_DESEMPEÑO_PRUEBA,74,1,3.0,CARIBE,16.0,MAGDALENA,661.0,SANTA MARTA,9139.0,UNIVERSIDAD DEL MAGDALENA,9139.0,UNIVERSIDAD DEL MAGDALENA - UNIMAGDALENA-SANTA MARTA,14.0,MEDICINA,45.0,MEDICINA,3150.0,MEDICINA,LECTURA CRÍTICA,1.0,,,,,3.0,16.0,64.0,18.0,,,,2025
SABER PRO - 2025,PROGRAMA_ACÁDEMICO,NIVEL_DESEMPEÑO_PRUEBA,74,1,3.0,CARIBE,16.0,MAGDALENA,661.0,SANTA MARTA,9139.0,UNIVERSIDAD DEL MAGDALENA,9139.0,UNIVERSIDAD DEL MAGDALENA - UNIMAGDALENA-SANTA MARTA,14.0,MEDICINA,45.0,MEDICINA,3150.0,MEDICINA,ATENCIÓN EN SALUD,34.0,,,,,5.0,16.0,43.0,35.0,,,,2025
SABER PRO - 2025,PROGRAMA_ACÁDEMICO,NIVEL_DESEMPEÑO_PRUEBA,74,1,3.0,CARIBE,16.0,MAGDALENA,661.0,SANTA MARTA,9139.0,UNIVERSIDAD DEL MAGDALENA,9139.0,UNIVERSIDAD DEL MAGDALENA - UNIMAGDALENA-SANTA MARTA,14.0,MEDICINA,45.0,MEDICINA,3150.0,MEDICINA,RAZONAMIENTO CUANTITATIVO,1.0,,,,,5.0,26.0,61.0,8.0,,,,2025
SABER PRO - 2025,PROGRAMA_ACÁDEMICO,NIVEL_DESEMPEÑO_PRUEBA,74,1,3.0,CARIBE,16.0,MAGDALENA,661.0,SANTA MARTA,9139.0,UNIVERSIDAD DEL MAGDALENA,9139.0,UNIVERSIDAD DEL MAGDALENA - UNIMAGDALENA-SANTA MARTA,14.0,MEDICINA,45.0,MEDICINA,3150.0,MEDICINA,COMUNICACIÓN ESCRITA,1.0,,,,,1.0,22.0,65.0,12.0,,,,2025
SABER PRO - 2025,PROGRAMA_ACÁDEMICO,NIVEL_DESEMPEÑO_PRUEBA,74,1,3.0,CARIBE,16.0,MAGDALENA,661.0,SANTA MARTA,9139.0,UNIVERSIDAD DEL MAGDALENA,9139.0,UNIVERSIDAD DEL MAGDALENA - UNIMAGDALENA-SANTA MARTA,14.0,MEDICINA,45.0,MEDICINA,3150.0,MEDICINA,FUNDAMENTACIÓN EN DIAGNÓSTICO Y TRATAMIENTO MÉDICOS,34.0,,,,,31.0,42.0,23.0,4.0,,,,2025
SABER PRO - 2025,PROGRAMA_ACÁDEMICO,NIVEL_DESEMPEÑO_PRUEBA,35,1,3.0,CARIBE,23.0,SUCRE,937.0,SINCELEJO,9188.0,UNIVERSIDAD DE SUCRE,9188.0,UNIVERSIDAD DE SUCRE-SINCELEJO,14.0,MEDICINA,45.0,MEDICINA,7099.0,MEDICINA,RAZONAMIENTO CUANTITATIVO,1.0,,,,,0.0,6.0,80.0,14.0,,,,2025
SABER PRO - 2025,PROGRAMA_ACÁDEMICO,NIVEL_DESEMPEÑO_PRUEBA,35,1,3.0,CARIBE,23.0,SUCRE,937.0,SINCELEJO,9188.0,UNIVERSIDAD DE SUCRE,9188.0,UNIVERSIDAD DE SUCRE-SINCELEJO,14.0,MEDICINA,45.0,MEDICINA,7099.0,MEDICINA,LECTURA CRÍTICA,1.0,,,,,0.0,3.0,83.0,14.0,,,,2025
SABER PRO - 2025,PROGRAMA_ACÁDEMICO,NIVEL_DESEMPEÑO_PRUEBA,35,1,3.0,CARIBE,23.0,SUCRE,937.0,SINCELEJO,9188.0,UNIVERSIDAD DE SUCRE,9188.0,UNIVERSIDAD DE SUCRE-SINCELEJO,14.0,MEDICINA,45.0,MEDICINA,7099.0,MEDICINA,PROMOCIÓN DE LA SALUD Y PREVENCIÓN DE LA ENFERMEDAD,34.0,,,,,3.0,9.0,74.0,14.0,,,,2025
SABER PRO - 2025,PROGRAMA_ACÁDEMICO,NIVEL_DESEMPEÑO_PRUEBA,35,1,3.0,CARIBE,23.0,SUCRE,937.0,SINCELEJO,9188.0,UNIVERSIDAD DE SUCRE,9188.0,UNIVERSIDAD DE SUCRE-SINCELEJO,14.0,MEDICINA,45.0,MEDICINA,7099.0,MEDICINA,ATENCIÓN EN SALUD,34.0,,,,,0.0,17.0,54.0,29.0,,,,2025
SABER PRO - 2025,PROGRAMA_ACÁDEMICO,NIVEL_DESEMPEÑO_PRUEBA,35,1,3.0,CARIBE,23.0,SUCRE,937.0,SINCELEJO,9188.0,UNIVERSIDAD DE SUCRE,9188.0,UNIVERSIDAD DE SUCRE-SINCELEJO,14.0,MEDICINA,45.0,MEDICINA,7099.0,MEDICINA,COMUNICACIÓN ESCRITA,1.0,,,,,3.0,26.0,51.0,20.0,,,,2025
SABER PRO - 2025,PROGRAMA_ACÁDEMICO,NIVEL_DESEMPEÑO_PRUEBA,35,1,3.0,CARIBE,23.0,SUCRE,937.0,SINCELEJO,9188.0,UNIVERSIDAD DE SUCRE,9188.0,UNIVERSIDAD DE SUCRE-SINCELEJO,14.0,MEDICINA,45.0,MEDICINA,7099.0,MEDICINA,FUNDAMENTACIÓN EN DIAGNÓSTICO Y TRATAMIENTO MÉDICOS,34.0,,,,,26.0,51.0,23.0,0.0,,,,2025
SABER PRO - 2025,PROGRAMA_ACÁDEMICO,NIVEL_DESEMPEÑO_PRUEBA,35,1,3.0,CARIBE,23.0,SUCRE,937.0,SINCELEJO,9188.0,UNIVERSIDAD DE SUCRE,9188.0,UNIVERSIDAD DE SUCRE-SINCELEJO,14.0,MEDICINA,45.0,MEDICINA,7099.0,MEDICINA,COMPETENCIAS CIUDADANAS,1.0,,,,,9.0,17.0,66.0,9.0,,,,2025
SABER PRO - 2025,PROGRAMA_ACÁDEMICO,NIVEL_DESEMPEÑO_PRUEBA,35,1,3.0,CARIBE,23.0,SUCRE,937.0,SINCELEJO,9188.0,UNIVERSIDAD DE SUCRE,9188.0,UNIVERSIDAD DE SUCRE-SINCELEJO,14.0,MEDICINA,45.0,MEDICINA,7099.0,MEDICINA,INGLÉS,1.0,,,,,3.0,43.0,26.0,29.0,,,,2025
SABER PRO - 2025,PROGRAMA_ACÁDEMICO,NIVEL_DESEMPEÑO_PRUEBA,61,1,6.0,PACÍFICA,9.0,CAUCA,365.0,POPAYÁN,9106.0,UNIVERSIDAD DEL CAUCA,9106.0,UNIVERSIDAD DEL CAUCA-POPAYAN,14.0,MEDICINA,45.0,MEDICINA,6655.0,MEDICINA,COMUNICACIÓN ESCRITA,1.0,,,,,0.0,26.0,52.0,21.0,,,,2025
SABER PRO - 2025,PROGRAMA_ACÁDEMICO,NIVEL_DESEMPEÑO_PRUEBA,61,1,6.0,PACÍFICA,9.0,CAUCA,365.0,POPAYÁN,9106.0,UNIVERSIDAD DEL CAUCA,9106.0,UNIVERSIDAD DEL CAUCA-POPAYAN,14.0,MEDICINA,45.0,MEDICINA,6655.0,MEDICINA,COMPETENCIAS CIUDADANAS,1.0,,,,,7.0,13.0,59.0,21.0,,,,2025
SABER PRO - 2025,PROGRAMA_ACÁDEMICO,NIVEL_DESEMPEÑO_PRUEBA,61,1,6.0,PACÍFICA,9.0,CAUCA,365.0,POPAYÁN,9106.0,UNIVERSIDAD DEL CAUCA,9106.0,UNIVERSIDAD DEL CAUCA-POPAYAN,14.0,MEDICINA,45.0,MEDICINA,6655.0,MEDICINA,RAZONAMIENTO CUANTITATIVO,1.0,,,,,5.0,10.0,67.0,18.0,,,,2025
SABER PRO - 2025,PROGRAMA_ACÁDEMICO,NIVEL_DESEMPEÑO_PRUEBA,61,1,6.0,PACÍFICA,9.0,CAUCA,365.0,POPAYÁN,9106.0,UNIVERSIDAD DEL CAUCA,9106.0,UNIVERSIDAD DEL CAUCA-POPAYAN,14.0,MEDICINA,45.0,MEDICINA,6655.0,MEDICINA,INGLÉS,1.0,,,,,2.0,28.0,52.0,18.0,,,,2025
SABER PRO - 2025,PROGRAMA_ACÁDEMICO,NIVEL_DESEMPEÑO_PRUEBA,61,1,6.0,PACÍFICA,9.0,CAUCA,365.0,POPAYÁN,9106.0,UNIVERSIDAD DEL CAUCA,9106.0,UNIVERSIDAD DEL CAUCA-POPAYAN,14.0,MEDICINA,45.0,MEDICINA,6655.0,MEDICINA,LECTURA CRÍTICA,1.0,,,,,0.0,20.0,64.0,16.0,,,,2025
SABER PRO - 2025,PROGRAMA_ACÁDEMICO,NIVEL_DESEMPEÑO_PRUEBA,32,1,6.0,PACÍFICA,18.0,NARIÑO,720.0,PASTO,9146.0,UNIVERSIDAD DE NARIÑO,9146.0,UNIVERSIDAD DE NARIÑO-PASTO,14.0,MEDICINA,45.0,MEDICINA,1513.0,MEDICINA,COMUNICACIÓN ESCRITA,1.0,,,,,0.0,19.0,59.0,22.0,,,,2025
SABER PRO - 2025,PROGRAMA_ACÁDEMICO,NIVEL_DESEMPEÑO_PRUEBA,33,1,6.0,PACÍFICA,18.0,NARIÑO,720.0,PASTO,9146.0,UNIVERSIDAD DE NARIÑO,9146.0,UNIVERSIDAD DE NARIÑO-PASTO,14.0,MEDICINA,45.0,MEDICINA,1513.0,MEDICINA,COMPETENCIAS CIUDADANAS,1.0,,,,,12.0,30.0,52.0,6.0,,,,2025
SABER PRO - 2025,PROGRAMA_ACÁDEMICO,NIVEL_DESEMPEÑO_PRUEBA,33,1,6.0,PACÍFICA,18.0,NARIÑO,720.0,PASTO,9146.0,UNIVERSIDAD DE NARIÑO,9146.0,UNIVERSIDAD DE NARIÑO-PASTO,14.0,MEDICINA,45.0,MEDICINA,1513.0,MEDICINA,ATENCIÓN EN SALUD,34.0,,,,,24.0,30.0,21.0,24.0,,,,2025
SABER PRO - 2025,PROGRAMA_ACÁDEMICO,NIVEL_DESEMPEÑO_PRUEBA,33,1,6.0,PACÍFICA,18.0,NARIÑO,720.0,PASTO,9146.0,UNIVERSIDAD DE NARIÑO,9146.0,UNIVERSIDAD DE NARIÑO-PASTO,14.0,MEDICINA,45.0,MEDICINA,1513.0,MEDICINA,FUNDAMENTACIÓN EN DIAGNÓSTICO Y TRATAMIENTO MÉDICOS,34.0,,,,,48.0,39.0,9.0,3.0,,,,2025
SABER PRO - 2025,PROGRAMA_ACÁDEMICO,NIVEL_DESEMPEÑO_PRUEBA,33,1,6.0,PACÍFICA,18.0,NARIÑO,720.0,PASTO,9146.0,UNIVERSIDAD DE NARIÑO,9146.0,UNIVERSIDAD DE NARIÑO-PASTO,14.0,MEDICINA,45.0,MEDICINA,1513.0,MEDICINA,PROMOCIÓN DE LA SALUD Y PREVENCIÓN DE LA ENFERMEDAD,34.0,,,,,18.0,21.0,48.0,12.0,,,,2025
SABER PRO - 2025,PROGRAMA_ACÁDEMICO,NIVEL_DESEMPEÑO_PRUEBA,33,1,6.0,PACÍFICA,18.0,NARIÑO,720.0,PASTO,9146.0,UNIVERSIDAD DE NARIÑO,9146.0,UNIVERSIDAD DE NARIÑO-PASTO,14.0,MEDICINA,45.0,MEDICINA,1513.0,MEDICINA,RAZONAMIENTO CUANTITATIVO,1.0,,,,,21.0,24.0,52.0,3.0,,,,2025
SABER PRO - 2025,PROGRAMA_ACÁDEMICO,NIVEL_DESEMPEÑO_PRUEBA,33,1,6.0,PACÍFICA,18.0,NARIÑO,720.0,PASTO,9146.0,UNIVERSIDAD DE NARIÑO,9146.0,UNIVERSIDAD DE NARIÑO-PASTO,14.0,MEDICINA,45.0,MEDICINA,1513.0,MEDICINA,INGLÉS,1.0,,,,,9.0,52.0,33.0,6.0,,,,2025
SABER PRO - 2025,PROGRAMA_ACÁDEMICO,NIVEL_DESEMPEÑO_PRUEBA,33,1,6.0,PACÍFICA,18.0,NARIÑO,720.0,PASTO,9146.0,UNIVERSIDAD DE NARIÑO,9146.0,UNIVERSIDAD DE NARIÑO-PASTO,14.0,MEDICINA,45.0,MEDICINA,1513.0,MEDICINA,LECTURA CRÍTICA,1.0,,,,,9.0,24.0,61.0,6.0,,,,2025
SABER PRO - 2025,PROGRAMA_ACÁDEMICO,NIVEL_DESEMPEÑO_PRUEBA,153,1,6.0,PACÍFICA,25.0,VALLE,1010.0,CALI,8985.0,UNIVERSIDAD LIBRE,9203.0,UNIVERSIDAD LIBRE-CALI,14.0,MEDICINA,45.0,MEDICINA,2768.0,MEDICINA,COMPETENCIAS CIUDADANAS,1.0,,,,,7.0,23.0,64.0,6.0,,,,2025
SABER PRO - 2025,PROGRAMA_ACÁDEMICO,NIVEL_DESEMPEÑO_PRUEBA,152,1,6.0,PACÍFICA,25.0,VALLE,1010.0,CALI,8985.0,UNIVERSIDAD LIBRE,9203.0,UNIVERSIDAD LIBRE-CALI,14.0,MEDICINA,45.0,MEDICINA,2768.0,MEDICINA,COMUNICACIÓN ESCRITA,1.0,,,,,6.0,36.0,43.0,16.0,,,,2025
SABER PRO - 2025,PROGRAMA_ACÁDEMICO,NIVEL_DESEMPEÑO_PRUEBA,153,1,6.0,PACÍFICA,25.0,VALLE,1010.0,CALI,8985.0,UNIVERSIDAD LIBRE,9203.0,UNIVERSIDAD LIBRE-CALI,14.0,MEDICINA,45.0,MEDICINA,2768.0,MEDICINA,INGLÉS,1.0,,,,,1.0,27.0,44.0,28.0,,,,2025
SABER PRO - 2025,PROGRAMA_ACÁDEMICO,NIVEL_DESEMPEÑO_PRUEBA,153,1,6.0,PACÍFICA,25.0,VALLE,1010.0,CALI,8985.0,UNIVERSIDAD LIBRE,9203.0,UNIVERSIDAD LIBRE-CALI,14.0,MEDICINA,45.0,MEDICINA,2768.0,MEDICINA,LECTURA CRÍTICA,1.0,,,,,3.0,22.0,69.0,7.0,,,,2025
SABER PRO - 2025,PROGRAMA_ACÁDEMICO,NIVEL_DESEMPEÑO_PRUEBA,153,1,6.0,PACÍFICA,25.0,VALLE,1010.0,CALI,8985.0,UNIVERSIDAD LIBRE,9203.0,UNIVERSIDAD LIBRE-CALI,14.0,MEDICINA,45.0,MEDICINA,2768.0,MEDICINA,RAZONAMIENTO CUANTITATIVO,1.0,,,,,4.0,29.0,65.0,3.0,,,,2025
SABER PRO - 2025,PROGRAMA_ACÁDEMICO,NIVEL_DESEMPEÑO_PRUEBA,91,1,6.0,PACÍFICA,25.0,VALLE,1010.0,CALI,9006.0,PONTIFICIA UNIVERSIDAD JAVERIANA,9209.0,PONTIFICIA UNIVERSIDAD JAVERIANA-CALI,14.0,MEDICINA,45.0,MEDICINA,4976.0,MEDICINA,COMPETENCIAS CIUDADANAS,1.0,,,,,4.0,18.0,60.0,18.0,,,,2025
SABER PRO - 2025,PROGRAMA_ACÁDEMICO,NIVEL_DESEMPEÑO_PRUEBA,43,1,6.0,PACÍFICA,25.0,VALLE,1010.0,CALI,9006.0,PONTIFICIA UNIVERSIDAD JAVERIANA,9209.0,PONTIFICIA UNIVERSIDAD JAVERIANA-CALI,14.0,MEDICINA,45.0,MEDICINA,4976.0,MEDICINA,PROMOCIÓN DE LA SALUD Y PREVENCIÓN DE LA ENFERMEDAD,34.0,,,,,9.0,14.0,67.0,9.0,,,,2025
SABER PRO - 2025,PROGRAMA_ACÁDEMICO,NIVEL_DESEMPEÑO_PRUEBA,91,1,6.0,PACÍFICA,25.0,VALLE,1010.0,CALI,9006.0,PONTIFICIA UNIVERSIDAD JAVERIANA,9209.0,PONTIFICIA UNIVERSIDAD JAVERIANA-CALI,14.0,MEDICINA,45.0,MEDICINA,4976.0,MEDICINA,RAZONAMIENTO CUANTITATIVO,1.0,,,,,4.0,22.0,64.0,10.0,,,,2025
SABER PRO - 2025,PROGRAMA_ACÁDEMICO,NIVEL_DESEMPEÑO_PRUEBA,43,1,6.0,PACÍFICA,25.0,VALLE,1010.0,CALI,9006.0,PONTIFICIA UNIVERSIDAD JAVERIANA,9209.0,PONTIFICIA UNIVERSIDAD JAVERIANA-CALI,14.0,MEDICINA,45.0,MEDICINA,4976.0,MEDICINA,FUNDAMENTACIÓN EN DIAGNÓSTICO Y TRATAMIENTO MÉDICOS,34.0,,,,,37.0,42.0,21.0,0.0,,,,2025
SABER PRO - 2025,PROGRAMA_ACÁDEMICO,NIVEL_DESEMPEÑO_PRUEBA,91,1,6.0,PACÍFICA,25.0,VALLE,1010.0,CALI,9006.0,PONTIFICIA UNIVERSIDAD JAVERIANA,9209.0,PONTIFICIA UNIVERSIDAD JAVERIANA-CALI,14.0,MEDICINA,45.0,MEDICINA,4976.0,MEDICINA,INGLÉS,1.0,,,,,1.0,5.0,30.0,64.0,,,,2025
SABER PRO - 2025,PROGRAMA_ACÁDEMICO,NIVEL_DESEMPEÑO_PRUEBA,91,1,6.0,PACÍFICA,25.0,VALLE,1010.0,CALI,9006.0,PONTIFICIA UNIVERSIDAD JAVERIANA,9209.0,PONTIFICIA UNIVERSIDAD JAVERIANA-CALI,14.0,MEDICINA,45.0,MEDICINA,4976.0,MEDICINA,LECTURA CRÍTICA,1.0,,,,,0.0,13.0,67.0,20.0,,,,2025
SABER PRO - 2025,PROGRAMA_ACÁDEMICO,NIVEL_DESEMPEÑO_PRUEBA,43,1,6.0,PACÍFICA,25.0,VALLE,1010.0,CALI,9006.0,PONTIFICIA UNIVERSIDAD JAVERIANA,9209.0,PONTIFICIA UNIVERSIDAD JAVERIANA-CALI,14.0,MEDICINA,45.0,MEDICINA,4976.0,MEDICINA,ATENCIÓN EN SALUD,34.0,,,,,0.0,16.0,58.0,26.0,,,,2025
SABER PRO - 2025,PROGRAMA_ACÁDEMICO,NIVEL_DESEMPEÑO_PRUEBA,91,1,6.0,PACÍFICA,25.0,VALLE,1010.0,CALI,9006.0,PONTIFICIA UNIVERSIDAD JAVERIANA,9209.0,PONTIFICIA UNIVERSIDAD JAVERIANA-CALI,14.0,MEDICINA,45.0,MEDICINA,4976.0,MEDICINA,COMUNICACIÓN ESCRITA,1.0,,,,,2.0,19.0,56.0,23.0,,,,2025
SABER PRO - 2025,PROGRAMA_ACÁDEMICO,NIVEL_DESEMPEÑO_PRUEBA,70,1,6.0,PACÍFICA,25.0,VALLE,1010.0,CALI,9206.0,UNIVERSIDAD DEL VALLE,9206.0,UNIVERSIDAD DEL VALLE-CALI,14.0,MEDICINA,45.0,MEDICINA,6055.0,MEDICINA,COMPETENCIAS CIUDADANAS,1.0,,,,,7.0,16.0,46.0,31.0,,,,2025
SABER PRO - 2025,PROGRAMA_ACÁDEMICO,NIVEL_DESEMPEÑO_PRUEBA,70,1,6.0,PACÍFICA,25.0,VALLE,1010.0,CALI,9206.0,UNIVERSIDAD DEL VALLE,9206.0,UNIVERSIDAD DEL VALLE-CALI,14.0,MEDICINA,45.0,MEDICINA,6055.0,MEDICINA,RAZONAMIENTO CUANTITATIVO,1.0,,,,,3.0,20.0,60.0,17.0,,,,2025
SABER PRO - 2025,PROGRAMA_ACÁDEMICO,NIVEL_DESEMPEÑO_PRUEBA,70,1,6.0,PACÍFICA,25.0,VALLE,1010.0,CALI,9206.0,UNIVERSIDAD DEL VALLE,9206.0,UNIVERSIDAD DEL VALLE-CALI,14.0,MEDICINA,45.0,MEDICINA,6055.0,MEDICINA,ATENCIÓN EN SALUD,34.0,,,,,6.0,11.0,33.0,50.0,,,,2025
SABER PRO - 2025,PROGRAMA_ACÁDEMICO,NIVEL_DESEMPEÑO_PRUEBA,70,1,6.0,PACÍFICA,25.0,VALLE,1010.0,CALI,9206.0,UNIVERSIDAD DEL VALLE,9206.0,UNIVERSIDAD DEL VALLE-CALI,14.0,MEDICINA,45.0,MEDICINA,6055.0,MEDICINA,COMUNICACIÓN ESCRITA,1.0,,,,,1.0,29.0,41.0,29.0,,,,2025
SABER PRO - 2025,PROGRAMA_ACÁDEMICO,NIVEL_DESEMPEÑO_PRUEBA,70,1,6.0,PACÍFICA,25.0,VALLE,1010.0,CALI,9206.0,UNIVERSIDAD DEL VALLE,9206.0,UNIVERSIDAD DEL VALLE-CALI,14.0,MEDICINA,45.0,MEDICINA,6055.0,MEDICINA,PROMOCIÓN DE LA SALUD Y PREVENCIÓN DE LA ENFERMEDAD,34.0,,,,,10.0,10.0,46.0,34.0,,,,2025
SABER PRO - 2025,PROGRAMA_ACÁDEMICO,NIVEL_DESEMPEÑO_PRUEBA,70,1,6.0,PACÍFICA,25.0,VALLE,1010.0,CALI,9206.0,UNIVERSIDAD DEL VALLE,9206.0,UNIVERSIDAD DEL VALLE-CALI,14.0,MEDICINA,45.0,MEDICINA,6055.0,MEDICINA,LECTURA CRÍTICA,1.0,,,,,4.0,9.0,67.0,20.0,,,,2025
SABER PRO - 2025,PROGRAMA_ACÁDEMICO,NIVEL_DESEMPEÑO_PRUEBA,70,1,6.0,PACÍFICA,25.0,VALLE,1010.0,CALI,9206.0,UNIVERSIDAD DEL VALLE,9206.0,UNIVERSIDAD DEL VALLE-CALI,14.0,MEDICINA,45.0,MEDICINA,6055.0,MEDICINA,INGLÉS,1.0,,,,,7.0,27.0,39.0,27.0,,,,2025
SABER PRO - 2025,PROGRAMA_ACÁDEMICO,NIVEL_DESEMPEÑO_PRUEBA,70,1,6.0,PACÍFICA,25.0,VALLE,1010.0,CALI,9206.0,UNIVERSIDAD DEL VALLE,9206.0,UNIVERSIDAD DEL VALLE-CALI,14.0,MEDICINA,45.0,MEDICINA,6055.0,MEDICINA,FUNDAMENTACIÓN EN DIAGNÓSTICO Y TRATAMIENTO MÉDICOS,34.0,,,,,16.0,41.0,29.0,14.0,,,,2025
SABER PRO - 2025,PROGRAMA_ACÁDEMICO,NIVEL_DESEMPEÑO_PRUEBA,170,1,6.0,PACÍFICA,25.0,VALLE,1010.0,CALI,9224.0,UNIVERSIDAD ICESI,9224.0,UNIVERSIDAD ICESI-CALI,14.0,MEDICINA,45.0,MEDICINA,5829.0,MEDICINA,COMPETENCIAS CIUDADANAS,1.0,,,,,1.0,5.0,54.0,40.0,,,,2025
SABER PRO - 2025,PROGRAMA_ACÁDEMICO,NIVEL_DESEMPEÑO_PRUEBA,169,1,6.0,PACÍFICA,25.0,VALLE,1010.0,CALI,9224.0,UNIVERSIDAD ICESI,9224.0,UNIVERSIDAD ICESI-CALI,14.0,MEDICINA,45.0,MEDICINA,5829.0,MEDICINA,COMUNICACIÓN ESCRITA,1.0,,,,,1.0,17.0,51.0,31.0,,,,2025
SABER PRO - 2025,PROGRAMA_ACÁDEMICO,NIVEL_DESEMPEÑO_PRUEBA,49,1,6.0,PACÍFICA,25.0,VALLE,1010.0,CALI,9224.0,UNIVERSIDAD ICESI,9224.0,UNIVERSIDAD ICESI-CALI,14.0,MEDICINA,45.0,MEDICINA,5829.0,MEDICINA,PROMOCIÓN DE LA SALUD Y PREVENCIÓN DE LA ENFERMEDAD,34.0,,,,,0.0,4.0,73.0,22.0,,,,2025
SABER PRO - 2025,PROGRAMA_ACÁDEMICO,NIVEL_DESEMPEÑO_PRUEBA,170,1,6.0,PACÍFICA,25.0,VALLE,1010.0,CALI,9224.0,UNIVERSIDAD ICESI,9224.0,UNIVERSIDAD ICESI-CALI,14.0,MEDICINA,45.0,MEDICINA,5829.0,MEDICINA,LECTURA CRÍTICA,1.0,,,,,1.0,2.0,56.0,42.0,,,,2025
SABER PRO - 2025,PROGRAMA_ACÁDEMICO,NIVEL_DESEMPEÑO_PRUEBA,49,1,6.0,PACÍFICA,25.0,VALLE,1010.0,CALI,9224.0,UNIVERSIDAD ICESI,9224.0,UNIVERSIDAD ICESI-CALI,14.0,MEDICINA,45.0,MEDICINA,5829.0,MEDICINA,ATENCIÓN EN SALUD,34.0,,,,,0.0,10.0,41.0,49.0,,,,2025
SABER PRO - 2025,PROGRAMA_ACÁDEMICO,NIVEL_DESEMPEÑO_PRUEBA,49,1,6.0,PACÍFICA,25.0,VALLE,1010.0,CALI,9224.0,UNIVERSIDAD ICESI,9224.0,UNIVERSIDAD ICESI-CALI,14.0,MEDICINA,45.0,MEDICINA,5829.0,MEDICINA,FUNDAMENTACIÓN EN DIAGNÓSTICO Y TRATAMIENTO MÉDICOS,34.0,,,,,8.0,49.0,41.0,2.0,,,,2025
SABER PRO - 2025,PROGRAMA_ACÁDEMICO,NIVEL_DESEMPEÑO_PRUEBA,170,1,6.0,PACÍFICA,25.0,VALLE,1010.0,CALI,9224.0,UNIVERSIDAD ICESI,9224.0,UNIVERSIDAD ICESI-CALI,14.0,MEDICINA,45.0,MEDICINA,5829.0,MEDICINA,INGLÉS,1.0,,,,,0.0,2.0,26.0,72.0,,,,2025
SABER PRO - 2025,PROGRAMA_ACÁDEMICO,NIVEL_DESEMPEÑO_PRUEBA,170,1,6.0,PACÍFICA,25.0,VALLE,1010.0,CALI,9224.0,UNIVERSIDAD ICESI,9224.0,UNIVERSIDAD ICESI-CALI,14.0,MEDICINA,45.0,MEDICINA,5829.0,MEDICINA,RAZONAMIENTO CUANTITATIVO,1.0,,,,,0.0,6.0,84.0,10.0,,,,2025
SABER PRO - 2025,PROGRAMA_ACÁDEMICO,NIVEL_DESEMPEÑO_PRUEBA,1,1,6.0,PACÍFICA,25.0,VALLE,1010.0,CALI,9226.0,UNIVERSIDAD SANTIAGO DE CALI,9226.0,UNIVERSIDAD SANTIAGO DE CALI-CALI,14.0,MEDICINA,45.0,MEDICINA,2773.0,MEDICINA,COMUNICACIÓN ESCRITA,1.0,,,,,0.0,0.0,100.0,0.0,,,,2025
SABER PRO - 2025,PROGRAMA_ACÁDEMICO,NIVEL_DESEMPEÑO_PRUEBA,108,1,6.0,PACÍFICA,25.0,VALLE,1010.0,CALI,9226.0,UNIVERSIDAD SANTIAGO DE CALI,9226.0,UNIVERSIDAD SANTIAGO DE CALI-CALI,14.0,MEDICINA,45.0,MEDICINA,6063.0,MEDICINA,COMUNICACIÓN ESCRITA,1.0,,,,,6.0,40.0,45.0,8.0,,,,2025
SABER PRO - 2025,PROGRAMA_ACÁDEMICO,NIVEL_DESEMPEÑO_PRUEBA,109,1,6.0,PACÍFICA,25.0,VALLE,1010.0,CALI,9226.0,UNIVERSIDAD SANTIAGO DE CALI,9226.0,UNIVERSIDAD SANTIAGO DE CALI-CALI,14.0,MEDICINA,45.0,MEDICINA,6063.0,MEDICINA,RAZONAMIENTO CUANTITATIVO,1.0,,,,,16.0,36.0,45.0,4.0,,,,2025
SABER PRO - 2025,PROGRAMA_ACÁDEMICO,NIVEL_DESEMPEÑO_PRUEBA,109,1,6.0,PACÍFICA,25.0,VALLE,1010.0,CALI,9226.0,UNIVERSIDAD SANTIAGO DE CALI,9226.0,UNIVERSIDAD SANTIAGO DE CALI-CALI,14.0,MEDICINA,45.0,MEDICINA,6063.0,MEDICINA,LECTURA CRÍTICA,1.0,,,,,10.0,34.0,50.0,6.0,,,,2025
SABER PRO - 2025,PROGRAMA_ACÁDEMICO,NIVEL_DESEMPEÑO_PRUEBA,1,1,6.0,PACÍFICA,25.0,VALLE,1010.0,CALI,9226.0,UNIVERSIDAD SANTIAGO DE CALI,9226.0,UNIVERSIDAD SANTIAGO DE CALI-CALI,14.0,MEDICINA,45.0,MEDICINA,2773.0,MEDICINA,LECTURA CRÍTICA,1.0,,,,,0.0,0.0,100.0,0.0,,,,2025
SABER PRO - 2025,PROGRAMA_ACÁDEMICO,NIVEL_DESEMPEÑO_PRUEBA,1,1,6.0,PACÍFICA,25.0,VALLE,1010.0,CALI,9226.0,UNIVERSIDAD SANTIAGO DE CALI,9226.0,UNIVERSIDAD SANTIAGO DE CALI-CALI,14.0,MEDICINA,45.0,MEDICINA,2773.0,MEDICINA,RAZONAMIENTO CUANTITATIVO,1.0,,,,,0.0,100.0,0.0,0.0,,,,2025
SABER PRO - 2025,PROGRAMA_ACÁDEMICO,NIVEL_DESEMPEÑO_PRUEBA,1,1,6.0,PACÍFICA,25.0,VALLE,1010.0,CALI,9226.0,UNIVERSIDAD SANTIAGO DE CALI,9226.0,UNIVERSIDAD SANTIAGO DE CALI-CALI,14.0,MEDICINA,45.0,MEDICINA,2773.0,MEDICINA,INGLÉS,1.0,,,,,0.0,0.0,100.0,0.0,,,,2025
SABER PRO - 2025,PROGRAMA_ACÁDEMICO,NIVEL_DESEMPEÑO_PRUEBA,109,1,6.0,PACÍFICA,25.0,VALLE,1010.0,CALI,9226.0,UNIVERSIDAD SANTIAGO DE CALI,9226.0,UNIVERSIDAD SANTIAGO DE CALI-CALI,14.0,MEDICINA,45.0,MEDICINA,6063.0,MEDICINA,INGLÉS,1.0,,,,,7.0,37.0,39.0,17.0,,,,2025
SABER PRO - 2025,PROGRAMA_ACÁDEMICO,NIVEL_DESEMPEÑO_PRUEBA,109,1,6.0,PACÍFICA,25.0,VALLE,1010.0,CALI,9226.0,UNIVERSIDAD SANTIAGO DE CALI,9226.0,UNIVERSIDAD SANTIAGO DE CALI-CALI,14.0,MEDICINA,45.0,MEDICINA,6063.0,MEDICINA,COMPETENCIAS CIUDADANAS,1.0,,,,,17.0,28.0,53.0,2.0,,,,2025
SABER PRO - 2025,PROGRAMA_ACÁDEMICO,NIVEL_DESEMPEÑO_PRUEBA,1,1,6.0,PACÍFICA,25.0,VALLE,1010.0,CALI,9226.0,UNIVERSIDAD SANTIAGO DE CALI,9226.0,UNIVERSIDAD SANTIAGO DE CALI-CALI,14.0,MEDICINA,45.0,MEDICINA,2773.0,MEDICINA,COMPETENCIAS CIUDADANAS,1.0,,,,,0.0,0.0,100.0,0.0,,,,2025
SABER PRO - 2025,PROGRAMA_ACÁDEMICO,NIVEL_DESEMPEÑO_PRUEBA,109,1,6.0,PACÍFICA,25.0,VALLE,1036.0,PALMIRA,9226.0,UNIVERSIDAD SANTIAGO DE CALI,9234.0,UNIVERSIDAD SANTIAGO DE CALI-PALMIRA,14.0,MEDICINA,45.0,MEDICINA,7020.0,MEDICINA,LECTURA CRÍTICA,1.0,,,,,9.0,38.0,50.0,3.0,,,,2025
SABER PRO - 2025,PROGRAMA_ACÁDEMICO,NIVEL_DESEMPEÑO_PRUEBA,108,1,6.0,PACÍFICA,25.0,VALLE,1036.0,PALMIRA,9226.0,UNIVERSIDAD SANTIAGO DE CALI,9234.0,UNIVERSIDAD SANTIAGO DE CALI-PALMIRA,14.0,MEDICINA,45.0,MEDICINA,7020.0,MEDICINA,COMUNICACIÓN ESCRITA,1.0,,,,,7.0,36.0,49.0,7.0,,,,2025
SABER PRO - 2025,PROGRAMA_ACÁDEMICO,NIVEL_DESEMPEÑO_PRUEBA,109,1,6.0,PACÍFICA,25.0,VALLE,1036.0,PALMIRA,9226.0,UNIVERSIDAD SANTIAGO DE CALI,9234.0,UNIVERSIDAD SANTIAGO DE CALI-PALMIRA,14.0,MEDICINA,45.0,MEDICINA,7020.0,MEDICINA,INGLÉS,1.0,,,,,4.0,50.0,39.0,7.0,,,,2025
SABER PRO - 2025,PROGRAMA_ACÁDEMICO,NIVEL_DESEMPEÑO_PRUEBA,109,1,6.0,PACÍFICA,25.0,VALLE,1036.0,PALMIRA,9226.0,UNIVERSIDAD SANTIAGO DE CALI,9234.0,UNIVERSIDAD SANTIAGO DE CALI-PALMIRA,14.0,MEDICINA,45.0,MEDICINA,7020.0,MEDICINA,RAZONAMIENTO CUANTITATIVO,1.0,,,,,17.0,40.0,42.0,1.0,,,,2025
SABER PRO - 2025,PROGRAMA_ACÁDEMICO,NIVEL_DESEMPEÑO_PRUEBA,109,1,6.0,PACÍFICA,25.0,VALLE,1036.0,PALMIRA,9226.0,UNIVERSIDAD SANTIAGO DE CALI,9234.0,UNIVERSIDAD SANTIAGO DE CALI-PALMIRA,14.0,MEDICINA,45.0,MEDICINA,7020.0,MEDICINA,COMPETENCIAS CIUDADANAS,1.0,,,,,29.0,35.0,34.0,2.0,,,,2025
SABER PRO - 2025,PROGRAMA_ACÁDEMICO,NIVEL_DESEMPEÑO_PRUEBA,67,1,6.0,PACÍFICA,25.0,VALLE,1045.0,TULUÁ,9240.0,UNIDAD CENTRAL DEL VALLE DEL CAUCA,9240.0,UNIDAD CENTRAL DEL VALLE DEL CAUCA-TULUA,14.0,MEDICINA,45.0,MEDICINA,2317.0,MEDICINA,FUNDAMENTACIÓN EN DIAGNÓSTICO Y TRATAMIENTO MÉDICOS,34.0,,,,,60.0,34.0,6.0,0.0,,,,2025
SABER PRO - 2025,PROGRAMA_ACÁDEMICO,NIVEL_DESEMPEÑO_PRUEBA,68,1,6.0,PACÍFICA,25.0,VALLE,1045.0,TULUÁ,9240.0,UNIDAD CENTRAL DEL VALLE DEL CAUCA,9240.0,UNIDAD CENTRAL DEL VALLE DEL CAUCA-TULUA,14.0,MEDICINA,45.0,MEDICINA,2317.0,MEDICINA,COMUNICACIÓN ESCRITA,1.0,,,,,0.0,38.0,53.0,9.0,,,,2025
SABER PRO - 2025,PROGRAMA_ACÁDEMICO,NIVEL_DESEMPEÑO_PRUEBA,67,1,6.0,PACÍFICA,25.0,VALLE,1045.0,TULUÁ,9240.0,UNIDAD CENTRAL DEL VALLE DEL CAUCA,9240.0,UNIDAD CENTRAL DEL VALLE DEL CAUCA-TULUA,14.0,MEDICINA,45.0,MEDICINA,2317.0,MEDICINA,PROMOCIÓN DE LA SALUD Y PREVENCIÓN DE LA ENFERMEDAD,34.0,,,,,15.0,27.0,46.0,12.0,,,,2025
SABER PRO - 2025,PROGRAMA_ACÁDEMICO,NIVEL_DESEMPEÑO_PRUEBA,70,1,6.0,PACÍFICA,25.0,VALLE,1045.0,TULUÁ,9240.0,UNIDAD CENTRAL DEL VALLE DEL CAUCA,9240.0,UNIDAD CENTRAL DEL VALLE DEL CAUCA-TULUA,14.0,MEDICINA,45.0,MEDICINA,2317.0,MEDICINA,RAZONAMIENTO CUANTITATIVO,1.0,,,,,9.0,39.0,53.0,0.0,,,,2025
SABER PRO - 2025,PROGRAMA_ACÁDEMICO,NIVEL_DESEMPEÑO_PRUEBA,70,1,6.0,PACÍFICA,25.0,VALLE,1045.0,TULUÁ,9240.0,UNIDAD CENTRAL DEL VALLE DEL CAUCA,9240.0,UNIDAD CENTRAL DEL VALLE DEL CAUCA-TULUA,14.0,MEDICINA,45.0,MEDICINA,2317.0,MEDICINA,COMPETENCIAS CIUDADANAS,1.0,,,,,14.0,24.0,57.0,4.0,,,,2025
SABER PRO - 2025,PROGRAMA_ACÁDEMICO,NIVEL_DESEMPEÑO_PRUEBA,70,1,6.0,PACÍFICA,25.0,VALLE,1045.0,TULUÁ,9240.0,UNIDAD CENTRAL DEL VALLE DEL CAUCA,9240.0,UNIDAD CENTRAL DEL VALLE DEL CAUCA-TULUA,14.0,MEDICINA,45.0,MEDICINA,2317.0,MEDICINA,INGLÉS,1.0,,,,,1.0,23.0,51.0,24.0,,,,2025
SABER PRO - 2025,PROGRAMA_ACÁDEMICO,NIVEL_DESEMPEÑO_PRUEBA,67,1,6.0,PACÍFICA,25.0,VALLE,1045.0,TULUÁ,9240.0,UNIDAD CENTRAL DEL VALLE DEL CAUCA,9240.0,UNIDAD CENTRAL DEL VALLE DEL CAUCA-TULUA,14.0,MEDICINA,45.0,MEDICINA,2317.0,MEDICINA,ATENCIÓN EN SALUD,34.0,,,,,10.0,40.0,33.0,16.0,,,,2025
SABER PRO - 2025,PROGRAMA_ACÁDEMICO,NIVEL_DESEMPEÑO_PRUEBA,70,1,6.0,PACÍFICA,25.0,VALLE,1045.0,TULUÁ,9240.0,UNIDAD CENTRAL DEL VALLE DEL CAUCA,9240.0,UNIDAD CENTRAL DEL VALLE DEL CAUCA-TULUA,14.0,MEDICINA,45.0,MEDICINA,2317.0,MEDICINA,LECTURA CRÍTICA,1.0,,,,,9.0,17.0,67.0,7.0,,,,2025
SABER PRO - 2025,PROGRAMA_ACÁDEMICO,PUNTAJE_GLOBAL,199,1,2.0,ANDINA,1.0,ANTIOQUIA,1.0,MEDELLÍN,8894.0,UNIVERSIDAD DE ANTIOQUIA,8894.0,UNIVERSIDAD DE ANTIOQUIA-MEDELLIN,14.0,MEDICINA,45.0,MEDICINA,6217.0,MEDICINA,,,187.0,,17.0,,,,,,,,,2025
SABER PRO - 2025,PROGRAMA_ACÁDEMICO,PUNTAJE_GLOBAL,96,1,2.0,ANDINA,1.0,ANTIOQUIA,1.0,MEDELLÍN,8897.0,UNIVERSIDAD EIA,8897.0,UNIVERSIDAD EIA-ENVIGADO,,,45.0,MEDICINA,25810.0,MEDICINA,,,182.0,,15.0,,,,,,,,,2025
SABER PRO - 2025,PROGRAMA_ACÁDEMICO,PUNTAJE_GLOBAL,127,1,2.0,ANDINA,1.0,ANTIOQUIA,1.0,MEDELLÍN,8903.0,CORPORACION UNIVERSITARIA REMINGTON,8903.0,CORPORACION UNIVERSITARIA REMINGTON-MEDELLIN,14.0,MEDICINA,45.0,MEDICINA,2329.0,MEDICINA,,,147.0,,18.0,,,,,,,,,2025
SABER PRO - 2025,PROGRAMA_ACÁDEMICO,PUNTAJE_GLOBAL,151,1,2.0,ANDINA,1.0,ANTIOQUIA,1.0,MEDELLÍN,8908.0,UNIVERSIDAD PONTIFICIA BOLIVARIANA,8908.0,UNIVERSIDAD PONTIFICIA BOLIVARIANA-MEDELLIN,14.0,MEDICINA,45.0,MEDICINA,2481.0,MEDICINA,,,177.0,,14.0,,,,,,,,,2025
SABER PRO - 2025,PROGRAMA_ACÁDEMICO,PUNTAJE_GLOBAL,107,1,2.0,ANDINA,1.0,ANTIOQUIA,1.0,MEDELLÍN,8910.0,FUNDACION UNIVERSITARIA AUTONOMA DE LAS AMERICAS,8910.0,INSTITUCIÓN UNIVERSITARIA VISIÓN DE LAS AMÉRICAS-MEDELLIN,14.0,MEDICINA,45.0,MEDICINA,6672.0,MEDICINA,,,152.0,,19.0,,,,,,,,,2025
SABER PRO - 2025,PROGRAMA_ACÁDEMICO,PUNTAJE_GLOBAL,104,1,2.0,ANDINA,1.0,ANTIOQUIA,1.0,MEDELLÍN,8914.0,UNIVERSIDAD CES,8914.0,UNIVERSIDAD CES-MEDELLIN,14.0,MEDICINA,45.0,MEDICINA,6512.0,MEDICINA,,,186.0,,18.0,,,,,,,,,2025
SABER PRO - 2025,PROGRAMA_ACÁDEMICO,PUNTAJE_GLOBAL,122,1,2.0,ANDINA,1.0,ANTIOQUIA,1.0,MEDELLÍN,9065.0,UNIVERSIDAD COOPERATIVA DE COLOMBIA,8893.0,UNIVERSIDAD COOPERATIVA DE COLOMBIA-MEDELLIN,14.0,MEDICINA,45.0,MEDICINA,2904.0,MEDICINA,,,162.0,,18.0,,,,,,,,,2025
SABER PRO - 2025,PROGRAMA_ACÁDEMICO,PUNTAJE_GLOBAL,271,1,2.0,ANDINA,4.0,BOGOTÁ,152.0,BOGOTÁ D.C.,8964.0,UNIVERSIDAD NACIONAL DE COLOMBIA,8964.0,UNIVERSIDAD NACIONAL DE COLOMBIA-BOGOTÁ D.C.,14.0,MEDICINA,45.0,MEDICINA,5658.0,MEDICINA,,,188.0,,18.0,,,,,,,,,2025
SABER PRO - 2025,PROGRAMA_ACÁDEMICO,PUNTAJE_GLOBAL,57,1,2.0,ANDINA,4.0,BOGOTÁ,152.0,BOGOTÁ D.C.,8970.0,FUNDACION UNIVERSITARIA DEL AREA ANDINA,8970.0,FUNDACION UNIVERSITARIA DEL AREA ANDINA-BOGOTÁ D.C.,81.0,GRUPO REFERENCIA NACIONAL UNIVERSITARIO,45.0,MEDICINA,17859.0,MEDICINA,,,161.0,,14.0,,,,,,,,,2025
SABER PRO - 2025,PROGRAMA_ACÁDEMICO,PUNTAJE_GLOBAL,186,1,2.0,ANDINA,4.0,BOGOTÁ,152.0,BOGOTÁ D.C.,8974.0,FUNDACION UNIVERSITARIA DE CIENCIAS DE LA SALUD,8974.0,FUNDACION UNIVERSITARIA DE CIENCIAS DE LA SALUD-BOGOTÁ D.C.,14.0,MEDICINA,45.0,MEDICINA,163.0,MEDICINA,,,172.0,,16.0,,,,,,,,,2025
SABER PRO - 2025,PROGRAMA_ACÁDEMICO,PUNTAJE_GLOBAL,83,1,2.0,ANDINA,4.0,BOGOTÁ,152.0,BOGOTÁ D.C.,8990.0,FUNDACION UNIVERSITARIA SAN MARTIN,8990.0,FUNDACION UNIVERSITARIA SAN MARTIN-BOGOTÁ D.C.,14.0,MEDICINA,45.0,MEDICINA,2770.0,MEDICINA,,,169.0,,16.0,,,,,,,,,2025
SABER PRO - 2025,PROGRAMA_ACÁDEMICO,PUNTAJE_GLOBAL,1,1,2.0,ANDINA,4.0,BOGOTÁ,152.0,BOGOTÁ D.C.,8990.0,FUNDACION UNIVERSITARIA SAN MARTIN,8990.0,FUNDACION UNIVERSITARIA SAN MARTIN-BOGOTÁ D.C.,14.0,MEDICINA,45.0,MEDICINA,9797.0,MEDICINA,,,138.0,,0.0,,,,,,,,,2025
SABER PRO - 2025,PROGRAMA_ACÁDEMICO,PUNTAJE_GLOBAL,69,1,2.0,ANDINA,4.0,BOGOTÁ,152.0,BOGOTÁ D.C.,8990.0,FUNDACION UNIVERSITARIA SAN MARTIN,8990.0,FUNDACION UNIVERSITARIA SAN MARTIN-BOGOTÁ D.C.,14.0,MEDICINA,45.0,MEDICINA,6920.0,MEDICINA,,,151.0,,19.0,,,,,,,,,2025
SABER PRO - 2025,PROGRAMA_ACÁDEMICO,PUNTAJE_GLOBAL,87,1,2.0,ANDINA,4.0,BOGOTÁ,152.0,BOGOTÁ D.C.,8990.0,FUNDACION UNIVERSITARIA SAN MARTIN,8990.0,FUNDACION UNIVERSITARIA SAN MARTIN-BOGOTÁ D.C.,14.0,MEDICINA,45.0,MEDICINA,6506.0,MEDICINA,,,155.0,,16.0,,,,,,,,,2025
SABER PRO - 2025,PROGRAMA_ACÁDEMICO,PUNTAJE_GLOBAL,127,1,2.0,ANDINA,4.0,BOGOTÁ,152.0,BOGOTÁ D.C.,8990.0,FUNDACION UNIVERSITARIA SAN MARTIN,8990.0,FUNDACION UNIVERSITARIA SAN MARTIN-BOGOTÁ D.C.,14.0,MEDICINA,45.0,MEDICINA,6049.0,MEDICINA,,,147.0,,18.0,,,,,,,,,2025
SABER PRO - 2025,PROGRAMA_ACÁDEMICO,PUNTAJE_GLOBAL,1,1,2.0,ANDINA,4.0,BOGOTÁ,152.0,BOGOTÁ D.C.,8990.0,FUNDACION UNIVERSITARIA SAN MARTIN,8990.0,FUNDACION UNIVERSITARIA SAN MARTIN-BOGOTÁ D.C.,,,45.0,MEDICINA,20829.0,MEDICINA,,,145.0,,0.0,,,,,,,,,2025
SABER PRO - 2025,PROGRAMA_ACÁDEMICO,PUNTAJE_GLOBAL,154,1,2.0,ANDINA,4.0,BOGOTÁ,152.0,BOGOTÁ D.C.,8990.0,FUNDACION UNIVERSITARIA SAN MARTIN,8990.0,FUNDACION UNIVERSITARIA SAN MARTIN-BOGOTÁ D.C.,14.0,MEDICINA,45.0,MEDICINA,6922.0,MEDICINA,,,143.0,,20.0,,,,,,,,,2025
SABER PRO - 2025,PROGRAMA_ACÁDEMICO,PUNTAJE_GLOBAL,85,1,2.0,ANDINA,4.0,BOGOTÁ,152.0,BOGOTÁ D.C.,8991.0,UNIVERSIDAD DE LOS ANDES,8991.0,UNIVERSIDAD DE LOS ANDES-BOGOTÁ D.C.,14.0,MEDICINA,45.0,MEDICINA,4819.0,MEDICINA,,,192.0,,12.0,,,,,,,,,2025
SABER PRO - 2025,PROGRAMA_ACÁDEMICO,PUNTAJE_GLOBAL,3,1,2.0,ANDINA,4.0,BOGOTÁ,152.0,BOGOTÁ D.C.,9001.0,UNIVERSIDAD DE CIENCIAS APLICADAS Y AMBIENTALES UDCA.,9001.0,UNIVERSIDAD DE CIENCIAS APLICADAS Y AMBIENTALES UDCA.-BOGOTÁ D.C.,14.0,MEDICINA,45.0,MEDICINA,3143.0,MEDICINA,,,141.0,,11.0,,,,,,,,,2025
SABER PRO - 2025,PROGRAMA_ACÁDEMICO,PUNTAJE_GLOBAL,173,1,2.0,ANDINA,4.0,BOGOTÁ,152.0,BOGOTÁ D.C.,9001.0,UNIVERSIDAD DE CIENCIAS APLICADAS Y AMBIENTALES UDCA.,9001.0,UNIVERSIDAD DE CIENCIAS APLICADAS Y AMBIENTALES UDCA.-BOGOTÁ D.C.,14.0,MEDICINA,45.0,MEDICINA,6507.0,MEDICINA,,,161.0,,16.0,,,,,,,,,2025
SABER PRO - 2025,PROGRAMA_ACÁDEMICO,PUNTAJE_GLOBAL,264,1,2.0,ANDINA,4.0,BOGOTÁ,152.0,BOGOTÁ D.C.,9003.0,COLEGIO MAYOR DE NUESTRA SEÑORA DEL ROSARIO,9003.0,COLEGIO MAYOR DE NUESTRA SEÑORA DEL ROSARIO-BOGOTÁ D.C.,14.0,MEDICINA,45.0,MEDICINA,570.0,MEDICINA,,,187.0,,16.0,,,,,,,,,2025
SABER PRO - 2025,PROGRAMA_ACÁDEMICO,PUNTAJE_GLOBAL,140,1,2.0,ANDINA,4.0,BOGOTÁ,152.0,BOGOTÁ D.C.,9005.0,UNIVERSIDAD MILITAR-NUEVA GRANADA,9005.0,"UNIVERSIDAD MILITAR""NUEVA GRANADA""-BOGOTÁ D.C.",14.0,MEDICINA,45.0,MEDICINA,5873.0,MEDICINA,,,182.0,,16.0,,,,,,,,,2025
SABER PRO - 2025,PROGRAMA_ACÁDEMICO,PUNTAJE_GLOBAL,165,1,2.0,ANDINA,4.0,BOGOTÁ,152.0,BOGOTÁ D.C.,9006.0,PONTIFICIA UNIVERSIDAD JAVERIANA,9006.0,PONTIFICIA UNIVERSIDAD JAVERIANA-BOGOTÁ D.C.,14.0,MEDICINA,45.0,MEDICINA,7116.0,MEDICINA,,,195.0,,16.0,,,,,,,,,2025
SABER PRO - 2025,PROGRAMA_ACÁDEMICO,PUNTAJE_GLOBAL,178,1,2.0,ANDINA,4.0,BOGOTÁ,152.0,BOGOTÁ D.C.,9040.0,UNIVERSIDAD EL BOSQUE,9040.0,UNIVERSIDAD EL BOSQUE-BOGOTÁ D.C.,14.0,MEDICINA,45.0,MEDICINA,6060.0,MEDICINA,,,172.0,,15.0,,,,,,,,,2025
SABER PRO - 2025,PROGRAMA_ACÁDEMICO,PUNTAJE_GLOBAL,88,1,2.0,ANDINA,4.0,BOGOTÁ,152.0,BOGOTÁ D.C.,9045.0,FUNDACION UNIVERSITARIA SANITAS,9045.0,FUNDACION UNIVERSITARIA SANITAS-BOGOTÁ D.C.,14.0,MEDICINA,45.0,MEDICINA,3962.0,MEDICINA,,,167.0,,15.0,,,,,,,,,2025
SABER PRO - 2025,PROGRAMA_ACÁDEMICO,PUNTAJE_GLOBAL,243,1,2.0,ANDINA,4.0,BOGOTÁ,152.0,BOGOTÁ D.C.,9052.0,FUNDACION UNIVERSITARIA JUAN N. CORPAS,9052.0,FUNDACION UNIVERSITARIA JUAN N. CORPAS-BOGOTÁ D.C.,14.0,MEDICINA,45.0,MEDICINA,1442.0,MEDICINA,,,158.0,,17.0,,,,,,,,,2025
SABER PRO - 2025,PROGRAMA_ACÁDEMICO,PUNTAJE_GLOBAL,302,1,2.0,ANDINA,4.0,BOGOTÁ,152.0,BOGOTÁ D.C.,9063.0,UNIVERSIDAD ANTONIO NARIÑO,9063.0,UNIVERSIDAD ANTONIO NARIÑO-BOGOTÁ D.C.,14.0,MEDICINA,45.0,MEDICINA,162.0,MEDICINA,,,157.0,,18.0,,,,,,,,,2025
SABER PRO - 2025,PROGRAMA_ACÁDEMICO,PUNTAJE_GLOBAL,109,1,2.0,ANDINA,6.0,BOYACA,199.0,TUNJA,9092.0,UNIVERSIDAD DE BOYACA UNIBOYACA - TUNJA,9092.0,UNIVERSIDAD DE BOYACA - UNIBOYACA-TUNJA,14.0,MEDICINA,45.0,MEDICINA,1185.0,MEDICINA,,,160.0,,15.0,,,,,,,,,2025
SABER PRO - 2025,PROGRAMA_ACÁDEMICO,PUNTAJE_GLOBAL,64,1,2.0,ANDINA,6.0,BOYACA,199.0,TUNJA,9095.0,UNIVERSIDAD PEDAGOGICA Y TECNOLOGICA DE COLOMBIA,9095.0,UNIVERSIDAD PEDAGOGICA Y TECNOLOGICA DE COLOMBIA-TUNJA,14.0,MEDICINA,45.0,MEDICINA,6921.0,MEDICINA,,,176.0,,18.0,,,,,,,,,2025
SABER PRO - 2025,PROGRAMA_ACÁDEMICO,PUNTAJE_GLOBAL,96,1,2.0,ANDINA,7.0,CALDAS,322.0,MANIZALES,9101.0,UNIVERSIDAD DE CALDAS,9101.0,UNIVERSIDAD DE CALDAS-MANIZALES,14.0,MEDICINA,45.0,MEDICINA,2313.0,MEDICINA,,,170.0,,18.0,,,,,,,,,2025
SABER PRO - 2025,PROGRAMA_ACÁDEMICO,PUNTAJE_GLOBAL,68,1,2.0,ANDINA,7.0,CALDAS,322.0,MANIZALES,9102.0,UNIVERSIDAD DE MANIZALES,9102.0,UNIVERSIDAD DE MANIZALES-MANIZALES,14.0,MEDICINA,45.0,MEDICINA,3145.0,MEDICINA,,,169.0,,15.0,,,,,,,,,2025
SABER PRO - 2025,PROGRAMA_ACÁDEMICO,PUNTAJE_GLOBAL,170,1,2.0,ANDINA,12.0,CUNDINAMARCA,477.0,CHÍA,9120.0,UNIVERSIDAD DE LA SABANA,9120.0,UNIVERSIDAD DE LA SABANA-CHIA,14.0,MEDICINA,45.0,MEDICINA,1444.0,MEDICINA,,,187.0,,16.0,,,,,,,,,2025
SABER PRO - 2025,PROGRAMA_ACÁDEMICO,PUNTAJE_GLOBAL,67,1,2.0,ANDINA,14.0,HUILA,609.0,NEIVA,9133.0,UNIVERSIDAD SURCOLOMBIANA,9133.0,UNIVERSIDAD SURCOLOMBIANA-NEIVA,14.0,MEDICINA,45.0,MEDICINA,1887.0,MEDICINA,,,168.0,,23.0,,,,,,,,,2025
SABER PRO - 2025,PROGRAMA_ACÁDEMICO,PUNTAJE_GLOBAL,77,1,2.0,ANDINA,14.0,HUILA,609.0,NEIVA,19502.0,FUNDACION UNIVERSITARIA NAVARRA - UNINAVARRA,19502.0,FUNDACION UNIVERSITARIA NAVARRA - UNINAVARRA-NEIVA,14.0,MEDICINA,45.0,MEDICINA,8009.0,MEDICINA,,,150.0,,17.0,,,,,,,,,2025
SABER PRO - 2025,PROGRAMA_ACÁDEMICO,PUNTAJE_GLOBAL,132,1,2.0,ANDINA,19.0,NORTE SANTANDER,809.0,PAMPLONA,9155.0,UNIVERSIDAD DE PAMPLONA,9155.0,UNIVERSIDAD DE PAMPLONA-PAMPLONA,14.0,MEDICINA,45.0,MEDICINA,5845.0,MEDICINA,,,168.0,,17.0,,,,,,,,,2025
SABER PRO - 2025,PROGRAMA_ACÁDEMICO,PUNTAJE_GLOBAL,77,1,2.0,ANDINA,20.0,QUINDIO,824.0,ARMENIA,9156.0,CORPORACION UNIVERSITARIA EMPRESARIAL ALEXANDER VON HUMBOLDT,9156.0,CORPORACION UNIVERSITARIA EMPRESARIAL ALEXANDER VON HUMBOLDT - C.U.E.-ARMENIA,14.0,MEDICINA,45.0,MEDICINA,8999.0,MEDICINA,,,161.0,,17.0,,,,,,,,,2025
SABER PRO - 2025,PROGRAMA_ACÁDEMICO,PUNTAJE_GLOBAL,30,1,2.0,ANDINA,20.0,QUINDIO,824.0,ARMENIA,9158.0,UNIVERSIDAD DEL QUINDIO,9158.0,UNIVERSIDAD DEL QUINDIO-ARMENIA,14.0,MEDICINA,45.0,MEDICINA,1890.0,MEDICINA,,,180.0,,20.0,,,,,,,,,2025
SABER PRO - 2025,PROGRAMA_ACÁDEMICO,PUNTAJE_GLOBAL,116,1,2.0,ANDINA,21.0,RISARALDA,836.0,PEREIRA,9166.0,UNIVERSIDAD TECNOLOGICA DE PEREIRA,9166.0,UNIVERSIDAD TECNOLOGICA DE PEREIRA - ITP-PEREIRA,14.0,MEDICINA,45.0,MEDICINA,1021.0,MEDICINA,,,173.0,,20.0,,,,,,,,,2025
SABER PRO - 2025,PROGRAMA_ACÁDEMICO,PUNTAJE_GLOBAL,79,1,2.0,ANDINA,22.0,SANTANDER,850.0,BUCARAMANGA,9174.0,UNIVERSIDAD INDUSTRIAL DE SANTANDER,9174.0,UNIVERSIDAD INDUSTRIAL DE SANTANDER-BUCARAMANGA,14.0,MEDICINA,45.0,MEDICINA,6056.0,MEDICINA,,,197.0,,16.0,,,,,,,,,2025
SABER PRO - 2025,PROGRAMA_ACÁDEMICO,PUNTAJE_GLOBAL,95,1,2.0,ANDINA,22.0,SANTANDER,850.0,BUCARAMANGA,9177.0,UNIVERSIDAD DE SANTANDER,9177.0,UNIVERSIDAD DE SANTANDER - UDES-BUCARAMANGA,14.0,MEDICINA,45.0,MEDICINA,5659.0,MEDICINA,,,162.0,,16.0,,,,,,,,,2025
SABER PRO - 2025,PROGRAMA_ACÁDEMICO,PUNTAJE_GLOBAL,39,1,2.0,ANDINA,22.0,SANTANDER,850.0,BUCARAMANGA,9177.0,UNIVERSIDAD DE SANTANDER,9177.0,UNIVERSIDAD DE SANTANDER - UDES-BUCARAMANGA,81.0,GRUPO REFERENCIA NACIONAL UNIVERSITARIO,45.0,MEDICINA,20804.0,MEDICINA,,,155.0,,13.0,,,,,,,,,2025
SABER PRO - 2025,PROGRAMA_ACÁDEMICO,PUNTAJE_GLOBAL,46,1,2.0,ANDINA,22.0,SANTANDER,850.0,BUCARAMANGA,9177.0,UNIVERSIDAD DE SANTANDER,9177.0,UNIVERSIDAD DE SANTANDER - UDES-BUCARAMANGA,14.0,MEDICINA,45.0,MEDICINA,8139.0,MEDICINA,,,162.0,,17.0,,,,,,,,,2025
SABER PRO - 2025,PROGRAMA_ACÁDEMICO,PUNTAJE_GLOBAL,131,1,2.0,ANDINA,22.0,SANTANDER,850.0,BUCARAMANGA,9179.0,UNIVERSIDAD AUTONOMA DE BUCARAMANGA-UNAB-,9179.0,UNIVERSIDAD AUTONOMA DE BUCARAMANGA-UNAB-BUCARAMANGA,14.0,MEDICINA,45.0,MEDICINA,6515.0,MEDICINA,,,173.0,,18.0,,,,,,,,,2025
SABER PRO - 2025,PROGRAMA_ACÁDEMICO,PUNTAJE_GLOBAL,68,1,2.0,ANDINA,24.0,TOLIMA,963.0,IBAGUÉ,9194.0,UNIVERSIDAD DEL TOLIMA,9194.0,UNIVERSIDAD DEL TOLIMA-IBAGUE,14.0,MEDICINA,45.0,MEDICINA,2316.0,MEDICINA,,,163.0,,20.0,,,,,,,,,2025
SABER PRO - 2025,PROGRAMA_ACÁDEMICO,PUNTAJE_GLOBAL,225,1,3.0,CARIBE,2.0,ATLANTICO,126.0,BARRANQUILLA,8939.0,UNIVERSIDAD SIMON BOLIVAR,8939.0,UNIVERSIDAD SIMON BOLIVAR-BARRANQUILLA,14.0,MEDICINA,45.0,MEDICINA,4973.0,MEDICINA,,,164.0,,18.0,,,,,,,,,2025
SABER PRO - 2025,PROGRAMA_ACÁDEMICO,PUNTAJE_GLOBAL,191,1,3.0,CARIBE,2.0,ATLANTICO,126.0,BARRANQUILLA,8941.0,FUNDACION UNIVERSIDAD DEL NORTE,8941.0,UNIVERSIDAD DEL NORTE-BARRANQUILLA,14.0,MEDICINA,45.0,MEDICINA,6919.0,MEDICINA,,,182.0,,16.0,,,,,,,,,2025
SABER PRO - 2025,PROGRAMA_ACÁDEMICO,PUNTAJE_GLOBAL,373,1,3.0,CARIBE,2.0,ATLANTICO,126.0,BARRANQUILLA,8951.0,UNIVERSIDAD METROPOLITANA,8951.0,UNIVERSIDAD METROPOLITANA-BARRANQUILLA,14.0,MEDICINA,45.0,MEDICINA,4788.0,MEDICINA,,,154.0,,17.0,,,,,,,,,2025
SABER PRO - 2025,PROGRAMA_ACÁDEMICO,PUNTAJE_GLOBAL,141,1,3.0,CARIBE,2.0,ATLANTICO,126.0,BARRANQUILLA,8985.0,UNIVERSIDAD LIBRE,8940.0,UNIVERSIDAD LIBRE-BARRANQUILLA,14.0,MEDICINA,45.0,MEDICINA,6058.0,MEDICINA,,,164.0,,17.0,,,,,,,,,2025
SABER PRO - 2025,PROGRAMA_ACÁDEMICO,PUNTAJE_GLOBAL,148,1,3.0,CARIBE,5.0,BOLIVAR,153.0,CARTAGENA DE INDIAS,9084.0,CORPORACION UNIVERSITARIA RAFAEL NUÑEZ,9084.0,CORPORACION UNIVERSITARIA RAFAEL NUÑEZ-CARTAGENA,14.0,MEDICINA,45.0,MEDICINA,5661.0,MEDICINA,,,147.0,,19.0,,,,,,,,,2025
SABER PRO - 2025,PROGRAMA_ACÁDEMICO,PUNTAJE_GLOBAL,113,1,3.0,CARIBE,5.0,BOLIVAR,153.0,CARTAGENA DE INDIAS,9086.0,UNIVERSIDAD DE CARTAGENA,9086.0,UNIVERSIDAD DE CARTAGENA-CARTAGENA,14.0,MEDICINA,45.0,MEDICINA,1440.0,MEDICINA,,,178.0,,23.0,,,,,,,,,2025
SABER PRO - 2025,PROGRAMA_ACÁDEMICO,PUNTAJE_GLOBAL,150,1,3.0,CARIBE,5.0,BOLIVAR,153.0,CARTAGENA DE INDIAS,9117.0,UNIVERSIDAD DEL SINÚ ELIAS BECHARA ZAINUM - UNISINÚ-,9090.0,UNIVERSIDAD DEL SINÚ 'Elías Bechara Zainúm' - UNISINÚ-CARTAGENA,14.0,MEDICINA,45.0,MEDICINA,306.0,MEDICINA,,,148.0,,18.0,,,,,,,,,2025
SABER PRO - 2025,PROGRAMA_ACÁDEMICO,PUNTAJE_GLOBAL,337,1,3.0,CARIBE,11.0,CORDOBA,432.0,MONTERÍA,9117.0,UNIVERSIDAD DEL SINÚ ELIAS BECHARA ZAINUM - UNISINÚ-,9117.0,UNIVERSIDAD DEL SINÚ 'Elías Bechara Zainúm' - UNISINÚ-MONTERIA,14.0,MEDICINA,45.0,MEDICINA,4989.0,MEDICINA,,,151.0,,17.0,,,,,,,,,2025
SABER PRO - 2025,PROGRAMA_ACÁDEMICO,PUNTAJE_GLOBAL,116,1,3.0,CARIBE,16.0,MAGDALENA,661.0,SANTA MARTA,9065.0,UNIVERSIDAD COOPERATIVA DE COLOMBIA,9137.0,UNIVERSIDAD COOPERATIVA DE COLOMBIA-SANTA MARTA,14.0,MEDICINA,45.0,MEDICINA,4281.0,MEDICINA,,,154.0,,14.0,,,,,,,,,2025
SABER PRO - 2025,PROGRAMA_ACÁDEMICO,PUNTAJE_GLOBAL,107,1,3.0,CARIBE,16.0,MAGDALENA,661.0,SANTA MARTA,9065.0,UNIVERSIDAD COOPERATIVA DE COLOMBIA,9137.0,UNIVERSIDAD COOPERATIVA DE COLOMBIA-SANTA MARTA,14.0,MEDICINA,45.0,MEDICINA,6517.0,MEDICINA,,,157.0,,19.0,,,,,,,,,2025
SABER PRO - 2025,PROGRAMA_ACÁDEMICO,PUNTAJE_GLOBAL,122,1,3.0,CARIBE,16.0,MAGDALENA,661.0,SANTA MARTA,9065.0,UNIVERSIDAD COOPERATIVA DE COLOMBIA,9137.0,UNIVERSIDAD COOPERATIVA DE COLOMBIA-SANTA MARTA,14.0,MEDICINA,45.0,MEDICINA,571.0,MEDICINA,,,151.0,,17.0,,,,,,,,,2025
SABER PRO - 2025,PROGRAMA_ACÁDEMICO,PUNTAJE_GLOBAL,74,1,3.0,CARIBE,16.0,MAGDALENA,661.0,SANTA MARTA,9139.0,UNIVERSIDAD DEL MAGDALENA,9139.0,UNIVERSIDAD DEL MAGDALENA - UNIMAGDALENA-SANTA MARTA,14.0,MEDICINA,45.0,MEDICINA,3150.0,MEDICINA,,,174.0,,19.0,,,,,,,,,2025
SABER PRO - 2025,PROGRAMA_ACÁDEMICO,PUNTAJE_GLOBAL,35,1,3.0,CARIBE,23.0,SUCRE,937.0,SINCELEJO,9188.0,UNIVERSIDAD DE SUCRE,9188.0,UNIVERSIDAD DE SUCRE-SINCELEJO,14.0,MEDICINA,45.0,MEDICINA,7099.0,MEDICINA,,,173.0,,14.0,,,,,,,,,2025
SABER PRO - 2025,PROGRAMA_ACÁDEMICO,PUNTAJE_GLOBAL,61,1,6.0,PACÍFICA,9.0,CAUCA,365.0,POPAYÁN,9106.0,UNIVERSIDAD DEL CAUCA,9106.0,UNIVERSIDAD DEL CAUCA-POPAYAN,14.0,MEDICINA,45.0,MEDICINA,6655.0,MEDICINA,,,176.0,,19.0,,,,,,,,,2025
SABER PRO - 2025,PROGRAMA_ACÁDEMICO,PUNTAJE_GLOBAL,33,1,6.0,PACÍFICA,18.0,NARIÑO,720.0,PASTO,9146.0,UNIVERSIDAD DE NARIÑO,9146.0,UNIVERSIDAD DE NARIÑO-PASTO,14.0,MEDICINA,45.0,MEDICINA,1513.0,MEDICINA,,,159.0,,22.0,,,,,,,,,2025
SABER PRO - 2025,PROGRAMA_ACÁDEMICO,PUNTAJE_GLOBAL,153,1,6.0,PACÍFICA,25.0,VALLE,1010.0,CALI,8985.0,UNIVERSIDAD LIBRE,9203.0,UNIVERSIDAD LIBRE-CALI,14.0,MEDICINA,45.0,MEDICINA,2768.0,MEDICINA,,,167.0,,17.0,,,,,,,,,2025
SABER PRO - 2025,PROGRAMA_ACÁDEMICO,PUNTAJE_GLOBAL,91,1,6.0,PACÍFICA,25.0,VALLE,1010.0,CALI,9006.0,PONTIFICIA UNIVERSIDAD JAVERIANA,9209.0,PONTIFICIA UNIVERSIDAD JAVERIANA-CALI,14.0,MEDICINA,45.0,MEDICINA,4976.0,MEDICINA,,,178.0,,15.0,,,,,,,,,2025
SABER PRO - 2025,PROGRAMA_ACÁDEMICO,PUNTAJE_GLOBAL,70,1,6.0,PACÍFICA,25.0,VALLE,1010.0,CALI,9206.0,UNIVERSIDAD DEL VALLE,9206.0,UNIVERSIDAD DEL VALLE-CALI,14.0,MEDICINA,45.0,MEDICINA,6055.0,MEDICINA,,,177.0,,25.0,,,,,,,,,2025
SABER PRO - 2025,PROGRAMA_ACÁDEMICO,PUNTAJE_GLOBAL,170,1,6.0,PACÍFICA,25.0,VALLE,1010.0,CALI,9224.0,UNIVERSIDAD ICESI,9224.0,UNIVERSIDAD ICESI-CALI,14.0,MEDICINA,45.0,MEDICINA,5829.0,MEDICINA,,,190.0,,13.0,,,,,,,,,2025
SABER PRO - 2025,PROGRAMA_ACÁDEMICO,PUNTAJE_GLOBAL,109,1,6.0,PACÍFICA,25.0,VALLE,1010.0,CALI,9226.0,UNIVERSIDAD SANTIAGO DE CALI,9226.0,UNIVERSIDAD SANTIAGO DE CALI-CALI,14.0,MEDICINA,45.0,MEDICINA,6063.0,MEDICINA,,,158.0,,22.0,,,,,,,,,2025
SABER PRO - 2025,PROGRAMA_ACÁDEMICO,PUNTAJE_GLOBAL,1,1,6.0,PACÍFICA,25.0,VALLE,1010.0,CALI,9226.0,UNIVERSIDAD SANTIAGO DE CALI,9226.0,UNIVERSIDAD SANTIAGO DE CALI-CALI,14.0,MEDICINA,45.0,MEDICINA,2773.0,MEDICINA,,,162.0,,0.0,,,,,,,,,2025
SABER PRO - 2025,PROGRAMA_ACÁDEMICO,PUNTAJE_GLOBAL,109,1,6.0,PACÍFICA,25.0,VALLE,1036.0,PALMIRA,9226.0,UNIVERSIDAD SANTIAGO DE CALI,9234.0,UNIVERSIDAD SANTIAGO DE CALI-PALMIRA,14.0,MEDICINA,45.0,MEDICINA,7020.0,MEDICINA,,,152.0,,17.0,,,,,,,,,2025
SABER PRO - 2025,PROGRAMA_ACÁDEMICO,PUNTAJE_GLOBAL,70,1,6.0,PACÍFICA,25.0,VALLE,1045.0,TULUÁ,9240.0,UNIDAD CENTRAL DEL VALLE DEL CAUCA,9240.0,UNIDAD CENTRAL DEL VALLE DEL CAUCA-TULUA,14.0,MEDICINA,45.0,MEDICINA,2317.0,MEDICINA,,,163.0,,17.0,,,,,,,,,2025
SABER PRO - 2025,PROGRAMA_ACÁDEMICO,PUNTAJE_PRUEBA,199,1,2.0,ANDINA,1.0,ANTIOQUIA,1.0,MEDELLÍN,8894.0,UNIVERSIDAD DE ANTIOQUIA,8894.0,UNIVERSIDAD DE ANTIOQUIA-MEDELLIN,14.0,MEDICINA,45.0,MEDICINA,6217.0,MEDICINA,RAZONAMIENTO CUANTITATIVO,1.0,,191.0,20.0,,,,,,,,,2025
SABER PRO - 2025,PROGRAMA_ACÁDEMICO,PUNTAJE_PRUEBA,199,1,2.0,ANDINA,1.0,ANTIOQUIA,1.0,MEDELLÍN,8894.0,UNIVERSIDAD DE ANTIOQUIA,8894.0,UNIVERSIDAD DE ANTIOQUIA-MEDELLIN,14.0,MEDICINA,45.0,MEDICINA,6217.0,MEDICINA,COMUNICACIÓN ESCRITA,1.0,,170.0,44.0,,,,,,,,,2025
SABER PRO - 2025,PROGRAMA_ACÁDEMICO,PUNTAJE_PRUEBA,59,1,2.0,ANDINA,1.0,ANTIOQUIA,1.0,MEDELLÍN,8894.0,UNIVERSIDAD DE ANTIOQUIA,8894.0,UNIVERSIDAD DE ANTIOQUIA-MEDELLIN,14.0,MEDICINA,45.0,MEDICINA,6217.0,MEDICINA,FUNDAMENTACIÓN EN DIAGNÓSTICO Y TRATAMIENTO MÉDICOS,34.0,,162.0,18.0,,,,,,,,,2025
SABER PRO - 2025,PROGRAMA_ACÁDEMICO,PUNTAJE_PRUEBA,199,1,2.0,ANDINA,1.0,ANTIOQUIA,1.0,MEDELLÍN,8894.0,UNIVERSIDAD DE ANTIOQUIA,8894.0,UNIVERSIDAD DE ANTIOQUIA-MEDELLIN,14.0,MEDICINA,45.0,MEDICINA,6217.0,MEDICINA,INGLÉS,1.0,,198.0,30.0,,,,,,,,,2025
SABER PRO - 2025,PROGRAMA_ACÁDEMICO,PUNTAJE_PRUEBA,59,1,2.0,ANDINA,1.0,ANTIOQUIA,1.0,MEDELLÍN,8894.0,UNIVERSIDAD DE ANTIOQUIA,8894.0,UNIVERSIDAD DE ANTIOQUIA-MEDELLIN,14.0,MEDICINA,45.0,MEDICINA,6217.0,MEDICINA,ATENCIÓN EN SALUD,34.0,,185.0,32.0,,,,,,,,,2025
SABER PRO - 2025,PROGRAMA_ACÁDEMICO,PUNTAJE_PRUEBA,199,1,2.0,ANDINA,1.0,ANTIOQUIA,1.0,MEDELLÍN,8894.0,UNIVERSIDAD DE ANTIOQUIA,8894.0,UNIVERSIDAD DE ANTIOQUIA-MEDELLIN,14.0,MEDICINA,45.0,MEDICINA,6217.0,MEDICINA,LECTURA CRÍTICA,1.0,,190.0,23.0,,,,,,,,,2025
SABER PRO - 2025,PROGRAMA_ACÁDEMICO,PUNTAJE_PRUEBA,199,1,2.0,ANDINA,1.0,ANTIOQUIA,1.0,MEDELLÍN,8894.0,UNIVERSIDAD DE ANTIOQUIA,8894.0,UNIVERSIDAD DE ANTIOQUIA-MEDELLIN,14.0,MEDICINA,45.0,MEDICINA,6217.0,MEDICINA,COMPETENCIAS CIUDADANAS,1.0,,186.0,28.0,,,,,,,,,2025
SABER PRO - 2025,PROGRAMA_ACÁDEMICO,PUNTAJE_PRUEBA,59,1,2.0,ANDINA,1.0,ANTIOQUIA,1.0,MEDELLÍN,8894.0,UNIVERSIDAD DE ANTIOQUIA,8894.0,UNIVERSIDAD DE ANTIOQUIA-MEDELLIN,14.0,MEDICINA,45.0,MEDICINA,6217.0,MEDICINA,PROMOCIÓN DE LA SALUD Y PREVENCIÓN DE LA ENFERMEDAD,34.0,,179.0,28.0,,,,,,,,,2025
SABER PRO - 2025,PROGRAMA_ACÁDEMICO,PUNTAJE_PRUEBA,96,1,2.0,ANDINA,1.0,ANTIOQUIA,1.0,MEDELLÍN,8897.0,UNIVERSIDAD EIA,8897.0,UNIVERSIDAD EIA-ENVIGADO,,,45.0,MEDICINA,25810.0,MEDICINA,INGLÉS,1.0,,209.0,34.0,,,,,,,,,2025
SABER PRO - 2025,PROGRAMA_ACÁDEMICO,PUNTAJE_PRUEBA,96,1,2.0,ANDINA,1.0,ANTIOQUIA,1.0,MEDELLÍN,8897.0,UNIVERSIDAD EIA,8897.0,UNIVERSIDAD EIA-ENVIGADO,,,45.0,MEDICINA,25810.0,MEDICINA,RAZONAMIENTO CUANTITATIVO,1.0,,170.0,23.0,,,,,,,,,2025
SABER PRO - 2025,PROGRAMA_ACÁDEMICO,PUNTAJE_PRUEBA,96,1,2.0,ANDINA,1.0,ANTIOQUIA,1.0,MEDELLÍN,8897.0,UNIVERSIDAD EIA,8897.0,UNIVERSIDAD EIA-ENVIGADO,,,45.0,MEDICINA,25810.0,MEDICINA,LECTURA CRÍTICA,1.0,,185.0,20.0,,,,,,,,,2025
SABER PRO - 2025,PROGRAMA_ACÁDEMICO,PUNTAJE_PRUEBA,96,1,2.0,ANDINA,1.0,ANTIOQUIA,1.0,MEDELLÍN,8897.0,UNIVERSIDAD EIA,8897.0,UNIVERSIDAD EIA-ENVIGADO,,,45.0,MEDICINA,25810.0,MEDICINA,COMUNICACIÓN ESCRITA,1.0,,169.0,35.0,,,,,,,,,2025
SABER PRO - 2025,PROGRAMA_ACÁDEMICO,PUNTAJE_PRUEBA,42,1,2.0,ANDINA,1.0,ANTIOQUIA,1.0,MEDELLÍN,8897.0,UNIVERSIDAD EIA,8897.0,UNIVERSIDAD EIA-ENVIGADO,,,45.0,MEDICINA,25810.0,MEDICINA,ATENCIÓN EN SALUD,34.0,,186.0,21.0,,,,,,,,,2025
SABER PRO - 2025,PROGRAMA_ACÁDEMICO,PUNTAJE_PRUEBA,42,1,2.0,ANDINA,1.0,ANTIOQUIA,1.0,MEDELLÍN,8897.0,UNIVERSIDAD EIA,8897.0,UNIVERSIDAD EIA-ENVIGADO,,,45.0,MEDICINA,25810.0,MEDICINA,PROMOCIÓN DE LA SALUD Y PREVENCIÓN DE LA ENFERMEDAD,34.0,,186.0,24.0,,,,,,,,,2025
SABER PRO - 2025,PROGRAMA_ACÁDEMICO,PUNTAJE_PRUEBA,96,1,2.0,ANDINA,1.0,ANTIOQUIA,1.0,MEDELLÍN,8897.0,UNIVERSIDAD EIA,8897.0,UNIVERSIDAD EIA-ENVIGADO,,,45.0,MEDICINA,25810.0,MEDICINA,COMPETENCIAS CIUDADANAS,1.0,,178.0,26.0,,,,,,,,,2025
SABER PRO - 2025,PROGRAMA_ACÁDEMICO,PUNTAJE_PRUEBA,42,1,2.0,ANDINA,1.0,ANTIOQUIA,1.0,MEDELLÍN,8897.0,UNIVERSIDAD EIA,8897.0,UNIVERSIDAD EIA-ENVIGADO,,,45.0,MEDICINA,25810.0,MEDICINA,FUNDAMENTACIÓN EN DIAGNÓSTICO Y TRATAMIENTO MÉDICOS,34.0,,172.0,19.0,,,,,,,,,2025
SABER PRO - 2025,PROGRAMA_ACÁDEMICO,PUNTAJE_PRUEBA,127,1,2.0,ANDINA,1.0,ANTIOQUIA,1.0,MEDELLÍN,8903.0,CORPORACION UNIVERSITARIA REMINGTON,8903.0,CORPORACION UNIVERSITARIA REMINGTON-MEDELLIN,14.0,MEDICINA,45.0,MEDICINA,2329.0,MEDICINA,INGLÉS,1.0,,149.0,28.0,,,,,,,,,2025
SABER PRO - 2025,PROGRAMA_ACÁDEMICO,PUNTAJE_PRUEBA,127,1,2.0,ANDINA,1.0,ANTIOQUIA,1.0,MEDELLÍN,8903.0,CORPORACION UNIVERSITARIA REMINGTON,8903.0,CORPORACION UNIVERSITARIA REMINGTON-MEDELLIN,14.0,MEDICINA,45.0,MEDICINA,2329.0,MEDICINA,LECTURA CRÍTICA,1.0,,153.0,26.0,,,,,,,,,2025
SABER PRO - 2025,PROGRAMA_ACÁDEMICO,PUNTAJE_PRUEBA,127,1,2.0,ANDINA,1.0,ANTIOQUIA,1.0,MEDELLÍN,8903.0,CORPORACION UNIVERSITARIA REMINGTON,8903.0,CORPORACION UNIVERSITARIA REMINGTON-MEDELLIN,14.0,MEDICINA,45.0,MEDICINA,2329.0,MEDICINA,COMPETENCIAS CIUDADANAS,1.0,,147.0,30.0,,,,,,,,,2025
SABER PRO - 2025,PROGRAMA_ACÁDEMICO,PUNTAJE_PRUEBA,127,1,2.0,ANDINA,1.0,ANTIOQUIA,1.0,MEDELLÍN,8903.0,CORPORACION UNIVERSITARIA REMINGTON,8903.0,CORPORACION UNIVERSITARIA REMINGTON-MEDELLIN,14.0,MEDICINA,45.0,MEDICINA,2329.0,MEDICINA,COMUNICACIÓN ESCRITA,1.0,,153.0,36.0,,,,,,,,,2025
SABER PRO - 2025,PROGRAMA_ACÁDEMICO,PUNTAJE_PRUEBA,126,1,2.0,ANDINA,1.0,ANTIOQUIA,1.0,MEDELLÍN,8903.0,CORPORACION UNIVERSITARIA REMINGTON,8903.0,CORPORACION UNIVERSITARIA REMINGTON-MEDELLIN,14.0,MEDICINA,45.0,MEDICINA,2329.0,MEDICINA,ATENCIÓN EN SALUD,34.0,,149.0,29.0,,,,,,,,,2025
SABER PRO - 2025,PROGRAMA_ACÁDEMICO,PUNTAJE_PRUEBA,126,1,2.0,ANDINA,1.0,ANTIOQUIA,1.0,MEDELLÍN,8903.0,CORPORACION UNIVERSITARIA REMINGTON,8903.0,CORPORACION UNIVERSITARIA REMINGTON-MEDELLIN,14.0,MEDICINA,45.0,MEDICINA,2329.0,MEDICINA,PROMOCIÓN DE LA SALUD Y PREVENCIÓN DE LA ENFERMEDAD,34.0,,150.0,28.0,,,,,,,,,2025
SABER PRO - 2025,PROGRAMA_ACÁDEMICO,PUNTAJE_PRUEBA,126,1,2.0,ANDINA,1.0,ANTIOQUIA,1.0,MEDELLÍN,8903.0,CORPORACION UNIVERSITARIA REMINGTON,8903.0,CORPORACION UNIVERSITARIA REMINGTON-MEDELLIN,14.0,MEDICINA,45.0,MEDICINA,2329.0,MEDICINA,FUNDAMENTACIÓN EN DIAGNÓSTICO Y TRATAMIENTO MÉDICOS,34.0,,126.0,22.0,,,,,,,,,2025
SABER PRO - 2025,PROGRAMA_ACÁDEMICO,PUNTAJE_PRUEBA,127,1,2.0,ANDINA,1.0,ANTIOQUIA,1.0,MEDELLÍN,8903.0,CORPORACION UNIVERSITARIA REMINGTON,8903.0,CORPORACION UNIVERSITARIA REMINGTON-MEDELLIN,14.0,MEDICINA,45.0,MEDICINA,2329.0,MEDICINA,RAZONAMIENTO CUANTITATIVO,1.0,,133.0,26.0,,,,,,,,,2025
SABER PRO - 2025,PROGRAMA_ACÁDEMICO,PUNTAJE_PRUEBA,151,1,2.0,ANDINA,1.0,ANTIOQUIA,1.0,MEDELLÍN,8908.0,UNIVERSIDAD PONTIFICIA BOLIVARIANA,8908.0,UNIVERSIDAD PONTIFICIA BOLIVARIANA-MEDELLIN,14.0,MEDICINA,45.0,MEDICINA,2481.0,MEDICINA,COMPETENCIAS CIUDADANAS,1.0,,173.0,25.0,,,,,,,,,2025
SABER PRO - 2025,PROGRAMA_ACÁDEMICO,PUNTAJE_PRUEBA,151,1,2.0,ANDINA,1.0,ANTIOQUIA,1.0,MEDELLÍN,8908.0,UNIVERSIDAD PONTIFICIA BOLIVARIANA,8908.0,UNIVERSIDAD PONTIFICIA BOLIVARIANA-MEDELLIN,14.0,MEDICINA,45.0,MEDICINA,2481.0,MEDICINA,LECTURA CRÍTICA,1.0,,182.0,20.0,,,,,,,,,2025
SABER PRO - 2025,PROGRAMA_ACÁDEMICO,PUNTAJE_PRUEBA,63,1,2.0,ANDINA,1.0,ANTIOQUIA,1.0,MEDELLÍN,8908.0,UNIVERSIDAD PONTIFICIA BOLIVARIANA,8908.0,UNIVERSIDAD PONTIFICIA BOLIVARIANA-MEDELLIN,14.0,MEDICINA,45.0,MEDICINA,2481.0,MEDICINA,ATENCIÓN EN SALUD,34.0,,181.0,25.0,,,,,,,,,2025
SABER PRO - 2025,PROGRAMA_ACÁDEMICO,PUNTAJE_PRUEBA,63,1,2.0,ANDINA,1.0,ANTIOQUIA,1.0,MEDELLÍN,8908.0,UNIVERSIDAD PONTIFICIA BOLIVARIANA,8908.0,UNIVERSIDAD PONTIFICIA BOLIVARIANA-MEDELLIN,14.0,MEDICINA,45.0,MEDICINA,2481.0,MEDICINA,FUNDAMENTACIÓN EN DIAGNÓSTICO Y TRATAMIENTO MÉDICOS,34.0,,155.0,27.0,,,,,,,,,2025
SABER PRO - 2025,PROGRAMA_ACÁDEMICO,PUNTAJE_PRUEBA,151,1,2.0,ANDINA,1.0,ANTIOQUIA,1.0,MEDELLÍN,8908.0,UNIVERSIDAD PONTIFICIA BOLIVARIANA,8908.0,UNIVERSIDAD PONTIFICIA BOLIVARIANA-MEDELLIN,14.0,MEDICINA,45.0,MEDICINA,2481.0,MEDICINA,INGLÉS,1.0,,198.0,23.0,,,,,,,,,2025
SABER PRO - 2025,PROGRAMA_ACÁDEMICO,PUNTAJE_PRUEBA,151,1,2.0,ANDINA,1.0,ANTIOQUIA,1.0,MEDELLÍN,8908.0,UNIVERSIDAD PONTIFICIA BOLIVARIANA,8908.0,UNIVERSIDAD PONTIFICIA BOLIVARIANA-MEDELLIN,14.0,MEDICINA,45.0,MEDICINA,2481.0,MEDICINA,RAZONAMIENTO CUANTITATIVO,1.0,,169.0,23.0,,,,,,,,,2025
SABER PRO - 2025,PROGRAMA_ACÁDEMICO,PUNTAJE_PRUEBA,151,1,2.0,ANDINA,1.0,ANTIOQUIA,1.0,MEDELLÍN,8908.0,UNIVERSIDAD PONTIFICIA BOLIVARIANA,8908.0,UNIVERSIDAD PONTIFICIA BOLIVARIANA-MEDELLIN,14.0,MEDICINA,45.0,MEDICINA,2481.0,MEDICINA,COMUNICACIÓN ESCRITA,1.0,,163.0,30.0,,,,,,,,,2025
SABER PRO - 2025,PROGRAMA_ACÁDEMICO,PUNTAJE_PRUEBA,63,1,2.0,ANDINA,1.0,ANTIOQUIA,1.0,MEDELLÍN,8908.0,UNIVERSIDAD PONTIFICIA BOLIVARIANA,8908.0,UNIVERSIDAD PONTIFICIA BOLIVARIANA-MEDELLIN,14.0,MEDICINA,45.0,MEDICINA,2481.0,MEDICINA,PROMOCIÓN DE LA SALUD Y PREVENCIÓN DE LA ENFERMEDAD,34.0,,183.0,24.0,,,,,,,,,2025
SABER PRO - 2025,PROGRAMA_ACÁDEMICO,PUNTAJE_PRUEBA,105,1,2.0,ANDINA,1.0,ANTIOQUIA,1.0,MEDELLÍN,8910.0,FUNDACION UNIVERSITARIA AUTONOMA DE LAS AMERICAS,8910.0,INSTITUCIÓN UNIVERSITARIA VISIÓN DE LAS AMÉRICAS-MEDELLIN,14.0,MEDICINA,45.0,MEDICINA,6672.0,MEDICINA,FUNDAMENTACIÓN EN DIAGNÓSTICO Y TRATAMIENTO MÉDICOS,34.0,,133.0,23.0,,,,,,,,,2025
SABER PRO - 2025,PROGRAMA_ACÁDEMICO,PUNTAJE_PRUEBA,107,1,2.0,ANDINA,1.0,ANTIOQUIA,1.0,MEDELLÍN,8910.0,FUNDACION UNIVERSITARIA AUTONOMA DE LAS AMERICAS,8910.0,INSTITUCIÓN UNIVERSITARIA VISIÓN DE LAS AMÉRICAS-MEDELLIN,14.0,MEDICINA,45.0,MEDICINA,6672.0,MEDICINA,COMUNICACIÓN ESCRITA,1.0,,151.0,30.0,,,,,,,,,2025
SABER PRO - 2025,PROGRAMA_ACÁDEMICO,PUNTAJE_PRUEBA,105,1,2.0,ANDINA,1.0,ANTIOQUIA,1.0,MEDELLÍN,8910.0,FUNDACION UNIVERSITARIA AUTONOMA DE LAS AMERICAS,8910.0,INSTITUCIÓN UNIVERSITARIA VISIÓN DE LAS AMÉRICAS-MEDELLIN,14.0,MEDICINA,45.0,MEDICINA,6672.0,MEDICINA,PROMOCIÓN DE LA SALUD Y PREVENCIÓN DE LA ENFERMEDAD,34.0,,144.0,30.0,,,,,,,,,2025
SABER PRO - 2025,PROGRAMA_ACÁDEMICO,PUNTAJE_PRUEBA,107,1,2.0,ANDINA,1.0,ANTIOQUIA,1.0,MEDELLÍN,8910.0,FUNDACION UNIVERSITARIA AUTONOMA DE LAS AMERICAS,8910.0,INSTITUCIÓN UNIVERSITARIA VISIÓN DE LAS AMÉRICAS-MEDELLIN,14.0,MEDICINA,45.0,MEDICINA,6672.0,MEDICINA,INGLÉS,1.0,,167.0,28.0,,,,,,,,,2025
SABER PRO - 2025,PROGRAMA_ACÁDEMICO,PUNTAJE_PRUEBA,107,1,2.0,ANDINA,1.0,ANTIOQUIA,1.0,MEDELLÍN,8910.0,FUNDACION UNIVERSITARIA AUTONOMA DE LAS AMERICAS,8910.0,INSTITUCIÓN UNIVERSITARIA VISIÓN DE LAS AMÉRICAS-MEDELLIN,14.0,MEDICINA,45.0,MEDICINA,6672.0,MEDICINA,RAZONAMIENTO CUANTITATIVO,1.0,,143.0,26.0,,,,,,,,,2025
SABER PRO - 2025,PROGRAMA_ACÁDEMICO,PUNTAJE_PRUEBA,107,1,2.0,ANDINA,1.0,ANTIOQUIA,1.0,MEDELLÍN,8910.0,FUNDACION UNIVERSITARIA AUTONOMA DE LAS AMERICAS,8910.0,INSTITUCIÓN UNIVERSITARIA VISIÓN DE LAS AMÉRICAS-MEDELLIN,14.0,MEDICINA,45.0,MEDICINA,6672.0,MEDICINA,LECTURA CRÍTICA,1.0,,155.0,24.0,,,,,,,,,2025
SABER PRO - 2025,PROGRAMA_ACÁDEMICO,PUNTAJE_PRUEBA,107,1,2.0,ANDINA,1.0,ANTIOQUIA,1.0,MEDELLÍN,8910.0,FUNDACION UNIVERSITARIA AUTONOMA DE LAS AMERICAS,8910.0,INSTITUCIÓN UNIVERSITARIA VISIÓN DE LAS AMÉRICAS-MEDELLIN,14.0,MEDICINA,45.0,MEDICINA,6672.0,MEDICINA,COMPETENCIAS CIUDADANAS,1.0,,144.0,32.0,,,,,,,,,2025
SABER PRO - 2025,PROGRAMA_ACÁDEMICO,PUNTAJE_PRUEBA,105,1,2.0,ANDINA,1.0,ANTIOQUIA,1.0,MEDELLÍN,8910.0,FUNDACION UNIVERSITARIA AUTONOMA DE LAS AMERICAS,8910.0,INSTITUCIÓN UNIVERSITARIA VISIÓN DE LAS AMÉRICAS-MEDELLIN,14.0,MEDICINA,45.0,MEDICINA,6672.0,MEDICINA,ATENCIÓN EN SALUD,34.0,,144.0,32.0,,,,,,,,,2025
SABER PRO - 2025,PROGRAMA_ACÁDEMICO,PUNTAJE_PRUEBA,98,1,2.0,ANDINA,1.0,ANTIOQUIA,1.0,MEDELLÍN,8914.0,UNIVERSIDAD CES,8914.0,UNIVERSIDAD CES-MEDELLIN,14.0,MEDICINA,45.0,MEDICINA,6512.0,MEDICINA,FUNDAMENTACIÓN EN DIAGNÓSTICO Y TRATAMIENTO MÉDICOS,34.0,,175.0,24.0,,,,,,,,,2025
SABER PRO - 2025,PROGRAMA_ACÁDEMICO,PUNTAJE_PRUEBA,104,1,2.0,ANDINA,1.0,ANTIOQUIA,1.0,MEDELLÍN,8914.0,UNIVERSIDAD CES,8914.0,UNIVERSIDAD CES-MEDELLIN,14.0,MEDICINA,45.0,MEDICINA,6512.0,MEDICINA,COMUNICACIÓN ESCRITA,1.0,,174.0,36.0,,,,,,,,,2025
SABER PRO - 2025,PROGRAMA_ACÁDEMICO,PUNTAJE_PRUEBA,104,1,2.0,ANDINA,1.0,ANTIOQUIA,1.0,MEDELLÍN,8914.0,UNIVERSIDAD CES,8914.0,UNIVERSIDAD CES-MEDELLIN,14.0,MEDICINA,45.0,MEDICINA,6512.0,MEDICINA,LECTURA CRÍTICA,1.0,,187.0,20.0,,,,,,,,,2025
SABER PRO - 2025,PROGRAMA_ACÁDEMICO,PUNTAJE_PRUEBA,104,1,2.0,ANDINA,1.0,ANTIOQUIA,1.0,MEDELLÍN,8914.0,UNIVERSIDAD CES,8914.0,UNIVERSIDAD CES-MEDELLIN,14.0,MEDICINA,45.0,MEDICINA,6512.0,MEDICINA,RAZONAMIENTO CUANTITATIVO,1.0,,175.0,26.0,,,,,,,,,2025
SABER PRO - 2025,PROGRAMA_ACÁDEMICO,PUNTAJE_PRUEBA,104,1,2.0,ANDINA,1.0,ANTIOQUIA,1.0,MEDELLÍN,8914.0,UNIVERSIDAD CES,8914.0,UNIVERSIDAD CES-MEDELLIN,14.0,MEDICINA,45.0,MEDICINA,6512.0,MEDICINA,COMPETENCIAS CIUDADANAS,1.0,,181.0,24.0,,,,,,,,,2025
SABER PRO - 2025,PROGRAMA_ACÁDEMICO,PUNTAJE_PRUEBA,104,1,2.0,ANDINA,1.0,ANTIOQUIA,1.0,MEDELLÍN,8914.0,UNIVERSIDAD CES,8914.0,UNIVERSIDAD CES-MEDELLIN,14.0,MEDICINA,45.0,MEDICINA,6512.0,MEDICINA,INGLÉS,1.0,,210.0,32.0,,,,,,,,,2025
SABER PRO - 2025,PROGRAMA_ACÁDEMICO,PUNTAJE_PRUEBA,98,1,2.0,ANDINA,1.0,ANTIOQUIA,1.0,MEDELLÍN,8914.0,UNIVERSIDAD CES,8914.0,UNIVERSIDAD CES-MEDELLIN,14.0,MEDICINA,45.0,MEDICINA,6512.0,MEDICINA,PROMOCIÓN DE LA SALUD Y PREVENCIÓN DE LA ENFERMEDAD,34.0,,185.0,24.0,,,,,,,,,2025
SABER PRO - 2025,PROGRAMA_ACÁDEMICO,PUNTAJE_PRUEBA,98,1,2.0,ANDINA,1.0,ANTIOQUIA,1.0,MEDELLÍN,8914.0,UNIVERSIDAD CES,8914.0,UNIVERSIDAD CES-MEDELLIN,14.0,MEDICINA,45.0,MEDICINA,6512.0,MEDICINA,ATENCIÓN EN SALUD,34.0,,188.0,28.0,,,,,,,,,2025
SABER PRO - 2025,PROGRAMA_ACÁDEMICO,PUNTAJE_PRUEBA,122,1,2.0,ANDINA,1.0,ANTIOQUIA,1.0,MEDELLÍN,9065.0,UNIVERSIDAD COOPERATIVA DE COLOMBIA,8893.0,UNIVERSIDAD COOPERATIVA DE COLOMBIA-MEDELLIN,14.0,MEDICINA,45.0,MEDICINA,2904.0,MEDICINA,LECTURA CRÍTICA,1.0,,169.0,25.0,,,,,,,,,2025
SABER PRO - 2025,PROGRAMA_ACÁDEMICO,PUNTAJE_PRUEBA,121,1,2.0,ANDINA,1.0,ANTIOQUIA,1.0,MEDELLÍN,9065.0,UNIVERSIDAD COOPERATIVA DE COLOMBIA,8893.0,UNIVERSIDAD COOPERATIVA DE COLOMBIA-MEDELLIN,14.0,MEDICINA,45.0,MEDICINA,2904.0,MEDICINA,FUNDAMENTACIÓN EN DIAGNÓSTICO Y TRATAMIENTO MÉDICOS,34.0,,144.0,22.0,,,,,,,,,2025
SABER PRO - 2025,PROGRAMA_ACÁDEMICO,PUNTAJE_PRUEBA,121,1,2.0,ANDINA,1.0,ANTIOQUIA,1.0,MEDELLÍN,9065.0,UNIVERSIDAD COOPERATIVA DE COLOMBIA,8893.0,UNIVERSIDAD COOPERATIVA DE COLOMBIA-MEDELLIN,14.0,MEDICINA,45.0,MEDICINA,2904.0,MEDICINA,ATENCIÓN EN SALUD,34.0,,167.0,30.0,,,,,,,,,2025
SABER PRO - 2025,PROGRAMA_ACÁDEMICO,PUNTAJE_PRUEBA,121,1,2.0,ANDINA,1.0,ANTIOQUIA,1.0,MEDELLÍN,9065.0,UNIVERSIDAD COOPERATIVA DE COLOMBIA,8893.0,UNIVERSIDAD COOPERATIVA DE COLOMBIA-MEDELLIN,14.0,MEDICINA,45.0,MEDICINA,2904.0,MEDICINA,PROMOCIÓN DE LA SALUD Y PREVENCIÓN DE LA ENFERMEDAD,34.0,,165.0,32.0,,,,,,,,,2025
SABER PRO - 2025,PROGRAMA_ACÁDEMICO,PUNTAJE_PRUEBA,122,1,2.0,ANDINA,1.0,ANTIOQUIA,1.0,MEDELLÍN,9065.0,UNIVERSIDAD COOPERATIVA DE COLOMBIA,8893.0,UNIVERSIDAD COOPERATIVA DE COLOMBIA-MEDELLIN,14.0,MEDICINA,45.0,MEDICINA,2904.0,MEDICINA,RAZONAMIENTO CUANTITATIVO,1.0,,153.0,26.0,,,,,,,,,2025
SABER PRO - 2025,PROGRAMA_ACÁDEMICO,PUNTAJE_PRUEBA,122,1,2.0,ANDINA,1.0,ANTIOQUIA,1.0,MEDELLÍN,9065.0,UNIVERSIDAD COOPERATIVA DE COLOMBIA,8893.0,UNIVERSIDAD COOPERATIVA DE COLOMBIA-MEDELLIN,14.0,MEDICINA,45.0,MEDICINA,2904.0,MEDICINA,COMPETENCIAS CIUDADANAS,1.0,,157.0,29.0,,,,,,,,,2025
SABER PRO - 2025,PROGRAMA_ACÁDEMICO,PUNTAJE_PRUEBA,122,1,2.0,ANDINA,1.0,ANTIOQUIA,1.0,MEDELLÍN,9065.0,UNIVERSIDAD COOPERATIVA DE COLOMBIA,8893.0,UNIVERSIDAD COOPERATIVA DE COLOMBIA-MEDELLIN,14.0,MEDICINA,45.0,MEDICINA,2904.0,MEDICINA,INGLÉS,1.0,,171.0,32.0,,,,,,,,,2025
SABER PRO - 2025,PROGRAMA_ACÁDEMICO,PUNTAJE_PRUEBA,122,1,2.0,ANDINA,1.0,ANTIOQUIA,1.0,MEDELLÍN,9065.0,UNIVERSIDAD COOPERATIVA DE COLOMBIA,8893.0,UNIVERSIDAD COOPERATIVA DE COLOMBIA-MEDELLIN,14.0,MEDICINA,45.0,MEDICINA,2904.0,MEDICINA,COMUNICACIÓN ESCRITA,1.0,,163.0,37.0,,,,,,,,,2025
SABER PRO - 2025,PROGRAMA_ACÁDEMICO,PUNTAJE_PRUEBA,271,1,2.0,ANDINA,4.0,BOGOTÁ,152.0,BOGOTÁ D.C.,8964.0,UNIVERSIDAD NACIONAL DE COLOMBIA,8964.0,UNIVERSIDAD NACIONAL DE COLOMBIA-BOGOTÁ D.C.,14.0,MEDICINA,45.0,MEDICINA,5658.0,MEDICINA,LECTURA CRÍTICA,1.0,,194.0,23.0,,,,,,,,,2025
SABER PRO - 2025,PROGRAMA_ACÁDEMICO,PUNTAJE_PRUEBA,271,1,2.0,ANDINA,4.0,BOGOTÁ,152.0,BOGOTÁ D.C.,8964.0,UNIVERSIDAD NACIONAL DE COLOMBIA,8964.0,UNIVERSIDAD NACIONAL DE COLOMBIA-BOGOTÁ D.C.,14.0,MEDICINA,45.0,MEDICINA,5658.0,MEDICINA,INGLÉS,1.0,,204.0,35.0,,,,,,,,,2025
SABER PRO - 2025,PROGRAMA_ACÁDEMICO,PUNTAJE_PRUEBA,271,1,2.0,ANDINA,4.0,BOGOTÁ,152.0,BOGOTÁ D.C.,8964.0,UNIVERSIDAD NACIONAL DE COLOMBIA,8964.0,UNIVERSIDAD NACIONAL DE COLOMBIA-BOGOTÁ D.C.,14.0,MEDICINA,45.0,MEDICINA,5658.0,MEDICINA,COMPETENCIAS CIUDADANAS,1.0,,190.0,28.0,,,,,,,,,2025
SABER PRO - 2025,PROGRAMA_ACÁDEMICO,PUNTAJE_PRUEBA,271,1,2.0,ANDINA,4.0,BOGOTÁ,152.0,BOGOTÁ D.C.,8964.0,UNIVERSIDAD NACIONAL DE COLOMBIA,8964.0,UNIVERSIDAD NACIONAL DE COLOMBIA-BOGOTÁ D.C.,14.0,MEDICINA,45.0,MEDICINA,5658.0,MEDICINA,COMUNICACIÓN ESCRITA,1.0,,160.0,33.0,,,,,,,,,2025
SABER PRO - 2025,PROGRAMA_ACÁDEMICO,PUNTAJE_PRUEBA,121,1,2.0,ANDINA,4.0,BOGOTÁ,152.0,BOGOTÁ D.C.,8964.0,UNIVERSIDAD NACIONAL DE COLOMBIA,8964.0,UNIVERSIDAD NACIONAL DE COLOMBIA-BOGOTÁ D.C.,14.0,MEDICINA,45.0,MEDICINA,5658.0,MEDICINA,ATENCIÓN EN SALUD,34.0,,195.0,25.0,,,,,,,,,2025
SABER PRO - 2025,PROGRAMA_ACÁDEMICO,PUNTAJE_PRUEBA,121,1,2.0,ANDINA,4.0,BOGOTÁ,152.0,BOGOTÁ D.C.,8964.0,UNIVERSIDAD NACIONAL DE COLOMBIA,8964.0,UNIVERSIDAD NACIONAL DE COLOMBIA-BOGOTÁ D.C.,14.0,MEDICINA,45.0,MEDICINA,5658.0,MEDICINA,FUNDAMENTACIÓN EN DIAGNÓSTICO Y TRATAMIENTO MÉDICOS,34.0,,161.0,25.0,,,,,,,,,2025
SABER PRO - 2025,PROGRAMA_ACÁDEMICO,PUNTAJE_PRUEBA,121,1,2.0,ANDINA,4.0,BOGOTÁ,152.0,BOGOTÁ D.C.,8964.0,UNIVERSIDAD NACIONAL DE COLOMBIA,8964.0,UNIVERSIDAD NACIONAL DE COLOMBIA-BOGOTÁ D.C.,14.0,MEDICINA,45.0,MEDICINA,5658.0,MEDICINA,PROMOCIÓN DE LA SALUD Y PREVENCIÓN DE LA ENFERMEDAD,34.0,,187.0,26.0,,,,,,,,,2025
SABER PRO - 2025,PROGRAMA_ACÁDEMICO,PUNTAJE_PRUEBA,271,1,2.0,ANDINA,4.0,BOGOTÁ,152.0,BOGOTÁ D.C.,8964.0,UNIVERSIDAD NACIONAL DE COLOMBIA,8964.0,UNIVERSIDAD NACIONAL DE COLOMBIA-BOGOTÁ D.C.,14.0,MEDICINA,45.0,MEDICINA,5658.0,MEDICINA,RAZONAMIENTO CUANTITATIVO,1.0,,193.0,25.0,,,,,,,,,2025
SABER PRO - 2025,PROGRAMA_ACÁDEMICO,PUNTAJE_PRUEBA,33,1,2.0,ANDINA,4.0,BOGOTÁ,152.0,BOGOTÁ D.C.,8970.0,FUNDACION UNIVERSITARIA DEL AREA ANDINA,8970.0,FUNDACION UNIVERSITARIA DEL AREA ANDINA-BOGOTÁ D.C.,81.0,GRUPO REFERENCIA NACIONAL UNIVERSITARIO,45.0,MEDICINA,17859.0,MEDICINA,ATENCIÓN EN SALUD,34.0,,166.0,24.0,,,,,,,,,2025
SABER PRO - 2025,PROGRAMA_ACÁDEMICO,PUNTAJE_PRUEBA,57,1,2.0,ANDINA,4.0,BOGOTÁ,152.0,BOGOTÁ D.C.,8970.0,FUNDACION UNIVERSITARIA DEL AREA ANDINA,8970.0,FUNDACION UNIVERSITARIA DEL AREA ANDINA-BOGOTÁ D.C.,81.0,GRUPO REFERENCIA NACIONAL UNIVERSITARIO,45.0,MEDICINA,17859.0,MEDICINA,COMUNICACIÓN ESCRITA,1.0,,156.0,26.0,,,,,,,,,2025
SABER PRO - 2025,PROGRAMA_ACÁDEMICO,PUNTAJE_PRUEBA,57,1,2.0,ANDINA,4.0,BOGOTÁ,152.0,BOGOTÁ D.C.,8970.0,FUNDACION UNIVERSITARIA DEL AREA ANDINA,8970.0,FUNDACION UNIVERSITARIA DEL AREA ANDINA-BOGOTÁ D.C.,81.0,GRUPO REFERENCIA NACIONAL UNIVERSITARIO,45.0,MEDICINA,17859.0,MEDICINA,RAZONAMIENTO CUANTITATIVO,1.0,,151.0,22.0,,,,,,,,,2025
SABER PRO - 2025,PROGRAMA_ACÁDEMICO,PUNTAJE_PRUEBA,57,1,2.0,ANDINA,4.0,BOGOTÁ,152.0,BOGOTÁ D.C.,8970.0,FUNDACION UNIVERSITARIA DEL AREA ANDINA,8970.0,FUNDACION UNIVERSITARIA DEL AREA ANDINA-BOGOTÁ D.C.,81.0,GRUPO REFERENCIA NACIONAL UNIVERSITARIO,45.0,MEDICINA,17859.0,MEDICINA,COMPETENCIAS CIUDADANAS,1.0,,160.0,25.0,,,,,,,,,2025
SABER PRO - 2025,PROGRAMA_ACÁDEMICO,PUNTAJE_PRUEBA,57,1,2.0,ANDINA,4.0,BOGOTÁ,152.0,BOGOTÁ D.C.,8970.0,FUNDACION UNIVERSITARIA DEL AREA ANDINA,8970.0,FUNDACION UNIVERSITARIA DEL AREA ANDINA-BOGOTÁ D.C.,81.0,GRUPO REFERENCIA NACIONAL UNIVERSITARIO,45.0,MEDICINA,17859.0,MEDICINA,INGLÉS,1.0,,167.0,28.0,,,,,,,,,2025
SABER PRO - 2025,PROGRAMA_ACÁDEMICO,PUNTAJE_PRUEBA,33,1,2.0,ANDINA,4.0,BOGOTÁ,152.0,BOGOTÁ D.C.,8970.0,FUNDACION UNIVERSITARIA DEL AREA ANDINA,8970.0,FUNDACION UNIVERSITARIA DEL AREA ANDINA-BOGOTÁ D.C.,81.0,GRUPO REFERENCIA NACIONAL UNIVERSITARIO,45.0,MEDICINA,17859.0,MEDICINA,FUNDAMENTACIÓN EN DIAGNÓSTICO Y TRATAMIENTO MÉDICOS,34.0,,125.0,20.0,,,,,,,,,2025
SABER PRO - 2025,PROGRAMA_ACÁDEMICO,PUNTAJE_PRUEBA,33,1,2.0,ANDINA,4.0,BOGOTÁ,152.0,BOGOTÁ D.C.,8970.0,FUNDACION UNIVERSITARIA DEL AREA ANDINA,8970.0,FUNDACION UNIVERSITARIA DEL AREA ANDINA-BOGOTÁ D.C.,81.0,GRUPO REFERENCIA NACIONAL UNIVERSITARIO,45.0,MEDICINA,17859.0,MEDICINA,PROMOCIÓN DE LA SALUD Y PREVENCIÓN DE LA ENFERMEDAD,34.0,,166.0,19.0,,,,,,,,,2025
SABER PRO - 2025,PROGRAMA_ACÁDEMICO,PUNTAJE_PRUEBA,57,1,2.0,ANDINA,4.0,BOGOTÁ,152.0,BOGOTÁ D.C.,8970.0,FUNDACION UNIVERSITARIA DEL AREA ANDINA,8970.0,FUNDACION UNIVERSITARIA DEL AREA ANDINA-BOGOTÁ D.C.,81.0,GRUPO REFERENCIA NACIONAL UNIVERSITARIO,45.0,MEDICINA,17859.0,MEDICINA,LECTURA CRÍTICA,1.0,,171.0,17.0,,,,,,,,,2025
SABER PRO - 2025,PROGRAMA_ACÁDEMICO,PUNTAJE_PRUEBA,186,1,2.0,ANDINA,4.0,BOGOTÁ,152.0,BOGOTÁ D.C.,8974.0,FUNDACION UNIVERSITARIA DE CIENCIAS DE LA SALUD,8974.0,FUNDACION UNIVERSITARIA DE CIENCIAS DE LA SALUD-BOGOTÁ D.C.,14.0,MEDICINA,45.0,MEDICINA,163.0,MEDICINA,COMPETENCIAS CIUDADANAS,1.0,,171.0,27.0,,,,,,,,,2025
SABER PRO - 2025,PROGRAMA_ACÁDEMICO,PUNTAJE_PRUEBA,186,1,2.0,ANDINA,4.0,BOGOTÁ,152.0,BOGOTÁ D.C.,8974.0,FUNDACION UNIVERSITARIA DE CIENCIAS DE LA SALUD,8974.0,FUNDACION UNIVERSITARIA DE CIENCIAS DE LA SALUD-BOGOTÁ D.C.,14.0,MEDICINA,45.0,MEDICINA,163.0,MEDICINA,RAZONAMIENTO CUANTITATIVO,1.0,,167.0,22.0,,,,,,,,,2025
SABER PRO - 2025,PROGRAMA_ACÁDEMICO,PUNTAJE_PRUEBA,99,1,2.0,ANDINA,4.0,BOGOTÁ,152.0,BOGOTÁ D.C.,8974.0,FUNDACION UNIVERSITARIA DE CIENCIAS DE LA SALUD,8974.0,FUNDACION UNIVERSITARIA DE CIENCIAS DE LA SALUD-BOGOTÁ D.C.,14.0,MEDICINA,45.0,MEDICINA,163.0,MEDICINA,FUNDAMENTACIÓN EN DIAGNÓSTICO Y TRATAMIENTO MÉDICOS,34.0,,133.0,21.0,,,,,,,,,2025
SABER PRO - 2025,PROGRAMA_ACÁDEMICO,PUNTAJE_PRUEBA,186,1,2.0,ANDINA,4.0,BOGOTÁ,152.0,BOGOTÁ D.C.,8974.0,FUNDACION UNIVERSITARIA DE CIENCIAS DE LA SALUD,8974.0,FUNDACION UNIVERSITARIA DE CIENCIAS DE LA SALUD-BOGOTÁ D.C.,14.0,MEDICINA,45.0,MEDICINA,163.0,MEDICINA,COMUNICACIÓN ESCRITA,1.0,,155.0,24.0,,,,,,,,,2025
SABER PRO - 2025,PROGRAMA_ACÁDEMICO,PUNTAJE_PRUEBA,99,1,2.0,ANDINA,4.0,BOGOTÁ,152.0,BOGOTÁ D.C.,8974.0,FUNDACION UNIVERSITARIA DE CIENCIAS DE LA SALUD,8974.0,FUNDACION UNIVERSITARIA DE CIENCIAS DE LA SALUD-BOGOTÁ D.C.,14.0,MEDICINA,45.0,MEDICINA,163.0,MEDICINA,PROMOCIÓN DE LA SALUD Y PREVENCIÓN DE LA ENFERMEDAD,34.0,,165.0,28.0,,,,,,,,,2025
SABER PRO - 2025,PROGRAMA_ACÁDEMICO,PUNTAJE_PRUEBA,186,1,2.0,ANDINA,4.0,BOGOTÁ,152.0,BOGOTÁ D.C.,8974.0,FUNDACION UNIVERSITARIA DE CIENCIAS DE LA SALUD,8974.0,FUNDACION UNIVERSITARIA DE CIENCIAS DE LA SALUD-BOGOTÁ D.C.,14.0,MEDICINA,45.0,MEDICINA,163.0,MEDICINA,LECTURA CRÍTICA,1.0,,176.0,27.0,,,,,,,,,2025
SABER PRO - 2025,PROGRAMA_ACÁDEMICO,PUNTAJE_PRUEBA,186,1,2.0,ANDINA,4.0,BOGOTÁ,152.0,BOGOTÁ D.C.,8974.0,FUNDACION UNIVERSITARIA DE CIENCIAS DE LA SALUD,8974.0,FUNDACION UNIVERSITARIA DE CIENCIAS DE LA SALUD-BOGOTÁ D.C.,14.0,MEDICINA,45.0,MEDICINA,163.0,MEDICINA,INGLÉS,1.0,,192.0,22.0,,,,,,,,,2025
SABER PRO - 2025,PROGRAMA_ACÁDEMICO,PUNTAJE_PRUEBA,99,1,2.0,ANDINA,4.0,BOGOTÁ,152.0,BOGOTÁ D.C.,8974.0,FUNDACION UNIVERSITARIA DE CIENCIAS DE LA SALUD,8974.0,FUNDACION UNIVERSITARIA DE CIENCIAS DE LA SALUD-BOGOTÁ D.C.,14.0,MEDICINA,45.0,MEDICINA,163.0,MEDICINA,ATENCIÓN EN SALUD,34.0,,166.0,30.0,,,,,,,,,2025
SABER PRO - 2025,PROGRAMA_ACÁDEMICO,PUNTAJE_PRUEBA,1,1,2.0,ANDINA,4.0,BOGOTÁ,152.0,BOGOTÁ D.C.,8990.0,FUNDACION UNIVERSITARIA SAN MARTIN,8990.0,FUNDACION UNIVERSITARIA SAN MARTIN-BOGOTÁ D.C.,,,45.0,MEDICINA,20829.0,MEDICINA,COMPETENCIAS CIUDADANAS,1.0,,118.0,0.0,,,,,,,,,2025
SABER PRO - 2025,PROGRAMA_ACÁDEMICO,PUNTAJE_PRUEBA,83,1,2.0,ANDINA,4.0,BOGOTÁ,152.0,BOGOTÁ D.C.,8990.0,FUNDACION UNIVERSITARIA SAN MARTIN,8990.0,FUNDACION UNIVERSITARIA SAN MARTIN-BOGOTÁ D.C.,14.0,MEDICINA,45.0,MEDICINA,2770.0,MEDICINA,COMUNICACIÓN ESCRITA,1.0,,157.0,32.0,,,,,,,,,2025
SABER PRO - 2025,PROGRAMA_ACÁDEMICO,PUNTAJE_PRUEBA,33,1,2.0,ANDINA,4.0,BOGOTÁ,152.0,BOGOTÁ D.C.,8990.0,FUNDACION UNIVERSITARIA SAN MARTIN,8990.0,FUNDACION UNIVERSITARIA SAN MARTIN-BOGOTÁ D.C.,14.0,MEDICINA,45.0,MEDICINA,2770.0,MEDICINA,PROMOCIÓN DE LA SALUD Y PREVENCIÓN DE LA ENFERMEDAD,34.0,,174.0,28.0,,,,,,,,,2025
SABER PRO - 2025,PROGRAMA_ACÁDEMICO,PUNTAJE_PRUEBA,83,1,2.0,ANDINA,4.0,BOGOTÁ,152.0,BOGOTÁ D.C.,8990.0,FUNDACION UNIVERSITARIA SAN MARTIN,8990.0,FUNDACION UNIVERSITARIA SAN MARTIN-BOGOTÁ D.C.,14.0,MEDICINA,45.0,MEDICINA,2770.0,MEDICINA,INGLÉS,1.0,,192.0,18.0,,,,,,,,,2025
SABER PRO - 2025,PROGRAMA_ACÁDEMICO,PUNTAJE_PRUEBA,127,1,2.0,ANDINA,4.0,BOGOTÁ,152.0,BOGOTÁ D.C.,8990.0,FUNDACION UNIVERSITARIA SAN MARTIN,8990.0,FUNDACION UNIVERSITARIA SAN MARTIN-BOGOTÁ D.C.,14.0,MEDICINA,45.0,MEDICINA,6049.0,MEDICINA,LECTURA CRÍTICA,1.0,,153.0,24.0,,,,,,,,,2025
SABER PRO - 2025,PROGRAMA_ACÁDEMICO,PUNTAJE_PRUEBA,1,1,2.0,ANDINA,4.0,BOGOTÁ,152.0,BOGOTÁ D.C.,8990.0,FUNDACION UNIVERSITARIA SAN MARTIN,8990.0,FUNDACION UNIVERSITARIA SAN MARTIN-BOGOTÁ D.C.,,,45.0,MEDICINA,20829.0,MEDICINA,COMUNICACIÓN ESCRITA,1.0,,196.0,0.0,,,,,,,,,2025
SABER PRO - 2025,PROGRAMA_ACÁDEMICO,PUNTAJE_PRUEBA,127,1,2.0,ANDINA,4.0,BOGOTÁ,152.0,BOGOTÁ D.C.,8990.0,FUNDACION UNIVERSITARIA SAN MARTIN,8990.0,FUNDACION UNIVERSITARIA SAN MARTIN-BOGOTÁ D.C.,14.0,MEDICINA,45.0,MEDICINA,6049.0,MEDICINA,RAZONAMIENTO CUANTITATIVO,1.0,,142.0,25.0,,,,,,,,,2025
SABER PRO - 2025,PROGRAMA_ACÁDEMICO,PUNTAJE_PRUEBA,1,1,2.0,ANDINA,4.0,BOGOTÁ,152.0,BOGOTÁ D.C.,8990.0,FUNDACION UNIVERSITARIA SAN MARTIN,8990.0,FUNDACION UNIVERSITARIA SAN MARTIN-BOGOTÁ D.C.,14.0,MEDICINA,45.0,MEDICINA,9797.0,MEDICINA,RAZONAMIENTO CUANTITATIVO,1.0,,150.0,0.0,,,,,,,,,2025
SABER PRO - 2025,PROGRAMA_ACÁDEMICO,PUNTAJE_PRUEBA,87,1,2.0,ANDINA,4.0,BOGOTÁ,152.0,BOGOTÁ D.C.,8990.0,FUNDACION UNIVERSITARIA SAN MARTIN,8990.0,FUNDACION UNIVERSITARIA SAN MARTIN-BOGOTÁ D.C.,14.0,MEDICINA,45.0,MEDICINA,6506.0,MEDICINA,COMPETENCIAS CIUDADANAS,1.0,,154.0,30.0,,,,,,,,,2025
SABER PRO - 2025,PROGRAMA_ACÁDEMICO,PUNTAJE_PRUEBA,154,1,2.0,ANDINA,4.0,BOGOTÁ,152.0,BOGOTÁ D.C.,8990.0,FUNDACION UNIVERSITARIA SAN MARTIN,8990.0,FUNDACION UNIVERSITARIA SAN MARTIN-BOGOTÁ D.C.,14.0,MEDICINA,45.0,MEDICINA,6922.0,MEDICINA,COMUNICACIÓN ESCRITA,1.0,,141.0,45.0,,,,,,,,,2025
SABER PRO - 2025,PROGRAMA_ACÁDEMICO,PUNTAJE_PRUEBA,154,1,2.0,ANDINA,4.0,BOGOTÁ,152.0,BOGOTÁ D.C.,8990.0,FUNDACION UNIVERSITARIA SAN MARTIN,8990.0,FUNDACION UNIVERSITARIA SAN MARTIN-BOGOTÁ D.C.,14.0,MEDICINA,45.0,MEDICINA,6922.0,MEDICINA,COMPETENCIAS CIUDADANAS,1.0,,142.0,28.0,,,,,,,,,2025
SABER PRO - 2025,PROGRAMA_ACÁDEMICO,PUNTAJE_PRUEBA,29,1,2.0,ANDINA,4.0,BOGOTÁ,152.0,BOGOTÁ D.C.,8990.0,FUNDACION UNIVERSITARIA SAN MARTIN,8990.0,FUNDACION UNIVERSITARIA SAN MARTIN-BOGOTÁ D.C.,14.0,MEDICINA,45.0,MEDICINA,6922.0,MEDICINA,PROMOCIÓN DE LA SALUD Y PREVENCIÓN DE LA ENFERMEDAD,34.0,,127.0,27.0,,,,,,,,,2025
SABER PRO - 2025,PROGRAMA_ACÁDEMICO,PUNTAJE_PRUEBA,33,1,2.0,ANDINA,4.0,BOGOTÁ,152.0,BOGOTÁ D.C.,8990.0,FUNDACION UNIVERSITARIA SAN MARTIN,8990.0,FUNDACION UNIVERSITARIA SAN MARTIN-BOGOTÁ D.C.,14.0,MEDICINA,45.0,MEDICINA,2770.0,MEDICINA,ATENCIÓN EN SALUD,34.0,,175.0,36.0,,,,,,,,,2025
SABER PRO - 2025,PROGRAMA_ACÁDEMICO,PUNTAJE_PRUEBA,154,1,2.0,ANDINA,4.0,BOGOTÁ,152.0,BOGOTÁ D.C.,8990.0,FUNDACION UNIVERSITARIA SAN MARTIN,8990.0,FUNDACION UNIVERSITARIA SAN MARTIN-BOGOTÁ D.C.,14.0,MEDICINA,45.0,MEDICINA,6922.0,MEDICINA,LECTURA CRÍTICA,1.0,,150.0,26.0,,,,,,,,,2025
SABER PRO - 2025,PROGRAMA_ACÁDEMICO,PUNTAJE_PRUEBA,69,1,2.0,ANDINA,4.0,BOGOTÁ,152.0,BOGOTÁ D.C.,8990.0,FUNDACION UNIVERSITARIA SAN MARTIN,8990.0,FUNDACION UNIVERSITARIA SAN MARTIN-BOGOTÁ D.C.,14.0,MEDICINA,45.0,MEDICINA,6920.0,MEDICINA,LECTURA CRÍTICA,1.0,,153.0,28.0,,,,,,,,,2025
SABER PRO - 2025,PROGRAMA_ACÁDEMICO,PUNTAJE_PRUEBA,29,1,2.0,ANDINA,4.0,BOGOTÁ,152.0,BOGOTÁ D.C.,8990.0,FUNDACION UNIVERSITARIA SAN MARTIN,8990.0,FUNDACION UNIVERSITARIA SAN MARTIN-BOGOTÁ D.C.,14.0,MEDICINA,45.0,MEDICINA,6922.0,MEDICINA,FUNDAMENTACIÓN EN DIAGNÓSTICO Y TRATAMIENTO MÉDICOS,34.0,,107.0,20.0,,,,,,,,,2025
SABER PRO - 2025,PROGRAMA_ACÁDEMICO,PUNTAJE_PRUEBA,69,1,2.0,ANDINA,4.0,BOGOTÁ,152.0,BOGOTÁ D.C.,8990.0,FUNDACION UNIVERSITARIA SAN MARTIN,8990.0,FUNDACION UNIVERSITARIA SAN MARTIN-BOGOTÁ D.C.,14.0,MEDICINA,45.0,MEDICINA,6920.0,MEDICINA,INGLÉS,1.0,,154.0,19.0,,,,,,,,,2025
SABER PRO - 2025,PROGRAMA_ACÁDEMICO,PUNTAJE_PRUEBA,69,1,2.0,ANDINA,4.0,BOGOTÁ,152.0,BOGOTÁ D.C.,8990.0,FUNDACION UNIVERSITARIA SAN MARTIN,8990.0,FUNDACION UNIVERSITARIA SAN MARTIN-BOGOTÁ D.C.,14.0,MEDICINA,45.0,MEDICINA,6920.0,MEDICINA,COMUNICACIÓN ESCRITA,1.0,,155.0,41.0,,,,,,,,,2025
SABER PRO - 2025,PROGRAMA_ACÁDEMICO,PUNTAJE_PRUEBA,26,1,2.0,ANDINA,4.0,BOGOTÁ,152.0,BOGOTÁ D.C.,8990.0,FUNDACION UNIVERSITARIA SAN MARTIN,8990.0,FUNDACION UNIVERSITARIA SAN MARTIN-BOGOTÁ D.C.,14.0,MEDICINA,45.0,MEDICINA,6920.0,MEDICINA,ATENCIÓN EN SALUD,34.0,,138.0,30.0,,,,,,,,,2025
SABER PRO - 2025,PROGRAMA_ACÁDEMICO,PUNTAJE_PRUEBA,1,1,2.0,ANDINA,4.0,BOGOTÁ,152.0,BOGOTÁ D.C.,8990.0,FUNDACION UNIVERSITARIA SAN MARTIN,8990.0,FUNDACION UNIVERSITARIA SAN MARTIN-BOGOTÁ D.C.,14.0,MEDICINA,45.0,MEDICINA,9797.0,MEDICINA,COMUNICACIÓN ESCRITA,1.0,,115.0,0.0,,,,,,,,,2025
SABER PRO - 2025,PROGRAMA_ACÁDEMICO,PUNTAJE_PRUEBA,83,1,2.0,ANDINA,4.0,BOGOTÁ,152.0,BOGOTÁ D.C.,8990.0,FUNDACION UNIVERSITARIA SAN MARTIN,8990.0,FUNDACION UNIVERSITARIA SAN MARTIN-BOGOTÁ D.C.,14.0,MEDICINA,45.0,MEDICINA,2770.0,MEDICINA,COMPETENCIAS CIUDADANAS,1.0,,162.0,28.0,,,,,,,,,2025
SABER PRO - 2025,PROGRAMA_ACÁDEMICO,PUNTAJE_PRUEBA,127,1,2.0,ANDINA,4.0,BOGOTÁ,152.0,BOGOTÁ D.C.,8990.0,FUNDACION UNIVERSITARIA SAN MARTIN,8990.0,FUNDACION UNIVERSITARIA SAN MARTIN-BOGOTÁ D.C.,14.0,MEDICINA,45.0,MEDICINA,6049.0,MEDICINA,COMPETENCIAS CIUDADANAS,1.0,,142.0,26.0,,,,,,,,,2025
SABER PRO - 2025,PROGRAMA_ACÁDEMICO,PUNTAJE_PRUEBA,127,1,2.0,ANDINA,4.0,BOGOTÁ,152.0,BOGOTÁ D.C.,8990.0,FUNDACION UNIVERSITARIA SAN MARTIN,8990.0,FUNDACION UNIVERSITARIA SAN MARTIN-BOGOTÁ D.C.,14.0,MEDICINA,45.0,MEDICINA,6049.0,MEDICINA,INGLÉS,1.0,,151.0,22.0,,,,,,,,,2025
SABER PRO - 2025,PROGRAMA_ACÁDEMICO,PUNTAJE_PRUEBA,26,1,2.0,ANDINA,4.0,BOGOTÁ,152.0,BOGOTÁ D.C.,8990.0,FUNDACION UNIVERSITARIA SAN MARTIN,8990.0,FUNDACION UNIVERSITARIA SAN MARTIN-BOGOTÁ D.C.,14.0,MEDICINA,45.0,MEDICINA,6920.0,MEDICINA,PROMOCIÓN DE LA SALUD Y PREVENCIÓN DE LA ENFERMEDAD,34.0,,151.0,32.0,,,,,,,,,2025
SABER PRO - 2025,PROGRAMA_ACÁDEMICO,PUNTAJE_PRUEBA,69,1,2.0,ANDINA,4.0,BOGOTÁ,152.0,BOGOTÁ D.C.,8990.0,FUNDACION UNIVERSITARIA SAN MARTIN,8990.0,FUNDACION UNIVERSITARIA SAN MARTIN-BOGOTÁ D.C.,14.0,MEDICINA,45.0,MEDICINA,6920.0,MEDICINA,RAZONAMIENTO CUANTITATIVO,1.0,,146.0,21.0,,,,,,,,,2025
SABER PRO - 2025,PROGRAMA_ACÁDEMICO,PUNTAJE_PRUEBA,1,1,2.0,ANDINA,4.0,BOGOTÁ,152.0,BOGOTÁ D.C.,8990.0,FUNDACION UNIVERSITARIA SAN MARTIN,8990.0,FUNDACION UNIVERSITARIA SAN MARTIN-BOGOTÁ D.C.,14.0,MEDICINA,45.0,MEDICINA,9797.0,MEDICINA,INGLÉS,1.0,,155.0,0.0,,,,,,,,,2025
SABER PRO - 2025,PROGRAMA_ACÁDEMICO,PUNTAJE_PRUEBA,87,1,2.0,ANDINA,4.0,BOGOTÁ,152.0,BOGOTÁ D.C.,8990.0,FUNDACION UNIVERSITARIA SAN MARTIN,8990.0,FUNDACION UNIVERSITARIA SAN MARTIN-BOGOTÁ D.C.,14.0,MEDICINA,45.0,MEDICINA,6506.0,MEDICINA,COMUNICACIÓN ESCRITA,1.0,,151.0,25.0,,,,,,,,,2025
SABER PRO - 2025,PROGRAMA_ACÁDEMICO,PUNTAJE_PRUEBA,1,1,2.0,ANDINA,4.0,BOGOTÁ,152.0,BOGOTÁ D.C.,8990.0,FUNDACION UNIVERSITARIA SAN MARTIN,8990.0,FUNDACION UNIVERSITARIA SAN MARTIN-BOGOTÁ D.C.,,,45.0,MEDICINA,20829.0,MEDICINA,INGLÉS,1.0,,131.0,0.0,,,,,,,,,2025
SABER PRO - 2025,PROGRAMA_ACÁDEMICO,PUNTAJE_PRUEBA,33,1,2.0,ANDINA,4.0,BOGOTÁ,152.0,BOGOTÁ D.C.,8990.0,FUNDACION UNIVERSITARIA SAN MARTIN,8990.0,FUNDACION UNIVERSITARIA SAN MARTIN-BOGOTÁ D.C.,14.0,MEDICINA,45.0,MEDICINA,2770.0,MEDICINA,FUNDAMENTACIÓN EN DIAGNÓSTICO Y TRATAMIENTO MÉDICOS,34.0,,148.0,23.0,,,,,,,,,2025
SABER PRO - 2025,PROGRAMA_ACÁDEMICO,PUNTAJE_PRUEBA,87,1,2.0,ANDINA,4.0,BOGOTÁ,152.0,BOGOTÁ D.C.,8990.0,FUNDACION UNIVERSITARIA SAN MARTIN,8990.0,FUNDACION UNIVERSITARIA SAN MARTIN-BOGOTÁ D.C.,14.0,MEDICINA,45.0,MEDICINA,6506.0,MEDICINA,LECTURA CRÍTICA,1.0,,158.0,26.0,,,,,,,,,2025
SABER PRO - 2025,PROGRAMA_ACÁDEMICO,PUNTAJE_PRUEBA,73,1,2.0,ANDINA,4.0,BOGOTÁ,152.0,BOGOTÁ D.C.,8990.0,FUNDACION UNIVERSITARIA SAN MARTIN,8990.0,FUNDACION UNIVERSITARIA SAN MARTIN-BOGOTÁ D.C.,14.0,MEDICINA,45.0,MEDICINA,6049.0,MEDICINA,ATENCIÓN EN SALUD,34.0,,139.0,24.0,,,,,,,,,2025
SABER PRO - 2025,PROGRAMA_ACÁDEMICO,PUNTAJE_PRUEBA,127,1,2.0,ANDINA,4.0,BOGOTÁ,152.0,BOGOTÁ D.C.,8990.0,FUNDACION UNIVERSITARIA SAN MARTIN,8990.0,FUNDACION UNIVERSITARIA SAN MARTIN-BOGOTÁ D.C.,14.0,MEDICINA,45.0,MEDICINA,6049.0,MEDICINA,COMUNICACIÓN ESCRITA,1.0,,148.0,41.0,,,,,,,,,2025
SABER PRO - 2025,PROGRAMA_ACÁDEMICO,PUNTAJE_PRUEBA,73,1,2.0,ANDINA,4.0,BOGOTÁ,152.0,BOGOTÁ D.C.,8990.0,FUNDACION UNIVERSITARIA SAN MARTIN,8990.0,FUNDACION UNIVERSITARIA SAN MARTIN-BOGOTÁ D.C.,14.0,MEDICINA,45.0,MEDICINA,6049.0,MEDICINA,PROMOCIÓN DE LA SALUD Y PREVENCIÓN DE LA ENFERMEDAD,34.0,,143.0,25.0,,,,,,,,,2025
SABER PRO - 2025,PROGRAMA_ACÁDEMICO,PUNTAJE_PRUEBA,31,1,2.0,ANDINA,4.0,BOGOTÁ,152.0,BOGOTÁ D.C.,8990.0,FUNDACION UNIVERSITARIA SAN MARTIN,8990.0,FUNDACION UNIVERSITARIA SAN MARTIN-BOGOTÁ D.C.,14.0,MEDICINA,45.0,MEDICINA,6506.0,MEDICINA,FUNDAMENTACIÓN EN DIAGNÓSTICO Y TRATAMIENTO MÉDICOS,34.0,,120.0,20.0,,,,,,,,,2025
SABER PRO - 2025,PROGRAMA_ACÁDEMICO,PUNTAJE_PRUEBA,83,1,2.0,ANDINA,4.0,BOGOTÁ,152.0,BOGOTÁ D.C.,8990.0,FUNDACION UNIVERSITARIA SAN MARTIN,8990.0,FUNDACION UNIVERSITARIA SAN MARTIN-BOGOTÁ D.C.,14.0,MEDICINA,45.0,MEDICINA,2770.0,MEDICINA,RAZONAMIENTO CUANTITATIVO,1.0,,160.0,27.0,,,,,,,,,2025
SABER PRO - 2025,PROGRAMA_ACÁDEMICO,PUNTAJE_PRUEBA,1,1,2.0,ANDINA,4.0,BOGOTÁ,152.0,BOGOTÁ D.C.,8990.0,FUNDACION UNIVERSITARIA SAN MARTIN,8990.0,FUNDACION UNIVERSITARIA SAN MARTIN-BOGOTÁ D.C.,,,45.0,MEDICINA,20829.0,MEDICINA,RAZONAMIENTO CUANTITATIVO,1.0,,128.0,0.0,,,,,,,,,2025
SABER PRO - 2025,PROGRAMA_ACÁDEMICO,PUNTAJE_PRUEBA,73,1,2.0,ANDINA,4.0,BOGOTÁ,152.0,BOGOTÁ D.C.,8990.0,FUNDACION UNIVERSITARIA SAN MARTIN,8990.0,FUNDACION UNIVERSITARIA SAN MARTIN-BOGOTÁ D.C.,14.0,MEDICINA,45.0,MEDICINA,6049.0,MEDICINA,FUNDAMENTACIÓN EN DIAGNÓSTICO Y TRATAMIENTO MÉDICOS,34.0,,112.0,20.0,,,,,,,,,2025
SABER PRO - 2025,PROGRAMA_ACÁDEMICO,PUNTAJE_PRUEBA,1,1,2.0,ANDINA,4.0,BOGOTÁ,152.0,BOGOTÁ D.C.,8990.0,FUNDACION UNIVERSITARIA SAN MARTIN,8990.0,FUNDACION UNIVERSITARIA SAN MARTIN-BOGOTÁ D.C.,14.0,MEDICINA,45.0,MEDICINA,9797.0,MEDICINA,COMPETENCIAS CIUDADANAS,1.0,,135.0,0.0,,,,,,,,,2025
SABER PRO - 2025,PROGRAMA_ACÁDEMICO,PUNTAJE_PRUEBA,1,1,2.0,ANDINA,4.0,BOGOTÁ,152.0,BOGOTÁ D.C.,8990.0,FUNDACION UNIVERSITARIA SAN MARTIN,8990.0,FUNDACION UNIVERSITARIA SAN MARTIN-BOGOTÁ D.C.,,,45.0,MEDICINA,20829.0,MEDICINA,LECTURA CRÍTICA,1.0,,154.0,0.0,,,,,,,,,2025
SABER PRO - 2025,PROGRAMA_ACÁDEMICO,PUNTAJE_PRUEBA,69,1,2.0,ANDINA,4.0,BOGOTÁ,152.0,BOGOTÁ D.C.,8990.0,FUNDACION UNIVERSITARIA SAN MARTIN,8990.0,FUNDACION UNIVERSITARIA SAN MARTIN-BOGOTÁ D.C.,14.0,MEDICINA,45.0,MEDICINA,6920.0,MEDICINA,COMPETENCIAS CIUDADANAS,1.0,,145.0,26.0,,,,,,,,,2025
SABER PRO - 2025,PROGRAMA_ACÁDEMICO,PUNTAJE_PRUEBA,1,1,2.0,ANDINA,4.0,BOGOTÁ,152.0,BOGOTÁ D.C.,8990.0,FUNDACION UNIVERSITARIA SAN MARTIN,8990.0,FUNDACION UNIVERSITARIA SAN MARTIN-BOGOTÁ D.C.,14.0,MEDICINA,45.0,MEDICINA,9797.0,MEDICINA,LECTURA CRÍTICA,1.0,,134.0,0.0,,,,,,,,,2025
SABER PRO - 2025,PROGRAMA_ACÁDEMICO,PUNTAJE_PRUEBA,154,1,2.0,ANDINA,4.0,BOGOTÁ,152.0,BOGOTÁ D.C.,8990.0,FUNDACION UNIVERSITARIA SAN MARTIN,8990.0,FUNDACION UNIVERSITARIA SAN MARTIN-BOGOTÁ D.C.,14.0,MEDICINA,45.0,MEDICINA,6922.0,MEDICINA,INGLÉS,1.0,,147.0,29.0,,,,,,,,,2025
SABER PRO - 2025,PROGRAMA_ACÁDEMICO,PUNTAJE_PRUEBA,87,1,2.0,ANDINA,4.0,BOGOTÁ,152.0,BOGOTÁ D.C.,8990.0,FUNDACION UNIVERSITARIA SAN MARTIN,8990.0,FUNDACION UNIVERSITARIA SAN MARTIN-BOGOTÁ D.C.,14.0,MEDICINA,45.0,MEDICINA,6506.0,MEDICINA,RAZONAMIENTO CUANTITATIVO,1.0,,145.0,22.0,,,,,,,,,2025
SABER PRO - 2025,PROGRAMA_ACÁDEMICO,PUNTAJE_PRUEBA,29,1,2.0,ANDINA,4.0,BOGOTÁ,152.0,BOGOTÁ D.C.,8990.0,FUNDACION UNIVERSITARIA SAN MARTIN,8990.0,FUNDACION UNIVERSITARIA SAN MARTIN-BOGOTÁ D.C.,14.0,MEDICINA,45.0,MEDICINA,6922.0,MEDICINA,ATENCIÓN EN SALUD,34.0,,127.0,25.0,,,,,,,,,2025
SABER PRO - 2025,PROGRAMA_ACÁDEMICO,PUNTAJE_PRUEBA,87,1,2.0,ANDINA,4.0,BOGOTÁ,152.0,BOGOTÁ D.C.,8990.0,FUNDACION UNIVERSITARIA SAN MARTIN,8990.0,FUNDACION UNIVERSITARIA SAN MARTIN-BOGOTÁ D.C.,14.0,MEDICINA,45.0,MEDICINA,6506.0,MEDICINA,INGLÉS,1.0,,165.0,25.0,,,,,,,,,2025
SABER PRO - 2025,PROGRAMA_ACÁDEMICO,PUNTAJE_PRUEBA,26,1,2.0,ANDINA,4.0,BOGOTÁ,152.0,BOGOTÁ D.C.,8990.0,FUNDACION UNIVERSITARIA SAN MARTIN,8990.0,FUNDACION UNIVERSITARIA SAN MARTIN-BOGOTÁ D.C.,14.0,MEDICINA,45.0,MEDICINA,6920.0,MEDICINA,FUNDAMENTACIÓN EN DIAGNÓSTICO Y TRATAMIENTO MÉDICOS,34.0,,117.0,16.0,,,,,,,,,2025
SABER PRO - 2025,PROGRAMA_ACÁDEMICO,PUNTAJE_PRUEBA,31,1,2.0,ANDINA,4.0,BOGOTÁ,152.0,BOGOTÁ D.C.,8990.0,FUNDACION UNIVERSITARIA SAN MARTIN,8990.0,FUNDACION UNIVERSITARIA SAN MARTIN-BOGOTÁ D.C.,14.0,MEDICINA,45.0,MEDICINA,6506.0,MEDICINA,PROMOCIÓN DE LA SALUD Y PREVENCIÓN DE LA ENFERMEDAD,34.0,,155.0,28.0,,,,,,,,,2025
SABER PRO - 2025,PROGRAMA_ACÁDEMICO,PUNTAJE_PRUEBA,154,1,2.0,ANDINA,4.0,BOGOTÁ,152.0,BOGOTÁ D.C.,8990.0,FUNDACION UNIVERSITARIA SAN MARTIN,8990.0,FUNDACION UNIVERSITARIA SAN MARTIN-BOGOTÁ D.C.,14.0,MEDICINA,45.0,MEDICINA,6922.0,MEDICINA,RAZONAMIENTO CUANTITATIVO,1.0,,135.0,26.0,,,,,,,,,2025
SABER PRO - 2025,PROGRAMA_ACÁDEMICO,PUNTAJE_PRUEBA,31,1,2.0,ANDINA,4.0,BOGOTÁ,152.0,BOGOTÁ D.C.,8990.0,FUNDACION UNIVERSITARIA SAN MARTIN,8990.0,FUNDACION UNIVERSITARIA SAN MARTIN-BOGOTÁ D.C.,14.0,MEDICINA,45.0,MEDICINA,6506.0,MEDICINA,ATENCIÓN EN SALUD,34.0,,158.0,33.0,,,,,,,,,2025
SABER PRO - 2025,PROGRAMA_ACÁDEMICO,PUNTAJE_PRUEBA,83,1,2.0,ANDINA,4.0,BOGOTÁ,152.0,BOGOTÁ D.C.,8990.0,FUNDACION UNIVERSITARIA SAN MARTIN,8990.0,FUNDACION UNIVERSITARIA SAN MARTIN-BOGOTÁ D.C.,14.0,MEDICINA,45.0,MEDICINA,2770.0,MEDICINA,LECTURA CRÍTICA,1.0,,173.0,22.0,,,,,,,,,2025
SABER PRO - 2025,PROGRAMA_ACÁDEMICO,PUNTAJE_PRUEBA,79,1,2.0,ANDINA,4.0,BOGOTÁ,152.0,BOGOTÁ D.C.,8991.0,UNIVERSIDAD DE LOS ANDES,8991.0,UNIVERSIDAD DE LOS ANDES-BOGOTÁ D.C.,14.0,MEDICINA,45.0,MEDICINA,4819.0,MEDICINA,PROMOCIÓN DE LA SALUD Y PREVENCIÓN DE LA ENFERMEDAD,34.0,,189.0,23.0,,,,,,,,,2025
SABER PRO - 2025,PROGRAMA_ACÁDEMICO,PUNTAJE_PRUEBA,85,1,2.0,ANDINA,4.0,BOGOTÁ,152.0,BOGOTÁ D.C.,8991.0,UNIVERSIDAD DE LOS ANDES,8991.0,UNIVERSIDAD DE LOS ANDES-BOGOTÁ D.C.,14.0,MEDICINA,45.0,MEDICINA,4819.0,MEDICINA,LECTURA CRÍTICA,1.0,,197.0,16.0,,,,,,,,,2025
SABER PRO - 2025,PROGRAMA_ACÁDEMICO,PUNTAJE_PRUEBA,85,1,2.0,ANDINA,4.0,BOGOTÁ,152.0,BOGOTÁ D.C.,8991.0,UNIVERSIDAD DE LOS ANDES,8991.0,UNIVERSIDAD DE LOS ANDES-BOGOTÁ D.C.,14.0,MEDICINA,45.0,MEDICINA,4819.0,MEDICINA,COMUNICACIÓN ESCRITA,1.0,,171.0,29.0,,,,,,,,,2025
SABER PRO - 2025,PROGRAMA_ACÁDEMICO,PUNTAJE_PRUEBA,85,1,2.0,ANDINA,4.0,BOGOTÁ,152.0,BOGOTÁ D.C.,8991.0,UNIVERSIDAD DE LOS ANDES,8991.0,UNIVERSIDAD DE LOS ANDES-BOGOTÁ D.C.,14.0,MEDICINA,45.0,MEDICINA,4819.0,MEDICINA,COMPETENCIAS CIUDADANAS,1.0,,193.0,21.0,,,,,,,,,2025
SABER PRO - 2025,PROGRAMA_ACÁDEMICO,PUNTAJE_PRUEBA,85,1,2.0,ANDINA,4.0,BOGOTÁ,152.0,BOGOTÁ D.C.,8991.0,UNIVERSIDAD DE LOS ANDES,8991.0,UNIVERSIDAD DE LOS ANDES-BOGOTÁ D.C.,14.0,MEDICINA,45.0,MEDICINA,4819.0,MEDICINA,RAZONAMIENTO CUANTITATIVO,1.0,,189.0,23.0,,,,,,,,,2025
SABER PRO - 2025,PROGRAMA_ACÁDEMICO,PUNTAJE_PRUEBA,85,1,2.0,ANDINA,4.0,BOGOTÁ,152.0,BOGOTÁ D.C.,8991.0,UNIVERSIDAD DE LOS ANDES,8991.0,UNIVERSIDAD DE LOS ANDES-BOGOTÁ D.C.,14.0,MEDICINA,45.0,MEDICINA,4819.0,MEDICINA,INGLÉS,1.0,,212.0,24.0,,,,,,,,,2025
SABER PRO - 2025,PROGRAMA_ACÁDEMICO,PUNTAJE_PRUEBA,79,1,2.0,ANDINA,4.0,BOGOTÁ,152.0,BOGOTÁ D.C.,8991.0,UNIVERSIDAD DE LOS ANDES,8991.0,UNIVERSIDAD DE LOS ANDES-BOGOTÁ D.C.,14.0,MEDICINA,45.0,MEDICINA,4819.0,MEDICINA,FUNDAMENTACIÓN EN DIAGNÓSTICO Y TRATAMIENTO MÉDICOS,34.0,,164.0,26.0,,,,,,,,,2025
SABER PRO - 2025,PROGRAMA_ACÁDEMICO,PUNTAJE_PRUEBA,79,1,2.0,ANDINA,4.0,BOGOTÁ,152.0,BOGOTÁ D.C.,8991.0,UNIVERSIDAD DE LOS ANDES,8991.0,UNIVERSIDAD DE LOS ANDES-BOGOTÁ D.C.,14.0,MEDICINA,45.0,MEDICINA,4819.0,MEDICINA,ATENCIÓN EN SALUD,34.0,,194.0,26.0,,,,,,,,,2025
SABER PRO - 2025,PROGRAMA_ACÁDEMICO,PUNTAJE_PRUEBA,173,1,2.0,ANDINA,4.0,BOGOTÁ,152.0,BOGOTÁ D.C.,9001.0,UNIVERSIDAD DE CIENCIAS APLICADAS Y AMBIENTALES UDCA.,9001.0,UNIVERSIDAD DE CIENCIAS APLICADAS Y AMBIENTALES UDCA.-BOGOTÁ D.C.,14.0,MEDICINA,45.0,MEDICINA,6507.0,MEDICINA,COMUNICACIÓN ESCRITA,1.0,,150.0,30.0,,,,,,,,,2025
SABER PRO - 2025,PROGRAMA_ACÁDEMICO,PUNTAJE_PRUEBA,173,1,2.0,ANDINA,4.0,BOGOTÁ,152.0,BOGOTÁ D.C.,9001.0,UNIVERSIDAD DE CIENCIAS APLICADAS Y AMBIENTALES UDCA.,9001.0,UNIVERSIDAD DE CIENCIAS APLICADAS Y AMBIENTALES UDCA.-BOGOTÁ D.C.,14.0,MEDICINA,45.0,MEDICINA,6507.0,MEDICINA,RAZONAMIENTO CUANTITATIVO,1.0,,156.0,22.0,,,,,,,,,2025
SABER PRO - 2025,PROGRAMA_ACÁDEMICO,PUNTAJE_PRUEBA,173,1,2.0,ANDINA,4.0,BOGOTÁ,152.0,BOGOTÁ D.C.,9001.0,UNIVERSIDAD DE CIENCIAS APLICADAS Y AMBIENTALES UDCA.,9001.0,UNIVERSIDAD DE CIENCIAS APLICADAS Y AMBIENTALES UDCA.-BOGOTÁ D.C.,14.0,MEDICINA,45.0,MEDICINA,6507.0,MEDICINA,LECTURA CRÍTICA,1.0,,168.0,21.0,,,,,,,,,2025
SABER PRO - 2025,PROGRAMA_ACÁDEMICO,PUNTAJE_PRUEBA,3,1,2.0,ANDINA,4.0,BOGOTÁ,152.0,BOGOTÁ D.C.,9001.0,UNIVERSIDAD DE CIENCIAS APLICADAS Y AMBIENTALES UDCA.,9001.0,UNIVERSIDAD DE CIENCIAS APLICADAS Y AMBIENTALES UDCA.-BOGOTÁ D.C.,14.0,MEDICINA,45.0,MEDICINA,3143.0,MEDICINA,RAZONAMIENTO CUANTITATIVO,1.0,,132.0,27.0,,,,,,,,,2025
SABER PRO - 2025,PROGRAMA_ACÁDEMICO,PUNTAJE_PRUEBA,3,1,2.0,ANDINA,4.0,BOGOTÁ,152.0,BOGOTÁ D.C.,9001.0,UNIVERSIDAD DE CIENCIAS APLICADAS Y AMBIENTALES UDCA.,9001.0,UNIVERSIDAD DE CIENCIAS APLICADAS Y AMBIENTALES UDCA.-BOGOTÁ D.C.,14.0,MEDICINA,45.0,MEDICINA,3143.0,MEDICINA,LECTURA CRÍTICA,1.0,,150.0,14.0,,,,,,,,,2025
SABER PRO - 2025,PROGRAMA_ACÁDEMICO,PUNTAJE_PRUEBA,173,1,2.0,ANDINA,4.0,BOGOTÁ,152.0,BOGOTÁ D.C.,9001.0,UNIVERSIDAD DE CIENCIAS APLICADAS Y AMBIENTALES UDCA.,9001.0,UNIVERSIDAD DE CIENCIAS APLICADAS Y AMBIENTALES UDCA.-BOGOTÁ D.C.,14.0,MEDICINA,45.0,MEDICINA,6507.0,MEDICINA,INGLÉS,1.0,,171.0,24.0,,,,,,,,,2025
SABER PRO - 2025,PROGRAMA_ACÁDEMICO,PUNTAJE_PRUEBA,3,1,2.0,ANDINA,4.0,BOGOTÁ,152.0,BOGOTÁ D.C.,9001.0,UNIVERSIDAD DE CIENCIAS APLICADAS Y AMBIENTALES UDCA.,9001.0,UNIVERSIDAD DE CIENCIAS APLICADAS Y AMBIENTALES UDCA.-BOGOTÁ D.C.,14.0,MEDICINA,45.0,MEDICINA,3143.0,MEDICINA,INGLÉS,1.0,,141.0,32.0,,,,,,,,,2025
SABER PRO - 2025,PROGRAMA_ACÁDEMICO,PUNTAJE_PRUEBA,3,1,2.0,ANDINA,4.0,BOGOTÁ,152.0,BOGOTÁ D.C.,9001.0,UNIVERSIDAD DE CIENCIAS APLICADAS Y AMBIENTALES UDCA.,9001.0,UNIVERSIDAD DE CIENCIAS APLICADAS Y AMBIENTALES UDCA.-BOGOTÁ D.C.,14.0,MEDICINA,45.0,MEDICINA,3143.0,MEDICINA,COMUNICACIÓN ESCRITA,1.0,,126.0,4.0,,,,,,,,,2025
SABER PRO - 2025,PROGRAMA_ACÁDEMICO,PUNTAJE_PRUEBA,3,1,2.0,ANDINA,4.0,BOGOTÁ,152.0,BOGOTÁ D.C.,9001.0,UNIVERSIDAD DE CIENCIAS APLICADAS Y AMBIENTALES UDCA.,9001.0,UNIVERSIDAD DE CIENCIAS APLICADAS Y AMBIENTALES UDCA.-BOGOTÁ D.C.,14.0,MEDICINA,45.0,MEDICINA,3143.0,MEDICINA,COMPETENCIAS CIUDADANAS,1.0,,156.0,11.0,,,,,,,,,2025
SABER PRO - 2025,PROGRAMA_ACÁDEMICO,PUNTAJE_PRUEBA,173,1,2.0,ANDINA,4.0,BOGOTÁ,152.0,BOGOTÁ D.C.,9001.0,UNIVERSIDAD DE CIENCIAS APLICADAS Y AMBIENTALES UDCA.,9001.0,UNIVERSIDAD DE CIENCIAS APLICADAS Y AMBIENTALES UDCA.-BOGOTÁ D.C.,14.0,MEDICINA,45.0,MEDICINA,6507.0,MEDICINA,COMPETENCIAS CIUDADANAS,1.0,,161.0,26.0,,,,,,,,,2025
SABER PRO - 2025,PROGRAMA_ACÁDEMICO,PUNTAJE_PRUEBA,264,1,2.0,ANDINA,4.0,BOGOTÁ,152.0,BOGOTÁ D.C.,9003.0,COLEGIO MAYOR DE NUESTRA SEÑORA DEL ROSARIO,9003.0,COLEGIO MAYOR DE NUESTRA SEÑORA DEL ROSARIO-BOGOTÁ D.C.,14.0,MEDICINA,45.0,MEDICINA,570.0,MEDICINA,LECTURA CRÍTICA,1.0,,187.0,20.0,,,,,,,,,2025
SABER PRO - 2025,PROGRAMA_ACÁDEMICO,PUNTAJE_PRUEBA,264,1,2.0,ANDINA,4.0,BOGOTÁ,152.0,BOGOTÁ D.C.,9003.0,COLEGIO MAYOR DE NUESTRA SEÑORA DEL ROSARIO,9003.0,COLEGIO MAYOR DE NUESTRA SEÑORA DEL ROSARIO-BOGOTÁ D.C.,14.0,MEDICINA,45.0,MEDICINA,570.0,MEDICINA,INGLÉS,1.0,,216.0,34.0,,,,,,,,,2025
SABER PRO - 2025,PROGRAMA_ACÁDEMICO,PUNTAJE_PRUEBA,152,1,2.0,ANDINA,4.0,BOGOTÁ,152.0,BOGOTÁ D.C.,9003.0,COLEGIO MAYOR DE NUESTRA SEÑORA DEL ROSARIO,9003.0,COLEGIO MAYOR DE NUESTRA SEÑORA DEL ROSARIO-BOGOTÁ D.C.,14.0,MEDICINA,45.0,MEDICINA,570.0,MEDICINA,ATENCIÓN EN SALUD,34.0,,179.0,27.0,,,,,,,,,2025
SABER PRO - 2025,PROGRAMA_ACÁDEMICO,PUNTAJE_PRUEBA,264,1,2.0,ANDINA,4.0,BOGOTÁ,152.0,BOGOTÁ D.C.,9003.0,COLEGIO MAYOR DE NUESTRA SEÑORA DEL ROSARIO,9003.0,COLEGIO MAYOR DE NUESTRA SEÑORA DEL ROSARIO-BOGOTÁ D.C.,14.0,MEDICINA,45.0,MEDICINA,570.0,MEDICINA,COMPETENCIAS CIUDADANAS,1.0,,184.0,24.0,,,,,,,,,2025
SABER PRO - 2025,PROGRAMA_ACÁDEMICO,PUNTAJE_PRUEBA,264,1,2.0,ANDINA,4.0,BOGOTÁ,152.0,BOGOTÁ D.C.,9003.0,COLEGIO MAYOR DE NUESTRA SEÑORA DEL ROSARIO,9003.0,COLEGIO MAYOR DE NUESTRA SEÑORA DEL ROSARIO-BOGOTÁ D.C.,14.0,MEDICINA,45.0,MEDICINA,570.0,MEDICINA,RAZONAMIENTO CUANTITATIVO,1.0,,175.0,23.0,,,,,,,,,2025
SABER PRO - 2025,PROGRAMA_ACÁDEMICO,PUNTAJE_PRUEBA,264,1,2.0,ANDINA,4.0,BOGOTÁ,152.0,BOGOTÁ D.C.,9003.0,COLEGIO MAYOR DE NUESTRA SEÑORA DEL ROSARIO,9003.0,COLEGIO MAYOR DE NUESTRA SEÑORA DEL ROSARIO-BOGOTÁ D.C.,14.0,MEDICINA,45.0,MEDICINA,570.0,MEDICINA,COMUNICACIÓN ESCRITA,1.0,,172.0,27.0,,,,,,,,,2025
SABER PRO - 2025,PROGRAMA_ACÁDEMICO,PUNTAJE_PRUEBA,152,1,2.0,ANDINA,4.0,BOGOTÁ,152.0,BOGOTÁ D.C.,9003.0,COLEGIO MAYOR DE NUESTRA SEÑORA DEL ROSARIO,9003.0,COLEGIO MAYOR DE NUESTRA SEÑORA DEL ROSARIO-BOGOTÁ D.C.,14.0,MEDICINA,45.0,MEDICINA,570.0,MEDICINA,FUNDAMENTACIÓN EN DIAGNÓSTICO Y TRATAMIENTO MÉDICOS,34.0,,141.0,26.0,,,,,,,,,2025
SABER PRO - 2025,PROGRAMA_ACÁDEMICO,PUNTAJE_PRUEBA,152,1,2.0,ANDINA,4.0,BOGOTÁ,152.0,BOGOTÁ D.C.,9003.0,COLEGIO MAYOR DE NUESTRA SEÑORA DEL ROSARIO,9003.0,COLEGIO MAYOR DE NUESTRA SEÑORA DEL ROSARIO-BOGOTÁ D.C.,14.0,MEDICINA,45.0,MEDICINA,570.0,MEDICINA,PROMOCIÓN DE LA SALUD Y PREVENCIÓN DE LA ENFERMEDAD,34.0,,179.0,24.0,,,,,,,,,2025
SABER PRO - 2025,PROGRAMA_ACÁDEMICO,PUNTAJE_PRUEBA,140,1,2.0,ANDINA,4.0,BOGOTÁ,152.0,BOGOTÁ D.C.,9005.0,UNIVERSIDAD MILITAR-NUEVA GRANADA,9005.0,"UNIVERSIDAD MILITAR""NUEVA GRANADA""-BOGOTÁ D.C.",14.0,MEDICINA,45.0,MEDICINA,5873.0,MEDICINA,COMPETENCIAS CIUDADANAS,1.0,,183.0,23.0,,,,,,,,,2025
SABER PRO - 2025,PROGRAMA_ACÁDEMICO,PUNTAJE_PRUEBA,140,1,2.0,ANDINA,4.0,BOGOTÁ,152.0,BOGOTÁ D.C.,9005.0,UNIVERSIDAD MILITAR-NUEVA GRANADA,9005.0,"UNIVERSIDAD MILITAR""NUEVA GRANADA""-BOGOTÁ D.C.",14.0,MEDICINA,45.0,MEDICINA,5873.0,MEDICINA,INGLÉS,1.0,,198.0,28.0,,,,,,,,,2025
SABER PRO - 2025,PROGRAMA_ACÁDEMICO,PUNTAJE_PRUEBA,140,1,2.0,ANDINA,4.0,BOGOTÁ,152.0,BOGOTÁ D.C.,9005.0,UNIVERSIDAD MILITAR-NUEVA GRANADA,9005.0,"UNIVERSIDAD MILITAR""NUEVA GRANADA""-BOGOTÁ D.C.",14.0,MEDICINA,45.0,MEDICINA,5873.0,MEDICINA,RAZONAMIENTO CUANTITATIVO,1.0,,181.0,23.0,,,,,,,,,2025
SABER PRO - 2025,PROGRAMA_ACÁDEMICO,PUNTAJE_PRUEBA,140,1,2.0,ANDINA,4.0,BOGOTÁ,152.0,BOGOTÁ D.C.,9005.0,UNIVERSIDAD MILITAR-NUEVA GRANADA,9005.0,"UNIVERSIDAD MILITAR""NUEVA GRANADA""-BOGOTÁ D.C.",14.0,MEDICINA,45.0,MEDICINA,5873.0,MEDICINA,COMUNICACIÓN ESCRITA,1.0,,161.0,38.0,,,,,,,,,2025
SABER PRO - 2025,PROGRAMA_ACÁDEMICO,PUNTAJE_PRUEBA,140,1,2.0,ANDINA,4.0,BOGOTÁ,152.0,BOGOTÁ D.C.,9005.0,UNIVERSIDAD MILITAR-NUEVA GRANADA,9005.0,"UNIVERSIDAD MILITAR""NUEVA GRANADA""-BOGOTÁ D.C.",14.0,MEDICINA,45.0,MEDICINA,5873.0,MEDICINA,LECTURA CRÍTICA,1.0,,185.0,20.0,,,,,,,,,2025
SABER PRO - 2025,PROGRAMA_ACÁDEMICO,PUNTAJE_PRUEBA,71,1,2.0,ANDINA,4.0,BOGOTÁ,152.0,BOGOTÁ D.C.,9006.0,PONTIFICIA UNIVERSIDAD JAVERIANA,9006.0,PONTIFICIA UNIVERSIDAD JAVERIANA-BOGOTÁ D.C.,14.0,MEDICINA,45.0,MEDICINA,7116.0,MEDICINA,PROMOCIÓN DE LA SALUD Y PREVENCIÓN DE LA ENFERMEDAD,34.0,,194.0,21.0,,,,,,,,,2025
SABER PRO - 2025,PROGRAMA_ACÁDEMICO,PUNTAJE_PRUEBA,165,1,2.0,ANDINA,4.0,BOGOTÁ,152.0,BOGOTÁ D.C.,9006.0,PONTIFICIA UNIVERSIDAD JAVERIANA,9006.0,PONTIFICIA UNIVERSIDAD JAVERIANA-BOGOTÁ D.C.,14.0,MEDICINA,45.0,MEDICINA,7116.0,MEDICINA,INGLÉS,1.0,,220.0,33.0,,,,,,,,,2025
SABER PRO - 2025,PROGRAMA_ACÁDEMICO,PUNTAJE_PRUEBA,71,1,2.0,ANDINA,4.0,BOGOTÁ,152.0,BOGOTÁ D.C.,9006.0,PONTIFICIA UNIVERSIDAD JAVERIANA,9006.0,PONTIFICIA UNIVERSIDAD JAVERIANA-BOGOTÁ D.C.,14.0,MEDICINA,45.0,MEDICINA,7116.0,MEDICINA,ATENCIÓN EN SALUD,34.0,,203.0,28.0,,,,,,,,,2025
SABER PRO - 2025,PROGRAMA_ACÁDEMICO,PUNTAJE_PRUEBA,165,1,2.0,ANDINA,4.0,BOGOTÁ,152.0,BOGOTÁ D.C.,9006.0,PONTIFICIA UNIVERSIDAD JAVERIANA,9006.0,PONTIFICIA UNIVERSIDAD JAVERIANA-BOGOTÁ D.C.,14.0,MEDICINA,45.0,MEDICINA,7116.0,MEDICINA,COMUNICACIÓN ESCRITA,1.0,,180.0,33.0,,,,,,,,,2025
SABER PRO - 2025,PROGRAMA_ACÁDEMICO,PUNTAJE_PRUEBA,165,1,2.0,ANDINA,4.0,BOGOTÁ,152.0,BOGOTÁ D.C.,9006.0,PONTIFICIA UNIVERSIDAD JAVERIANA,9006.0,PONTIFICIA UNIVERSIDAD JAVERIANA-BOGOTÁ D.C.,14.0,MEDICINA,45.0,MEDICINA,7116.0,MEDICINA,LECTURA CRÍTICA,1.0,,197.0,21.0,,,,,,,,,2025
SABER PRO - 2025,PROGRAMA_ACÁDEMICO,PUNTAJE_PRUEBA,165,1,2.0,ANDINA,4.0,BOGOTÁ,152.0,BOGOTÁ D.C.,9006.0,PONTIFICIA UNIVERSIDAD JAVERIANA,9006.0,PONTIFICIA UNIVERSIDAD JAVERIANA-BOGOTÁ D.C.,14.0,MEDICINA,45.0,MEDICINA,7116.0,MEDICINA,RAZONAMIENTO CUANTITATIVO,1.0,,186.0,22.0,,,,,,,,,2025
SABER PRO - 2025,PROGRAMA_ACÁDEMICO,PUNTAJE_PRUEBA,71,1,2.0,ANDINA,4.0,BOGOTÁ,152.0,BOGOTÁ D.C.,9006.0,PONTIFICIA UNIVERSIDAD JAVERIANA,9006.0,PONTIFICIA UNIVERSIDAD JAVERIANA-BOGOTÁ D.C.,14.0,MEDICINA,45.0,MEDICINA,7116.0,MEDICINA,FUNDAMENTACIÓN EN DIAGNÓSTICO Y TRATAMIENTO MÉDICOS,34.0,,172.0,24.0,,,,,,,,,2025
SABER PRO - 2025,PROGRAMA_ACÁDEMICO,PUNTAJE_PRUEBA,165,1,2.0,ANDINA,4.0,BOGOTÁ,152.0,BOGOTÁ D.C.,9006.0,PONTIFICIA UNIVERSIDAD JAVERIANA,9006.0,PONTIFICIA UNIVERSIDAD JAVERIANA-BOGOTÁ D.C.,14.0,MEDICINA,45.0,MEDICINA,7116.0,MEDICINA,COMPETENCIAS CIUDADANAS,1.0,,192.0,21.0,,,,,,,,,2025
SABER PRO - 2025,PROGRAMA_ACÁDEMICO,PUNTAJE_PRUEBA,178,1,2.0,ANDINA,4.0,BOGOTÁ,152.0,BOGOTÁ D.C.,9040.0,UNIVERSIDAD EL BOSQUE,9040.0,UNIVERSIDAD EL BOSQUE-BOGOTÁ D.C.,14.0,MEDICINA,45.0,MEDICINA,6060.0,MEDICINA,INGLÉS,1.0,,196.0,24.0,,,,,,,,,2025
SABER PRO - 2025,PROGRAMA_ACÁDEMICO,PUNTAJE_PRUEBA,178,1,2.0,ANDINA,4.0,BOGOTÁ,152.0,BOGOTÁ D.C.,9040.0,UNIVERSIDAD EL BOSQUE,9040.0,UNIVERSIDAD EL BOSQUE-BOGOTÁ D.C.,14.0,MEDICINA,45.0,MEDICINA,6060.0,MEDICINA,COMPETENCIAS CIUDADANAS,1.0,,167.0,23.0,,,,,,,,,2025
SABER PRO - 2025,PROGRAMA_ACÁDEMICO,PUNTAJE_PRUEBA,95,1,2.0,ANDINA,4.0,BOGOTÁ,152.0,BOGOTÁ D.C.,9040.0,UNIVERSIDAD EL BOSQUE,9040.0,UNIVERSIDAD EL BOSQUE-BOGOTÁ D.C.,14.0,MEDICINA,45.0,MEDICINA,6060.0,MEDICINA,PROMOCIÓN DE LA SALUD Y PREVENCIÓN DE LA ENFERMEDAD,34.0,,163.0,26.0,,,,,,,,,2025
SABER PRO - 2025,PROGRAMA_ACÁDEMICO,PUNTAJE_PRUEBA,95,1,2.0,ANDINA,4.0,BOGOTÁ,152.0,BOGOTÁ D.C.,9040.0,UNIVERSIDAD EL BOSQUE,9040.0,UNIVERSIDAD EL BOSQUE-BOGOTÁ D.C.,14.0,MEDICINA,45.0,MEDICINA,6060.0,MEDICINA,ATENCIÓN EN SALUD,34.0,,156.0,28.0,,,,,,,,,2025
SABER PRO - 2025,PROGRAMA_ACÁDEMICO,PUNTAJE_PRUEBA,178,1,2.0,ANDINA,4.0,BOGOTÁ,152.0,BOGOTÁ D.C.,9040.0,UNIVERSIDAD EL BOSQUE,9040.0,UNIVERSIDAD EL BOSQUE-BOGOTÁ D.C.,14.0,MEDICINA,45.0,MEDICINA,6060.0,MEDICINA,RAZONAMIENTO CUANTITATIVO,1.0,,163.0,22.0,,,,,,,,,2025
SABER PRO - 2025,PROGRAMA_ACÁDEMICO,PUNTAJE_PRUEBA,178,1,2.0,ANDINA,4.0,BOGOTÁ,152.0,BOGOTÁ D.C.,9040.0,UNIVERSIDAD EL BOSQUE,9040.0,UNIVERSIDAD EL BOSQUE-BOGOTÁ D.C.,14.0,MEDICINA,45.0,MEDICINA,6060.0,MEDICINA,COMUNICACIÓN ESCRITA,1.0,,158.0,31.0,,,,,,,,,2025
SABER PRO - 2025,PROGRAMA_ACÁDEMICO,PUNTAJE_PRUEBA,95,1,2.0,ANDINA,4.0,BOGOTÁ,152.0,BOGOTÁ D.C.,9040.0,UNIVERSIDAD EL BOSQUE,9040.0,UNIVERSIDAD EL BOSQUE-BOGOTÁ D.C.,14.0,MEDICINA,45.0,MEDICINA,6060.0,MEDICINA,FUNDAMENTACIÓN EN DIAGNÓSTICO Y TRATAMIENTO MÉDICOS,34.0,,129.0,21.0,,,,,,,,,2025
SABER PRO - 2025,PROGRAMA_ACÁDEMICO,PUNTAJE_PRUEBA,178,1,2.0,ANDINA,4.0,BOGOTÁ,152.0,BOGOTÁ D.C.,9040.0,UNIVERSIDAD EL BOSQUE,9040.0,UNIVERSIDAD EL BOSQUE-BOGOTÁ D.C.,14.0,MEDICINA,45.0,MEDICINA,6060.0,MEDICINA,LECTURA CRÍTICA,1.0,,175.0,22.0,,,,,,,,,2025
SABER PRO - 2025,PROGRAMA_ACÁDEMICO,PUNTAJE_PRUEBA,88,1,2.0,ANDINA,4.0,BOGOTÁ,152.0,BOGOTÁ D.C.,9045.0,FUNDACION UNIVERSITARIA SANITAS,9045.0,FUNDACION UNIVERSITARIA SANITAS-BOGOTÁ D.C.,14.0,MEDICINA,45.0,MEDICINA,3962.0,MEDICINA,COMUNICACIÓN ESCRITA,1.0,,159.0,27.0,,,,,,,,,2025
SABER PRO - 2025,PROGRAMA_ACÁDEMICO,PUNTAJE_PRUEBA,88,1,2.0,ANDINA,4.0,BOGOTÁ,152.0,BOGOTÁ D.C.,9045.0,FUNDACION UNIVERSITARIA SANITAS,9045.0,FUNDACION UNIVERSITARIA SANITAS-BOGOTÁ D.C.,14.0,MEDICINA,45.0,MEDICINA,3962.0,MEDICINA,COMPETENCIAS CIUDADANAS,1.0,,163.0,26.0,,,,,,,,,2025
SABER PRO - 2025,PROGRAMA_ACÁDEMICO,PUNTAJE_PRUEBA,88,1,2.0,ANDINA,4.0,BOGOTÁ,152.0,BOGOTÁ D.C.,9045.0,FUNDACION UNIVERSITARIA SANITAS,9045.0,FUNDACION UNIVERSITARIA SANITAS-BOGOTÁ D.C.,14.0,MEDICINA,45.0,MEDICINA,3962.0,MEDICINA,LECTURA CRÍTICA,1.0,,175.0,19.0,,,,,,,,,2025
SABER PRO - 2025,PROGRAMA_ACÁDEMICO,PUNTAJE_PRUEBA,88,1,2.0,ANDINA,4.0,BOGOTÁ,152.0,BOGOTÁ D.C.,9045.0,FUNDACION UNIVERSITARIA SANITAS,9045.0,FUNDACION UNIVERSITARIA SANITAS-BOGOTÁ D.C.,14.0,MEDICINA,45.0,MEDICINA,3962.0,MEDICINA,INGLÉS,1.0,,182.0,26.0,,,,,,,,,2025
SABER PRO - 2025,PROGRAMA_ACÁDEMICO,PUNTAJE_PRUEBA,88,1,2.0,ANDINA,4.0,BOGOTÁ,152.0,BOGOTÁ D.C.,9045.0,FUNDACION UNIVERSITARIA SANITAS,9045.0,FUNDACION UNIVERSITARIA SANITAS-BOGOTÁ D.C.,14.0,MEDICINA,45.0,MEDICINA,3962.0,MEDICINA,RAZONAMIENTO CUANTITATIVO,1.0,,156.0,21.0,,,,,,,,,2025
SABER PRO - 2025,PROGRAMA_ACÁDEMICO,PUNTAJE_PRUEBA,112,1,2.0,ANDINA,4.0,BOGOTÁ,152.0,BOGOTÁ D.C.,9052.0,FUNDACION UNIVERSITARIA JUAN N. CORPAS,9052.0,FUNDACION UNIVERSITARIA JUAN N. CORPAS-BOGOTÁ D.C.,14.0,MEDICINA,45.0,MEDICINA,1442.0,MEDICINA,PROMOCIÓN DE LA SALUD Y PREVENCIÓN DE LA ENFERMEDAD,34.0,,161.0,28.0,,,,,,,,,2025
SABER PRO - 2025,PROGRAMA_ACÁDEMICO,PUNTAJE_PRUEBA,112,1,2.0,ANDINA,4.0,BOGOTÁ,152.0,BOGOTÁ D.C.,9052.0,FUNDACION UNIVERSITARIA JUAN N. CORPAS,9052.0,FUNDACION UNIVERSITARIA JUAN N. CORPAS-BOGOTÁ D.C.,14.0,MEDICINA,45.0,MEDICINA,1442.0,MEDICINA,FUNDAMENTACIÓN EN DIAGNÓSTICO Y TRATAMIENTO MÉDICOS,34.0,,125.0,26.0,,,,,,,,,2025
SABER PRO - 2025,PROGRAMA_ACÁDEMICO,PUNTAJE_PRUEBA,243,1,2.0,ANDINA,4.0,BOGOTÁ,152.0,BOGOTÁ D.C.,9052.0,FUNDACION UNIVERSITARIA JUAN N. CORPAS,9052.0,FUNDACION UNIVERSITARIA JUAN N. CORPAS-BOGOTÁ D.C.,14.0,MEDICINA,45.0,MEDICINA,1442.0,MEDICINA,COMUNICACIÓN ESCRITA,1.0,,151.0,30.0,,,,,,,,,2025
SABER PRO - 2025,PROGRAMA_ACÁDEMICO,PUNTAJE_PRUEBA,112,1,2.0,ANDINA,4.0,BOGOTÁ,152.0,BOGOTÁ D.C.,9052.0,FUNDACION UNIVERSITARIA JUAN N. CORPAS,9052.0,FUNDACION UNIVERSITARIA JUAN N. CORPAS-BOGOTÁ D.C.,14.0,MEDICINA,45.0,MEDICINA,1442.0,MEDICINA,ATENCIÓN EN SALUD,34.0,,157.0,31.0,,,,,,,,,2025
SABER PRO - 2025,PROGRAMA_ACÁDEMICO,PUNTAJE_PRUEBA,243,1,2.0,ANDINA,4.0,BOGOTÁ,152.0,BOGOTÁ D.C.,9052.0,FUNDACION UNIVERSITARIA JUAN N. CORPAS,9052.0,FUNDACION UNIVERSITARIA JUAN N. CORPAS-BOGOTÁ D.C.,14.0,MEDICINA,45.0,MEDICINA,1442.0,MEDICINA,COMPETENCIAS CIUDADANAS,1.0,,155.0,28.0,,,,,,,,,2025
SABER PRO - 2025,PROGRAMA_ACÁDEMICO,PUNTAJE_PRUEBA,243,1,2.0,ANDINA,4.0,BOGOTÁ,152.0,BOGOTÁ D.C.,9052.0,FUNDACION UNIVERSITARIA JUAN N. CORPAS,9052.0,FUNDACION UNIVERSITARIA JUAN N. CORPAS-BOGOTÁ D.C.,14.0,MEDICINA,45.0,MEDICINA,1442.0,MEDICINA,LECTURA CRÍTICA,1.0,,163.0,23.0,,,,,,,,,2025
SABER PRO - 2025,PROGRAMA_ACÁDEMICO,PUNTAJE_PRUEBA,243,1,2.0,ANDINA,4.0,BOGOTÁ,152.0,BOGOTÁ D.C.,9052.0,FUNDACION UNIVERSITARIA JUAN N. CORPAS,9052.0,FUNDACION UNIVERSITARIA JUAN N. CORPAS-BOGOTÁ D.C.,14.0,MEDICINA,45.0,MEDICINA,1442.0,MEDICINA,INGLÉS,1.0,,169.0,25.0,,,,,,,,,2025
SABER PRO - 2025,PROGRAMA_ACÁDEMICO,PUNTAJE_PRUEBA,243,1,2.0,ANDINA,4.0,BOGOTÁ,152.0,BOGOTÁ D.C.,9052.0,FUNDACION UNIVERSITARIA JUAN N. CORPAS,9052.0,FUNDACION UNIVERSITARIA JUAN N. CORPAS-BOGOTÁ D.C.,14.0,MEDICINA,45.0,MEDICINA,1442.0,MEDICINA,RAZONAMIENTO CUANTITATIVO,1.0,,152.0,23.0,,,,,,,,,2025
SABER PRO - 2025,PROGRAMA_ACÁDEMICO,PUNTAJE_PRUEBA,302,1,2.0,ANDINA,4.0,BOGOTÁ,152.0,BOGOTÁ D.C.,9063.0,UNIVERSIDAD ANTONIO NARIÑO,9063.0,UNIVERSIDAD ANTONIO NARIÑO-BOGOTÁ D.C.,14.0,MEDICINA,45.0,MEDICINA,162.0,MEDICINA,ATENCIÓN EN SALUD,34.0,,153.0,28.0,,,,,,,,,2025
SABER PRO - 2025,PROGRAMA_ACÁDEMICO,PUNTAJE_PRUEBA,302,1,2.0,ANDINA,4.0,BOGOTÁ,152.0,BOGOTÁ D.C.,9063.0,UNIVERSIDAD ANTONIO NARIÑO,9063.0,UNIVERSIDAD ANTONIO NARIÑO-BOGOTÁ D.C.,14.0,MEDICINA,45.0,MEDICINA,162.0,MEDICINA,COMPETENCIAS CIUDADANAS,1.0,,155.0,28.0,,,,,,,,,2025
SABER PRO - 2025,PROGRAMA_ACÁDEMICO,PUNTAJE_PRUEBA,302,1,2.0,ANDINA,4.0,BOGOTÁ,152.0,BOGOTÁ D.C.,9063.0,UNIVERSIDAD ANTONIO NARIÑO,9063.0,UNIVERSIDAD ANTONIO NARIÑO-BOGOTÁ D.C.,14.0,MEDICINA,45.0,MEDICINA,162.0,MEDICINA,LECTURA CRÍTICA,1.0,,164.0,22.0,,,,,,,,,2025
SABER PRO - 2025,PROGRAMA_ACÁDEMICO,PUNTAJE_PRUEBA,302,1,2.0,ANDINA,4.0,BOGOTÁ,152.0,BOGOTÁ D.C.,9063.0,UNIVERSIDAD ANTONIO NARIÑO,9063.0,UNIVERSIDAD ANTONIO NARIÑO-BOGOTÁ D.C.,14.0,MEDICINA,45.0,MEDICINA,162.0,MEDICINA,RAZONAMIENTO CUANTITATIVO,1.0,,153.0,26.0,,,,,,,,,2025
SABER PRO - 2025,PROGRAMA_ACÁDEMICO,PUNTAJE_PRUEBA,302,1,2.0,ANDINA,4.0,BOGOTÁ,152.0,BOGOTÁ D.C.,9063.0,UNIVERSIDAD ANTONIO NARIÑO,9063.0,UNIVERSIDAD ANTONIO NARIÑO-BOGOTÁ D.C.,14.0,MEDICINA,45.0,MEDICINA,162.0,MEDICINA,INGLÉS,1.0,,160.0,29.0,,,,,,,,,2025
SABER PRO - 2025,PROGRAMA_ACÁDEMICO,PUNTAJE_PRUEBA,302,1,2.0,ANDINA,4.0,BOGOTÁ,152.0,BOGOTÁ D.C.,9063.0,UNIVERSIDAD ANTONIO NARIÑO,9063.0,UNIVERSIDAD ANTONIO NARIÑO-BOGOTÁ D.C.,14.0,MEDICINA,45.0,MEDICINA,162.0,MEDICINA,FUNDAMENTACIÓN EN DIAGNÓSTICO Y TRATAMIENTO MÉDICOS,34.0,,122.0,22.0,,,,,,,,,2025
SABER PRO - 2025,PROGRAMA_ACÁDEMICO,PUNTAJE_PRUEBA,302,1,2.0,ANDINA,4.0,BOGOTÁ,152.0,BOGOTÁ D.C.,9063.0,UNIVERSIDAD ANTONIO NARIÑO,9063.0,UNIVERSIDAD ANTONIO NARIÑO-BOGOTÁ D.C.,14.0,MEDICINA,45.0,MEDICINA,162.0,MEDICINA,PROMOCIÓN DE LA SALUD Y PREVENCIÓN DE LA ENFERMEDAD,34.0,,160.0,25.0,,,,,,,,,2025
SABER PRO - 2025,PROGRAMA_ACÁDEMICO,PUNTAJE_PRUEBA,302,1,2.0,ANDINA,4.0,BOGOTÁ,152.0,BOGOTÁ D.C.,9063.0,UNIVERSIDAD ANTONIO NARIÑO,9063.0,UNIVERSIDAD ANTONIO NARIÑO-BOGOTÁ D.C.,14.0,MEDICINA,45.0,MEDICINA,162.0,MEDICINA,COMUNICACIÓN ESCRITA,1.0,,153.0,31.0,,,,,,,,,2025
SABER PRO - 2025,PROGRAMA_ACÁDEMICO,PUNTAJE_PRUEBA,108,1,2.0,ANDINA,6.0,BOYACA,199.0,TUNJA,9092.0,UNIVERSIDAD DE BOYACA UNIBOYACA - TUNJA,9092.0,UNIVERSIDAD DE BOYACA - UNIBOYACA-TUNJA,14.0,MEDICINA,45.0,MEDICINA,1185.0,MEDICINA,FUNDAMENTACIÓN EN DIAGNÓSTICO Y TRATAMIENTO MÉDICOS,34.0,,129.0,21.0,,,,,,,,,2025
SABER PRO - 2025,PROGRAMA_ACÁDEMICO,PUNTAJE_PRUEBA,109,1,2.0,ANDINA,6.0,BOYACA,199.0,TUNJA,9092.0,UNIVERSIDAD DE BOYACA UNIBOYACA - TUNJA,9092.0,UNIVERSIDAD DE BOYACA - UNIBOYACA-TUNJA,14.0,MEDICINA,45.0,MEDICINA,1185.0,MEDICINA,LECTURA CRÍTICA,1.0,,162.0,21.0,,,,,,,,,2025
SABER PRO - 2025,PROGRAMA_ACÁDEMICO,PUNTAJE_PRUEBA,109,1,2.0,ANDINA,6.0,BOYACA,199.0,TUNJA,9092.0,UNIVERSIDAD DE BOYACA UNIBOYACA - TUNJA,9092.0,UNIVERSIDAD DE BOYACA - UNIBOYACA-TUNJA,14.0,MEDICINA,45.0,MEDICINA,1185.0,MEDICINA,INGLÉS,1.0,,164.0,23.0,,,,,,,,,2025
SABER PRO - 2025,PROGRAMA_ACÁDEMICO,PUNTAJE_PRUEBA,109,1,2.0,ANDINA,6.0,BOYACA,199.0,TUNJA,9092.0,UNIVERSIDAD DE BOYACA UNIBOYACA - TUNJA,9092.0,UNIVERSIDAD DE BOYACA - UNIBOYACA-TUNJA,14.0,MEDICINA,45.0,MEDICINA,1185.0,MEDICINA,COMPETENCIAS CIUDADANAS,1.0,,157.0,28.0,,,,,,,,,2025
SABER PRO - 2025,PROGRAMA_ACÁDEMICO,PUNTAJE_PRUEBA,108,1,2.0,ANDINA,6.0,BOYACA,199.0,TUNJA,9092.0,UNIVERSIDAD DE BOYACA UNIBOYACA - TUNJA,9092.0,UNIVERSIDAD DE BOYACA - UNIBOYACA-TUNJA,14.0,MEDICINA,45.0,MEDICINA,1185.0,MEDICINA,ATENCIÓN EN SALUD,34.0,,162.0,30.0,,,,,,,,,2025
SABER PRO - 2025,PROGRAMA_ACÁDEMICO,PUNTAJE_PRUEBA,108,1,2.0,ANDINA,6.0,BOYACA,199.0,TUNJA,9092.0,UNIVERSIDAD DE BOYACA UNIBOYACA - TUNJA,9092.0,UNIVERSIDAD DE BOYACA - UNIBOYACA-TUNJA,14.0,MEDICINA,45.0,MEDICINA,1185.0,MEDICINA,PROMOCIÓN DE LA SALUD Y PREVENCIÓN DE LA ENFERMEDAD,34.0,,167.0,27.0,,,,,,,,,2025
SABER PRO - 2025,PROGRAMA_ACÁDEMICO,PUNTAJE_PRUEBA,109,1,2.0,ANDINA,6.0,BOYACA,199.0,TUNJA,9092.0,UNIVERSIDAD DE BOYACA UNIBOYACA - TUNJA,9092.0,UNIVERSIDAD DE BOYACA - UNIBOYACA-TUNJA,14.0,MEDICINA,45.0,MEDICINA,1185.0,MEDICINA,RAZONAMIENTO CUANTITATIVO,1.0,,158.0,21.0,,,,,,,,,2025
SABER PRO - 2025,PROGRAMA_ACÁDEMICO,PUNTAJE_PRUEBA,109,1,2.0,ANDINA,6.0,BOYACA,199.0,TUNJA,9092.0,UNIVERSIDAD DE BOYACA UNIBOYACA - TUNJA,9092.0,UNIVERSIDAD DE BOYACA - UNIBOYACA-TUNJA,14.0,MEDICINA,45.0,MEDICINA,1185.0,MEDICINA,COMUNICACIÓN ESCRITA,1.0,,159.0,21.0,,,,,,,,,2025
SABER PRO - 2025,PROGRAMA_ACÁDEMICO,PUNTAJE_PRUEBA,63,1,2.0,ANDINA,6.0,BOYACA,199.0,TUNJA,9095.0,UNIVERSIDAD PEDAGOGICA Y TECNOLOGICA DE COLOMBIA,9095.0,UNIVERSIDAD PEDAGOGICA Y TECNOLOGICA DE COLOMBIA-TUNJA,14.0,MEDICINA,45.0,MEDICINA,6921.0,MEDICINA,FUNDAMENTACIÓN EN DIAGNÓSTICO Y TRATAMIENTO MÉDICOS,34.0,,148.0,24.0,,,,,,,,,2025
SABER PRO - 2025,PROGRAMA_ACÁDEMICO,PUNTAJE_PRUEBA,63,1,2.0,ANDINA,6.0,BOYACA,199.0,TUNJA,9095.0,UNIVERSIDAD PEDAGOGICA Y TECNOLOGICA DE COLOMBIA,9095.0,UNIVERSIDAD PEDAGOGICA Y TECNOLOGICA DE COLOMBIA-TUNJA,14.0,MEDICINA,45.0,MEDICINA,6921.0,MEDICINA,ATENCIÓN EN SALUD,34.0,,191.0,30.0,,,,,,,,,2025
SABER PRO - 2025,PROGRAMA_ACÁDEMICO,PUNTAJE_PRUEBA,64,1,2.0,ANDINA,6.0,BOYACA,199.0,TUNJA,9095.0,UNIVERSIDAD PEDAGOGICA Y TECNOLOGICA DE COLOMBIA,9095.0,UNIVERSIDAD PEDAGOGICA Y TECNOLOGICA DE COLOMBIA-TUNJA,14.0,MEDICINA,45.0,MEDICINA,6921.0,MEDICINA,LECTURA CRÍTICA,1.0,,181.0,23.0,,,,,,,,,2025
SABER PRO - 2025,PROGRAMA_ACÁDEMICO,PUNTAJE_PRUEBA,64,1,2.0,ANDINA,6.0,BOYACA,199.0,TUNJA,9095.0,UNIVERSIDAD PEDAGOGICA Y TECNOLOGICA DE COLOMBIA,9095.0,UNIVERSIDAD PEDAGOGICA Y TECNOLOGICA DE COLOMBIA-TUNJA,14.0,MEDICINA,45.0,MEDICINA,6921.0,MEDICINA,RAZONAMIENTO CUANTITATIVO,1.0,,174.0,26.0,,,,,,,,,2025
SABER PRO - 2025,PROGRAMA_ACÁDEMICO,PUNTAJE_PRUEBA,64,1,2.0,ANDINA,6.0,BOYACA,199.0,TUNJA,9095.0,UNIVERSIDAD PEDAGOGICA Y TECNOLOGICA DE COLOMBIA,9095.0,UNIVERSIDAD PEDAGOGICA Y TECNOLOGICA DE COLOMBIA-TUNJA,14.0,MEDICINA,45.0,MEDICINA,6921.0,MEDICINA,INGLÉS,1.0,,188.0,31.0,,,,,,,,,2025
SABER PRO - 2025,PROGRAMA_ACÁDEMICO,PUNTAJE_PRUEBA,64,1,2.0,ANDINA,6.0,BOYACA,199.0,TUNJA,9095.0,UNIVERSIDAD PEDAGOGICA Y TECNOLOGICA DE COLOMBIA,9095.0,UNIVERSIDAD PEDAGOGICA Y TECNOLOGICA DE COLOMBIA-TUNJA,14.0,MEDICINA,45.0,MEDICINA,6921.0,MEDICINA,COMUNICACIÓN ESCRITA,1.0,,157.0,24.0,,,,,,,,,2025
SABER PRO - 2025,PROGRAMA_ACÁDEMICO,PUNTAJE_PRUEBA,63,1,2.0,ANDINA,6.0,BOYACA,199.0,TUNJA,9095.0,UNIVERSIDAD PEDAGOGICA Y TECNOLOGICA DE COLOMBIA,9095.0,UNIVERSIDAD PEDAGOGICA Y TECNOLOGICA DE COLOMBIA-TUNJA,14.0,MEDICINA,45.0,MEDICINA,6921.0,MEDICINA,PROMOCIÓN DE LA SALUD Y PREVENCIÓN DE LA ENFERMEDAD,34.0,,179.0,25.0,,,,,,,,,2025
SABER PRO - 2025,PROGRAMA_ACÁDEMICO,PUNTAJE_PRUEBA,64,1,2.0,ANDINA,6.0,BOYACA,199.0,TUNJA,9095.0,UNIVERSIDAD PEDAGOGICA Y TECNOLOGICA DE COLOMBIA,9095.0,UNIVERSIDAD PEDAGOGICA Y TECNOLOGICA DE COLOMBIA-TUNJA,14.0,MEDICINA,45.0,MEDICINA,6921.0,MEDICINA,COMPETENCIAS CIUDADANAS,1.0,,181.0,33.0,,,,,,,,,2025
SABER PRO - 2025,PROGRAMA_ACÁDEMICO,PUNTAJE_PRUEBA,96,1,2.0,ANDINA,7.0,CALDAS,322.0,MANIZALES,9101.0,UNIVERSIDAD DE CALDAS,9101.0,UNIVERSIDAD DE CALDAS-MANIZALES,14.0,MEDICINA,45.0,MEDICINA,2313.0,MEDICINA,LECTURA CRÍTICA,1.0,,176.0,24.0,,,,,,,,,2025
SABER PRO - 2025,PROGRAMA_ACÁDEMICO,PUNTAJE_PRUEBA,96,1,2.0,ANDINA,7.0,CALDAS,322.0,MANIZALES,9101.0,UNIVERSIDAD DE CALDAS,9101.0,UNIVERSIDAD DE CALDAS-MANIZALES,14.0,MEDICINA,45.0,MEDICINA,2313.0,MEDICINA,COMPETENCIAS CIUDADANAS,1.0,,175.0,31.0,,,,,,,,,2025
SABER PRO - 2025,PROGRAMA_ACÁDEMICO,PUNTAJE_PRUEBA,56,1,2.0,ANDINA,7.0,CALDAS,322.0,MANIZALES,9101.0,UNIVERSIDAD DE CALDAS,9101.0,UNIVERSIDAD DE CALDAS-MANIZALES,14.0,MEDICINA,45.0,MEDICINA,2313.0,MEDICINA,ATENCIÓN EN SALUD,34.0,,177.0,31.0,,,,,,,,,2025
SABER PRO - 2025,PROGRAMA_ACÁDEMICO,PUNTAJE_PRUEBA,96,1,2.0,ANDINA,7.0,CALDAS,322.0,MANIZALES,9101.0,UNIVERSIDAD DE CALDAS,9101.0,UNIVERSIDAD DE CALDAS-MANIZALES,14.0,MEDICINA,45.0,MEDICINA,2313.0,MEDICINA,RAZONAMIENTO CUANTITATIVO,1.0,,173.0,24.0,,,,,,,,,2025
SABER PRO - 2025,PROGRAMA_ACÁDEMICO,PUNTAJE_PRUEBA,96,1,2.0,ANDINA,7.0,CALDAS,322.0,MANIZALES,9101.0,UNIVERSIDAD DE CALDAS,9101.0,UNIVERSIDAD DE CALDAS-MANIZALES,14.0,MEDICINA,45.0,MEDICINA,2313.0,MEDICINA,COMUNICACIÓN ESCRITA,1.0,,155.0,28.0,,,,,,,,,2025
SABER PRO - 2025,PROGRAMA_ACÁDEMICO,PUNTAJE_PRUEBA,56,1,2.0,ANDINA,7.0,CALDAS,322.0,MANIZALES,9101.0,UNIVERSIDAD DE CALDAS,9101.0,UNIVERSIDAD DE CALDAS-MANIZALES,14.0,MEDICINA,45.0,MEDICINA,2313.0,MEDICINA,PROMOCIÓN DE LA SALUD Y PREVENCIÓN DE LA ENFERMEDAD,34.0,,174.0,27.0,,,,,,,,,2025
SABER PRO - 2025,PROGRAMA_ACÁDEMICO,PUNTAJE_PRUEBA,96,1,2.0,ANDINA,7.0,CALDAS,322.0,MANIZALES,9101.0,UNIVERSIDAD DE CALDAS,9101.0,UNIVERSIDAD DE CALDAS-MANIZALES,14.0,MEDICINA,45.0,MEDICINA,2313.0,MEDICINA,INGLÉS,1.0,,170.0,31.0,,,,,,,,,2025
SABER PRO - 2025,PROGRAMA_ACÁDEMICO,PUNTAJE_PRUEBA,56,1,2.0,ANDINA,7.0,CALDAS,322.0,MANIZALES,9101.0,UNIVERSIDAD DE CALDAS,9101.0,UNIVERSIDAD DE CALDAS-MANIZALES,14.0,MEDICINA,45.0,MEDICINA,2313.0,MEDICINA,FUNDAMENTACIÓN EN DIAGNÓSTICO Y TRATAMIENTO MÉDICOS,34.0,,155.0,23.0,,,,,,,,,2025
SABER PRO - 2025,PROGRAMA_ACÁDEMICO,PUNTAJE_PRUEBA,68,1,2.0,ANDINA,7.0,CALDAS,322.0,MANIZALES,9102.0,UNIVERSIDAD DE MANIZALES,9102.0,UNIVERSIDAD DE MANIZALES-MANIZALES,14.0,MEDICINA,45.0,MEDICINA,3145.0,MEDICINA,INGLÉS,1.0,,184.0,36.0,,,,,,,,,2025
SABER PRO - 2025,PROGRAMA_ACÁDEMICO,PUNTAJE_PRUEBA,68,1,2.0,ANDINA,7.0,CALDAS,322.0,MANIZALES,9102.0,UNIVERSIDAD DE MANIZALES,9102.0,UNIVERSIDAD DE MANIZALES-MANIZALES,14.0,MEDICINA,45.0,MEDICINA,3145.0,MEDICINA,COMUNICACIÓN ESCRITA,1.0,,149.0,30.0,,,,,,,,,2025
SABER PRO - 2025,PROGRAMA_ACÁDEMICO,PUNTAJE_PRUEBA,68,1,2.0,ANDINA,7.0,CALDAS,322.0,MANIZALES,9102.0,UNIVERSIDAD DE MANIZALES,9102.0,UNIVERSIDAD DE MANIZALES-MANIZALES,14.0,MEDICINA,45.0,MEDICINA,3145.0,MEDICINA,RAZONAMIENTO CUANTITATIVO,1.0,,168.0,21.0,,,,,,,,,2025
SABER PRO - 2025,PROGRAMA_ACÁDEMICO,PUNTAJE_PRUEBA,68,1,2.0,ANDINA,7.0,CALDAS,322.0,MANIZALES,9102.0,UNIVERSIDAD DE MANIZALES,9102.0,UNIVERSIDAD DE MANIZALES-MANIZALES,14.0,MEDICINA,45.0,MEDICINA,3145.0,MEDICINA,LECTURA CRÍTICA,1.0,,176.0,27.0,,,,,,,,,2025
SABER PRO - 2025,PROGRAMA_ACÁDEMICO,PUNTAJE_PRUEBA,68,1,2.0,ANDINA,7.0,CALDAS,322.0,MANIZALES,9102.0,UNIVERSIDAD DE MANIZALES,9102.0,UNIVERSIDAD DE MANIZALES-MANIZALES,14.0,MEDICINA,45.0,MEDICINA,3145.0,MEDICINA,COMPETENCIAS CIUDADANAS,1.0,,166.0,29.0,,,,,,,,,2025
SABER PRO - 2025,PROGRAMA_ACÁDEMICO,PUNTAJE_PRUEBA,71,1,2.0,ANDINA,12.0,CUNDINAMARCA,477.0,CHÍA,9120.0,UNIVERSIDAD DE LA SABANA,9120.0,UNIVERSIDAD DE LA SABANA-CHIA,14.0,MEDICINA,45.0,MEDICINA,1444.0,MEDICINA,ATENCIÓN EN SALUD,34.0,,188.0,28.0,,,,,,,,,2025
SABER PRO - 2025,PROGRAMA_ACÁDEMICO,PUNTAJE_PRUEBA,170,1,2.0,ANDINA,12.0,CUNDINAMARCA,477.0,CHÍA,9120.0,UNIVERSIDAD DE LA SABANA,9120.0,UNIVERSIDAD DE LA SABANA-CHIA,14.0,MEDICINA,45.0,MEDICINA,1444.0,MEDICINA,INGLÉS,1.0,,211.0,28.0,,,,,,,,,2025
SABER PRO - 2025,PROGRAMA_ACÁDEMICO,PUNTAJE_PRUEBA,170,1,2.0,ANDINA,12.0,CUNDINAMARCA,477.0,CHÍA,9120.0,UNIVERSIDAD DE LA SABANA,9120.0,UNIVERSIDAD DE LA SABANA-CHIA,14.0,MEDICINA,45.0,MEDICINA,1444.0,MEDICINA,COMPETENCIAS CIUDADANAS,1.0,,185.0,22.0,,,,,,,,,2025
SABER PRO - 2025,PROGRAMA_ACÁDEMICO,PUNTAJE_PRUEBA,170,1,2.0,ANDINA,12.0,CUNDINAMARCA,477.0,CHÍA,9120.0,UNIVERSIDAD DE LA SABANA,9120.0,UNIVERSIDAD DE LA SABANA-CHIA,14.0,MEDICINA,45.0,MEDICINA,1444.0,MEDICINA,LECTURA CRÍTICA,1.0,,187.0,19.0,,,,,,,,,2025
SABER PRO - 2025,PROGRAMA_ACÁDEMICO,PUNTAJE_PRUEBA,71,1,2.0,ANDINA,12.0,CUNDINAMARCA,477.0,CHÍA,9120.0,UNIVERSIDAD DE LA SABANA,9120.0,UNIVERSIDAD DE LA SABANA-CHIA,14.0,MEDICINA,45.0,MEDICINA,1444.0,MEDICINA,FUNDAMENTACIÓN EN DIAGNÓSTICO Y TRATAMIENTO MÉDICOS,34.0,,156.0,24.0,,,,,,,,,2025
SABER PRO - 2025,PROGRAMA_ACÁDEMICO,PUNTAJE_PRUEBA,71,1,2.0,ANDINA,12.0,CUNDINAMARCA,477.0,CHÍA,9120.0,UNIVERSIDAD DE LA SABANA,9120.0,UNIVERSIDAD DE LA SABANA-CHIA,14.0,MEDICINA,45.0,MEDICINA,1444.0,MEDICINA,PROMOCIÓN DE LA SALUD Y PREVENCIÓN DE LA ENFERMEDAD,34.0,,181.0,23.0,,,,,,,,,2025
SABER PRO - 2025,PROGRAMA_ACÁDEMICO,PUNTAJE_PRUEBA,170,1,2.0,ANDINA,12.0,CUNDINAMARCA,477.0,CHÍA,9120.0,UNIVERSIDAD DE LA SABANA,9120.0,UNIVERSIDAD DE LA SABANA-CHIA,14.0,MEDICINA,45.0,MEDICINA,1444.0,MEDICINA,COMUNICACIÓN ESCRITA,1.0,,176.0,39.0,,,,,,,,,2025
SABER PRO - 2025,PROGRAMA_ACÁDEMICO,PUNTAJE_PRUEBA,170,1,2.0,ANDINA,12.0,CUNDINAMARCA,477.0,CHÍA,9120.0,UNIVERSIDAD DE LA SABANA,9120.0,UNIVERSIDAD DE LA SABANA-CHIA,14.0,MEDICINA,45.0,MEDICINA,1444.0,MEDICINA,RAZONAMIENTO CUANTITATIVO,1.0,,177.0,24.0,,,,,,,,,2025
SABER PRO - 2025,PROGRAMA_ACÁDEMICO,PUNTAJE_PRUEBA,67,1,2.0,ANDINA,14.0,HUILA,609.0,NEIVA,9133.0,UNIVERSIDAD SURCOLOMBIANA,9133.0,UNIVERSIDAD SURCOLOMBIANA-NEIVA,14.0,MEDICINA,45.0,MEDICINA,1887.0,MEDICINA,COMPETENCIAS CIUDADANAS,1.0,,173.0,36.0,,,,,,,,,2025
SABER PRO - 2025,PROGRAMA_ACÁDEMICO,PUNTAJE_PRUEBA,67,1,2.0,ANDINA,14.0,HUILA,609.0,NEIVA,9133.0,UNIVERSIDAD SURCOLOMBIANA,9133.0,UNIVERSIDAD SURCOLOMBIANA-NEIVA,14.0,MEDICINA,45.0,MEDICINA,1887.0,MEDICINA,LECTURA CRÍTICA,1.0,,175.0,28.0,,,,,,,,,2025
SABER PRO - 2025,PROGRAMA_ACÁDEMICO,PUNTAJE_PRUEBA,30,1,2.0,ANDINA,14.0,HUILA,609.0,NEIVA,9133.0,UNIVERSIDAD SURCOLOMBIANA,9133.0,UNIVERSIDAD SURCOLOMBIANA-NEIVA,14.0,MEDICINA,45.0,MEDICINA,1887.0,MEDICINA,PROMOCIÓN DE LA SALUD Y PREVENCIÓN DE LA ENFERMEDAD,34.0,,162.0,28.0,,,,,,,,,2025
SABER PRO - 2025,PROGRAMA_ACÁDEMICO,PUNTAJE_PRUEBA,67,1,2.0,ANDINA,14.0,HUILA,609.0,NEIVA,9133.0,UNIVERSIDAD SURCOLOMBIANA,9133.0,UNIVERSIDAD SURCOLOMBIANA-NEIVA,14.0,MEDICINA,45.0,MEDICINA,1887.0,MEDICINA,RAZONAMIENTO CUANTITATIVO,1.0,,172.0,25.0,,,,,,,,,2025
SABER PRO - 2025,PROGRAMA_ACÁDEMICO,PUNTAJE_PRUEBA,30,1,2.0,ANDINA,14.0,HUILA,609.0,NEIVA,9133.0,UNIVERSIDAD SURCOLOMBIANA,9133.0,UNIVERSIDAD SURCOLOMBIANA-NEIVA,14.0,MEDICINA,45.0,MEDICINA,1887.0,MEDICINA,ATENCIÓN EN SALUD,34.0,,167.0,40.0,,,,,,,,,2025
SABER PRO - 2025,PROGRAMA_ACÁDEMICO,PUNTAJE_PRUEBA,67,1,2.0,ANDINA,14.0,HUILA,609.0,NEIVA,9133.0,UNIVERSIDAD SURCOLOMBIANA,9133.0,UNIVERSIDAD SURCOLOMBIANA-NEIVA,14.0,MEDICINA,45.0,MEDICINA,1887.0,MEDICINA,COMUNICACIÓN ESCRITA,1.0,,151.0,24.0,,,,,,,,,2025
SABER PRO - 2025,PROGRAMA_ACÁDEMICO,PUNTAJE_PRUEBA,67,1,2.0,ANDINA,14.0,HUILA,609.0,NEIVA,9133.0,UNIVERSIDAD SURCOLOMBIANA,9133.0,UNIVERSIDAD SURCOLOMBIANA-NEIVA,14.0,MEDICINA,45.0,MEDICINA,1887.0,MEDICINA,INGLÉS,1.0,,170.0,33.0,,,,,,,,,2025
SABER PRO - 2025,PROGRAMA_ACÁDEMICO,PUNTAJE_PRUEBA,30,1,2.0,ANDINA,14.0,HUILA,609.0,NEIVA,9133.0,UNIVERSIDAD SURCOLOMBIANA,9133.0,UNIVERSIDAD SURCOLOMBIANA-NEIVA,14.0,MEDICINA,45.0,MEDICINA,1887.0,MEDICINA,FUNDAMENTACIÓN EN DIAGNÓSTICO Y TRATAMIENTO MÉDICOS,34.0,,137.0,22.0,,,,,,,,,2025
SABER PRO - 2025,PROGRAMA_ACÁDEMICO,PUNTAJE_PRUEBA,77,1,2.0,ANDINA,14.0,HUILA,609.0,NEIVA,19502.0,FUNDACION UNIVERSITARIA NAVARRA - UNINAVARRA,19502.0,FUNDACION UNIVERSITARIA NAVARRA - UNINAVARRA-NEIVA,14.0,MEDICINA,45.0,MEDICINA,8009.0,MEDICINA,COMUNICACIÓN ESCRITA,1.0,,144.0,29.0,,,,,,,,,2025
SABER PRO - 2025,PROGRAMA_ACÁDEMICO,PUNTAJE_PRUEBA,77,1,2.0,ANDINA,14.0,HUILA,609.0,NEIVA,19502.0,FUNDACION UNIVERSITARIA NAVARRA - UNINAVARRA,19502.0,FUNDACION UNIVERSITARIA NAVARRA - UNINAVARRA-NEIVA,14.0,MEDICINA,45.0,MEDICINA,8009.0,MEDICINA,LECTURA CRÍTICA,1.0,,151.0,27.0,,,,,,,,,2025
SABER PRO - 2025,PROGRAMA_ACÁDEMICO,PUNTAJE_PRUEBA,36,1,2.0,ANDINA,14.0,HUILA,609.0,NEIVA,19502.0,FUNDACION UNIVERSITARIA NAVARRA - UNINAVARRA,19502.0,FUNDACION UNIVERSITARIA NAVARRA - UNINAVARRA-NEIVA,14.0,MEDICINA,45.0,MEDICINA,8009.0,MEDICINA,ATENCIÓN EN SALUD,34.0,,138.0,24.0,,,,,,,,,2025
SABER PRO - 2025,PROGRAMA_ACÁDEMICO,PUNTAJE_PRUEBA,77,1,2.0,ANDINA,14.0,HUILA,609.0,NEIVA,19502.0,FUNDACION UNIVERSITARIA NAVARRA - UNINAVARRA,19502.0,FUNDACION UNIVERSITARIA NAVARRA - UNINAVARRA-NEIVA,14.0,MEDICINA,45.0,MEDICINA,8009.0,MEDICINA,INGLÉS,1.0,,162.0,28.0,,,,,,,,,2025
SABER PRO - 2025,PROGRAMA_ACÁDEMICO,PUNTAJE_PRUEBA,36,1,2.0,ANDINA,14.0,HUILA,609.0,NEIVA,19502.0,FUNDACION UNIVERSITARIA NAVARRA - UNINAVARRA,19502.0,FUNDACION UNIVERSITARIA NAVARRA - UNINAVARRA-NEIVA,14.0,MEDICINA,45.0,MEDICINA,8009.0,MEDICINA,FUNDAMENTACIÓN EN DIAGNÓSTICO Y TRATAMIENTO MÉDICOS,34.0,,116.0,18.0,,,,,,,,,2025
SABER PRO - 2025,PROGRAMA_ACÁDEMICO,PUNTAJE_PRUEBA,77,1,2.0,ANDINA,14.0,HUILA,609.0,NEIVA,19502.0,FUNDACION UNIVERSITARIA NAVARRA - UNINAVARRA,19502.0,FUNDACION UNIVERSITARIA NAVARRA - UNINAVARRA-NEIVA,14.0,MEDICINA,45.0,MEDICINA,8009.0,MEDICINA,RAZONAMIENTO CUANTITATIVO,1.0,,147.0,24.0,,,,,,,,,2025
SABER PRO - 2025,PROGRAMA_ACÁDEMICO,PUNTAJE_PRUEBA,36,1,2.0,ANDINA,14.0,HUILA,609.0,NEIVA,19502.0,FUNDACION UNIVERSITARIA NAVARRA - UNINAVARRA,19502.0,FUNDACION UNIVERSITARIA NAVARRA - UNINAVARRA-NEIVA,14.0,MEDICINA,45.0,MEDICINA,8009.0,MEDICINA,PROMOCIÓN DE LA SALUD Y PREVENCIÓN DE LA ENFERMEDAD,34.0,,146.0,28.0,,,,,,,,,2025
SABER PRO - 2025,PROGRAMA_ACÁDEMICO,PUNTAJE_PRUEBA,77,1,2.0,ANDINA,14.0,HUILA,609.0,NEIVA,19502.0,FUNDACION UNIVERSITARIA NAVARRA - UNINAVARRA,19502.0,FUNDACION UNIVERSITARIA NAVARRA - UNINAVARRA-NEIVA,14.0,MEDICINA,45.0,MEDICINA,8009.0,MEDICINA,COMPETENCIAS CIUDADANAS,1.0,,149.0,27.0,,,,,,,,,2025
SABER PRO - 2025,PROGRAMA_ACÁDEMICO,PUNTAJE_PRUEBA,132,1,2.0,ANDINA,19.0,NORTE SANTANDER,809.0,PAMPLONA,9155.0,UNIVERSIDAD DE PAMPLONA,9155.0,UNIVERSIDAD DE PAMPLONA-PAMPLONA,14.0,MEDICINA,45.0,MEDICINA,5845.0,MEDICINA,COMUNICACIÓN ESCRITA,1.0,,150.0,30.0,,,,,,,,,2025
SABER PRO - 2025,PROGRAMA_ACÁDEMICO,PUNTAJE_PRUEBA,132,1,2.0,ANDINA,19.0,NORTE SANTANDER,809.0,PAMPLONA,9155.0,UNIVERSIDAD DE PAMPLONA,9155.0,UNIVERSIDAD DE PAMPLONA-PAMPLONA,14.0,MEDICINA,45.0,MEDICINA,5845.0,MEDICINA,INGLÉS,1.0,,176.0,29.0,,,,,,,,,2025
SABER PRO - 2025,PROGRAMA_ACÁDEMICO,PUNTAJE_PRUEBA,132,1,2.0,ANDINA,19.0,NORTE SANTANDER,809.0,PAMPLONA,9155.0,UNIVERSIDAD DE PAMPLONA,9155.0,UNIVERSIDAD DE PAMPLONA-PAMPLONA,14.0,MEDICINA,45.0,MEDICINA,5845.0,MEDICINA,RAZONAMIENTO CUANTITATIVO,1.0,,168.0,26.0,,,,,,,,,2025
SABER PRO - 2025,PROGRAMA_ACÁDEMICO,PUNTAJE_PRUEBA,132,1,2.0,ANDINA,19.0,NORTE SANTANDER,809.0,PAMPLONA,9155.0,UNIVERSIDAD DE PAMPLONA,9155.0,UNIVERSIDAD DE PAMPLONA-PAMPLONA,14.0,MEDICINA,45.0,MEDICINA,5845.0,MEDICINA,LECTURA CRÍTICA,1.0,,173.0,23.0,,,,,,,,,2025
SABER PRO - 2025,PROGRAMA_ACÁDEMICO,PUNTAJE_PRUEBA,132,1,2.0,ANDINA,19.0,NORTE SANTANDER,809.0,PAMPLONA,9155.0,UNIVERSIDAD DE PAMPLONA,9155.0,UNIVERSIDAD DE PAMPLONA-PAMPLONA,14.0,MEDICINA,45.0,MEDICINA,5845.0,MEDICINA,COMPETENCIAS CIUDADANAS,1.0,,171.0,27.0,,,,,,,,,2025
SABER PRO - 2025,PROGRAMA_ACÁDEMICO,PUNTAJE_PRUEBA,77,1,2.0,ANDINA,20.0,QUINDIO,824.0,ARMENIA,9156.0,CORPORACION UNIVERSITARIA EMPRESARIAL ALEXANDER VON HUMBOLDT,9156.0,CORPORACION UNIVERSITARIA EMPRESARIAL ALEXANDER VON HUMBOLDT - C.U.E.-ARMENIA,14.0,MEDICINA,45.0,MEDICINA,8999.0,MEDICINA,INGLÉS,1.0,,169.0,35.0,,,,,,,,,2025
SABER PRO - 2025,PROGRAMA_ACÁDEMICO,PUNTAJE_PRUEBA,33,1,2.0,ANDINA,20.0,QUINDIO,824.0,ARMENIA,9156.0,CORPORACION UNIVERSITARIA EMPRESARIAL ALEXANDER VON HUMBOLDT,9156.0,CORPORACION UNIVERSITARIA EMPRESARIAL ALEXANDER VON HUMBOLDT - C.U.E.-ARMENIA,14.0,MEDICINA,45.0,MEDICINA,8999.0,MEDICINA,ATENCIÓN EN SALUD,34.0,,150.0,26.0,,,,,,,,,2025
SABER PRO - 2025,PROGRAMA_ACÁDEMICO,PUNTAJE_PRUEBA,77,1,2.0,ANDINA,20.0,QUINDIO,824.0,ARMENIA,9156.0,CORPORACION UNIVERSITARIA EMPRESARIAL ALEXANDER VON HUMBOLDT,9156.0,CORPORACION UNIVERSITARIA EMPRESARIAL ALEXANDER VON HUMBOLDT - C.U.E.-ARMENIA,14.0,MEDICINA,45.0,MEDICINA,8999.0,MEDICINA,COMUNICACIÓN ESCRITA,1.0,,168.0,36.0,,,,,,,,,2025
SABER PRO - 2025,PROGRAMA_ACÁDEMICO,PUNTAJE_PRUEBA,33,1,2.0,ANDINA,20.0,QUINDIO,824.0,ARMENIA,9156.0,CORPORACION UNIVERSITARIA EMPRESARIAL ALEXANDER VON HUMBOLDT,9156.0,CORPORACION UNIVERSITARIA EMPRESARIAL ALEXANDER VON HUMBOLDT - C.U.E.-ARMENIA,14.0,MEDICINA,45.0,MEDICINA,8999.0,MEDICINA,PROMOCIÓN DE LA SALUD Y PREVENCIÓN DE LA ENFERMEDAD,34.0,,162.0,25.0,,,,,,,,,2025
SABER PRO - 2025,PROGRAMA_ACÁDEMICO,PUNTAJE_PRUEBA,77,1,2.0,ANDINA,20.0,QUINDIO,824.0,ARMENIA,9156.0,CORPORACION UNIVERSITARIA EMPRESARIAL ALEXANDER VON HUMBOLDT,9156.0,CORPORACION UNIVERSITARIA EMPRESARIAL ALEXANDER VON HUMBOLDT - C.U.E.-ARMENIA,14.0,MEDICINA,45.0,MEDICINA,8999.0,MEDICINA,RAZONAMIENTO CUANTITATIVO,1.0,,145.0,25.0,,,,,,,,,2025
SABER PRO - 2025,PROGRAMA_ACÁDEMICO,PUNTAJE_PRUEBA,77,1,2.0,ANDINA,20.0,QUINDIO,824.0,ARMENIA,9156.0,CORPORACION UNIVERSITARIA EMPRESARIAL ALEXANDER VON HUMBOLDT,9156.0,CORPORACION UNIVERSITARIA EMPRESARIAL ALEXANDER VON HUMBOLDT - C.U.E.-ARMENIA,14.0,MEDICINA,45.0,MEDICINA,8999.0,MEDICINA,LECTURA CRÍTICA,1.0,,165.0,18.0,,,,,,,,,2025
SABER PRO - 2025,PROGRAMA_ACÁDEMICO,PUNTAJE_PRUEBA,33,1,2.0,ANDINA,20.0,QUINDIO,824.0,ARMENIA,9156.0,CORPORACION UNIVERSITARIA EMPRESARIAL ALEXANDER VON HUMBOLDT,9156.0,CORPORACION UNIVERSITARIA EMPRESARIAL ALEXANDER VON HUMBOLDT - C.U.E.-ARMENIA,14.0,MEDICINA,45.0,MEDICINA,8999.0,MEDICINA,FUNDAMENTACIÓN EN DIAGNÓSTICO Y TRATAMIENTO MÉDICOS,34.0,,133.0,16.0,,,,,,,,,2025
SABER PRO - 2025,PROGRAMA_ACÁDEMICO,PUNTAJE_PRUEBA,77,1,2.0,ANDINA,20.0,QUINDIO,824.0,ARMENIA,9156.0,CORPORACION UNIVERSITARIA EMPRESARIAL ALEXANDER VON HUMBOLDT,9156.0,CORPORACION UNIVERSITARIA EMPRESARIAL ALEXANDER VON HUMBOLDT - C.U.E.-ARMENIA,14.0,MEDICINA,45.0,MEDICINA,8999.0,MEDICINA,COMPETENCIAS CIUDADANAS,1.0,,159.0,25.0,,,,,,,,,2025
SABER PRO - 2025,PROGRAMA_ACÁDEMICO,PUNTAJE_PRUEBA,27,1,2.0,ANDINA,20.0,QUINDIO,824.0,ARMENIA,9158.0,UNIVERSIDAD DEL QUINDIO,9158.0,UNIVERSIDAD DEL QUINDIO-ARMENIA,14.0,MEDICINA,45.0,MEDICINA,1890.0,MEDICINA,ATENCIÓN EN SALUD,34.0,,186.0,25.0,,,,,,,,,2025
SABER PRO - 2025,PROGRAMA_ACÁDEMICO,PUNTAJE_PRUEBA,30,1,2.0,ANDINA,20.0,QUINDIO,824.0,ARMENIA,9158.0,UNIVERSIDAD DEL QUINDIO,9158.0,UNIVERSIDAD DEL QUINDIO-ARMENIA,14.0,MEDICINA,45.0,MEDICINA,1890.0,MEDICINA,LECTURA CRÍTICA,1.0,,183.0,22.0,,,,,,,,,2025
SABER PRO - 2025,PROGRAMA_ACÁDEMICO,PUNTAJE_PRUEBA,30,1,2.0,ANDINA,20.0,QUINDIO,824.0,ARMENIA,9158.0,UNIVERSIDAD DEL QUINDIO,9158.0,UNIVERSIDAD DEL QUINDIO-ARMENIA,14.0,MEDICINA,45.0,MEDICINA,1890.0,MEDICINA,COMUNICACIÓN ESCRITA,1.0,,150.0,40.0,,,,,,,,,2025
SABER PRO - 2025,PROGRAMA_ACÁDEMICO,PUNTAJE_PRUEBA,27,1,2.0,ANDINA,20.0,QUINDIO,824.0,ARMENIA,9158.0,UNIVERSIDAD DEL QUINDIO,9158.0,UNIVERSIDAD DEL QUINDIO-ARMENIA,14.0,MEDICINA,45.0,MEDICINA,1890.0,MEDICINA,FUNDAMENTACIÓN EN DIAGNÓSTICO Y TRATAMIENTO MÉDICOS,34.0,,160.0,17.0,,,,,,,,,2025
SABER PRO - 2025,PROGRAMA_ACÁDEMICO,PUNTAJE_PRUEBA,30,1,2.0,ANDINA,20.0,QUINDIO,824.0,ARMENIA,9158.0,UNIVERSIDAD DEL QUINDIO,9158.0,UNIVERSIDAD DEL QUINDIO-ARMENIA,14.0,MEDICINA,45.0,MEDICINA,1890.0,MEDICINA,COMPETENCIAS CIUDADANAS,1.0,,185.0,25.0,,,,,,,,,2025
SABER PRO - 2025,PROGRAMA_ACÁDEMICO,PUNTAJE_PRUEBA,27,1,2.0,ANDINA,20.0,QUINDIO,824.0,ARMENIA,9158.0,UNIVERSIDAD DEL QUINDIO,9158.0,UNIVERSIDAD DEL QUINDIO-ARMENIA,14.0,MEDICINA,45.0,MEDICINA,1890.0,MEDICINA,PROMOCIÓN DE LA SALUD Y PREVENCIÓN DE LA ENFERMEDAD,34.0,,186.0,25.0,,,,,,,,,2025
SABER PRO - 2025,PROGRAMA_ACÁDEMICO,PUNTAJE_PRUEBA,30,1,2.0,ANDINA,20.0,QUINDIO,824.0,ARMENIA,9158.0,UNIVERSIDAD DEL QUINDIO,9158.0,UNIVERSIDAD DEL QUINDIO-ARMENIA,14.0,MEDICINA,45.0,MEDICINA,1890.0,MEDICINA,RAZONAMIENTO CUANTITATIVO,1.0,,178.0,23.0,,,,,,,,,2025
SABER PRO - 2025,PROGRAMA_ACÁDEMICO,PUNTAJE_PRUEBA,30,1,2.0,ANDINA,20.0,QUINDIO,824.0,ARMENIA,9158.0,UNIVERSIDAD DEL QUINDIO,9158.0,UNIVERSIDAD DEL QUINDIO-ARMENIA,14.0,MEDICINA,45.0,MEDICINA,1890.0,MEDICINA,INGLÉS,1.0,,205.0,42.0,,,,,,,,,2025
SABER PRO - 2025,PROGRAMA_ACÁDEMICO,PUNTAJE_PRUEBA,53,1,2.0,ANDINA,21.0,RISARALDA,836.0,PEREIRA,9166.0,UNIVERSIDAD TECNOLOGICA DE PEREIRA,9166.0,UNIVERSIDAD TECNOLOGICA DE PEREIRA - ITP-PEREIRA,14.0,MEDICINA,45.0,MEDICINA,1021.0,MEDICINA,FUNDAMENTACIÓN EN DIAGNÓSTICO Y TRATAMIENTO MÉDICOS,34.0,,159.0,25.0,,,,,,,,,2025
SABER PRO - 2025,PROGRAMA_ACÁDEMICO,PUNTAJE_PRUEBA,53,1,2.0,ANDINA,21.0,RISARALDA,836.0,PEREIRA,9166.0,UNIVERSIDAD TECNOLOGICA DE PEREIRA,9166.0,UNIVERSIDAD TECNOLOGICA DE PEREIRA - ITP-PEREIRA,14.0,MEDICINA,45.0,MEDICINA,1021.0,MEDICINA,ATENCIÓN EN SALUD,34.0,,185.0,32.0,,,,,,,,,2025
SABER PRO - 2025,PROGRAMA_ACÁDEMICO,PUNTAJE_PRUEBA,116,1,2.0,ANDINA,21.0,RISARALDA,836.0,PEREIRA,9166.0,UNIVERSIDAD TECNOLOGICA DE PEREIRA,9166.0,UNIVERSIDAD TECNOLOGICA DE PEREIRA - ITP-PEREIRA,14.0,MEDICINA,45.0,MEDICINA,1021.0,MEDICINA,RAZONAMIENTO CUANTITATIVO,1.0,,173.0,26.0,,,,,,,,,2025
SABER PRO - 2025,PROGRAMA_ACÁDEMICO,PUNTAJE_PRUEBA,116,1,2.0,ANDINA,21.0,RISARALDA,836.0,PEREIRA,9166.0,UNIVERSIDAD TECNOLOGICA DE PEREIRA,9166.0,UNIVERSIDAD TECNOLOGICA DE PEREIRA - ITP-PEREIRA,14.0,MEDICINA,45.0,MEDICINA,1021.0,MEDICINA,COMPETENCIAS CIUDADANAS,1.0,,173.0,31.0,,,,,,,,,2025
SABER PRO - 2025,PROGRAMA_ACÁDEMICO,PUNTAJE_PRUEBA,116,1,2.0,ANDINA,21.0,RISARALDA,836.0,PEREIRA,9166.0,UNIVERSIDAD TECNOLOGICA DE PEREIRA,9166.0,UNIVERSIDAD TECNOLOGICA DE PEREIRA - ITP-PEREIRA,14.0,MEDICINA,45.0,MEDICINA,1021.0,MEDICINA,COMUNICACIÓN ESCRITA,1.0,,155.0,27.0,,,,,,,,,2025
SABER PRO - 2025,PROGRAMA_ACÁDEMICO,PUNTAJE_PRUEBA,116,1,2.0,ANDINA,21.0,RISARALDA,836.0,PEREIRA,9166.0,UNIVERSIDAD TECNOLOGICA DE PEREIRA,9166.0,UNIVERSIDAD TECNOLOGICA DE PEREIRA - ITP-PEREIRA,14.0,MEDICINA,45.0,MEDICINA,1021.0,MEDICINA,LECTURA CRÍTICA,1.0,,182.0,24.0,,,,,,,,,2025
SABER PRO - 2025,PROGRAMA_ACÁDEMICO,PUNTAJE_PRUEBA,53,1,2.0,ANDINA,21.0,RISARALDA,836.0,PEREIRA,9166.0,UNIVERSIDAD TECNOLOGICA DE PEREIRA,9166.0,UNIVERSIDAD TECNOLOGICA DE PEREIRA - ITP-PEREIRA,14.0,MEDICINA,45.0,MEDICINA,1021.0,MEDICINA,PROMOCIÓN DE LA SALUD Y PREVENCIÓN DE LA ENFERMEDAD,34.0,,179.0,24.0,,,,,,,,,2025
SABER PRO - 2025,PROGRAMA_ACÁDEMICO,PUNTAJE_PRUEBA,116,1,2.0,ANDINA,21.0,RISARALDA,836.0,PEREIRA,9166.0,UNIVERSIDAD TECNOLOGICA DE PEREIRA,9166.0,UNIVERSIDAD TECNOLOGICA DE PEREIRA - ITP-PEREIRA,14.0,MEDICINA,45.0,MEDICINA,1021.0,MEDICINA,INGLÉS,1.0,,184.0,32.0,,,,,,,,,2025
SABER PRO - 2025,PROGRAMA_ACÁDEMICO,PUNTAJE_PRUEBA,79,1,2.0,ANDINA,22.0,SANTANDER,850.0,BUCARAMANGA,9174.0,UNIVERSIDAD INDUSTRIAL DE SANTANDER,9174.0,UNIVERSIDAD INDUSTRIAL DE SANTANDER-BUCARAMANGA,14.0,MEDICINA,45.0,MEDICINA,6056.0,MEDICINA,LECTURA CRÍTICA,1.0,,200.0,22.0,,,,,,,,,2025
SABER PRO - 2025,PROGRAMA_ACÁDEMICO,PUNTAJE_PRUEBA,79,1,2.0,ANDINA,22.0,SANTANDER,850.0,BUCARAMANGA,9174.0,UNIVERSIDAD INDUSTRIAL DE SANTANDER,9174.0,UNIVERSIDAD INDUSTRIAL DE SANTANDER-BUCARAMANGA,14.0,MEDICINA,45.0,MEDICINA,6056.0,MEDICINA,RAZONAMIENTO CUANTITATIVO,1.0,,195.0,23.0,,,,,,,,,2025
SABER PRO - 2025,PROGRAMA_ACÁDEMICO,PUNTAJE_PRUEBA,79,1,2.0,ANDINA,22.0,SANTANDER,850.0,BUCARAMANGA,9174.0,UNIVERSIDAD INDUSTRIAL DE SANTANDER,9174.0,UNIVERSIDAD INDUSTRIAL DE SANTANDER-BUCARAMANGA,14.0,MEDICINA,45.0,MEDICINA,6056.0,MEDICINA,INGLÉS,1.0,,211.0,35.0,,,,,,,,,2025
SABER PRO - 2025,PROGRAMA_ACÁDEMICO,PUNTAJE_PRUEBA,79,1,2.0,ANDINA,22.0,SANTANDER,850.0,BUCARAMANGA,9174.0,UNIVERSIDAD INDUSTRIAL DE SANTANDER,9174.0,UNIVERSIDAD INDUSTRIAL DE SANTANDER-BUCARAMANGA,14.0,MEDICINA,45.0,MEDICINA,6056.0,MEDICINA,COMUNICACIÓN ESCRITA,1.0,,179.0,42.0,,,,,,,,,2025
SABER PRO - 2025,PROGRAMA_ACÁDEMICO,PUNTAJE_PRUEBA,79,1,2.0,ANDINA,22.0,SANTANDER,850.0,BUCARAMANGA,9174.0,UNIVERSIDAD INDUSTRIAL DE SANTANDER,9174.0,UNIVERSIDAD INDUSTRIAL DE SANTANDER-BUCARAMANGA,14.0,MEDICINA,45.0,MEDICINA,6056.0,MEDICINA,COMPETENCIAS CIUDADANAS,1.0,,200.0,18.0,,,,,,,,,2025
SABER PRO - 2025,PROGRAMA_ACÁDEMICO,PUNTAJE_PRUEBA,68,1,2.0,ANDINA,22.0,SANTANDER,850.0,BUCARAMANGA,9177.0,UNIVERSIDAD DE SANTANDER,9177.0,UNIVERSIDAD DE SANTANDER - UDES-BUCARAMANGA,14.0,MEDICINA,45.0,MEDICINA,5659.0,MEDICINA,PROMOCIÓN DE LA SALUD Y PREVENCIÓN DE LA ENFERMEDAD,34.0,,162.0,27.0,,,,,,,,,2025
SABER PRO - 2025,PROGRAMA_ACÁDEMICO,PUNTAJE_PRUEBA,46,1,2.0,ANDINA,22.0,SANTANDER,850.0,BUCARAMANGA,9177.0,UNIVERSIDAD DE SANTANDER,9177.0,UNIVERSIDAD DE SANTANDER - UDES-BUCARAMANGA,14.0,MEDICINA,45.0,MEDICINA,8139.0,MEDICINA,COMPETENCIAS CIUDADANAS,1.0,,158.0,26.0,,,,,,,,,2025
SABER PRO - 2025,PROGRAMA_ACÁDEMICO,PUNTAJE_PRUEBA,39,1,2.0,ANDINA,22.0,SANTANDER,850.0,BUCARAMANGA,9177.0,UNIVERSIDAD DE SANTANDER,9177.0,UNIVERSIDAD DE SANTANDER - UDES-BUCARAMANGA,81.0,GRUPO REFERENCIA NACIONAL UNIVERSITARIO,45.0,MEDICINA,20804.0,MEDICINA,RAZONAMIENTO CUANTITATIVO,1.0,,142.0,25.0,,,,,,,,,2025
SABER PRO - 2025,PROGRAMA_ACÁDEMICO,PUNTAJE_PRUEBA,95,1,2.0,ANDINA,22.0,SANTANDER,850.0,BUCARAMANGA,9177.0,UNIVERSIDAD DE SANTANDER,9177.0,UNIVERSIDAD DE SANTANDER - UDES-BUCARAMANGA,14.0,MEDICINA,45.0,MEDICINA,5659.0,MEDICINA,RAZONAMIENTO CUANTITATIVO,1.0,,158.0,21.0,,,,,,,,,2025
SABER PRO - 2025,PROGRAMA_ACÁDEMICO,PUNTAJE_PRUEBA,95,1,2.0,ANDINA,22.0,SANTANDER,850.0,BUCARAMANGA,9177.0,UNIVERSIDAD DE SANTANDER,9177.0,UNIVERSIDAD DE SANTANDER - UDES-BUCARAMANGA,14.0,MEDICINA,45.0,MEDICINA,5659.0,MEDICINA,COMUNICACIÓN ESCRITA,1.0,,155.0,35.0,,,,,,,,,2025
SABER PRO - 2025,PROGRAMA_ACÁDEMICO,PUNTAJE_PRUEBA,46,1,2.0,ANDINA,22.0,SANTANDER,850.0,BUCARAMANGA,9177.0,UNIVERSIDAD DE SANTANDER,9177.0,UNIVERSIDAD DE SANTANDER - UDES-BUCARAMANGA,14.0,MEDICINA,45.0,MEDICINA,8139.0,MEDICINA,INGLÉS,1.0,,170.0,20.0,,,,,,,,,2025
SABER PRO - 2025,PROGRAMA_ACÁDEMICO,PUNTAJE_PRUEBA,39,1,2.0,ANDINA,22.0,SANTANDER,850.0,BUCARAMANGA,9177.0,UNIVERSIDAD DE SANTANDER,9177.0,UNIVERSIDAD DE SANTANDER - UDES-BUCARAMANGA,81.0,GRUPO REFERENCIA NACIONAL UNIVERSITARIO,45.0,MEDICINA,20804.0,MEDICINA,INGLÉS,1.0,,155.0,21.0,,,,,,,,,2025
SABER PRO - 2025,PROGRAMA_ACÁDEMICO,PUNTAJE_PRUEBA,39,1,2.0,ANDINA,22.0,SANTANDER,850.0,BUCARAMANGA,9177.0,UNIVERSIDAD DE SANTANDER,9177.0,UNIVERSIDAD DE SANTANDER - UDES-BUCARAMANGA,81.0,GRUPO REFERENCIA NACIONAL UNIVERSITARIO,45.0,MEDICINA,20804.0,MEDICINA,LECTURA CRÍTICA,1.0,,160.0,20.0,,,,,,,,,2025
SABER PRO - 2025,PROGRAMA_ACÁDEMICO,PUNTAJE_PRUEBA,95,1,2.0,ANDINA,22.0,SANTANDER,850.0,BUCARAMANGA,9177.0,UNIVERSIDAD DE SANTANDER,9177.0,UNIVERSIDAD DE SANTANDER - UDES-BUCARAMANGA,14.0,MEDICINA,45.0,MEDICINA,5659.0,MEDICINA,COMPETENCIAS CIUDADANAS,1.0,,159.0,34.0,,,,,,,,,2025
SABER PRO - 2025,PROGRAMA_ACÁDEMICO,PUNTAJE_PRUEBA,68,1,2.0,ANDINA,22.0,SANTANDER,850.0,BUCARAMANGA,9177.0,UNIVERSIDAD DE SANTANDER,9177.0,UNIVERSIDAD DE SANTANDER - UDES-BUCARAMANGA,14.0,MEDICINA,45.0,MEDICINA,5659.0,MEDICINA,FUNDAMENTACIÓN EN DIAGNÓSTICO Y TRATAMIENTO MÉDICOS,34.0,,130.0,22.0,,,,,,,,,2025
SABER PRO - 2025,PROGRAMA_ACÁDEMICO,PUNTAJE_PRUEBA,68,1,2.0,ANDINA,22.0,SANTANDER,850.0,BUCARAMANGA,9177.0,UNIVERSIDAD DE SANTANDER,9177.0,UNIVERSIDAD DE SANTANDER - UDES-BUCARAMANGA,14.0,MEDICINA,45.0,MEDICINA,5659.0,MEDICINA,ATENCIÓN EN SALUD,34.0,,150.0,27.0,,,,,,,,,2025
SABER PRO - 2025,PROGRAMA_ACÁDEMICO,PUNTAJE_PRUEBA,23,1,2.0,ANDINA,22.0,SANTANDER,850.0,BUCARAMANGA,9177.0,UNIVERSIDAD DE SANTANDER,9177.0,UNIVERSIDAD DE SANTANDER - UDES-BUCARAMANGA,81.0,GRUPO REFERENCIA NACIONAL UNIVERSITARIO,45.0,MEDICINA,20804.0,MEDICINA,ATENCIÓN EN SALUD,34.0,,146.0,24.0,,,,,,,,,2025
SABER PRO - 2025,PROGRAMA_ACÁDEMICO,PUNTAJE_PRUEBA,39,1,2.0,ANDINA,22.0,SANTANDER,850.0,BUCARAMANGA,9177.0,UNIVERSIDAD DE SANTANDER,9177.0,UNIVERSIDAD DE SANTANDER - UDES-BUCARAMANGA,81.0,GRUPO REFERENCIA NACIONAL UNIVERSITARIO,45.0,MEDICINA,20804.0,MEDICINA,COMPETENCIAS CIUDADANAS,1.0,,147.0,28.0,,,,,,,,,2025
SABER PRO - 2025,PROGRAMA_ACÁDEMICO,PUNTAJE_PRUEBA,39,1,2.0,ANDINA,22.0,SANTANDER,850.0,BUCARAMANGA,9177.0,UNIVERSIDAD DE SANTANDER,9177.0,UNIVERSIDAD DE SANTANDER - UDES-BUCARAMANGA,81.0,GRUPO REFERENCIA NACIONAL UNIVERSITARIO,45.0,MEDICINA,20804.0,MEDICINA,COMUNICACIÓN ESCRITA,1.0,,169.0,31.0,,,,,,,,,2025
SABER PRO - 2025,PROGRAMA_ACÁDEMICO,PUNTAJE_PRUEBA,23,1,2.0,ANDINA,22.0,SANTANDER,850.0,BUCARAMANGA,9177.0,UNIVERSIDAD DE SANTANDER,9177.0,UNIVERSIDAD DE SANTANDER - UDES-BUCARAMANGA,81.0,GRUPO REFERENCIA NACIONAL UNIVERSITARIO,45.0,MEDICINA,20804.0,MEDICINA,FUNDAMENTACIÓN EN DIAGNÓSTICO Y TRATAMIENTO MÉDICOS,34.0,,114.0,22.0,,,,,,,,,2025
SABER PRO - 2025,PROGRAMA_ACÁDEMICO,PUNTAJE_PRUEBA,46,1,2.0,ANDINA,22.0,SANTANDER,850.0,BUCARAMANGA,9177.0,UNIVERSIDAD DE SANTANDER,9177.0,UNIVERSIDAD DE SANTANDER - UDES-BUCARAMANGA,14.0,MEDICINA,45.0,MEDICINA,8139.0,MEDICINA,RAZONAMIENTO CUANTITATIVO,1.0,,153.0,24.0,,,,,,,,,2025
SABER PRO - 2025,PROGRAMA_ACÁDEMICO,PUNTAJE_PRUEBA,95,1,2.0,ANDINA,22.0,SANTANDER,850.0,BUCARAMANGA,9177.0,UNIVERSIDAD DE SANTANDER,9177.0,UNIVERSIDAD DE SANTANDER - UDES-BUCARAMANGA,14.0,MEDICINA,45.0,MEDICINA,5659.0,MEDICINA,INGLÉS,1.0,,168.0,27.0,,,,,,,,,2025
SABER PRO - 2025,PROGRAMA_ACÁDEMICO,PUNTAJE_PRUEBA,95,1,2.0,ANDINA,22.0,SANTANDER,850.0,BUCARAMANGA,9177.0,UNIVERSIDAD DE SANTANDER,9177.0,UNIVERSIDAD DE SANTANDER - UDES-BUCARAMANGA,14.0,MEDICINA,45.0,MEDICINA,5659.0,MEDICINA,LECTURA CRÍTICA,1.0,,169.0,22.0,,,,,,,,,2025
SABER PRO - 2025,PROGRAMA_ACÁDEMICO,PUNTAJE_PRUEBA,23,1,2.0,ANDINA,22.0,SANTANDER,850.0,BUCARAMANGA,9177.0,UNIVERSIDAD DE SANTANDER,9177.0,UNIVERSIDAD DE SANTANDER - UDES-BUCARAMANGA,81.0,GRUPO REFERENCIA NACIONAL UNIVERSITARIO,45.0,MEDICINA,20804.0,MEDICINA,PROMOCIÓN DE LA SALUD Y PREVENCIÓN DE LA ENFERMEDAD,34.0,,152.0,30.0,,,,,,,,,2025
SABER PRO - 2025,PROGRAMA_ACÁDEMICO,PUNTAJE_PRUEBA,46,1,2.0,ANDINA,22.0,SANTANDER,850.0,BUCARAMANGA,9177.0,UNIVERSIDAD DE SANTANDER,9177.0,UNIVERSIDAD DE SANTANDER - UDES-BUCARAMANGA,14.0,MEDICINA,45.0,MEDICINA,8139.0,MEDICINA,COMUNICACIÓN ESCRITA,1.0,,164.0,53.0,,,,,,,,,2025
SABER PRO - 2025,PROGRAMA_ACÁDEMICO,PUNTAJE_PRUEBA,46,1,2.0,ANDINA,22.0,SANTANDER,850.0,BUCARAMANGA,9177.0,UNIVERSIDAD DE SANTANDER,9177.0,UNIVERSIDAD DE SANTANDER - UDES-BUCARAMANGA,14.0,MEDICINA,45.0,MEDICINA,8139.0,MEDICINA,LECTURA CRÍTICA,1.0,,164.0,25.0,,,,,,,,,2025
SABER PRO - 2025,PROGRAMA_ACÁDEMICO,PUNTAJE_PRUEBA,131,1,2.0,ANDINA,22.0,SANTANDER,850.0,BUCARAMANGA,9179.0,UNIVERSIDAD AUTONOMA DE BUCARAMANGA-UNAB-,9179.0,UNIVERSIDAD AUTONOMA DE BUCARAMANGA-UNAB-BUCARAMANGA,14.0,MEDICINA,45.0,MEDICINA,6515.0,MEDICINA,FUNDAMENTACIÓN EN DIAGNÓSTICO Y TRATAMIENTO MÉDICOS,34.0,,153.0,20.0,,,,,,,,,2025
SABER PRO - 2025,PROGRAMA_ACÁDEMICO,PUNTAJE_PRUEBA,131,1,2.0,ANDINA,22.0,SANTANDER,850.0,BUCARAMANGA,9179.0,UNIVERSIDAD AUTONOMA DE BUCARAMANGA-UNAB-,9179.0,UNIVERSIDAD AUTONOMA DE BUCARAMANGA-UNAB-BUCARAMANGA,14.0,MEDICINA,45.0,MEDICINA,6515.0,MEDICINA,RAZONAMIENTO CUANTITATIVO,1.0,,168.0,22.0,,,,,,,,,2025
SABER PRO - 2025,PROGRAMA_ACÁDEMICO,PUNTAJE_PRUEBA,131,1,2.0,ANDINA,22.0,SANTANDER,850.0,BUCARAMANGA,9179.0,UNIVERSIDAD AUTONOMA DE BUCARAMANGA-UNAB-,9179.0,UNIVERSIDAD AUTONOMA DE BUCARAMANGA-UNAB-BUCARAMANGA,14.0,MEDICINA,45.0,MEDICINA,6515.0,MEDICINA,ATENCIÓN EN SALUD,34.0,,176.0,31.0,,,,,,,,,2025
SABER PRO - 2025,PROGRAMA_ACÁDEMICO,PUNTAJE_PRUEBA,131,1,2.0,ANDINA,22.0,SANTANDER,850.0,BUCARAMANGA,9179.0,UNIVERSIDAD AUTONOMA DE BUCARAMANGA-UNAB-,9179.0,UNIVERSIDAD AUTONOMA DE BUCARAMANGA-UNAB-BUCARAMANGA,14.0,MEDICINA,45.0,MEDICINA,6515.0,MEDICINA,LECTURA CRÍTICA,1.0,,180.0,25.0,,,,,,,,,2025
SABER PRO - 2025,PROGRAMA_ACÁDEMICO,PUNTAJE_PRUEBA,131,1,2.0,ANDINA,22.0,SANTANDER,850.0,BUCARAMANGA,9179.0,UNIVERSIDAD AUTONOMA DE BUCARAMANGA-UNAB-,9179.0,UNIVERSIDAD AUTONOMA DE BUCARAMANGA-UNAB-BUCARAMANGA,14.0,MEDICINA,45.0,MEDICINA,6515.0,MEDICINA,INGLÉS,1.0,,190.0,28.0,,,,,,,,,2025
SABER PRO - 2025,PROGRAMA_ACÁDEMICO,PUNTAJE_PRUEBA,131,1,2.0,ANDINA,22.0,SANTANDER,850.0,BUCARAMANGA,9179.0,UNIVERSIDAD AUTONOMA DE BUCARAMANGA-UNAB-,9179.0,UNIVERSIDAD AUTONOMA DE BUCARAMANGA-UNAB-BUCARAMANGA,14.0,MEDICINA,45.0,MEDICINA,6515.0,MEDICINA,COMUNICACIÓN ESCRITA,1.0,,159.0,26.0,,,,,,,,,2025
SABER PRO - 2025,PROGRAMA_ACÁDEMICO,PUNTAJE_PRUEBA,131,1,2.0,ANDINA,22.0,SANTANDER,850.0,BUCARAMANGA,9179.0,UNIVERSIDAD AUTONOMA DE BUCARAMANGA-UNAB-,9179.0,UNIVERSIDAD AUTONOMA DE BUCARAMANGA-UNAB-BUCARAMANGA,14.0,MEDICINA,45.0,MEDICINA,6515.0,MEDICINA,COMPETENCIAS CIUDADANAS,1.0,,170.0,32.0,,,,,,,,,2025
SABER PRO - 2025,PROGRAMA_ACÁDEMICO,PUNTAJE_PRUEBA,131,1,2.0,ANDINA,22.0,SANTANDER,850.0,BUCARAMANGA,9179.0,UNIVERSIDAD AUTONOMA DE BUCARAMANGA-UNAB-,9179.0,UNIVERSIDAD AUTONOMA DE BUCARAMANGA-UNAB-BUCARAMANGA,14.0,MEDICINA,45.0,MEDICINA,6515.0,MEDICINA,PROMOCIÓN DE LA SALUD Y PREVENCIÓN DE LA ENFERMEDAD,34.0,,180.0,25.0,,,,,,,,,2025
SABER PRO - 2025,PROGRAMA_ACÁDEMICO,PUNTAJE_PRUEBA,68,1,2.0,ANDINA,24.0,TOLIMA,963.0,IBAGUÉ,9194.0,UNIVERSIDAD DEL TOLIMA,9194.0,UNIVERSIDAD DEL TOLIMA-IBAGUE,14.0,MEDICINA,45.0,MEDICINA,2316.0,MEDICINA,RAZONAMIENTO CUANTITATIVO,1.0,,162.0,22.0,,,,,,,,,2025
SABER PRO - 2025,PROGRAMA_ACÁDEMICO,PUNTAJE_PRUEBA,68,1,2.0,ANDINA,24.0,TOLIMA,963.0,IBAGUÉ,9194.0,UNIVERSIDAD DEL TOLIMA,9194.0,UNIVERSIDAD DEL TOLIMA-IBAGUE,14.0,MEDICINA,45.0,MEDICINA,2316.0,MEDICINA,INGLÉS,1.0,,167.0,31.0,,,,,,,,,2025
SABER PRO - 2025,PROGRAMA_ACÁDEMICO,PUNTAJE_PRUEBA,68,1,2.0,ANDINA,24.0,TOLIMA,963.0,IBAGUÉ,9194.0,UNIVERSIDAD DEL TOLIMA,9194.0,UNIVERSIDAD DEL TOLIMA-IBAGUE,14.0,MEDICINA,45.0,MEDICINA,2316.0,MEDICINA,COMPETENCIAS CIUDADANAS,1.0,,166.0,34.0,,,,,,,,,2025
SABER PRO - 2025,PROGRAMA_ACÁDEMICO,PUNTAJE_PRUEBA,68,1,2.0,ANDINA,24.0,TOLIMA,963.0,IBAGUÉ,9194.0,UNIVERSIDAD DEL TOLIMA,9194.0,UNIVERSIDAD DEL TOLIMA-IBAGUE,14.0,MEDICINA,45.0,MEDICINA,2316.0,MEDICINA,COMUNICACIÓN ESCRITA,1.0,,152.0,25.0,,,,,,,,,2025
SABER PRO - 2025,PROGRAMA_ACÁDEMICO,PUNTAJE_PRUEBA,68,1,2.0,ANDINA,24.0,TOLIMA,963.0,IBAGUÉ,9194.0,UNIVERSIDAD DEL TOLIMA,9194.0,UNIVERSIDAD DEL TOLIMA-IBAGUE,14.0,MEDICINA,45.0,MEDICINA,2316.0,MEDICINA,LECTURA CRÍTICA,1.0,,167.0,23.0,,,,,,,,,2025
SABER PRO - 2025,PROGRAMA_ACÁDEMICO,PUNTAJE_PRUEBA,225,1,3.0,CARIBE,2.0,ATLANTICO,126.0,BARRANQUILLA,8939.0,UNIVERSIDAD SIMON BOLIVAR,8939.0,UNIVERSIDAD SIMON BOLIVAR-BARRANQUILLA,14.0,MEDICINA,45.0,MEDICINA,4973.0,MEDICINA,RAZONAMIENTO CUANTITATIVO,1.0,,154.0,24.0,,,,,,,,,2025
SABER PRO - 2025,PROGRAMA_ACÁDEMICO,PUNTAJE_PRUEBA,225,1,3.0,CARIBE,2.0,ATLANTICO,126.0,BARRANQUILLA,8939.0,UNIVERSIDAD SIMON BOLIVAR,8939.0,UNIVERSIDAD SIMON BOLIVAR-BARRANQUILLA,14.0,MEDICINA,45.0,MEDICINA,4973.0,MEDICINA,COMPETENCIAS CIUDADANAS,1.0,,163.0,28.0,,,,,,,,,2025
SABER PRO - 2025,PROGRAMA_ACÁDEMICO,PUNTAJE_PRUEBA,225,1,3.0,CARIBE,2.0,ATLANTICO,126.0,BARRANQUILLA,8939.0,UNIVERSIDAD SIMON BOLIVAR,8939.0,UNIVERSIDAD SIMON BOLIVAR-BARRANQUILLA,14.0,MEDICINA,45.0,MEDICINA,4973.0,MEDICINA,INGLÉS,1.0,,176.0,29.0,,,,,,,,,2025
SABER PRO - 2025,PROGRAMA_ACÁDEMICO,PUNTAJE_PRUEBA,225,1,3.0,CARIBE,2.0,ATLANTICO,126.0,BARRANQUILLA,8939.0,UNIVERSIDAD SIMON BOLIVAR,8939.0,UNIVERSIDAD SIMON BOLIVAR-BARRANQUILLA,14.0,MEDICINA,45.0,MEDICINA,4973.0,MEDICINA,LECTURA CRÍTICA,1.0,,171.0,24.0,,,,,,,,,2025
SABER PRO - 2025,PROGRAMA_ACÁDEMICO,PUNTAJE_PRUEBA,225,1,3.0,CARIBE,2.0,ATLANTICO,126.0,BARRANQUILLA,8939.0,UNIVERSIDAD SIMON BOLIVAR,8939.0,UNIVERSIDAD SIMON BOLIVAR-BARRANQUILLA,14.0,MEDICINA,45.0,MEDICINA,4973.0,MEDICINA,COMUNICACIÓN ESCRITA,1.0,,156.0,37.0,,,,,,,,,2025
SABER PRO - 2025,PROGRAMA_ACÁDEMICO,PUNTAJE_PRUEBA,191,1,3.0,CARIBE,2.0,ATLANTICO,126.0,BARRANQUILLA,8941.0,FUNDACION UNIVERSIDAD DEL NORTE,8941.0,UNIVERSIDAD DEL NORTE-BARRANQUILLA,14.0,MEDICINA,45.0,MEDICINA,6919.0,MEDICINA,COMUNICACIÓN ESCRITA,1.0,,173.0,39.0,,,,,,,,,2025
SABER PRO - 2025,PROGRAMA_ACÁDEMICO,PUNTAJE_PRUEBA,191,1,3.0,CARIBE,2.0,ATLANTICO,126.0,BARRANQUILLA,8941.0,FUNDACION UNIVERSIDAD DEL NORTE,8941.0,UNIVERSIDAD DEL NORTE-BARRANQUILLA,14.0,MEDICINA,45.0,MEDICINA,6919.0,MEDICINA,FUNDAMENTACIÓN EN DIAGNÓSTICO Y TRATAMIENTO MÉDICOS,34.0,,140.0,19.0,,,,,,,,,2025
SABER PRO - 2025,PROGRAMA_ACÁDEMICO,PUNTAJE_PRUEBA,191,1,3.0,CARIBE,2.0,ATLANTICO,126.0,BARRANQUILLA,8941.0,FUNDACION UNIVERSIDAD DEL NORTE,8941.0,UNIVERSIDAD DEL NORTE-BARRANQUILLA,14.0,MEDICINA,45.0,MEDICINA,6919.0,MEDICINA,ATENCIÓN EN SALUD,34.0,,185.0,26.0,,,,,,,,,2025
SABER PRO - 2025,PROGRAMA_ACÁDEMICO,PUNTAJE_PRUEBA,191,1,3.0,CARIBE,2.0,ATLANTICO,126.0,BARRANQUILLA,8941.0,FUNDACION UNIVERSIDAD DEL NORTE,8941.0,UNIVERSIDAD DEL NORTE-BARRANQUILLA,14.0,MEDICINA,45.0,MEDICINA,6919.0,MEDICINA,INGLÉS,1.0,,205.0,29.0,,,,,,,,,2025
SABER PRO - 2025,PROGRAMA_ACÁDEMICO,PUNTAJE_PRUEBA,191,1,3.0,CARIBE,2.0,ATLANTICO,126.0,BARRANQUILLA,8941.0,FUNDACION UNIVERSIDAD DEL NORTE,8941.0,UNIVERSIDAD DEL NORTE-BARRANQUILLA,14.0,MEDICINA,45.0,MEDICINA,6919.0,MEDICINA,COMPETENCIAS CIUDADANAS,1.0,,180.0,26.0,,,,,,,,,2025
SABER PRO - 2025,PROGRAMA_ACÁDEMICO,PUNTAJE_PRUEBA,191,1,3.0,CARIBE,2.0,ATLANTICO,126.0,BARRANQUILLA,8941.0,FUNDACION UNIVERSIDAD DEL NORTE,8941.0,UNIVERSIDAD DEL NORTE-BARRANQUILLA,14.0,MEDICINA,45.0,MEDICINA,6919.0,MEDICINA,RAZONAMIENTO CUANTITATIVO,1.0,,168.0,26.0,,,,,,,,,2025
SABER PRO - 2025,PROGRAMA_ACÁDEMICO,PUNTAJE_PRUEBA,191,1,3.0,CARIBE,2.0,ATLANTICO,126.0,BARRANQUILLA,8941.0,FUNDACION UNIVERSIDAD DEL NORTE,8941.0,UNIVERSIDAD DEL NORTE-BARRANQUILLA,14.0,MEDICINA,45.0,MEDICINA,6919.0,MEDICINA,PROMOCIÓN DE LA SALUD Y PREVENCIÓN DE LA ENFERMEDAD,34.0,,177.0,20.0,,,,,,,,,2025
SABER PRO - 2025,PROGRAMA_ACÁDEMICO,PUNTAJE_PRUEBA,191,1,3.0,CARIBE,2.0,ATLANTICO,126.0,BARRANQUILLA,8941.0,FUNDACION UNIVERSIDAD DEL NORTE,8941.0,UNIVERSIDAD DEL NORTE-BARRANQUILLA,14.0,MEDICINA,45.0,MEDICINA,6919.0,MEDICINA,LECTURA CRÍTICA,1.0,,184.0,19.0,,,,,,,,,2025
SABER PRO - 2025,PROGRAMA_ACÁDEMICO,PUNTAJE_PRUEBA,165,1,3.0,CARIBE,2.0,ATLANTICO,126.0,BARRANQUILLA,8951.0,UNIVERSIDAD METROPOLITANA,8951.0,UNIVERSIDAD METROPOLITANA-BARRANQUILLA,14.0,MEDICINA,45.0,MEDICINA,4788.0,MEDICINA,ATENCIÓN EN SALUD,34.0,,142.0,27.0,,,,,,,,,2025
SABER PRO - 2025,PROGRAMA_ACÁDEMICO,PUNTAJE_PRUEBA,165,1,3.0,CARIBE,2.0,ATLANTICO,126.0,BARRANQUILLA,8951.0,UNIVERSIDAD METROPOLITANA,8951.0,UNIVERSIDAD METROPOLITANA-BARRANQUILLA,14.0,MEDICINA,45.0,MEDICINA,4788.0,MEDICINA,FUNDAMENTACIÓN EN DIAGNÓSTICO Y TRATAMIENTO MÉDICOS,34.0,,109.0,18.0,,,,,,,,,2025
SABER PRO - 2025,PROGRAMA_ACÁDEMICO,PUNTAJE_PRUEBA,373,1,3.0,CARIBE,2.0,ATLANTICO,126.0,BARRANQUILLA,8951.0,UNIVERSIDAD METROPOLITANA,8951.0,UNIVERSIDAD METROPOLITANA-BARRANQUILLA,14.0,MEDICINA,45.0,MEDICINA,4788.0,MEDICINA,COMPETENCIAS CIUDADANAS,1.0,,150.0,27.0,,,,,,,,,2025
SABER PRO - 2025,PROGRAMA_ACÁDEMICO,PUNTAJE_PRUEBA,373,1,3.0,CARIBE,2.0,ATLANTICO,126.0,BARRANQUILLA,8951.0,UNIVERSIDAD METROPOLITANA,8951.0,UNIVERSIDAD METROPOLITANA-BARRANQUILLA,14.0,MEDICINA,45.0,MEDICINA,4788.0,MEDICINA,INGLÉS,1.0,,165.0,28.0,,,,,,,,,2025
SABER PRO - 2025,PROGRAMA_ACÁDEMICO,PUNTAJE_PRUEBA,165,1,3.0,CARIBE,2.0,ATLANTICO,126.0,BARRANQUILLA,8951.0,UNIVERSIDAD METROPOLITANA,8951.0,UNIVERSIDAD METROPOLITANA-BARRANQUILLA,14.0,MEDICINA,45.0,MEDICINA,4788.0,MEDICINA,PROMOCIÓN DE LA SALUD Y PREVENCIÓN DE LA ENFERMEDAD,34.0,,144.0,24.0,,,,,,,,,2025
SABER PRO - 2025,PROGRAMA_ACÁDEMICO,PUNTAJE_PRUEBA,373,1,3.0,CARIBE,2.0,ATLANTICO,126.0,BARRANQUILLA,8951.0,UNIVERSIDAD METROPOLITANA,8951.0,UNIVERSIDAD METROPOLITANA-BARRANQUILLA,14.0,MEDICINA,45.0,MEDICINA,4788.0,MEDICINA,RAZONAMIENTO CUANTITATIVO,1.0,,145.0,24.0,,,,,,,,,2025
SABER PRO - 2025,PROGRAMA_ACÁDEMICO,PUNTAJE_PRUEBA,373,1,3.0,CARIBE,2.0,ATLANTICO,126.0,BARRANQUILLA,8951.0,UNIVERSIDAD METROPOLITANA,8951.0,UNIVERSIDAD METROPOLITANA-BARRANQUILLA,14.0,MEDICINA,45.0,MEDICINA,4788.0,MEDICINA,LECTURA CRÍTICA,1.0,,159.0,23.0,,,,,,,,,2025
SABER PRO - 2025,PROGRAMA_ACÁDEMICO,PUNTAJE_PRUEBA,373,1,3.0,CARIBE,2.0,ATLANTICO,126.0,BARRANQUILLA,8951.0,UNIVERSIDAD METROPOLITANA,8951.0,UNIVERSIDAD METROPOLITANA-BARRANQUILLA,14.0,MEDICINA,45.0,MEDICINA,4788.0,MEDICINA,COMUNICACIÓN ESCRITA,1.0,,149.0,32.0,,,,,,,,,2025
SABER PRO - 2025,PROGRAMA_ACÁDEMICO,PUNTAJE_PRUEBA,136,1,3.0,CARIBE,2.0,ATLANTICO,126.0,BARRANQUILLA,8985.0,UNIVERSIDAD LIBRE,8940.0,UNIVERSIDAD LIBRE-BARRANQUILLA,14.0,MEDICINA,45.0,MEDICINA,6058.0,MEDICINA,FUNDAMENTACIÓN EN DIAGNÓSTICO Y TRATAMIENTO MÉDICOS,34.0,,117.0,18.0,,,,,,,,,2025
SABER PRO - 2025,PROGRAMA_ACÁDEMICO,PUNTAJE_PRUEBA,136,1,3.0,CARIBE,2.0,ATLANTICO,126.0,BARRANQUILLA,8985.0,UNIVERSIDAD LIBRE,8940.0,UNIVERSIDAD LIBRE-BARRANQUILLA,14.0,MEDICINA,45.0,MEDICINA,6058.0,MEDICINA,ATENCIÓN EN SALUD,34.0,,155.0,28.0,,,,,,,,,2025
SABER PRO - 2025,PROGRAMA_ACÁDEMICO,PUNTAJE_PRUEBA,136,1,3.0,CARIBE,2.0,ATLANTICO,126.0,BARRANQUILLA,8985.0,UNIVERSIDAD LIBRE,8940.0,UNIVERSIDAD LIBRE-BARRANQUILLA,14.0,MEDICINA,45.0,MEDICINA,6058.0,MEDICINA,PROMOCIÓN DE LA SALUD Y PREVENCIÓN DE LA ENFERMEDAD,34.0,,161.0,26.0,,,,,,,,,2025
SABER PRO - 2025,PROGRAMA_ACÁDEMICO,PUNTAJE_PRUEBA,141,1,3.0,CARIBE,2.0,ATLANTICO,126.0,BARRANQUILLA,8985.0,UNIVERSIDAD LIBRE,8940.0,UNIVERSIDAD LIBRE-BARRANQUILLA,14.0,MEDICINA,45.0,MEDICINA,6058.0,MEDICINA,LECTURA CRÍTICA,1.0,,171.0,22.0,,,,,,,,,2025
SABER PRO - 2025,PROGRAMA_ACÁDEMICO,PUNTAJE_PRUEBA,141,1,3.0,CARIBE,2.0,ATLANTICO,126.0,BARRANQUILLA,8985.0,UNIVERSIDAD LIBRE,8940.0,UNIVERSIDAD LIBRE-BARRANQUILLA,14.0,MEDICINA,45.0,MEDICINA,6058.0,MEDICINA,COMPETENCIAS CIUDADANAS,1.0,,162.0,28.0,,,,,,,,,2025
SABER PRO - 2025,PROGRAMA_ACÁDEMICO,PUNTAJE_PRUEBA,141,1,3.0,CARIBE,2.0,ATLANTICO,126.0,BARRANQUILLA,8985.0,UNIVERSIDAD LIBRE,8940.0,UNIVERSIDAD LIBRE-BARRANQUILLA,14.0,MEDICINA,45.0,MEDICINA,6058.0,MEDICINA,COMUNICACIÓN ESCRITA,1.0,,151.0,39.0,,,,,,,,,2025
SABER PRO - 2025,PROGRAMA_ACÁDEMICO,PUNTAJE_PRUEBA,141,1,3.0,CARIBE,2.0,ATLANTICO,126.0,BARRANQUILLA,8985.0,UNIVERSIDAD LIBRE,8940.0,UNIVERSIDAD LIBRE-BARRANQUILLA,14.0,MEDICINA,45.0,MEDICINA,6058.0,MEDICINA,RAZONAMIENTO CUANTITATIVO,1.0,,155.0,21.0,,,,,,,,,2025
SABER PRO - 2025,PROGRAMA_ACÁDEMICO,PUNTAJE_PRUEBA,141,1,3.0,CARIBE,2.0,ATLANTICO,126.0,BARRANQUILLA,8985.0,UNIVERSIDAD LIBRE,8940.0,UNIVERSIDAD LIBRE-BARRANQUILLA,14.0,MEDICINA,45.0,MEDICINA,6058.0,MEDICINA,INGLÉS,1.0,,180.0,30.0,,,,,,,,,2025
SABER PRO - 2025,PROGRAMA_ACÁDEMICO,PUNTAJE_PRUEBA,148,1,3.0,CARIBE,5.0,BOLIVAR,153.0,CARTAGENA DE INDIAS,9084.0,CORPORACION UNIVERSITARIA RAFAEL NUÑEZ,9084.0,CORPORACION UNIVERSITARIA RAFAEL NUÑEZ-CARTAGENA,14.0,MEDICINA,45.0,MEDICINA,5661.0,MEDICINA,RAZONAMIENTO CUANTITATIVO,1.0,,139.0,27.0,,,,,,,,,2025
SABER PRO - 2025,PROGRAMA_ACÁDEMICO,PUNTAJE_PRUEBA,145,1,3.0,CARIBE,5.0,BOLIVAR,153.0,CARTAGENA DE INDIAS,9084.0,CORPORACION UNIVERSITARIA RAFAEL NUÑEZ,9084.0,CORPORACION UNIVERSITARIA RAFAEL NUÑEZ-CARTAGENA,14.0,MEDICINA,45.0,MEDICINA,5661.0,MEDICINA,ATENCIÓN EN SALUD,34.0,,140.0,27.0,,,,,,,,,2025
SABER PRO - 2025,PROGRAMA_ACÁDEMICO,PUNTAJE_PRUEBA,148,1,3.0,CARIBE,5.0,BOLIVAR,153.0,CARTAGENA DE INDIAS,9084.0,CORPORACION UNIVERSITARIA RAFAEL NUÑEZ,9084.0,CORPORACION UNIVERSITARIA RAFAEL NUÑEZ-CARTAGENA,14.0,MEDICINA,45.0,MEDICINA,5661.0,MEDICINA,LECTURA CRÍTICA,1.0,,152.0,24.0,,,,,,,,,2025
SABER PRO - 2025,PROGRAMA_ACÁDEMICO,PUNTAJE_PRUEBA,145,1,3.0,CARIBE,5.0,BOLIVAR,153.0,CARTAGENA DE INDIAS,9084.0,CORPORACION UNIVERSITARIA RAFAEL NUÑEZ,9084.0,CORPORACION UNIVERSITARIA RAFAEL NUÑEZ-CARTAGENA,14.0,MEDICINA,45.0,MEDICINA,5661.0,MEDICINA,PROMOCIÓN DE LA SALUD Y PREVENCIÓN DE LA ENFERMEDAD,34.0,,144.0,27.0,,,,,,,,,2025
SABER PRO - 2025,PROGRAMA_ACÁDEMICO,PUNTAJE_PRUEBA,148,1,3.0,CARIBE,5.0,BOLIVAR,153.0,CARTAGENA DE INDIAS,9084.0,CORPORACION UNIVERSITARIA RAFAEL NUÑEZ,9084.0,CORPORACION UNIVERSITARIA RAFAEL NUÑEZ-CARTAGENA,14.0,MEDICINA,45.0,MEDICINA,5661.0,MEDICINA,INGLÉS,1.0,,152.0,30.0,,,,,,,,,2025
SABER PRO - 2025,PROGRAMA_ACÁDEMICO,PUNTAJE_PRUEBA,148,1,3.0,CARIBE,5.0,BOLIVAR,153.0,CARTAGENA DE INDIAS,9084.0,CORPORACION UNIVERSITARIA RAFAEL NUÑEZ,9084.0,CORPORACION UNIVERSITARIA RAFAEL NUÑEZ-CARTAGENA,14.0,MEDICINA,45.0,MEDICINA,5661.0,MEDICINA,COMPETENCIAS CIUDADANAS,1.0,,143.0,30.0,,,,,,,,,2025
SABER PRO - 2025,PROGRAMA_ACÁDEMICO,PUNTAJE_PRUEBA,145,1,3.0,CARIBE,5.0,BOLIVAR,153.0,CARTAGENA DE INDIAS,9084.0,CORPORACION UNIVERSITARIA RAFAEL NUÑEZ,9084.0,CORPORACION UNIVERSITARIA RAFAEL NUÑEZ-CARTAGENA,14.0,MEDICINA,45.0,MEDICINA,5661.0,MEDICINA,FUNDAMENTACIÓN EN DIAGNÓSTICO Y TRATAMIENTO MÉDICOS,34.0,,112.0,20.0,,,,,,,,,2025
SABER PRO - 2025,PROGRAMA_ACÁDEMICO,PUNTAJE_PRUEBA,148,1,3.0,CARIBE,5.0,BOLIVAR,153.0,CARTAGENA DE INDIAS,9084.0,CORPORACION UNIVERSITARIA RAFAEL NUÑEZ,9084.0,CORPORACION UNIVERSITARIA RAFAEL NUÑEZ-CARTAGENA,14.0,MEDICINA,45.0,MEDICINA,5661.0,MEDICINA,COMUNICACIÓN ESCRITA,1.0,,150.0,33.0,,,,,,,,,2025
SABER PRO - 2025,PROGRAMA_ACÁDEMICO,PUNTAJE_PRUEBA,113,1,3.0,CARIBE,5.0,BOLIVAR,153.0,CARTAGENA DE INDIAS,9086.0,UNIVERSIDAD DE CARTAGENA,9086.0,UNIVERSIDAD DE CARTAGENA-CARTAGENA,14.0,MEDICINA,45.0,MEDICINA,1440.0,MEDICINA,COMUNICACIÓN ESCRITA,1.0,,171.0,46.0,,,,,,,,,2025
SABER PRO - 2025,PROGRAMA_ACÁDEMICO,PUNTAJE_PRUEBA,64,1,3.0,CARIBE,5.0,BOLIVAR,153.0,CARTAGENA DE INDIAS,9086.0,UNIVERSIDAD DE CARTAGENA,9086.0,UNIVERSIDAD DE CARTAGENA-CARTAGENA,14.0,MEDICINA,45.0,MEDICINA,1440.0,MEDICINA,PROMOCIÓN DE LA SALUD Y PREVENCIÓN DE LA ENFERMEDAD,34.0,,178.0,26.0,,,,,,,,,2025
SABER PRO - 2025,PROGRAMA_ACÁDEMICO,PUNTAJE_PRUEBA,64,1,3.0,CARIBE,5.0,BOLIVAR,153.0,CARTAGENA DE INDIAS,9086.0,UNIVERSIDAD DE CARTAGENA,9086.0,UNIVERSIDAD DE CARTAGENA-CARTAGENA,14.0,MEDICINA,45.0,MEDICINA,1440.0,MEDICINA,FUNDAMENTACIÓN EN DIAGNÓSTICO Y TRATAMIENTO MÉDICOS,34.0,,135.0,22.0,,,,,,,,,2025
SABER PRO - 2025,PROGRAMA_ACÁDEMICO,PUNTAJE_PRUEBA,113,1,3.0,CARIBE,5.0,BOLIVAR,153.0,CARTAGENA DE INDIAS,9086.0,UNIVERSIDAD DE CARTAGENA,9086.0,UNIVERSIDAD DE CARTAGENA-CARTAGENA,14.0,MEDICINA,45.0,MEDICINA,1440.0,MEDICINA,RAZONAMIENTO CUANTITATIVO,1.0,,174.0,28.0,,,,,,,,,2025
SABER PRO - 2025,PROGRAMA_ACÁDEMICO,PUNTAJE_PRUEBA,113,1,3.0,CARIBE,5.0,BOLIVAR,153.0,CARTAGENA DE INDIAS,9086.0,UNIVERSIDAD DE CARTAGENA,9086.0,UNIVERSIDAD DE CARTAGENA-CARTAGENA,14.0,MEDICINA,45.0,MEDICINA,1440.0,MEDICINA,COMPETENCIAS CIUDADANAS,1.0,,177.0,35.0,,,,,,,,,2025
SABER PRO - 2025,PROGRAMA_ACÁDEMICO,PUNTAJE_PRUEBA,113,1,3.0,CARIBE,5.0,BOLIVAR,153.0,CARTAGENA DE INDIAS,9086.0,UNIVERSIDAD DE CARTAGENA,9086.0,UNIVERSIDAD DE CARTAGENA-CARTAGENA,14.0,MEDICINA,45.0,MEDICINA,1440.0,MEDICINA,INGLÉS,1.0,,183.0,35.0,,,,,,,,,2025
SABER PRO - 2025,PROGRAMA_ACÁDEMICO,PUNTAJE_PRUEBA,113,1,3.0,CARIBE,5.0,BOLIVAR,153.0,CARTAGENA DE INDIAS,9086.0,UNIVERSIDAD DE CARTAGENA,9086.0,UNIVERSIDAD DE CARTAGENA-CARTAGENA,14.0,MEDICINA,45.0,MEDICINA,1440.0,MEDICINA,LECTURA CRÍTICA,1.0,,185.0,26.0,,,,,,,,,2025
SABER PRO - 2025,PROGRAMA_ACÁDEMICO,PUNTAJE_PRUEBA,64,1,3.0,CARIBE,5.0,BOLIVAR,153.0,CARTAGENA DE INDIAS,9086.0,UNIVERSIDAD DE CARTAGENA,9086.0,UNIVERSIDAD DE CARTAGENA-CARTAGENA,14.0,MEDICINA,45.0,MEDICINA,1440.0,MEDICINA,ATENCIÓN EN SALUD,34.0,,181.0,31.0,,,,,,,,,2025
SABER PRO - 2025,PROGRAMA_ACÁDEMICO,PUNTAJE_PRUEBA,150,1,3.0,CARIBE,5.0,BOLIVAR,153.0,CARTAGENA DE INDIAS,9117.0,UNIVERSIDAD DEL SINÚ ELIAS BECHARA ZAINUM - UNISINÚ-,9090.0,UNIVERSIDAD DEL SINÚ 'Elías Bechara Zainúm' - UNISINÚ-CARTAGENA,14.0,MEDICINA,45.0,MEDICINA,306.0,MEDICINA,COMUNICACIÓN ESCRITA,1.0,,145.0,34.0,,,,,,,,,2025
SABER PRO - 2025,PROGRAMA_ACÁDEMICO,PUNTAJE_PRUEBA,47,1,3.0,CARIBE,5.0,BOLIVAR,153.0,CARTAGENA DE INDIAS,9117.0,UNIVERSIDAD DEL SINÚ ELIAS BECHARA ZAINUM - UNISINÚ-,9090.0,UNIVERSIDAD DEL SINÚ 'Elías Bechara Zainúm' - UNISINÚ-CARTAGENA,14.0,MEDICINA,45.0,MEDICINA,306.0,MEDICINA,FUNDAMENTACIÓN EN DIAGNÓSTICO Y TRATAMIENTO MÉDICOS,34.0,,109.0,17.0,,,,,,,,,2025
SABER PRO - 2025,PROGRAMA_ACÁDEMICO,PUNTAJE_PRUEBA,150,1,3.0,CARIBE,5.0,BOLIVAR,153.0,CARTAGENA DE INDIAS,9117.0,UNIVERSIDAD DEL SINÚ ELIAS BECHARA ZAINUM - UNISINÚ-,9090.0,UNIVERSIDAD DEL SINÚ 'Elías Bechara Zainúm' - UNISINÚ-CARTAGENA,14.0,MEDICINA,45.0,MEDICINA,306.0,MEDICINA,INGLÉS,1.0,,159.0,28.0,,,,,,,,,2025
SABER PRO - 2025,PROGRAMA_ACÁDEMICO,PUNTAJE_PRUEBA,47,1,3.0,CARIBE,5.0,BOLIVAR,153.0,CARTAGENA DE INDIAS,9117.0,UNIVERSIDAD DEL SINÚ ELIAS BECHARA ZAINUM - UNISINÚ-,9090.0,UNIVERSIDAD DEL SINÚ 'Elías Bechara Zainúm' - UNISINÚ-CARTAGENA,14.0,MEDICINA,45.0,MEDICINA,306.0,MEDICINA,PROMOCIÓN DE LA SALUD Y PREVENCIÓN DE LA ENFERMEDAD,34.0,,133.0,26.0,,,,,,,,,2025
SABER PRO - 2025,PROGRAMA_ACÁDEMICO,PUNTAJE_PRUEBA,150,1,3.0,CARIBE,5.0,BOLIVAR,153.0,CARTAGENA DE INDIAS,9117.0,UNIVERSIDAD DEL SINÚ ELIAS BECHARA ZAINUM - UNISINÚ-,9090.0,UNIVERSIDAD DEL SINÚ 'Elías Bechara Zainúm' - UNISINÚ-CARTAGENA,14.0,MEDICINA,45.0,MEDICINA,306.0,MEDICINA,COMPETENCIAS CIUDADANAS,1.0,,144.0,31.0,,,,,,,,,2025
SABER PRO - 2025,PROGRAMA_ACÁDEMICO,PUNTAJE_PRUEBA,47,1,3.0,CARIBE,5.0,BOLIVAR,153.0,CARTAGENA DE INDIAS,9117.0,UNIVERSIDAD DEL SINÚ ELIAS BECHARA ZAINUM - UNISINÚ-,9090.0,UNIVERSIDAD DEL SINÚ 'Elías Bechara Zainúm' - UNISINÚ-CARTAGENA,14.0,MEDICINA,45.0,MEDICINA,306.0,MEDICINA,ATENCIÓN EN SALUD,34.0,,129.0,20.0,,,,,,,,,2025
SABER PRO - 2025,PROGRAMA_ACÁDEMICO,PUNTAJE_PRUEBA,150,1,3.0,CARIBE,5.0,BOLIVAR,153.0,CARTAGENA DE INDIAS,9117.0,UNIVERSIDAD DEL SINÚ ELIAS BECHARA ZAINUM - UNISINÚ-,9090.0,UNIVERSIDAD DEL SINÚ 'Elías Bechara Zainúm' - UNISINÚ-CARTAGENA,14.0,MEDICINA,45.0,MEDICINA,306.0,MEDICINA,RAZONAMIENTO CUANTITATIVO,1.0,,138.0,27.0,,,,,,,,,2025
SABER PRO - 2025,PROGRAMA_ACÁDEMICO,PUNTAJE_PRUEBA,150,1,3.0,CARIBE,5.0,BOLIVAR,153.0,CARTAGENA DE INDIAS,9117.0,UNIVERSIDAD DEL SINÚ ELIAS BECHARA ZAINUM - UNISINÚ-,9090.0,UNIVERSIDAD DEL SINÚ 'Elías Bechara Zainúm' - UNISINÚ-CARTAGENA,14.0,MEDICINA,45.0,MEDICINA,306.0,MEDICINA,LECTURA CRÍTICA,1.0,,153.0,25.0,,,,,,,,,2025
SABER PRO - 2025,PROGRAMA_ACÁDEMICO,PUNTAJE_PRUEBA,337,1,3.0,CARIBE,11.0,CORDOBA,432.0,MONTERÍA,9117.0,UNIVERSIDAD DEL SINÚ ELIAS BECHARA ZAINUM - UNISINÚ-,9117.0,UNIVERSIDAD DEL SINÚ 'Elías Bechara Zainúm' - UNISINÚ-MONTERIA,14.0,MEDICINA,45.0,MEDICINA,4989.0,MEDICINA,LECTURA CRÍTICA,1.0,,158.0,23.0,,,,,,,,,2025
SABER PRO - 2025,PROGRAMA_ACÁDEMICO,PUNTAJE_PRUEBA,337,1,3.0,CARIBE,11.0,CORDOBA,432.0,MONTERÍA,9117.0,UNIVERSIDAD DEL SINÚ ELIAS BECHARA ZAINUM - UNISINÚ-,9117.0,UNIVERSIDAD DEL SINÚ 'Elías Bechara Zainúm' - UNISINÚ-MONTERIA,14.0,MEDICINA,45.0,MEDICINA,4989.0,MEDICINA,COMUNICACIÓN ESCRITA,1.0,,152.0,31.0,,,,,,,,,2025
SABER PRO - 2025,PROGRAMA_ACÁDEMICO,PUNTAJE_PRUEBA,337,1,3.0,CARIBE,11.0,CORDOBA,432.0,MONTERÍA,9117.0,UNIVERSIDAD DEL SINÚ ELIAS BECHARA ZAINUM - UNISINÚ-,9117.0,UNIVERSIDAD DEL SINÚ 'Elías Bechara Zainúm' - UNISINÚ-MONTERIA,14.0,MEDICINA,45.0,MEDICINA,4989.0,MEDICINA,COMPETENCIAS CIUDADANAS,1.0,,147.0,29.0,,,,,,,,,2025
SABER PRO - 2025,PROGRAMA_ACÁDEMICO,PUNTAJE_PRUEBA,337,1,3.0,CARIBE,11.0,CORDOBA,432.0,MONTERÍA,9117.0,UNIVERSIDAD DEL SINÚ ELIAS BECHARA ZAINUM - UNISINÚ-,9117.0,UNIVERSIDAD DEL SINÚ 'Elías Bechara Zainúm' - UNISINÚ-MONTERIA,14.0,MEDICINA,45.0,MEDICINA,4989.0,MEDICINA,INGLÉS,1.0,,156.0,29.0,,,,,,,,,2025
SABER PRO - 2025,PROGRAMA_ACÁDEMICO,PUNTAJE_PRUEBA,337,1,3.0,CARIBE,11.0,CORDOBA,432.0,MONTERÍA,9117.0,UNIVERSIDAD DEL SINÚ ELIAS BECHARA ZAINUM - UNISINÚ-,9117.0,UNIVERSIDAD DEL SINÚ 'Elías Bechara Zainúm' - UNISINÚ-MONTERIA,14.0,MEDICINA,45.0,MEDICINA,4989.0,MEDICINA,RAZONAMIENTO CUANTITATIVO,1.0,,143.0,26.0,,,,,,,,,2025
SABER PRO - 2025,PROGRAMA_ACÁDEMICO,PUNTAJE_PRUEBA,122,1,3.0,CARIBE,16.0,MAGDALENA,661.0,SANTA MARTA,9065.0,UNIVERSIDAD COOPERATIVA DE COLOMBIA,9137.0,UNIVERSIDAD COOPERATIVA DE COLOMBIA-SANTA MARTA,14.0,MEDICINA,45.0,MEDICINA,571.0,MEDICINA,RAZONAMIENTO CUANTITATIVO,1.0,,145.0,25.0,,,,,,,,,2025
SABER PRO - 2025,PROGRAMA_ACÁDEMICO,PUNTAJE_PRUEBA,116,1,3.0,CARIBE,16.0,MAGDALENA,661.0,SANTA MARTA,9065.0,UNIVERSIDAD COOPERATIVA DE COLOMBIA,9137.0,UNIVERSIDAD COOPERATIVA DE COLOMBIA-SANTA MARTA,14.0,MEDICINA,45.0,MEDICINA,4281.0,MEDICINA,COMPETENCIAS CIUDADANAS,1.0,,152.0,23.0,,,,,,,,,2025
SABER PRO - 2025,PROGRAMA_ACÁDEMICO,PUNTAJE_PRUEBA,122,1,3.0,CARIBE,16.0,MAGDALENA,661.0,SANTA MARTA,9065.0,UNIVERSIDAD COOPERATIVA DE COLOMBIA,9137.0,UNIVERSIDAD COOPERATIVA DE COLOMBIA-SANTA MARTA,14.0,MEDICINA,45.0,MEDICINA,571.0,MEDICINA,COMPETENCIAS CIUDADANAS,1.0,,149.0,27.0,,,,,,,,,2025
SABER PRO - 2025,PROGRAMA_ACÁDEMICO,PUNTAJE_PRUEBA,116,1,3.0,CARIBE,16.0,MAGDALENA,661.0,SANTA MARTA,9065.0,UNIVERSIDAD COOPERATIVA DE COLOMBIA,9137.0,UNIVERSIDAD COOPERATIVA DE COLOMBIA-SANTA MARTA,14.0,MEDICINA,45.0,MEDICINA,4281.0,MEDICINA,FUNDAMENTACIÓN EN DIAGNÓSTICO Y TRATAMIENTO MÉDICOS,34.0,,123.0,19.0,,,,,,,,,2025
SABER PRO - 2025,PROGRAMA_ACÁDEMICO,PUNTAJE_PRUEBA,122,1,3.0,CARIBE,16.0,MAGDALENA,661.0,SANTA MARTA,9065.0,UNIVERSIDAD COOPERATIVA DE COLOMBIA,9137.0,UNIVERSIDAD COOPERATIVA DE COLOMBIA-SANTA MARTA,14.0,MEDICINA,45.0,MEDICINA,571.0,MEDICINA,INGLÉS,1.0,,161.0,25.0,,,,,,,,,2025
SABER PRO - 2025,PROGRAMA_ACÁDEMICO,PUNTAJE_PRUEBA,116,1,3.0,CARIBE,16.0,MAGDALENA,661.0,SANTA MARTA,9065.0,UNIVERSIDAD COOPERATIVA DE COLOMBIA,9137.0,UNIVERSIDAD COOPERATIVA DE COLOMBIA-SANTA MARTA,14.0,MEDICINA,45.0,MEDICINA,4281.0,MEDICINA,ATENCIÓN EN SALUD,34.0,,150.0,27.0,,,,,,,,,2025
SABER PRO - 2025,PROGRAMA_ACÁDEMICO,PUNTAJE_PRUEBA,116,1,3.0,CARIBE,16.0,MAGDALENA,661.0,SANTA MARTA,9065.0,UNIVERSIDAD COOPERATIVA DE COLOMBIA,9137.0,UNIVERSIDAD COOPERATIVA DE COLOMBIA-SANTA MARTA,14.0,MEDICINA,45.0,MEDICINA,4281.0,MEDICINA,PROMOCIÓN DE LA SALUD Y PREVENCIÓN DE LA ENFERMEDAD,34.0,,157.0,25.0,,,,,,,,,2025
SABER PRO - 2025,PROGRAMA_ACÁDEMICO,PUNTAJE_PRUEBA,54,1,3.0,CARIBE,16.0,MAGDALENA,661.0,SANTA MARTA,9065.0,UNIVERSIDAD COOPERATIVA DE COLOMBIA,9137.0,UNIVERSIDAD COOPERATIVA DE COLOMBIA-SANTA MARTA,14.0,MEDICINA,45.0,MEDICINA,6517.0,MEDICINA,FUNDAMENTACIÓN EN DIAGNÓSTICO Y TRATAMIENTO MÉDICOS,34.0,,130.0,25.0,,,,,,,,,2025
SABER PRO - 2025,PROGRAMA_ACÁDEMICO,PUNTAJE_PRUEBA,116,1,3.0,CARIBE,16.0,MAGDALENA,661.0,SANTA MARTA,9065.0,UNIVERSIDAD COOPERATIVA DE COLOMBIA,9137.0,UNIVERSIDAD COOPERATIVA DE COLOMBIA-SANTA MARTA,14.0,MEDICINA,45.0,MEDICINA,4281.0,MEDICINA,COMUNICACIÓN ESCRITA,1.0,,148.0,33.0,,,,,,,,,2025
SABER PRO - 2025,PROGRAMA_ACÁDEMICO,PUNTAJE_PRUEBA,118,1,3.0,CARIBE,16.0,MAGDALENA,661.0,SANTA MARTA,9065.0,UNIVERSIDAD COOPERATIVA DE COLOMBIA,9137.0,UNIVERSIDAD COOPERATIVA DE COLOMBIA-SANTA MARTA,14.0,MEDICINA,45.0,MEDICINA,571.0,MEDICINA,ATENCIÓN EN SALUD,34.0,,146.0,27.0,,,,,,,,,2025
SABER PRO - 2025,PROGRAMA_ACÁDEMICO,PUNTAJE_PRUEBA,107,1,3.0,CARIBE,16.0,MAGDALENA,661.0,SANTA MARTA,9065.0,UNIVERSIDAD COOPERATIVA DE COLOMBIA,9137.0,UNIVERSIDAD COOPERATIVA DE COLOMBIA-SANTA MARTA,14.0,MEDICINA,45.0,MEDICINA,6517.0,MEDICINA,COMPETENCIAS CIUDADANAS,1.0,,155.0,28.0,,,,,,,,,2025
SABER PRO - 2025,PROGRAMA_ACÁDEMICO,PUNTAJE_PRUEBA,118,1,3.0,CARIBE,16.0,MAGDALENA,661.0,SANTA MARTA,9065.0,UNIVERSIDAD COOPERATIVA DE COLOMBIA,9137.0,UNIVERSIDAD COOPERATIVA DE COLOMBIA-SANTA MARTA,14.0,MEDICINA,45.0,MEDICINA,571.0,MEDICINA,FUNDAMENTACIÓN EN DIAGNÓSTICO Y TRATAMIENTO MÉDICOS,34.0,,122.0,22.0,,,,,,,,,2025
SABER PRO - 2025,PROGRAMA_ACÁDEMICO,PUNTAJE_PRUEBA,54,1,3.0,CARIBE,16.0,MAGDALENA,661.0,SANTA MARTA,9065.0,UNIVERSIDAD COOPERATIVA DE COLOMBIA,9137.0,UNIVERSIDAD COOPERATIVA DE COLOMBIA-SANTA MARTA,14.0,MEDICINA,45.0,MEDICINA,6517.0,MEDICINA,PROMOCIÓN DE LA SALUD Y PREVENCIÓN DE LA ENFERMEDAD,34.0,,159.0,30.0,,,,,,,,,2025
SABER PRO - 2025,PROGRAMA_ACÁDEMICO,PUNTAJE_PRUEBA,107,1,3.0,CARIBE,16.0,MAGDALENA,661.0,SANTA MARTA,9065.0,UNIVERSIDAD COOPERATIVA DE COLOMBIA,9137.0,UNIVERSIDAD COOPERATIVA DE COLOMBIA-SANTA MARTA,14.0,MEDICINA,45.0,MEDICINA,6517.0,MEDICINA,COMUNICACIÓN ESCRITA,1.0,,155.0,32.0,,,,,,,,,2025
SABER PRO - 2025,PROGRAMA_ACÁDEMICO,PUNTAJE_PRUEBA,54,1,3.0,CARIBE,16.0,MAGDALENA,661.0,SANTA MARTA,9065.0,UNIVERSIDAD COOPERATIVA DE COLOMBIA,9137.0,UNIVERSIDAD COOPERATIVA DE COLOMBIA-SANTA MARTA,14.0,MEDICINA,45.0,MEDICINA,6517.0,MEDICINA,ATENCIÓN EN SALUD,34.0,,151.0,29.0,,,,,,,,,2025
SABER PRO - 2025,PROGRAMA_ACÁDEMICO,PUNTAJE_PRUEBA,122,1,3.0,CARIBE,16.0,MAGDALENA,661.0,SANTA MARTA,9065.0,UNIVERSIDAD COOPERATIVA DE COLOMBIA,9137.0,UNIVERSIDAD COOPERATIVA DE COLOMBIA-SANTA MARTA,14.0,MEDICINA,45.0,MEDICINA,571.0,MEDICINA,LECTURA CRÍTICA,1.0,,156.0,25.0,,,,,,,,,2025
SABER PRO - 2025,PROGRAMA_ACÁDEMICO,PUNTAJE_PRUEBA,107,1,3.0,CARIBE,16.0,MAGDALENA,661.0,SANTA MARTA,9065.0,UNIVERSIDAD COOPERATIVA DE COLOMBIA,9137.0,UNIVERSIDAD COOPERATIVA DE COLOMBIA-SANTA MARTA,14.0,MEDICINA,45.0,MEDICINA,6517.0,MEDICINA,INGLÉS,1.0,,161.0,26.0,,,,,,,,,2025
SABER PRO - 2025,PROGRAMA_ACÁDEMICO,PUNTAJE_PRUEBA,116,1,3.0,CARIBE,16.0,MAGDALENA,661.0,SANTA MARTA,9065.0,UNIVERSIDAD COOPERATIVA DE COLOMBIA,9137.0,UNIVERSIDAD COOPERATIVA DE COLOMBIA-SANTA MARTA,14.0,MEDICINA,45.0,MEDICINA,4281.0,MEDICINA,LECTURA CRÍTICA,1.0,,161.0,21.0,,,,,,,,,2025
SABER PRO - 2025,PROGRAMA_ACÁDEMICO,PUNTAJE_PRUEBA,122,1,3.0,CARIBE,16.0,MAGDALENA,661.0,SANTA MARTA,9065.0,UNIVERSIDAD COOPERATIVA DE COLOMBIA,9137.0,UNIVERSIDAD COOPERATIVA DE COLOMBIA-SANTA MARTA,14.0,MEDICINA,45.0,MEDICINA,571.0,MEDICINA,COMUNICACIÓN ESCRITA,1.0,,147.0,28.0,,,,,,,,,2025
SABER PRO - 2025,PROGRAMA_ACÁDEMICO,PUNTAJE_PRUEBA,116,1,3.0,CARIBE,16.0,MAGDALENA,661.0,SANTA MARTA,9065.0,UNIVERSIDAD COOPERATIVA DE COLOMBIA,9137.0,UNIVERSIDAD COOPERATIVA DE COLOMBIA-SANTA MARTA,14.0,MEDICINA,45.0,MEDICINA,4281.0,MEDICINA,RAZONAMIENTO CUANTITATIVO,1.0,,148.0,20.0,,,,,,,,,2025
SABER PRO - 2025,PROGRAMA_ACÁDEMICO,PUNTAJE_PRUEBA,118,1,3.0,CARIBE,16.0,MAGDALENA,661.0,SANTA MARTA,9065.0,UNIVERSIDAD COOPERATIVA DE COLOMBIA,9137.0,UNIVERSIDAD COOPERATIVA DE COLOMBIA-SANTA MARTA,14.0,MEDICINA,45.0,MEDICINA,571.0,MEDICINA,PROMOCIÓN DE LA SALUD Y PREVENCIÓN DE LA ENFERMEDAD,34.0,,152.0,30.0,,,,,,,,,2025
SABER PRO - 2025,PROGRAMA_ACÁDEMICO,PUNTAJE_PRUEBA,107,1,3.0,CARIBE,16.0,MAGDALENA,661.0,SANTA MARTA,9065.0,UNIVERSIDAD COOPERATIVA DE COLOMBIA,9137.0,UNIVERSIDAD COOPERATIVA DE COLOMBIA-SANTA MARTA,14.0,MEDICINA,45.0,MEDICINA,6517.0,MEDICINA,LECTURA CRÍTICA,1.0,,160.0,23.0,,,,,,,,,2025
SABER PRO - 2025,PROGRAMA_ACÁDEMICO,PUNTAJE_PRUEBA,116,1,3.0,CARIBE,16.0,MAGDALENA,661.0,SANTA MARTA,9065.0,UNIVERSIDAD COOPERATIVA DE COLOMBIA,9137.0,UNIVERSIDAD COOPERATIVA DE COLOMBIA-SANTA MARTA,14.0,MEDICINA,45.0,MEDICINA,4281.0,MEDICINA,INGLÉS,1.0,,160.0,24.0,,,,,,,,,2025
SABER PRO - 2025,PROGRAMA_ACÁDEMICO,PUNTAJE_PRUEBA,107,1,3.0,CARIBE,16.0,MAGDALENA,661.0,SANTA MARTA,9065.0,UNIVERSIDAD COOPERATIVA DE COLOMBIA,9137.0,UNIVERSIDAD COOPERATIVA DE COLOMBIA-SANTA MARTA,14.0,MEDICINA,45.0,MEDICINA,6517.0,MEDICINA,RAZONAMIENTO CUANTITATIVO,1.0,,155.0,25.0,,,,,,,,,2025
SABER PRO - 2025,PROGRAMA_ACÁDEMICO,PUNTAJE_PRUEBA,74,1,3.0,CARIBE,16.0,MAGDALENA,661.0,SANTA MARTA,9139.0,UNIVERSIDAD DEL MAGDALENA,9139.0,UNIVERSIDAD DEL MAGDALENA - UNIMAGDALENA-SANTA MARTA,14.0,MEDICINA,45.0,MEDICINA,3150.0,MEDICINA,COMPETENCIAS CIUDADANAS,1.0,,177.0,29.0,,,,,,,,,2025
SABER PRO - 2025,PROGRAMA_ACÁDEMICO,PUNTAJE_PRUEBA,74,1,3.0,CARIBE,16.0,MAGDALENA,661.0,SANTA MARTA,9139.0,UNIVERSIDAD DEL MAGDALENA,9139.0,UNIVERSIDAD DEL MAGDALENA - UNIMAGDALENA-SANTA MARTA,14.0,MEDICINA,45.0,MEDICINA,3150.0,MEDICINA,ATENCIÓN EN SALUD,34.0,,176.0,30.0,,,,,,,,,2025
SABER PRO - 2025,PROGRAMA_ACÁDEMICO,PUNTAJE_PRUEBA,74,1,3.0,CARIBE,16.0,MAGDALENA,661.0,SANTA MARTA,9139.0,UNIVERSIDAD DEL MAGDALENA,9139.0,UNIVERSIDAD DEL MAGDALENA - UNIMAGDALENA-SANTA MARTA,14.0,MEDICINA,45.0,MEDICINA,3150.0,MEDICINA,COMUNICACIÓN ESCRITA,1.0,,164.0,26.0,,,,,,,,,2025
SABER PRO - 2025,PROGRAMA_ACÁDEMICO,PUNTAJE_PRUEBA,74,1,3.0,CARIBE,16.0,MAGDALENA,661.0,SANTA MARTA,9139.0,UNIVERSIDAD DEL MAGDALENA,9139.0,UNIVERSIDAD DEL MAGDALENA - UNIMAGDALENA-SANTA MARTA,14.0,MEDICINA,45.0,MEDICINA,3150.0,MEDICINA,INGLÉS,1.0,,181.0,34.0,,,,,,,,,2025
SABER PRO - 2025,PROGRAMA_ACÁDEMICO,PUNTAJE_PRUEBA,74,1,3.0,CARIBE,16.0,MAGDALENA,661.0,SANTA MARTA,9139.0,UNIVERSIDAD DEL MAGDALENA,9139.0,UNIVERSIDAD DEL MAGDALENA - UNIMAGDALENA-SANTA MARTA,14.0,MEDICINA,45.0,MEDICINA,3150.0,MEDICINA,PROMOCIÓN DE LA SALUD Y PREVENCIÓN DE LA ENFERMEDAD,34.0,,179.0,29.0,,,,,,,,,2025
SABER PRO - 2025,PROGRAMA_ACÁDEMICO,PUNTAJE_PRUEBA,74,1,3.0,CARIBE,16.0,MAGDALENA,661.0,SANTA MARTA,9139.0,UNIVERSIDAD DEL MAGDALENA,9139.0,UNIVERSIDAD DEL MAGDALENA - UNIMAGDALENA-SANTA MARTA,14.0,MEDICINA,45.0,MEDICINA,3150.0,MEDICINA,RAZONAMIENTO CUANTITATIVO,1.0,,168.0,26.0,,,,,,,,,2025
SABER PRO - 2025,PROGRAMA_ACÁDEMICO,PUNTAJE_PRUEBA,74,1,3.0,CARIBE,16.0,MAGDALENA,661.0,SANTA MARTA,9139.0,UNIVERSIDAD DEL MAGDALENA,9139.0,UNIVERSIDAD DEL MAGDALENA - UNIMAGDALENA-SANTA MARTA,14.0,MEDICINA,45.0,MEDICINA,3150.0,MEDICINA,FUNDAMENTACIÓN EN DIAGNÓSTICO Y TRATAMIENTO MÉDICOS,34.0,,141.0,27.0,,,,,,,,,2025
SABER PRO - 2025,PROGRAMA_ACÁDEMICO,PUNTAJE_PRUEBA,74,1,3.0,CARIBE,16.0,MAGDALENA,661.0,SANTA MARTA,9139.0,UNIVERSIDAD DEL MAGDALENA,9139.0,UNIVERSIDAD DEL MAGDALENA - UNIMAGDALENA-SANTA MARTA,14.0,MEDICINA,45.0,MEDICINA,3150.0,MEDICINA,LECTURA CRÍTICA,1.0,,178.0,24.0,,,,,,,,,2025
SABER PRO - 2025,PROGRAMA_ACÁDEMICO,PUNTAJE_PRUEBA,35,1,3.0,CARIBE,23.0,SUCRE,937.0,SINCELEJO,9188.0,UNIVERSIDAD DE SUCRE,9188.0,UNIVERSIDAD DE SUCRE-SINCELEJO,14.0,MEDICINA,45.0,MEDICINA,7099.0,MEDICINA,PROMOCIÓN DE LA SALUD Y PREVENCIÓN DE LA ENFERMEDAD,34.0,,177.0,19.0,,,,,,,,,2025
SABER PRO - 2025,PROGRAMA_ACÁDEMICO,PUNTAJE_PRUEBA,35,1,3.0,CARIBE,23.0,SUCRE,937.0,SINCELEJO,9188.0,UNIVERSIDAD DE SUCRE,9188.0,UNIVERSIDAD DE SUCRE-SINCELEJO,14.0,MEDICINA,45.0,MEDICINA,7099.0,MEDICINA,RAZONAMIENTO CUANTITATIVO,1.0,,175.0,20.0,,,,,,,,,2025
SABER PRO - 2025,PROGRAMA_ACÁDEMICO,PUNTAJE_PRUEBA,35,1,3.0,CARIBE,23.0,SUCRE,937.0,SINCELEJO,9188.0,UNIVERSIDAD DE SUCRE,9188.0,UNIVERSIDAD DE SUCRE-SINCELEJO,14.0,MEDICINA,45.0,MEDICINA,7099.0,MEDICINA,COMPETENCIAS CIUDADANAS,1.0,,170.0,28.0,,,,,,,,,2025
SABER PRO - 2025,PROGRAMA_ACÁDEMICO,PUNTAJE_PRUEBA,35,1,3.0,CARIBE,23.0,SUCRE,937.0,SINCELEJO,9188.0,UNIVERSIDAD DE SUCRE,9188.0,UNIVERSIDAD DE SUCRE-SINCELEJO,14.0,MEDICINA,45.0,MEDICINA,7099.0,MEDICINA,INGLÉS,1.0,,172.0,36.0,,,,,,,,,2025
SABER PRO - 2025,PROGRAMA_ACÁDEMICO,PUNTAJE_PRUEBA,35,1,3.0,CARIBE,23.0,SUCRE,937.0,SINCELEJO,9188.0,UNIVERSIDAD DE SUCRE,9188.0,UNIVERSIDAD DE SUCRE-SINCELEJO,14.0,MEDICINA,45.0,MEDICINA,7099.0,MEDICINA,LECTURA CRÍTICA,1.0,,181.0,17.0,,,,,,,,,2025
SABER PRO - 2025,PROGRAMA_ACÁDEMICO,PUNTAJE_PRUEBA,35,1,3.0,CARIBE,23.0,SUCRE,937.0,SINCELEJO,9188.0,UNIVERSIDAD DE SUCRE,9188.0,UNIVERSIDAD DE SUCRE-SINCELEJO,14.0,MEDICINA,45.0,MEDICINA,7099.0,MEDICINA,ATENCIÓN EN SALUD,34.0,,178.0,21.0,,,,,,,,,2025
SABER PRO - 2025,PROGRAMA_ACÁDEMICO,PUNTAJE_PRUEBA,35,1,3.0,CARIBE,23.0,SUCRE,937.0,SINCELEJO,9188.0,UNIVERSIDAD DE SUCRE,9188.0,UNIVERSIDAD DE SUCRE-SINCELEJO,14.0,MEDICINA,45.0,MEDICINA,7099.0,MEDICINA,FUNDAMENTACIÓN EN DIAGNÓSTICO Y TRATAMIENTO MÉDICOS,34.0,,142.0,18.0,,,,,,,,,2025
SABER PRO - 2025,PROGRAMA_ACÁDEMICO,PUNTAJE_PRUEBA,35,1,3.0,CARIBE,23.0,SUCRE,937.0,SINCELEJO,9188.0,UNIVERSIDAD DE SUCRE,9188.0,UNIVERSIDAD DE SUCRE-SINCELEJO,14.0,MEDICINA,45.0,MEDICINA,7099.0,MEDICINA,COMUNICACIÓN ESCRITA,1.0,,164.0,33.0,,,,,,,,,2025
SABER PRO - 2025,PROGRAMA_ACÁDEMICO,PUNTAJE_PRUEBA,61,1,6.0,PACÍFICA,9.0,CAUCA,365.0,POPAYÁN,9106.0,UNIVERSIDAD DEL CAUCA,9106.0,UNIVERSIDAD DEL CAUCA-POPAYAN,14.0,MEDICINA,45.0,MEDICINA,6655.0,MEDICINA,RAZONAMIENTO CUANTITATIVO,1.0,,181.0,26.0,,,,,,,,,2025
SABER PRO - 2025,PROGRAMA_ACÁDEMICO,PUNTAJE_PRUEBA,61,1,6.0,PACÍFICA,9.0,CAUCA,365.0,POPAYÁN,9106.0,UNIVERSIDAD DEL CAUCA,9106.0,UNIVERSIDAD DEL CAUCA-POPAYAN,14.0,MEDICINA,45.0,MEDICINA,6655.0,MEDICINA,INGLÉS,1.0,,178.0,32.0,,,,,,,,,2025
SABER PRO - 2025,PROGRAMA_ACÁDEMICO,PUNTAJE_PRUEBA,61,1,6.0,PACÍFICA,9.0,CAUCA,365.0,POPAYÁN,9106.0,UNIVERSIDAD DEL CAUCA,9106.0,UNIVERSIDAD DEL CAUCA-POPAYAN,14.0,MEDICINA,45.0,MEDICINA,6655.0,MEDICINA,COMPETENCIAS CIUDADANAS,1.0,,178.0,27.0,,,,,,,,,2025
SABER PRO - 2025,PROGRAMA_ACÁDEMICO,PUNTAJE_PRUEBA,61,1,6.0,PACÍFICA,9.0,CAUCA,365.0,POPAYÁN,9106.0,UNIVERSIDAD DEL CAUCA,9106.0,UNIVERSIDAD DEL CAUCA-POPAYAN,14.0,MEDICINA,45.0,MEDICINA,6655.0,MEDICINA,COMUNICACIÓN ESCRITA,1.0,,164.0,30.0,,,,,,,,,2025
SABER PRO - 2025,PROGRAMA_ACÁDEMICO,PUNTAJE_PRUEBA,61,1,6.0,PACÍFICA,9.0,CAUCA,365.0,POPAYÁN,9106.0,UNIVERSIDAD DEL CAUCA,9106.0,UNIVERSIDAD DEL CAUCA-POPAYAN,14.0,MEDICINA,45.0,MEDICINA,6655.0,MEDICINA,LECTURA CRÍTICA,1.0,,179.0,22.0,,,,,,,,,2025
SABER PRO - 2025,PROGRAMA_ACÁDEMICO,PUNTAJE_PRUEBA,33,1,6.0,PACÍFICA,18.0,NARIÑO,720.0,PASTO,9146.0,UNIVERSIDAD DE NARIÑO,9146.0,UNIVERSIDAD DE NARIÑO-PASTO,14.0,MEDICINA,45.0,MEDICINA,1513.0,MEDICINA,ATENCIÓN EN SALUD,34.0,,159.0,34.0,,,,,,,,,2025
SABER PRO - 2025,PROGRAMA_ACÁDEMICO,PUNTAJE_PRUEBA,33,1,6.0,PACÍFICA,18.0,NARIÑO,720.0,PASTO,9146.0,UNIVERSIDAD DE NARIÑO,9146.0,UNIVERSIDAD DE NARIÑO-PASTO,14.0,MEDICINA,45.0,MEDICINA,1513.0,MEDICINA,FUNDAMENTACIÓN EN DIAGNÓSTICO Y TRATAMIENTO MÉDICOS,34.0,,135.0,23.0,,,,,,,,,2025
SABER PRO - 2025,PROGRAMA_ACÁDEMICO,PUNTAJE_PRUEBA,33,1,6.0,PACÍFICA,18.0,NARIÑO,720.0,PASTO,9146.0,UNIVERSIDAD DE NARIÑO,9146.0,UNIVERSIDAD DE NARIÑO-PASTO,14.0,MEDICINA,45.0,MEDICINA,1513.0,MEDICINA,RAZONAMIENTO CUANTITATIVO,1.0,,154.0,32.0,,,,,,,,,2025
SABER PRO - 2025,PROGRAMA_ACÁDEMICO,PUNTAJE_PRUEBA,33,1,6.0,PACÍFICA,18.0,NARIÑO,720.0,PASTO,9146.0,UNIVERSIDAD DE NARIÑO,9146.0,UNIVERSIDAD DE NARIÑO-PASTO,14.0,MEDICINA,45.0,MEDICINA,1513.0,MEDICINA,COMUNICACIÓN ESCRITA,1.0,,163.0,43.0,,,,,,,,,2025
SABER PRO - 2025,PROGRAMA_ACÁDEMICO,PUNTAJE_PRUEBA,33,1,6.0,PACÍFICA,18.0,NARIÑO,720.0,PASTO,9146.0,UNIVERSIDAD DE NARIÑO,9146.0,UNIVERSIDAD DE NARIÑO-PASTO,14.0,MEDICINA,45.0,MEDICINA,1513.0,MEDICINA,COMPETENCIAS CIUDADANAS,1.0,,159.0,28.0,,,,,,,,,2025
SABER PRO - 2025,PROGRAMA_ACÁDEMICO,PUNTAJE_PRUEBA,33,1,6.0,PACÍFICA,18.0,NARIÑO,720.0,PASTO,9146.0,UNIVERSIDAD DE NARIÑO,9146.0,UNIVERSIDAD DE NARIÑO-PASTO,14.0,MEDICINA,45.0,MEDICINA,1513.0,MEDICINA,PROMOCIÓN DE LA SALUD Y PREVENCIÓN DE LA ENFERMEDAD,34.0,,162.0,34.0,,,,,,,,,2025
SABER PRO - 2025,PROGRAMA_ACÁDEMICO,PUNTAJE_PRUEBA,33,1,6.0,PACÍFICA,18.0,NARIÑO,720.0,PASTO,9146.0,UNIVERSIDAD DE NARIÑO,9146.0,UNIVERSIDAD DE NARIÑO-PASTO,14.0,MEDICINA,45.0,MEDICINA,1513.0,MEDICINA,INGLÉS,1.0,,159.0,25.0,,,,,,,,,2025
SABER PRO - 2025,PROGRAMA_ACÁDEMICO,PUNTAJE_PRUEBA,33,1,6.0,PACÍFICA,18.0,NARIÑO,720.0,PASTO,9146.0,UNIVERSIDAD DE NARIÑO,9146.0,UNIVERSIDAD DE NARIÑO-PASTO,14.0,MEDICINA,45.0,MEDICINA,1513.0,MEDICINA,LECTURA CRÍTICA,1.0,,163.0,26.0,,,,,,,,,2025
SABER PRO - 2025,PROGRAMA_ACÁDEMICO,PUNTAJE_PRUEBA,153,1,6.0,PACÍFICA,25.0,VALLE,1010.0,CALI,8985.0,UNIVERSIDAD LIBRE,9203.0,UNIVERSIDAD LIBRE-CALI,14.0,MEDICINA,45.0,MEDICINA,2768.0,MEDICINA,COMPETENCIAS CIUDADANAS,1.0,,167.0,26.0,,,,,,,,,2025
SABER PRO - 2025,PROGRAMA_ACÁDEMICO,PUNTAJE_PRUEBA,153,1,6.0,PACÍFICA,25.0,VALLE,1010.0,CALI,8985.0,UNIVERSIDAD LIBRE,9203.0,UNIVERSIDAD LIBRE-CALI,14.0,MEDICINA,45.0,MEDICINA,2768.0,MEDICINA,INGLÉS,1.0,,180.0,27.0,,,,,,,,,2025
SABER PRO - 2025,PROGRAMA_ACÁDEMICO,PUNTAJE_PRUEBA,153,1,6.0,PACÍFICA,25.0,VALLE,1010.0,CALI,8985.0,UNIVERSIDAD LIBRE,9203.0,UNIVERSIDAD LIBRE-CALI,14.0,MEDICINA,45.0,MEDICINA,2768.0,MEDICINA,LECTURA CRÍTICA,1.0,,170.0,21.0,,,,,,,,,2025
SABER PRO - 2025,PROGRAMA_ACÁDEMICO,PUNTAJE_PRUEBA,153,1,6.0,PACÍFICA,25.0,VALLE,1010.0,CALI,8985.0,UNIVERSIDAD LIBRE,9203.0,UNIVERSIDAD LIBRE-CALI,14.0,MEDICINA,45.0,MEDICINA,2768.0,MEDICINA,RAZONAMIENTO CUANTITATIVO,1.0,,162.0,22.0,,,,,,,,,2025
SABER PRO - 2025,PROGRAMA_ACÁDEMICO,PUNTAJE_PRUEBA,153,1,6.0,PACÍFICA,25.0,VALLE,1010.0,CALI,8985.0,UNIVERSIDAD LIBRE,9203.0,UNIVERSIDAD LIBRE-CALI,14.0,MEDICINA,45.0,MEDICINA,2768.0,MEDICINA,COMUNICACIÓN ESCRITA,1.0,,155.0,36.0,,,,,,,,,2025
SABER PRO - 2025,PROGRAMA_ACÁDEMICO,PUNTAJE_PRUEBA,43,1,6.0,PACÍFICA,25.0,VALLE,1010.0,CALI,9006.0,PONTIFICIA UNIVERSIDAD JAVERIANA,9209.0,PONTIFICIA UNIVERSIDAD JAVERIANA-CALI,14.0,MEDICINA,45.0,MEDICINA,4976.0,MEDICINA,ATENCIÓN EN SALUD,34.0,,178.0,24.0,,,,,,,,,2025
SABER PRO - 2025,PROGRAMA_ACÁDEMICO,PUNTAJE_PRUEBA,91,1,6.0,PACÍFICA,25.0,VALLE,1010.0,CALI,9006.0,PONTIFICIA UNIVERSIDAD JAVERIANA,9209.0,PONTIFICIA UNIVERSIDAD JAVERIANA-CALI,14.0,MEDICINA,45.0,MEDICINA,4976.0,MEDICINA,COMUNICACIÓN ESCRITA,1.0,,169.0,27.0,,,,,,,,,2025
SABER PRO - 2025,PROGRAMA_ACÁDEMICO,PUNTAJE_PRUEBA,43,1,6.0,PACÍFICA,25.0,VALLE,1010.0,CALI,9006.0,PONTIFICIA UNIVERSIDAD JAVERIANA,9209.0,PONTIFICIA UNIVERSIDAD JAVERIANA-CALI,14.0,MEDICINA,45.0,MEDICINA,4976.0,MEDICINA,PROMOCIÓN DE LA SALUD Y PREVENCIÓN DE LA ENFERMEDAD,34.0,,168.0,30.0,,,,,,,,,2025
SABER PRO - 2025,PROGRAMA_ACÁDEMICO,PUNTAJE_PRUEBA,91,1,6.0,PACÍFICA,25.0,VALLE,1010.0,CALI,9006.0,PONTIFICIA UNIVERSIDAD JAVERIANA,9209.0,PONTIFICIA UNIVERSIDAD JAVERIANA-CALI,14.0,MEDICINA,45.0,MEDICINA,4976.0,MEDICINA,INGLÉS,1.0,,197.0,23.0,,,,,,,,,2025
SABER PRO - 2025,PROGRAMA_ACÁDEMICO,PUNTAJE_PRUEBA,91,1,6.0,PACÍFICA,25.0,VALLE,1010.0,CALI,9006.0,PONTIFICIA UNIVERSIDAD JAVERIANA,9209.0,PONTIFICIA UNIVERSIDAD JAVERIANA-CALI,14.0,MEDICINA,45.0,MEDICINA,4976.0,MEDICINA,COMPETENCIAS CIUDADANAS,1.0,,174.0,25.0,,,,,,,,,2025
SABER PRO - 2025,PROGRAMA_ACÁDEMICO,PUNTAJE_PRUEBA,91,1,6.0,PACÍFICA,25.0,VALLE,1010.0,CALI,9006.0,PONTIFICIA UNIVERSIDAD JAVERIANA,9209.0,PONTIFICIA UNIVERSIDAD JAVERIANA-CALI,14.0,MEDICINA,45.0,MEDICINA,4976.0,MEDICINA,LECTURA CRÍTICA,1.0,,182.0,20.0,,,,,,,,,2025
SABER PRO - 2025,PROGRAMA_ACÁDEMICO,PUNTAJE_PRUEBA,91,1,6.0,PACÍFICA,25.0,VALLE,1010.0,CALI,9006.0,PONTIFICIA UNIVERSIDAD JAVERIANA,9209.0,PONTIFICIA UNIVERSIDAD JAVERIANA-CALI,14.0,MEDICINA,45.0,MEDICINA,4976.0,MEDICINA,RAZONAMIENTO CUANTITATIVO,1.0,,168.0,25.0,,,,,,,,,2025
SABER PRO - 2025,PROGRAMA_ACÁDEMICO,PUNTAJE_PRUEBA,43,1,6.0,PACÍFICA,25.0,VALLE,1010.0,CALI,9006.0,PONTIFICIA UNIVERSIDAD JAVERIANA,9209.0,PONTIFICIA UNIVERSIDAD JAVERIANA-CALI,14.0,MEDICINA,45.0,MEDICINA,4976.0,MEDICINA,FUNDAMENTACIÓN EN DIAGNÓSTICO Y TRATAMIENTO MÉDICOS,34.0,,138.0,20.0,,,,,,,,,2025
SABER PRO - 2025,PROGRAMA_ACÁDEMICO,PUNTAJE_PRUEBA,70,1,6.0,PACÍFICA,25.0,VALLE,1010.0,CALI,9206.0,UNIVERSIDAD DEL VALLE,9206.0,UNIVERSIDAD DEL VALLE-CALI,14.0,MEDICINA,45.0,MEDICINA,6055.0,MEDICINA,RAZONAMIENTO CUANTITATIVO,1.0,,177.0,30.0,,,,,,,,,2025
SABER PRO - 2025,PROGRAMA_ACÁDEMICO,PUNTAJE_PRUEBA,70,1,6.0,PACÍFICA,25.0,VALLE,1010.0,CALI,9206.0,UNIVERSIDAD DEL VALLE,9206.0,UNIVERSIDAD DEL VALLE-CALI,14.0,MEDICINA,45.0,MEDICINA,6055.0,MEDICINA,PROMOCIÓN DE LA SALUD Y PREVENCIÓN DE LA ENFERMEDAD,34.0,,177.0,32.0,,,,,,,,,2025
SABER PRO - 2025,PROGRAMA_ACÁDEMICO,PUNTAJE_PRUEBA,70,1,6.0,PACÍFICA,25.0,VALLE,1010.0,CALI,9206.0,UNIVERSIDAD DEL VALLE,9206.0,UNIVERSIDAD DEL VALLE-CALI,14.0,MEDICINA,45.0,MEDICINA,6055.0,MEDICINA,FUNDAMENTACIÓN EN DIAGNÓSTICO Y TRATAMIENTO MÉDICOS,34.0,,154.0,28.0,,,,,,,,,2025
SABER PRO - 2025,PROGRAMA_ACÁDEMICO,PUNTAJE_PRUEBA,70,1,6.0,PACÍFICA,25.0,VALLE,1010.0,CALI,9206.0,UNIVERSIDAD DEL VALLE,9206.0,UNIVERSIDAD DEL VALLE-CALI,14.0,MEDICINA,45.0,MEDICINA,6055.0,MEDICINA,COMPETENCIAS CIUDADANAS,1.0,,181.0,31.0,,,,,,,,,2025
SABER PRO - 2025,PROGRAMA_ACÁDEMICO,PUNTAJE_PRUEBA,70,1,6.0,PACÍFICA,25.0,VALLE,1010.0,CALI,9206.0,UNIVERSIDAD DEL VALLE,9206.0,UNIVERSIDAD DEL VALLE-CALI,14.0,MEDICINA,45.0,MEDICINA,6055.0,MEDICINA,INGLÉS,1.0,,176.0,36.0,,,,,,,,,2025
SABER PRO - 2025,PROGRAMA_ACÁDEMICO,PUNTAJE_PRUEBA,70,1,6.0,PACÍFICA,25.0,VALLE,1010.0,CALI,9206.0,UNIVERSIDAD DEL VALLE,9206.0,UNIVERSIDAD DEL VALLE-CALI,14.0,MEDICINA,45.0,MEDICINA,6055.0,MEDICINA,ATENCIÓN EN SALUD,34.0,,185.0,32.0,,,,,,,,,2025
SABER PRO - 2025,PROGRAMA_ACÁDEMICO,PUNTAJE_PRUEBA,70,1,6.0,PACÍFICA,25.0,VALLE,1010.0,CALI,9206.0,UNIVERSIDAD DEL VALLE,9206.0,UNIVERSIDAD DEL VALLE-CALI,14.0,MEDICINA,45.0,MEDICINA,6055.0,MEDICINA,COMUNICACIÓN ESCRITA,1.0,,172.0,44.0,,,,,,,,,2025
SABER PRO - 2025,PROGRAMA_ACÁDEMICO,PUNTAJE_PRUEBA,70,1,6.0,PACÍFICA,25.0,VALLE,1010.0,CALI,9206.0,UNIVERSIDAD DEL VALLE,9206.0,UNIVERSIDAD DEL VALLE-CALI,14.0,MEDICINA,45.0,MEDICINA,6055.0,MEDICINA,LECTURA CRÍTICA,1.0,,180.0,26.0,,,,,,,,,2025
SABER PRO - 2025,PROGRAMA_ACÁDEMICO,PUNTAJE_PRUEBA,170,1,6.0,PACÍFICA,25.0,VALLE,1010.0,CALI,9224.0,UNIVERSIDAD ICESI,9224.0,UNIVERSIDAD ICESI-CALI,14.0,MEDICINA,45.0,MEDICINA,5829.0,MEDICINA,COMPETENCIAS CIUDADANAS,1.0,,194.0,26.0,,,,,,,,,2025
SABER PRO - 2025,PROGRAMA_ACÁDEMICO,PUNTAJE_PRUEBA,170,1,6.0,PACÍFICA,25.0,VALLE,1010.0,CALI,9224.0,UNIVERSIDAD ICESI,9224.0,UNIVERSIDAD ICESI-CALI,14.0,MEDICINA,45.0,MEDICINA,5829.0,MEDICINA,COMUNICACIÓN ESCRITA,1.0,,172.0,32.0,,,,,,,,,2025
SABER PRO - 2025,PROGRAMA_ACÁDEMICO,PUNTAJE_PRUEBA,49,1,6.0,PACÍFICA,25.0,VALLE,1010.0,CALI,9224.0,UNIVERSIDAD ICESI,9224.0,UNIVERSIDAD ICESI-CALI,14.0,MEDICINA,45.0,MEDICINA,5829.0,MEDICINA,PROMOCIÓN DE LA SALUD Y PREVENCIÓN DE LA ENFERMEDAD,34.0,,186.0,18.0,,,,,,,,,2025
SABER PRO - 2025,PROGRAMA_ACÁDEMICO,PUNTAJE_PRUEBA,170,1,6.0,PACÍFICA,25.0,VALLE,1010.0,CALI,9224.0,UNIVERSIDAD ICESI,9224.0,UNIVERSIDAD ICESI-CALI,14.0,MEDICINA,45.0,MEDICINA,5829.0,MEDICINA,RAZONAMIENTO CUANTITATIVO,1.0,,184.0,20.0,,,,,,,,,2025
SABER PRO - 2025,PROGRAMA_ACÁDEMICO,PUNTAJE_PRUEBA,49,1,6.0,PACÍFICA,25.0,VALLE,1010.0,CALI,9224.0,UNIVERSIDAD ICESI,9224.0,UNIVERSIDAD ICESI-CALI,14.0,MEDICINA,45.0,MEDICINA,5829.0,MEDICINA,FUNDAMENTACIÓN EN DIAGNÓSTICO Y TRATAMIENTO MÉDICOS,34.0,,154.0,18.0,,,,,,,,,2025
SABER PRO - 2025,PROGRAMA_ACÁDEMICO,PUNTAJE_PRUEBA,49,1,6.0,PACÍFICA,25.0,VALLE,1010.0,CALI,9224.0,UNIVERSIDAD ICESI,9224.0,UNIVERSIDAD ICESI-CALI,14.0,MEDICINA,45.0,MEDICINA,5829.0,MEDICINA,ATENCIÓN EN SALUD,34.0,,188.0,22.0,,,,,,,,,2025
SABER PRO - 2025,PROGRAMA_ACÁDEMICO,PUNTAJE_PRUEBA,170,1,6.0,PACÍFICA,25.0,VALLE,1010.0,CALI,9224.0,UNIVERSIDAD ICESI,9224.0,UNIVERSIDAD ICESI-CALI,14.0,MEDICINA,45.0,MEDICINA,5829.0,MEDICINA,INGLÉS,1.0,,205.0,25.0,,,,,,,,,2025
SABER PRO - 2025,PROGRAMA_ACÁDEMICO,PUNTAJE_PRUEBA,170,1,6.0,PACÍFICA,25.0,VALLE,1010.0,CALI,9224.0,UNIVERSIDAD ICESI,9224.0,UNIVERSIDAD ICESI-CALI,14.0,MEDICINA,45.0,MEDICINA,5829.0,MEDICINA,LECTURA CRÍTICA,1.0,,197.0,18.0,,,,,,,,,2025
SABER PRO - 2025,PROGRAMA_ACÁDEMICO,PUNTAJE_PRUEBA,109,1,6.0,PACÍFICA,25.0,VALLE,1010.0,CALI,9226.0,UNIVERSIDAD SANTIAGO DE CALI,9226.0,UNIVERSIDAD SANTIAGO DE CALI-CALI,14.0,MEDICINA,45.0,MEDICINA,6063.0,MEDICINA,LECTURA CRÍTICA,1.0,,162.0,27.0,,,,,,,,,2025
SABER PRO - 2025,PROGRAMA_ACÁDEMICO,PUNTAJE_PRUEBA,109,1,6.0,PACÍFICA,25.0,VALLE,1010.0,CALI,9226.0,UNIVERSIDAD SANTIAGO DE CALI,9226.0,UNIVERSIDAD SANTIAGO DE CALI-CALI,14.0,MEDICINA,45.0,MEDICINA,6063.0,MEDICINA,INGLÉS,1.0,,170.0,36.0,,,,,,,,,2025
SABER PRO - 2025,PROGRAMA_ACÁDEMICO,PUNTAJE_PRUEBA,109,1,6.0,PACÍFICA,25.0,VALLE,1010.0,CALI,9226.0,UNIVERSIDAD SANTIAGO DE CALI,9226.0,UNIVERSIDAD SANTIAGO DE CALI-CALI,14.0,MEDICINA,45.0,MEDICINA,6063.0,MEDICINA,RAZONAMIENTO CUANTITATIVO,1.0,,151.0,31.0,,,,,,,,,2025
SABER PRO - 2025,PROGRAMA_ACÁDEMICO,PUNTAJE_PRUEBA,109,1,6.0,PACÍFICA,25.0,VALLE,1010.0,CALI,9226.0,UNIVERSIDAD SANTIAGO DE CALI,9226.0,UNIVERSIDAD SANTIAGO DE CALI-CALI,14.0,MEDICINA,45.0,MEDICINA,6063.0,MEDICINA,COMPETENCIAS CIUDADANAS,1.0,,155.0,31.0,,,,,,,,,2025
SABER PRO - 2025,PROGRAMA_ACÁDEMICO,PUNTAJE_PRUEBA,1,1,6.0,PACÍFICA,25.0,VALLE,1010.0,CALI,9226.0,UNIVERSIDAD SANTIAGO DE CALI,9226.0,UNIVERSIDAD SANTIAGO DE CALI-CALI,14.0,MEDICINA,45.0,MEDICINA,2773.0,MEDICINA,RAZONAMIENTO CUANTITATIVO,1.0,,139.0,0.0,,,,,,,,,2025
SABER PRO - 2025,PROGRAMA_ACÁDEMICO,PUNTAJE_PRUEBA,109,1,6.0,PACÍFICA,25.0,VALLE,1010.0,CALI,9226.0,UNIVERSIDAD SANTIAGO DE CALI,9226.0,UNIVERSIDAD SANTIAGO DE CALI-CALI,14.0,MEDICINA,45.0,MEDICINA,6063.0,MEDICINA,COMUNICACIÓN ESCRITA,1.0,,150.0,31.0,,,,,,,,,2025
SABER PRO - 2025,PROGRAMA_ACÁDEMICO,PUNTAJE_PRUEBA,1,1,6.0,PACÍFICA,25.0,VALLE,1010.0,CALI,9226.0,UNIVERSIDAD SANTIAGO DE CALI,9226.0,UNIVERSIDAD SANTIAGO DE CALI-CALI,14.0,MEDICINA,45.0,MEDICINA,2773.0,MEDICINA,COMUNICACIÓN ESCRITA,1.0,,156.0,0.0,,,,,,,,,2025
SABER PRO - 2025,PROGRAMA_ACÁDEMICO,PUNTAJE_PRUEBA,1,1,6.0,PACÍFICA,25.0,VALLE,1010.0,CALI,9226.0,UNIVERSIDAD SANTIAGO DE CALI,9226.0,UNIVERSIDAD SANTIAGO DE CALI-CALI,14.0,MEDICINA,45.0,MEDICINA,2773.0,MEDICINA,COMPETENCIAS CIUDADANAS,1.0,,177.0,0.0,,,,,,,,,2025
SABER PRO - 2025,PROGRAMA_ACÁDEMICO,PUNTAJE_PRUEBA,1,1,6.0,PACÍFICA,25.0,VALLE,1010.0,CALI,9226.0,UNIVERSIDAD SANTIAGO DE CALI,9226.0,UNIVERSIDAD SANTIAGO DE CALI-CALI,14.0,MEDICINA,45.0,MEDICINA,2773.0,MEDICINA,INGLÉS,1.0,,166.0,0.0,,,,,,,,,2025
SABER PRO - 2025,PROGRAMA_ACÁDEMICO,PUNTAJE_PRUEBA,1,1,6.0,PACÍFICA,25.0,VALLE,1010.0,CALI,9226.0,UNIVERSIDAD SANTIAGO DE CALI,9226.0,UNIVERSIDAD SANTIAGO DE CALI-CALI,14.0,MEDICINA,45.0,MEDICINA,2773.0,MEDICINA,LECTURA CRÍTICA,1.0,,170.0,0.0,,,,,,,,,2025
SABER PRO - 2025,PROGRAMA_ACÁDEMICO,PUNTAJE_PRUEBA,109,1,6.0,PACÍFICA,25.0,VALLE,1036.0,PALMIRA,9226.0,UNIVERSIDAD SANTIAGO DE CALI,9234.0,UNIVERSIDAD SANTIAGO DE CALI-PALMIRA,14.0,MEDICINA,45.0,MEDICINA,7020.0,MEDICINA,COMUNICACIÓN ESCRITA,1.0,,150.0,35.0,,,,,,,,,2025
SABER PRO - 2025,PROGRAMA_ACÁDEMICO,PUNTAJE_PRUEBA,109,1,6.0,PACÍFICA,25.0,VALLE,1036.0,PALMIRA,9226.0,UNIVERSIDAD SANTIAGO DE CALI,9234.0,UNIVERSIDAD SANTIAGO DE CALI-PALMIRA,14.0,MEDICINA,45.0,MEDICINA,7020.0,MEDICINA,INGLÉS,1.0,,163.0,23.0,,,,,,,,,2025
SABER PRO - 2025,PROGRAMA_ACÁDEMICO,PUNTAJE_PRUEBA,109,1,6.0,PACÍFICA,25.0,VALLE,1036.0,PALMIRA,9226.0,UNIVERSIDAD SANTIAGO DE CALI,9234.0,UNIVERSIDAD SANTIAGO DE CALI-PALMIRA,14.0,MEDICINA,45.0,MEDICINA,7020.0,MEDICINA,RAZONAMIENTO CUANTITATIVO,1.0,,148.0,24.0,,,,,,,,,2025
SABER PRO - 2025,PROGRAMA_ACÁDEMICO,PUNTAJE_PRUEBA,109,1,6.0,PACÍFICA,25.0,VALLE,1036.0,PALMIRA,9226.0,UNIVERSIDAD SANTIAGO DE CALI,9234.0,UNIVERSIDAD SANTIAGO DE CALI-PALMIRA,14.0,MEDICINA,45.0,MEDICINA,7020.0,MEDICINA,LECTURA CRÍTICA,1.0,,157.0,23.0,,,,,,,,,2025
SABER PRO - 2025,PROGRAMA_ACÁDEMICO,PUNTAJE_PRUEBA,109,1,6.0,PACÍFICA,25.0,VALLE,1036.0,PALMIRA,9226.0,UNIVERSIDAD SANTIAGO DE CALI,9234.0,UNIVERSIDAD SANTIAGO DE CALI-PALMIRA,14.0,MEDICINA,45.0,MEDICINA,7020.0,MEDICINA,COMPETENCIAS CIUDADANAS,1.0,,144.0,28.0,,,,,,,,,2025
SABER PRO - 2025,PROGRAMA_ACÁDEMICO,PUNTAJE_PRUEBA,70,1,6.0,PACÍFICA,25.0,VALLE,1045.0,TULUÁ,9240.0,UNIDAD CENTRAL DEL VALLE DEL CAUCA,9240.0,UNIDAD CENTRAL DEL VALLE DEL CAUCA-TULUA,14.0,MEDICINA,45.0,MEDICINA,2317.0,MEDICINA,INGLÉS,1.0,,179.0,26.0,,,,,,,,,2025
SABER PRO - 2025,PROGRAMA_ACÁDEMICO,PUNTAJE_PRUEBA,70,1,6.0,PACÍFICA,25.0,VALLE,1045.0,TULUÁ,9240.0,UNIDAD CENTRAL DEL VALLE DEL CAUCA,9240.0,UNIDAD CENTRAL DEL VALLE DEL CAUCA-TULUA,14.0,MEDICINA,45.0,MEDICINA,2317.0,MEDICINA,COMUNICACIÓN ESCRITA,1.0,,151.0,35.0,,,,,,,,,2025
SABER PRO - 2025,PROGRAMA_ACÁDEMICO,PUNTAJE_PRUEBA,70,1,6.0,PACÍFICA,25.0,VALLE,1045.0,TULUÁ,9240.0,UNIDAD CENTRAL DEL VALLE DEL CAUCA,9240.0,UNIDAD CENTRAL DEL VALLE DEL CAUCA-TULUA,14.0,MEDICINA,45.0,MEDICINA,2317.0,MEDICINA,LECTURA CRÍTICA,1.0,,168.0,25.0,,,,,,,,,2025
SABER PRO - 2025,PROGRAMA_ACÁDEMICO,PUNTAJE_PRUEBA,70,1,6.0,PACÍFICA,25.0,VALLE,1045.0,TULUÁ,9240.0,UNIDAD CENTRAL DEL VALLE DEL CAUCA,9240.0,UNIDAD CENTRAL DEL VALLE DEL CAUCA-TULUA,14.0,MEDICINA,45.0,MEDICINA,2317.0,MEDICINA,RAZONAMIENTO CUANTITATIVO,1.0,,155.0,23.0,,,,,,,,,2025
SABER PRO - 2025,PROGRAMA_ACÁDEMICO,PUNTAJE_PRUEBA,67,1,6.0,PACÍFICA,25.0,VALLE,1045.0,TULUÁ,9240.0,UNIDAD CENTRAL DEL VALLE DEL CAUCA,9240.0,UNIDAD CENTRAL DEL VALLE DEL CAUCA-TULUA,14.0,MEDICINA,45.0,MEDICINA,2317.0,MEDICINA,FUNDAMENTACIÓN EN DIAGNÓSTICO Y TRATAMIENTO MÉDICOS,34.0,,124.0,21.0,,,,,,,,,2025
SABER PRO - 2025,PROGRAMA_ACÁDEMICO,PUNTAJE_PRUEBA,70,1,6.0,PACÍFICA,25.0,VALLE,1045.0,TULUÁ,9240.0,UNIDAD CENTRAL DEL VALLE DEL CAUCA,9240.0,UNIDAD CENTRAL DEL VALLE DEL CAUCA-TULUA,14.0,MEDICINA,45.0,MEDICINA,2317.0,MEDICINA,COMPETENCIAS CIUDADANAS,1.0,,160.0,30.0,,,,,,,,,2025
SABER PRO - 2025,PROGRAMA_ACÁDEMICO,PUNTAJE_PRUEBA,67,1,6.0,PACÍFICA,25.0,VALLE,1045.0,TULUÁ,9240.0,UNIDAD CENTRAL DEL VALLE DEL CAUCA,9240.0,UNIDAD CENTRAL DEL VALLE DEL CAUCA-TULUA,14.0,MEDICINA,45.0,MEDICINA,2317.0,MEDICINA,ATENCIÓN EN SALUD,34.0,,160.0,27.0,,,,,,,,,2025
SABER PRO - 2025,PROGRAMA_ACÁDEMICO,PUNTAJE_PRUEBA,67,1,6.0,PACÍFICA,25.0,VALLE,1045.0,TULUÁ,9240.0,UNIDAD CENTRAL DEL VALLE DEL CAUCA,9240.0,UNIDAD CENTRAL DEL VALLE DEL CAUCA-TULUA,14.0,MEDICINA,45.0,MEDICINA,2317.0,MEDICINA,PROMOCIÓN DE LA SALUD Y PREVENCIÓN DE LA ENFERMEDAD,34.0,,159.0,30.0,,,,,,,,,2025
